tanggal,komoditas,level,no_urut,harga,provinsi,diambil_pada_utc,kabupaten_kota,rolling_mean,rolling_std,z_score,anomali_harga,curah_hujan_mm_total,suhu_c_rata2,cuaca_ekstrem,anomali_dengan_konteks_cuaca
2026-03-03,Bawang Merah,1,V,33650.0,DI Yogyakarta,2026-08-30T11:38:26.756565+00:00,DI Yogyakarta,,,,False,,,,False
2026-03-04,Bawang Merah,1,V,33650.0,DI Yogyakarta,2026-08-30T11:38:26.756565+00:00,DI Yogyakarta,,,,False,,,,False
2026-03-05,Bawang Merah,1,V,33650.0,DI Yogyakarta,2026-08-30T11:38:26.756565+00:00,DI Yogyakarta,,,,False,,,,False
2026-03-06,Bawang Merah,1,V,33650.0,DI Yogyakarta,2026-08-30T11:38:26.756565+00:00,DI Yogyakarta,,,,False,,,,False
2026-03-09,Bawang Merah,1,V,33650.0,DI Yogyakarta,2026-08-30T11:38:26.756565+00:00,DI Yogyakarta,33650.0,0.0,,False,,,,False
2026-03-10,Bawang Merah,1,V,33650.0,DI Yogyakarta,2026-08-30T11:38:26.756565+00:00,DI Yogyakarta,33650.0,0.0,,False,,,,False
2026-03-11,Bawang Merah,1,V,33650.0,DI Yogyakarta,2026-08-30T11:38:26.756565+00:00,DI Yogyakarta,33650.0,0.0,,False,,,,False
2026-03-12,Bawang Merah,1,V,33650.0,DI Yogyakarta,2026-08-30T11:38:26.756565+00:00,DI Yogyakarta,33650.0,0.0,,False,,,,False
2026-03-13,Bawang Merah,1,V,33650.0,DI Yogyakarta,2026-08-30T11:38:26.756565+00:00,DI Yogyakarta,33650.0,0.0,,False,,,,False
2026-03-16,Bawang Merah,1,V,33650.0,DI Yogyakarta,2026-08-30T11:38:23.606628+00:00,DI Yogyakarta,33650.0,0.0,,False,,,,False
2026-03-17,Bawang Merah,1,V,33650.0,DI Yogyakarta,2026-08-30T11:38:23.606628+00:00,DI Yogyakarta,33650.0,0.0,,False,,,,False
2026-03-18,Bawang Merah,1,V,33650.0,DI Yogyakarta,2026-08-30T11:38:23.606628+00:00,DI Yogyakarta,33650.0,0.0,,False,,,,False
2026-03-19,Bawang Merah,1,V,33650.0,DI Yogyakarta,2026-08-30T11:38:23.606628+00:00,DI Yogyakarta,33650.0,0.0,,False,,,,False
2026-03-20,Bawang Merah,1,V,33650.0,DI Yogyakarta,2026-08-30T11:38:23.606628+00:00,DI Yogyakarta,33650.0,0.0,,False,,,,False
2026-03-23,Bawang Merah,1,V,33650.0,DI Yogyakarta,2026-08-30T11:38:23.606628+00:00,DI Yogyakarta,33650.0,0.0,,False,,,,False
2026-03-24,Bawang Merah,1,V,33650.0,DI Yogyakarta,2026-08-30T11:38:23.606628+00:00,DI Yogyakarta,33650.0,0.0,,False,,,,False
2026-03-25,Bawang Merah,1,V,35000.0,DI Yogyakarta,2026-08-30T11:38:23.606628+00:00,DI Yogyakarta,33746.42857142857,360.8026765817728,3.4743961448615153,True,,,,False
2026-03-26,Bawang Merah,1,V,35000.0,DI Yogyakarta,2026-08-30T11:38:23.606628+00:00,DI Yogyakarta,33842.857142857145,490.2343014617294,2.360387377408328,True,,,,False
2026-03-27,Bawang Merah,1,V,35000.0,DI Yogyakarta,2026-08-30T11:38:23.606628+00:00,DI Yogyakarta,33939.28571428572,574.850673395531,1.8451996923807183,False,,,,False
2026-03-30,Bawang Merah,1,V,35000.0,DI Yogyakarta,2026-08-30T11:38:23.606628+00:00,DI Yogyakarta,34035.71428571428,632.889761766967,1.5236235005501193,False,,,,False
2026-03-31,Bawang Merah,1,V,35000.0,DI Yogyakarta,2026-08-30T11:38:23.606628+00:00,DI Yogyakarta,34132.142857142855,671.2809634334415,1.2928374110570087,False,,,,False
2026-04-01,Bawang Merah,1,V,35000.0,DI Yogyakarta,2026-08-30T11:38:23.606628+00:00,DI Yogyakarta,34228.57142857143,693.2959978676776,1.1126972805283772,False,,,,False
2026-04-02,Bawang Merah,1,V,35000.0,DI Yogyakarta,2026-08-30T11:38:23.606628+00:00,DI Yogyakarta,34325.0,700.4806042447393,0.9636241116594333,False,,,,False
2026-04-03,Bawang Merah,1,V,35000.0,DI Yogyakarta,2026-08-30T11:38:23.606628+00:00,DI Yogyakarta,34421.42857142857,693.2959978676776,0.8345229603962804,False,,,,False
2026-04-06,Bawang Merah,1,V,35000.0,DI Yogyakarta,2026-08-30T11:38:23.606628+00:00,DI Yogyakarta,34517.857142857145,671.2809634334415,0.7182430061427778,False,,,,False
2026-04-07,Bawang Merah,1,V,35000.0,DI Yogyakarta,2026-08-30T11:38:23.606628+00:00,DI Yogyakarta,34614.28571428572,632.8897617669662,0.6094494002200417,False,,,,False
2026-04-08,Bawang Merah,1,V,35000.0,DI Yogyakarta,2026-08-30T11:38:23.606628+00:00,DI Yogyakarta,34710.71428571428,574.8506733955289,0.5032362797402047,False,,,,False
2026-04-09,Bawang Merah,1,V,35000.0,DI Yogyakarta,2026-08-30T11:38:23.606628+00:00,DI Yogyakarta,34807.142857142855,490.23430146172547,0.3933978962347294,False,,,,False
2026-04-10,Bawang Merah,1,V,35000.0,DI Yogyakarta,2026-08-30T11:38:23.606628+00:00,DI Yogyakarta,34903.57142857143,360.8026765817654,0.26726124191243283,False,,,,False
2026-04-13,Bawang Merah,1,V,35000.0,DI Yogyakarta,2026-08-30T11:38:23.606628+00:00,DI Yogyakarta,35000.0,0.0,,False,,,,False
2026-04-14,Bawang Merah,1,V,35000.0,DI Yogyakarta,2026-08-30T11:38:23.606628+00:00,DI Yogyakarta,35000.0,0.0,,False,,,,False
2026-04-15,Bawang Merah,1,V,35000.0,DI Yogyakarta,2026-08-30T11:38:23.606628+00:00,DI Yogyakarta,35000.0,0.0,,False,,,,False
2026-04-16,Bawang Merah,1,V,35000.0,DI Yogyakarta,2026-08-30T11:38:23.606628+00:00,DI Yogyakarta,35000.0,0.0,,False,,,,False
2026-04-17,Bawang Merah,1,V,35000.0,DI Yogyakarta,2026-08-30T11:38:23.606628+00:00,DI Yogyakarta,35000.0,0.0,,False,,,,False
2026-04-20,Bawang Merah,1,V,35000.0,DI Yogyakarta,2026-08-30T11:38:23.606628+00:00,DI Yogyakarta,35000.0,0.0,,False,,,,False
2026-04-21,Bawang Merah,1,V,35000.0,DI Yogyakarta,2026-08-30T11:38:23.606628+00:00,DI Yogyakarta,35000.0,0.0,,False,,,,False
2026-04-22,Bawang Merah,1,V,35000.0,DI Yogyakarta,2026-08-30T11:38:23.606628+00:00,DI Yogyakarta,35000.0,0.0,,False,,,,False
2026-04-23,Bawang Merah,1,V,35000.0,DI Yogyakarta,2026-08-30T11:38:23.606628+00:00,DI Yogyakarta,35000.0,0.0,,False,,,,False
2026-04-24,Bawang Merah,1,V,35000.0,DI Yogyakarta,2026-08-30T11:38:23.606628+00:00,DI Yogyakarta,35000.0,0.0,,False,,,,False
2026-04-27,Bawang Merah,1,V,38150.0,DI Yogyakarta,2026-08-30T11:38:23.606628+00:00,DI Yogyakarta,35225.0,841.8729120241368,3.474396144861517,True,,,,False
2026-04-28,Bawang Merah,1,V,38150.0,DI Yogyakarta,2026-08-30T11:38:23.606628+00:00,DI Yogyakarta,35450.0,1143.8800367440363,2.36038737740833,True,,,,False
2026-04-29,Bawang Merah,1,V,38150.0,DI Yogyakarta,2026-08-30T11:38:23.606628+00:00,DI Yogyakarta,35675.0,1341.318237922908,1.8451996923807203,False,,,,False
2026-04-30,Bawang Merah,1,V,38150.0,DI Yogyakarta,2026-08-30T11:38:23.606628+00:00,DI Yogyakarta,35900.0,1476.7427774562602,1.5236235005501104,False,,,,False
2026-05-01,Bawang Merah,1,V,38150.0,DI Yogyakarta,2026-08-30T11:38:23.606628+00:00,DI Yogyakarta,36125.0,1566.322248011368,1.2928374110570018,False,,,,False
2026-05-04,Bawang Merah,1,V,38150.0,DI Yogyakarta,2026-08-30T11:38:23.606628+00:00,DI Yogyakarta,36350.0,1617.690661691251,1.1126972805283735,False,,,,False
2026-05-05,Bawang Merah,1,V,38150.0,DI Yogyakarta,2026-08-30T11:38:23.606628+00:00,DI Yogyakarta,36575.0,1634.454743237728,0.9636241116594315,False,,,,False
2026-05-06,Bawang Merah,1,V,38150.0,DI Yogyakarta,2026-08-30T11:38:23.606628+00:00,DI Yogyakarta,36800.0,1617.690661691251,0.83452296039628,False,,,,False
2026-05-07,Bawang Merah,1,V,38150.0,DI Yogyakarta,2026-08-30T11:38:23.606628+00:00,DI Yogyakarta,37025.0,1566.322248011368,0.7182430061427788,False,,,,False
2026-05-08,Bawang Merah,1,V,38150.0,DI Yogyakarta,2026-08-30T11:38:23.606628+00:00,DI Yogyakarta,37250.0,1476.7427774562602,0.6094494002200442,False,,,,False
2026-05-11,Bawang Merah,1,V,38150.0,DI Yogyakarta,2026-08-30T11:38:18.765381+00:00,DI Yogyakarta,37475.0,1341.318237922908,0.5032362797401965,False,,,,False
2026-05-12,Bawang Merah,1,V,38150.0,DI Yogyakarta,2026-08-30T11:38:18.765381+00:00,DI Yogyakarta,37700.0,1143.8800367440363,0.39339789623472166,False,,,,False
2026-05-13,Bawang Merah,1,V,38150.0,DI Yogyakarta,2026-08-30T11:38:18.765381+00:00,DI Yogyakarta,37925.0,841.8729120241368,0.2672612419124244,False,,,,False
2026-05-14,Bawang Merah,1,V,38150.0,DI Yogyakarta,2026-08-30T11:38:18.765381+00:00,DI Yogyakarta,38150.0,0.0,,False,,,,False
2026-05-15,Bawang Merah,1,V,38150.0,DI Yogyakarta,2026-08-30T11:38:18.765381+00:00,DI Yogyakarta,38150.0,0.0,,False,,,,False
2026-05-18,Bawang Merah,1,V,38150.0,DI Yogyakarta,2026-08-30T11:38:18.765381+00:00,DI Yogyakarta,38150.0,0.0,,False,,,,False
2026-05-19,Bawang Merah,1,V,38150.0,DI Yogyakarta,2026-08-30T11:38:18.765381+00:00,DI Yogyakarta,38150.0,0.0,,False,,,,False
2026-05-20,Bawang Merah,1,V,38150.0,DI Yogyakarta,2026-08-30T11:38:18.765381+00:00,DI Yogyakarta,38150.0,0.0,,False,,,,False
2026-05-21,Bawang Merah,1,V,38150.0,DI Yogyakarta,2026-08-30T11:38:18.765381+00:00,DI Yogyakarta,38150.0,0.0,,False,,,,False
2026-05-22,Bawang Merah,1,V,38150.0,DI Yogyakarta,2026-08-30T11:38:18.765381+00:00,DI Yogyakarta,38150.0,0.0,,False,,,,False
2026-05-25,Bawang Merah,1,V,36850.0,DI Yogyakarta,2026-08-30T11:38:18.765381+00:00,DI Yogyakarta,38057.142857142855,347.4396144861514,-3.474396144861514,True,,,,False
2026-05-26,Bawang Merah,1,V,36850.0,DI Yogyakarta,2026-08-30T11:38:18.765381+00:00,DI Yogyakarta,37964.28571428572,472.07747548166594,-2.360387377408336,True,,,,False
2026-05-27,Bawang Merah,1,V,36850.0,DI Yogyakarta,2026-08-30T11:38:18.765381+00:00,DI Yogyakarta,37871.42857142857,553.5599077142164,-1.8451996923807212,False,,,,False
2026-05-28,Bawang Merah,1,V,36850.0,DI Yogyakarta,2026-08-30T11:38:18.765381+00:00,DI Yogyakarta,37778.57142857143,609.4494002200441,-1.5236235005501082,False,,,,False
2026-05-29,Bawang Merah,1,V,36850.0,DI Yogyakarta,2026-08-30T11:38:18.765381+00:00,DI Yogyakarta,37685.71428571428,646.4187055285009,-1.2928374110569971,False,,,,False
2026-06-01,Bawang Merah,1,V,36850.0,DI Yogyakarta,2026-08-30T11:38:18.765381+00:00,DI Yogyakarta,37592.857142857145,667.6183683170241,-1.1126972805283768,False,,,,False
2026-06-02,Bawang Merah,1,V,36850.0,DI Yogyakarta,2026-08-30T11:38:18.765381+00:00,DI Yogyakarta,37500.0,674.5368781616021,-0.9636241116594315,False,,,,False
2026-06-03,Bawang Merah,1,V,36850.0,DI Yogyakarta,2026-08-30T11:38:18.765381+00:00,DI Yogyakarta,37407.142857142855,667.6183683170241,-0.8345229603962772,False,,,,False
2026-06-04,Bawang Merah,1,V,36850.0,DI Yogyakarta,2026-08-30T11:38:18.765381+00:00,DI Yogyakarta,37314.28571428572,646.4187055285008,-0.7182430061427838,False,,,,False
2026-06-05,Bawang Merah,1,V,36850.0,DI Yogyakarta,2026-08-30T11:38:18.765381+00:00,DI Yogyakarta,37221.42857142857,609.4494002200441,-0.6094494002200457,False,,,,False
2026-06-08,Bawang Merah,1,V,36850.0,DI Yogyakarta,2026-08-30T11:38:18.765381+00:00,DI Yogyakarta,37128.57142857143,553.5599077142163,-0.5032362797401944,False,,,,False
2026-06-09,Bawang Merah,1,V,36850.0,DI Yogyakarta,2026-08-30T11:38:18.765381+00:00,DI Yogyakarta,37035.71428571428,472.0774754816659,-0.393397896234715,False,,,,False
2026-06-10,Bawang Merah,1,V,36850.0,DI Yogyakarta,2026-08-30T11:38:18.765381+00:00,DI Yogyakarta,36942.857142857145,347.4396144861513,-0.26726124191243067,False,,,,False
2026-06-11,Bawang Merah,1,V,36850.0,DI Yogyakarta,2026-08-30T11:38:18.765381+00:00,DI Yogyakarta,36850.0,0.0,,False,,,,False
2026-06-12,Bawang Merah,1,V,36850.0,DI Yogyakarta,2026-08-30T11:38:18.765381+00:00,DI Yogyakarta,36850.0,0.0,,False,,,,False
2026-06-15,Bawang Merah,1,V,36850.0,DI Yogyakarta,2026-08-30T11:38:18.765381+00:00,DI Yogyakarta,36850.0,0.0,,False,,,,False
2026-06-16,Bawang Merah,1,V,36850.0,DI Yogyakarta,2026-08-30T11:38:18.765381+00:00,DI Yogyakarta,36850.0,0.0,,False,,,,False
2026-06-17,Bawang Merah,1,V,36850.0,DI Yogyakarta,2026-08-30T11:38:18.765381+00:00,DI Yogyakarta,36850.0,0.0,,False,,,,False
2026-06-18,Bawang Merah,1,V,36850.0,DI Yogyakarta,2026-08-30T11:38:18.765381+00:00,DI Yogyakarta,36850.0,0.0,,False,,,,False
2026-06-19,Bawang Merah,1,V,36850.0,DI Yogyakarta,2026-08-30T11:38:18.765381+00:00,DI Yogyakarta,36850.0,0.0,,False,,,,False
2026-06-22,Bawang Merah,1,V,36850.0,DI Yogyakarta,2026-08-30T11:38:18.765381+00:00,DI Yogyakarta,36850.0,0.0,,False,,,,False
2026-06-23,Bawang Merah,1,V,36850.0,DI Yogyakarta,2026-08-30T11:38:18.765381+00:00,DI Yogyakarta,36850.0,0.0,,False,,,,False
2026-06-24,Bawang Merah,1,V,36850.0,DI Yogyakarta,2026-08-30T11:38:18.765381+00:00,DI Yogyakarta,36850.0,0.0,,False,,,,False
2026-06-25,Bawang Merah,1,V,34500.0,DI Yogyakarta,2026-08-30T11:38:18.765381+00:00,DI Yogyakarta,36682.142857142855,628.063918494197,-3.4743961448615157,True,,,,False
2026-06-26,Bawang Merah,1,V,34500.0,DI Yogyakarta,2026-08-30T11:38:18.765381+00:00,DI Yogyakarta,36514.28571428572,853.3708210630105,-2.360387377408336,True,,,,False
2026-06-29,Bawang Merah,1,V,34500.0,DI Yogyakarta,2026-08-30T11:38:18.765381+00:00,DI Yogyakarta,36346.42857142857,1000.6659870218502,-1.8451996923807248,False,,,,False
2026-06-30,Bawang Merah,1,V,34500.0,DI Yogyakarta,2026-08-30T11:38:18.765381+00:00,DI Yogyakarta,36178.57142857143,1101.696992705461,-1.5236235005501135,False,,,,False
2026-07-01,Bawang Merah,1,V,34500.0,DI Yogyakarta,2026-08-30T11:38:18.765381+00:00,DI Yogyakarta,36010.71428571428,1168.5261215322864,-1.2928374110570036,False,,,,False
2026-07-02,Bawang Merah,1,V,34500.0,DI Yogyakarta,2026-08-30T11:38:18.765381+00:00,DI Yogyakarta,35842.857142857145,1206.8485888807702,-1.1126972805283792,False,,,,False
2026-07-03,Bawang Merah,1,V,34500.0,DI Yogyakarta,2026-08-30T11:38:18.765381+00:00,DI Yogyakarta,35675.0,1219.3551259075066,-0.9636241116594354,False,,,,False
2026-07-06,Bawang Merah,1,V,34500.0,DI Yogyakarta,2026-08-30T11:38:13.847136+00:00,DI Yogyakarta,35507.142857142855,1206.8485888807681,-0.8345229603962828,False,,,,False
2026-07-07,Bawang Merah,1,V,34500.0,DI Yogyakarta,2026-08-30T11:38:13.847136+00:00,DI Yogyakarta,35339.28571428572,1168.526121532282,-0.7182430061427865,False,,,,False
2026-07-08,Bawang Merah,1,V,34500.0,DI Yogyakarta,2026-08-30T11:38:13.847136+00:00,DI Yogyakarta,35171.42857142857,1101.6969927054536,-0.6094494002200509,False,,,,False
2026-07-09,Bawang Merah,1,V,34500.0,DI Yogyakarta,2026-08-30T11:38:13.847136+00:00,DI Yogyakarta,35003.57142857143,1000.6659870218383,-0.5032362797402024,False,,,,False
2026-07-10,Bawang Merah,1,V,34500.0,DI Yogyakarta,2026-08-30T11:38:13.847136+00:00,DI Yogyakarta,34835.71428571428,853.3708210629935,-0.39339789623472615,False,,,,False
2026-07-13,Bawang Merah,1,V,34500.0,DI Yogyakarta,2026-08-30T11:38:13.847136+00:00,DI Yogyakarta,34667.857142857145,628.0639184941699,-0.26726124191243933,False,,,,False
2026-07-14,Bawang Merah,1,V,34500.0,DI Yogyakarta,2026-08-30T11:38:13.847136+00:00,DI Yogyakarta,34500.0,0.0,,False,,,,False
2026-07-15,Bawang Merah,1,V,34500.0,DI Yogyakarta,2026-08-30T11:38:13.847136+00:00,DI Yogyakarta,34500.0,0.0,,False,,,,False
2026-07-16,Bawang Merah,1,V,34500.0,DI Yogyakarta,2026-08-30T11:38:13.847136+00:00,DI Yogyakarta,34500.0,0.0,,False,,,,False
2026-07-17,Bawang Merah,1,V,34500.0,DI Yogyakarta,2026-08-30T11:38:13.847136+00:00,DI Yogyakarta,34500.0,0.0,,False,,,,False
2026-07-20,Bawang Merah,1,V,34500.0,DI Yogyakarta,2026-08-30T11:38:13.847136+00:00,DI Yogyakarta,34500.0,0.0,,False,,,,False
2026-07-21,Bawang Merah,1,V,34500.0,DI Yogyakarta,2026-08-30T11:38:13.847136+00:00,DI Yogyakarta,34500.0,0.0,,False,,,,False
2026-07-22,Bawang Merah,1,V,34500.0,DI Yogyakarta,2026-08-30T11:38:13.847136+00:00,DI Yogyakarta,34500.0,0.0,,False,,,,False
2026-07-23,Bawang Merah,1,V,34500.0,DI Yogyakarta,2026-08-30T11:38:13.847136+00:00,DI Yogyakarta,34500.0,0.0,,False,,,,False
2026-07-24,Bawang Merah,1,V,34500.0,DI Yogyakarta,2026-08-30T11:38:13.847136+00:00,DI Yogyakarta,34500.0,0.0,,False,,,,False
2026-07-27,Bawang Merah,1,V,28650.0,DI Yogyakarta,2026-08-30T11:38:13.847136+00:00,DI Yogyakarta,34082.142857142855,1563.4782651876822,-3.4743961448615166,True,,,,False
2026-07-28,Bawang Merah,1,V,28650.0,DI Yogyakarta,2026-08-30T11:38:13.847136+00:00,DI Yogyakarta,33664.28571428572,2124.3486396674966,-2.3603873774083306,True,,,,False
2026-07-29,Bawang Merah,1,V,28650.0,DI Yogyakarta,2026-08-30T11:38:13.847136+00:00,DI Yogyakarta,33246.42857142857,2491.0195847139726,-1.8451996923807206,False,,,,False
2026-07-30,Bawang Merah,1,V,28650.0,DI Yogyakarta,2026-08-30T11:38:13.847136+00:00,DI Yogyakarta,32828.57142857143,2742.5223009901983,-1.5236235005501098,False,,,,False
2026-07-31,Bawang Merah,1,V,28650.0,DI Yogyakarta,2026-08-30T11:38:13.847136+00:00,DI Yogyakarta,32410.714285714286,2908.8841748782547,-1.292837411057002,False,,,,False
2026-08-03,Bawang Merah,1,V,28650.0,DI Yogyakarta,2026-08-30T11:38:13.847136+00:00,DI Yogyakarta,31992.85714285714,3004.282657426609,-1.1126972805283728,False,,,,False
2026-08-04,Bawang Merah,1,V,28650.0,DI Yogyakarta,2026-08-30T11:38:13.847136+00:00,DI Yogyakarta,31575.0,3035.4159517272096,-0.9636241116594314,False,,,,False
2026-08-05,Bawang Merah,1,V,28650.0,DI Yogyakarta,2026-08-30T11:38:13.847136+00:00,DI Yogyakarta,31157.14285714286,3004.282657426609,-0.8345229603962806,False,,,,False
2026-08-06,Bawang Merah,1,V,28650.0,DI Yogyakarta,2026-08-30T11:38:13.847136+00:00,DI Yogyakarta,30739.285714285714,2908.8841748782547,-0.7182430061427786,False,,,,False
2026-08-07,Bawang Merah,1,V,28650.0,DI Yogyakarta,2026-08-30T11:38:13.847136+00:00,DI Yogyakarta,30321.428571428572,2742.5223009901983,-0.6094494002200445,False,,,,False
2026-08-10,Bawang Merah,1,V,28650.0,DI Yogyakarta,2026-08-30T11:38:13.847136+00:00,DI Yogyakarta,29903.571428571428,2491.019584713973,-0.5032362797401959,False,,,,False
2026-08-11,Bawang Merah,1,V,28650.0,DI Yogyakarta,2026-08-30T11:38:13.847136+00:00,DI Yogyakarta,29485.714285714286,2124.348639667497,-0.3933978962347217,False,,,,False
2026-08-12,Bawang Merah,1,V,28650.0,DI Yogyakarta,2026-08-30T11:38:13.847136+00:00,DI Yogyakarta,29067.85714285714,1563.4782651876835,-0.26726124191242323,False,,,,False
2026-08-13,Bawang Merah,1,V,28650.0,DI Yogyakarta,2026-08-30T11:38:13.847136+00:00,DI Yogyakarta,28650.0,0.0,,False,,,,False
2026-08-14,Bawang Merah,1,V,28650.0,DI Yogyakarta,2026-08-30T11:38:13.847136+00:00,DI Yogyakarta,28650.0,0.0,,False,,,,False
2026-08-17,Bawang Merah,1,V,28650.0,DI Yogyakarta,2026-08-30T10:03:35.195323+00:00,DI Yogyakarta,28650.0,0.0,,False,,,,False
2026-08-18,Bawang Merah,1,V,28650.0,DI Yogyakarta,2026-08-30T10:03:35.195323+00:00,DI Yogyakarta,28650.0,0.0,,False,,,,False
2026-08-19,Bawang Merah,1,V,28650.0,DI Yogyakarta,2026-08-30T10:03:35.195323+00:00,DI Yogyakarta,28650.0,0.0,,False,,,,False
2026-08-20,Bawang Merah,1,V,28650.0,DI Yogyakarta,2026-08-30T10:03:35.195323+00:00,DI Yogyakarta,28650.0,0.0,,False,,,,False
2026-08-21,Bawang Merah,1,V,28650.0,DI Yogyakarta,2026-08-30T10:03:35.195323+00:00,DI Yogyakarta,28650.0,0.0,,False,,,,False
2026-08-24,Bawang Merah,1,V,28650.0,DI Yogyakarta,2026-08-30T10:03:35.195323+00:00,DI Yogyakarta,28650.0,0.0,,False,,,,False
2026-08-25,Bawang Merah,1,V,24650.0,DI Yogyakarta,2026-08-30T10:03:35.195323+00:00,DI Yogyakarta,28364.285714285714,1069.0449676496976,-3.474396144861516,True,,,,False
2026-08-26,Bawang Merah,1,V,24650.0,DI Yogyakarta,2026-08-30T10:03:35.195323+00:00,DI Yogyakarta,28078.571428571428,1452.5460784051254,-2.3603873774083293,True,,,,False
2026-08-27,Bawang Merah,1,V,24650.0,DI Yogyakarta,2026-08-30T10:03:35.195323+00:00,DI Yogyakarta,27792.85714285714,1703.2612545052798,-1.84519969238072,False,,,,False
2026-08-28,Bawang Merah,1,V,24650.0,DI Yogyakarta,2026-08-30T10:03:35.195323+00:00,DI Yogyakarta,27507.14285714286,1875.2289237539808,-1.5236235005501118,False,,,,False
2026-03-03,Bawang Merah Ukuran Sedang,2,1,33650.0,DI Yogyakarta,2026-08-30T11:38:26.756565+00:00,DI Yogyakarta,,,,False,,,,False
2026-03-04,Bawang Merah Ukuran Sedang,2,1,33650.0,DI Yogyakarta,2026-08-30T11:38:26.756565+00:00,DI Yogyakarta,,,,False,,,,False
2026-03-05,Bawang Merah Ukuran Sedang,2,1,33650.0,DI Yogyakarta,2026-08-30T11:38:26.756565+00:00,DI Yogyakarta,,,,False,,,,False
2026-03-06,Bawang Merah Ukuran Sedang,2,1,33650.0,DI Yogyakarta,2026-08-30T11:38:26.756565+00:00,DI Yogyakarta,,,,False,,,,False
2026-03-09,Bawang Merah Ukuran Sedang,2,1,33650.0,DI Yogyakarta,2026-08-30T11:38:26.756565+00:00,DI Yogyakarta,33650.0,0.0,,False,,,,False
2026-03-10,Bawang Merah Ukuran Sedang,2,1,33650.0,DI Yogyakarta,2026-08-30T11:38:26.756565+00:00,DI Yogyakarta,33650.0,0.0,,False,,,,False
2026-03-11,Bawang Merah Ukuran Sedang,2,1,33650.0,DI Yogyakarta,2026-08-30T11:38:26.756565+00:00,DI Yogyakarta,33650.0,0.0,,False,,,,False
2026-03-12,Bawang Merah Ukuran Sedang,2,1,33650.0,DI Yogyakarta,2026-08-30T11:38:26.756565+00:00,DI Yogyakarta,33650.0,0.0,,False,,,,False
2026-03-13,Bawang Merah Ukuran Sedang,2,1,33650.0,DI Yogyakarta,2026-08-30T11:38:26.756565+00:00,DI Yogyakarta,33650.0,0.0,,False,,,,False
2026-03-16,Bawang Merah Ukuran Sedang,2,1,33650.0,DI Yogyakarta,2026-08-30T11:38:23.606628+00:00,DI Yogyakarta,33650.0,0.0,,False,,,,False
2026-03-17,Bawang Merah Ukuran Sedang,2,1,33650.0,DI Yogyakarta,2026-08-30T11:38:23.606628+00:00,DI Yogyakarta,33650.0,0.0,,False,,,,False
2026-03-18,Bawang Merah Ukuran Sedang,2,1,33650.0,DI Yogyakarta,2026-08-30T11:38:23.606628+00:00,DI Yogyakarta,33650.0,0.0,,False,,,,False
2026-03-19,Bawang Merah Ukuran Sedang,2,1,33650.0,DI Yogyakarta,2026-08-30T11:38:23.606628+00:00,DI Yogyakarta,33650.0,0.0,,False,,,,False
2026-03-20,Bawang Merah Ukuran Sedang,2,1,33650.0,DI Yogyakarta,2026-08-30T11:38:23.606628+00:00,DI Yogyakarta,33650.0,0.0,,False,,,,False
2026-03-23,Bawang Merah Ukuran Sedang,2,1,33650.0,DI Yogyakarta,2026-08-30T11:38:23.606628+00:00,DI Yogyakarta,33650.0,0.0,,False,,,,False
2026-03-24,Bawang Merah Ukuran Sedang,2,1,33650.0,DI Yogyakarta,2026-08-30T11:38:23.606628+00:00,DI Yogyakarta,33650.0,0.0,,False,,,,False
2026-03-25,Bawang Merah Ukuran Sedang,2,1,35000.0,DI Yogyakarta,2026-08-30T11:38:23.606628+00:00,DI Yogyakarta,33746.42857142857,360.8026765817728,3.4743961448615153,True,,,,False
2026-03-26,Bawang Merah Ukuran Sedang,2,1,35000.0,DI Yogyakarta,2026-08-30T11:38:23.606628+00:00,DI Yogyakarta,33842.857142857145,490.2343014617294,2.360387377408328,True,,,,False
2026-03-27,Bawang Merah Ukuran Sedang,2,1,35000.0,DI Yogyakarta,2026-08-30T11:38:23.606628+00:00,DI Yogyakarta,33939.28571428572,574.850673395531,1.8451996923807183,False,,,,False
2026-03-30,Bawang Merah Ukuran Sedang,2,1,35000.0,DI Yogyakarta,2026-08-30T11:38:23.606628+00:00,DI Yogyakarta,34035.71428571428,632.889761766967,1.5236235005501193,False,,,,False
2026-03-31,Bawang Merah Ukuran Sedang,2,1,35000.0,DI Yogyakarta,2026-08-30T11:38:23.606628+00:00,DI Yogyakarta,34132.142857142855,671.2809634334415,1.2928374110570087,False,,,,False
2026-04-01,Bawang Merah Ukuran Sedang,2,1,35000.0,DI Yogyakarta,2026-08-30T11:38:23.606628+00:00,DI Yogyakarta,34228.57142857143,693.2959978676776,1.1126972805283772,False,,,,False
2026-04-02,Bawang Merah Ukuran Sedang,2,1,35000.0,DI Yogyakarta,2026-08-30T11:38:23.606628+00:00,DI Yogyakarta,34325.0,700.4806042447393,0.9636241116594333,False,,,,False
2026-04-03,Bawang Merah Ukuran Sedang,2,1,35000.0,DI Yogyakarta,2026-08-30T11:38:23.606628+00:00,DI Yogyakarta,34421.42857142857,693.2959978676776,0.8345229603962804,False,,,,False
2026-04-06,Bawang Merah Ukuran Sedang,2,1,35000.0,DI Yogyakarta,2026-08-30T11:38:23.606628+00:00,DI Yogyakarta,34517.857142857145,671.2809634334415,0.7182430061427778,False,,,,False
2026-04-07,Bawang Merah Ukuran Sedang,2,1,35000.0,DI Yogyakarta,2026-08-30T11:38:23.606628+00:00,DI Yogyakarta,34614.28571428572,632.8897617669662,0.6094494002200417,False,,,,False
2026-04-08,Bawang Merah Ukuran Sedang,2,1,35000.0,DI Yogyakarta,2026-08-30T11:38:23.606628+00:00,DI Yogyakarta,34710.71428571428,574.8506733955289,0.5032362797402047,False,,,,False
2026-04-09,Bawang Merah Ukuran Sedang,2,1,35000.0,DI Yogyakarta,2026-08-30T11:38:23.606628+00:00,DI Yogyakarta,34807.142857142855,490.23430146172547,0.3933978962347294,False,,,,False
2026-04-10,Bawang Merah Ukuran Sedang,2,1,35000.0,DI Yogyakarta,2026-08-30T11:38:23.606628+00:00,DI Yogyakarta,34903.57142857143,360.8026765817654,0.26726124191243283,False,,,,False
2026-04-13,Bawang Merah Ukuran Sedang,2,1,35000.0,DI Yogyakarta,2026-08-30T11:38:23.606628+00:00,DI Yogyakarta,35000.0,0.0,,False,,,,False
2026-04-14,Bawang Merah Ukuran Sedang,2,1,35000.0,DI Yogyakarta,2026-08-30T11:38:23.606628+00:00,DI Yogyakarta,35000.0,0.0,,False,,,,False
2026-04-15,Bawang Merah Ukuran Sedang,2,1,35000.0,DI Yogyakarta,2026-08-30T11:38:23.606628+00:00,DI Yogyakarta,35000.0,0.0,,False,,,,False
2026-04-16,Bawang Merah Ukuran Sedang,2,1,35000.0,DI Yogyakarta,2026-08-30T11:38:23.606628+00:00,DI Yogyakarta,35000.0,0.0,,False,,,,False
2026-04-17,Bawang Merah Ukuran Sedang,2,1,35000.0,DI Yogyakarta,2026-08-30T11:38:23.606628+00:00,DI Yogyakarta,35000.0,0.0,,False,,,,False
2026-04-20,Bawang Merah Ukuran Sedang,2,1,35000.0,DI Yogyakarta,2026-08-30T11:38:23.606628+00:00,DI Yogyakarta,35000.0,0.0,,False,,,,False
2026-04-21,Bawang Merah Ukuran Sedang,2,1,35000.0,DI Yogyakarta,2026-08-30T11:38:23.606628+00:00,DI Yogyakarta,35000.0,0.0,,False,,,,False
2026-04-22,Bawang Merah Ukuran Sedang,2,1,35000.0,DI Yogyakarta,2026-08-30T11:38:23.606628+00:00,DI Yogyakarta,35000.0,0.0,,False,,,,False
2026-04-23,Bawang Merah Ukuran Sedang,2,1,35000.0,DI Yogyakarta,2026-08-30T11:38:23.606628+00:00,DI Yogyakarta,35000.0,0.0,,False,,,,False
2026-04-24,Bawang Merah Ukuran Sedang,2,1,35000.0,DI Yogyakarta,2026-08-30T11:38:23.606628+00:00,DI Yogyakarta,35000.0,0.0,,False,,,,False
2026-04-27,Bawang Merah Ukuran Sedang,2,1,38150.0,DI Yogyakarta,2026-08-30T11:38:23.606628+00:00,DI Yogyakarta,35225.0,841.8729120241368,3.474396144861517,True,,,,False
2026-04-28,Bawang Merah Ukuran Sedang,2,1,38150.0,DI Yogyakarta,2026-08-30T11:38:23.606628+00:00,DI Yogyakarta,35450.0,1143.8800367440363,2.36038737740833,True,,,,False
2026-04-29,Bawang Merah Ukuran Sedang,2,1,38150.0,DI Yogyakarta,2026-08-30T11:38:23.606628+00:00,DI Yogyakarta,35675.0,1341.318237922908,1.8451996923807203,False,,,,False
2026-04-30,Bawang Merah Ukuran Sedang,2,1,38150.0,DI Yogyakarta,2026-08-30T11:38:23.606628+00:00,DI Yogyakarta,35900.0,1476.7427774562602,1.5236235005501104,False,,,,False
2026-05-01,Bawang Merah Ukuran Sedang,2,1,38150.0,DI Yogyakarta,2026-08-30T11:38:23.606628+00:00,DI Yogyakarta,36125.0,1566.322248011368,1.2928374110570018,False,,,,False
2026-05-04,Bawang Merah Ukuran Sedang,2,1,38150.0,DI Yogyakarta,2026-08-30T11:38:23.606628+00:00,DI Yogyakarta,36350.0,1617.690661691251,1.1126972805283735,False,,,,False
2026-05-05,Bawang Merah Ukuran Sedang,2,1,38150.0,DI Yogyakarta,2026-08-30T11:38:23.606628+00:00,DI Yogyakarta,36575.0,1634.454743237728,0.9636241116594315,False,,,,False
2026-05-06,Bawang Merah Ukuran Sedang,2,1,38150.0,DI Yogyakarta,2026-08-30T11:38:23.606628+00:00,DI Yogyakarta,36800.0,1617.690661691251,0.83452296039628,False,,,,False
2026-05-07,Bawang Merah Ukuran Sedang,2,1,38150.0,DI Yogyakarta,2026-08-30T11:38:23.606628+00:00,DI Yogyakarta,37025.0,1566.322248011368,0.7182430061427788,False,,,,False
2026-05-08,Bawang Merah Ukuran Sedang,2,1,38150.0,DI Yogyakarta,2026-08-30T11:38:23.606628+00:00,DI Yogyakarta,37250.0,1476.7427774562602,0.6094494002200442,False,,,,False
2026-05-11,Bawang Merah Ukuran Sedang,2,1,38150.0,DI Yogyakarta,2026-08-30T11:38:18.765381+00:00,DI Yogyakarta,37475.0,1341.318237922908,0.5032362797401965,False,,,,False
2026-05-12,Bawang Merah Ukuran Sedang,2,1,38150.0,DI Yogyakarta,2026-08-30T11:38:18.765381+00:00,DI Yogyakarta,37700.0,1143.8800367440363,0.39339789623472166,False,,,,False
2026-05-13,Bawang Merah Ukuran Sedang,2,1,38150.0,DI Yogyakarta,2026-08-30T11:38:18.765381+00:00,DI Yogyakarta,37925.0,841.8729120241368,0.2672612419124244,False,,,,False
2026-05-14,Bawang Merah Ukuran Sedang,2,1,38150.0,DI Yogyakarta,2026-08-30T11:38:18.765381+00:00,DI Yogyakarta,38150.0,0.0,,False,,,,False
2026-05-15,Bawang Merah Ukuran Sedang,2,1,38150.0,DI Yogyakarta,2026-08-30T11:38:18.765381+00:00,DI Yogyakarta,38150.0,0.0,,False,,,,False
2026-05-18,Bawang Merah Ukuran Sedang,2,1,38150.0,DI Yogyakarta,2026-08-30T11:38:18.765381+00:00,DI Yogyakarta,38150.0,0.0,,False,,,,False
2026-05-19,Bawang Merah Ukuran Sedang,2,1,38150.0,DI Yogyakarta,2026-08-30T11:38:18.765381+00:00,DI Yogyakarta,38150.0,0.0,,False,,,,False
2026-05-20,Bawang Merah Ukuran Sedang,2,1,38150.0,DI Yogyakarta,2026-08-30T11:38:18.765381+00:00,DI Yogyakarta,38150.0,0.0,,False,,,,False
2026-05-21,Bawang Merah Ukuran Sedang,2,1,38150.0,DI Yogyakarta,2026-08-30T11:38:18.765381+00:00,DI Yogyakarta,38150.0,0.0,,False,,,,False
2026-05-22,Bawang Merah Ukuran Sedang,2,1,38150.0,DI Yogyakarta,2026-08-30T11:38:18.765381+00:00,DI Yogyakarta,38150.0,0.0,,False,,,,False
2026-05-25,Bawang Merah Ukuran Sedang,2,1,36850.0,DI Yogyakarta,2026-08-30T11:38:18.765381+00:00,DI Yogyakarta,38057.142857142855,347.4396144861514,-3.474396144861514,True,,,,False
2026-05-26,Bawang Merah Ukuran Sedang,2,1,36850.0,DI Yogyakarta,2026-08-30T11:38:18.765381+00:00,DI Yogyakarta,37964.28571428572,472.07747548166594,-2.360387377408336,True,,,,False
2026-05-27,Bawang Merah Ukuran Sedang,2,1,36850.0,DI Yogyakarta,2026-08-30T11:38:18.765381+00:00,DI Yogyakarta,37871.42857142857,553.5599077142164,-1.8451996923807212,False,,,,False
2026-05-28,Bawang Merah Ukuran Sedang,2,1,36850.0,DI Yogyakarta,2026-08-30T11:38:18.765381+00:00,DI Yogyakarta,37778.57142857143,609.4494002200441,-1.5236235005501082,False,,,,False
2026-05-29,Bawang Merah Ukuran Sedang,2,1,36850.0,DI Yogyakarta,2026-08-30T11:38:18.765381+00:00,DI Yogyakarta,37685.71428571428,646.4187055285009,-1.2928374110569971,False,,,,False
2026-06-01,Bawang Merah Ukuran Sedang,2,1,36850.0,DI Yogyakarta,2026-08-30T11:38:18.765381+00:00,DI Yogyakarta,37592.857142857145,667.6183683170241,-1.1126972805283768,False,,,,False
2026-06-02,Bawang Merah Ukuran Sedang,2,1,36850.0,DI Yogyakarta,2026-08-30T11:38:18.765381+00:00,DI Yogyakarta,37500.0,674.5368781616021,-0.9636241116594315,False,,,,False
2026-06-03,Bawang Merah Ukuran Sedang,2,1,36850.0,DI Yogyakarta,2026-08-30T11:38:18.765381+00:00,DI Yogyakarta,37407.142857142855,667.6183683170241,-0.8345229603962772,False,,,,False
2026-06-04,Bawang Merah Ukuran Sedang,2,1,36850.0,DI Yogyakarta,2026-08-30T11:38:18.765381+00:00,DI Yogyakarta,37314.28571428572,646.4187055285008,-0.7182430061427838,False,,,,False
2026-06-05,Bawang Merah Ukuran Sedang,2,1,36850.0,DI Yogyakarta,2026-08-30T11:38:18.765381+00:00,DI Yogyakarta,37221.42857142857,609.4494002200441,-0.6094494002200457,False,,,,False
2026-06-08,Bawang Merah Ukuran Sedang,2,1,36850.0,DI Yogyakarta,2026-08-30T11:38:18.765381+00:00,DI Yogyakarta,37128.57142857143,553.5599077142163,-0.5032362797401944,False,,,,False
2026-06-09,Bawang Merah Ukuran Sedang,2,1,36850.0,DI Yogyakarta,2026-08-30T11:38:18.765381+00:00,DI Yogyakarta,37035.71428571428,472.0774754816659,-0.393397896234715,False,,,,False
2026-06-10,Bawang Merah Ukuran Sedang,2,1,36850.0,DI Yogyakarta,2026-08-30T11:38:18.765381+00:00,DI Yogyakarta,36942.857142857145,347.4396144861513,-0.26726124191243067,False,,,,False
2026-06-11,Bawang Merah Ukuran Sedang,2,1,36850.0,DI Yogyakarta,2026-08-30T11:38:18.765381+00:00,DI Yogyakarta,36850.0,0.0,,False,,,,False
2026-06-12,Bawang Merah Ukuran Sedang,2,1,36850.0,DI Yogyakarta,2026-08-30T11:38:18.765381+00:00,DI Yogyakarta,36850.0,0.0,,False,,,,False
2026-06-15,Bawang Merah Ukuran Sedang,2,1,36850.0,DI Yogyakarta,2026-08-30T11:38:18.765381+00:00,DI Yogyakarta,36850.0,0.0,,False,,,,False
2026-06-16,Bawang Merah Ukuran Sedang,2,1,36850.0,DI Yogyakarta,2026-08-30T11:38:18.765381+00:00,DI Yogyakarta,36850.0,0.0,,False,,,,False
2026-06-17,Bawang Merah Ukuran Sedang,2,1,36850.0,DI Yogyakarta,2026-08-30T11:38:18.765381+00:00,DI Yogyakarta,36850.0,0.0,,False,,,,False
2026-06-18,Bawang Merah Ukuran Sedang,2,1,36850.0,DI Yogyakarta,2026-08-30T11:38:18.765381+00:00,DI Yogyakarta,36850.0,0.0,,False,,,,False
2026-06-19,Bawang Merah Ukuran Sedang,2,1,36850.0,DI Yogyakarta,2026-08-30T11:38:18.765381+00:00,DI Yogyakarta,36850.0,0.0,,False,,,,False
2026-06-22,Bawang Merah Ukuran Sedang,2,1,36850.0,DI Yogyakarta,2026-08-30T11:38:18.765381+00:00,DI Yogyakarta,36850.0,0.0,,False,,,,False
2026-06-23,Bawang Merah Ukuran Sedang,2,1,36850.0,DI Yogyakarta,2026-08-30T11:38:18.765381+00:00,DI Yogyakarta,36850.0,0.0,,False,,,,False
2026-06-24,Bawang Merah Ukuran Sedang,2,1,36850.0,DI Yogyakarta,2026-08-30T11:38:18.765381+00:00,DI Yogyakarta,36850.0,0.0,,False,,,,False
2026-06-25,Bawang Merah Ukuran Sedang,2,1,34500.0,DI Yogyakarta,2026-08-30T11:38:18.765381+00:00,DI Yogyakarta,36682.142857142855,628.063918494197,-3.4743961448615157,True,,,,False
2026-06-26,Bawang Merah Ukuran Sedang,2,1,34500.0,DI Yogyakarta,2026-08-30T11:38:18.765381+00:00,DI Yogyakarta,36514.28571428572,853.3708210630105,-2.360387377408336,True,,,,False
2026-06-29,Bawang Merah Ukuran Sedang,2,1,34500.0,DI Yogyakarta,2026-08-30T11:38:18.765381+00:00,DI Yogyakarta,36346.42857142857,1000.6659870218502,-1.8451996923807248,False,,,,False
2026-06-30,Bawang Merah Ukuran Sedang,2,1,34500.0,DI Yogyakarta,2026-08-30T11:38:18.765381+00:00,DI Yogyakarta,36178.57142857143,1101.696992705461,-1.5236235005501135,False,,,,False
2026-07-01,Bawang Merah Ukuran Sedang,2,1,34500.0,DI Yogyakarta,2026-08-30T11:38:18.765381+00:00,DI Yogyakarta,36010.71428571428,1168.5261215322864,-1.2928374110570036,False,,,,False
2026-07-02,Bawang Merah Ukuran Sedang,2,1,34500.0,DI Yogyakarta,2026-08-30T11:38:18.765381+00:00,DI Yogyakarta,35842.857142857145,1206.8485888807702,-1.1126972805283792,False,,,,False
2026-07-03,Bawang Merah Ukuran Sedang,2,1,34500.0,DI Yogyakarta,2026-08-30T11:38:18.765381+00:00,DI Yogyakarta,35675.0,1219.3551259075066,-0.9636241116594354,False,,,,False
2026-07-06,Bawang Merah Ukuran Sedang,2,1,34500.0,DI Yogyakarta,2026-08-30T11:38:13.847136+00:00,DI Yogyakarta,35507.142857142855,1206.8485888807681,-0.8345229603962828,False,,,,False
2026-07-07,Bawang Merah Ukuran Sedang,2,1,34500.0,DI Yogyakarta,2026-08-30T11:38:13.847136+00:00,DI Yogyakarta,35339.28571428572,1168.526121532282,-0.7182430061427865,False,,,,False
2026-07-08,Bawang Merah Ukuran Sedang,2,1,34500.0,DI Yogyakarta,2026-08-30T11:38:13.847136+00:00,DI Yogyakarta,35171.42857142857,1101.6969927054536,-0.6094494002200509,False,,,,False
2026-07-09,Bawang Merah Ukuran Sedang,2,1,34500.0,DI Yogyakarta,2026-08-30T11:38:13.847136+00:00,DI Yogyakarta,35003.57142857143,1000.6659870218383,-0.5032362797402024,False,,,,False
2026-07-10,Bawang Merah Ukuran Sedang,2,1,34500.0,DI Yogyakarta,2026-08-30T11:38:13.847136+00:00,DI Yogyakarta,34835.71428571428,853.3708210629935,-0.39339789623472615,False,,,,False
2026-07-13,Bawang Merah Ukuran Sedang,2,1,34500.0,DI Yogyakarta,2026-08-30T11:38:13.847136+00:00,DI Yogyakarta,34667.857142857145,628.0639184941699,-0.26726124191243933,False,,,,False
2026-07-14,Bawang Merah Ukuran Sedang,2,1,34500.0,DI Yogyakarta,2026-08-30T11:38:13.847136+00:00,DI Yogyakarta,34500.0,0.0,,False,,,,False
2026-07-15,Bawang Merah Ukuran Sedang,2,1,34500.0,DI Yogyakarta,2026-08-30T11:38:13.847136+00:00,DI Yogyakarta,34500.0,0.0,,False,,,,False
2026-07-16,Bawang Merah Ukuran Sedang,2,1,34500.0,DI Yogyakarta,2026-08-30T11:38:13.847136+00:00,DI Yogyakarta,34500.0,0.0,,False,,,,False
2026-07-17,Bawang Merah Ukuran Sedang,2,1,34500.0,DI Yogyakarta,2026-08-30T11:38:13.847136+00:00,DI Yogyakarta,34500.0,0.0,,False,,,,False
2026-07-20,Bawang Merah Ukuran Sedang,2,1,34500.0,DI Yogyakarta,2026-08-30T11:38:13.847136+00:00,DI Yogyakarta,34500.0,0.0,,False,,,,False
2026-07-21,Bawang Merah Ukuran Sedang,2,1,34500.0,DI Yogyakarta,2026-08-30T11:38:13.847136+00:00,DI Yogyakarta,34500.0,0.0,,False,,,,False
2026-07-22,Bawang Merah Ukuran Sedang,2,1,34500.0,DI Yogyakarta,2026-08-30T11:38:13.847136+00:00,DI Yogyakarta,34500.0,0.0,,False,,,,False
2026-07-23,Bawang Merah Ukuran Sedang,2,1,34500.0,DI Yogyakarta,2026-08-30T11:38:13.847136+00:00,DI Yogyakarta,34500.0,0.0,,False,,,,False
2026-07-24,Bawang Merah Ukuran Sedang,2,1,34500.0,DI Yogyakarta,2026-08-30T11:38:13.847136+00:00,DI Yogyakarta,34500.0,0.0,,False,,,,False
2026-07-27,Bawang Merah Ukuran Sedang,2,1,28650.0,DI Yogyakarta,2026-08-30T11:38:13.847136+00:00,DI Yogyakarta,34082.142857142855,1563.4782651876822,-3.4743961448615166,True,,,,False
2026-07-28,Bawang Merah Ukuran Sedang,2,1,28650.0,DI Yogyakarta,2026-08-30T11:38:13.847136+00:00,DI Yogyakarta,33664.28571428572,2124.3486396674966,-2.3603873774083306,True,,,,False
2026-07-29,Bawang Merah Ukuran Sedang,2,1,28650.0,DI Yogyakarta,2026-08-30T11:38:13.847136+00:00,DI Yogyakarta,33246.42857142857,2491.0195847139726,-1.8451996923807206,False,,,,False
2026-07-30,Bawang Merah Ukuran Sedang,2,1,28650.0,DI Yogyakarta,2026-08-30T11:38:13.847136+00:00,DI Yogyakarta,32828.57142857143,2742.5223009901983,-1.5236235005501098,False,,,,False
2026-07-31,Bawang Merah Ukuran Sedang,2,1,28650.0,DI Yogyakarta,2026-08-30T11:38:13.847136+00:00,DI Yogyakarta,32410.714285714286,2908.8841748782547,-1.292837411057002,False,,,,False
2026-08-03,Bawang Merah Ukuran Sedang,2,1,28650.0,DI Yogyakarta,2026-08-30T11:38:13.847136+00:00,DI Yogyakarta,31992.85714285714,3004.282657426609,-1.1126972805283728,False,,,,False
2026-08-04,Bawang Merah Ukuran Sedang,2,1,28650.0,DI Yogyakarta,2026-08-30T11:38:13.847136+00:00,DI Yogyakarta,31575.0,3035.4159517272096,-0.9636241116594314,False,,,,False
2026-08-05,Bawang Merah Ukuran Sedang,2,1,28650.0,DI Yogyakarta,2026-08-30T11:38:13.847136+00:00,DI Yogyakarta,31157.14285714286,3004.282657426609,-0.8345229603962806,False,,,,False
2026-08-06,Bawang Merah Ukuran Sedang,2,1,28650.0,DI Yogyakarta,2026-08-30T11:38:13.847136+00:00,DI Yogyakarta,30739.285714285714,2908.8841748782547,-0.7182430061427786,False,,,,False
2026-08-07,Bawang Merah Ukuran Sedang,2,1,28650.0,DI Yogyakarta,2026-08-30T11:38:13.847136+00:00,DI Yogyakarta,30321.428571428572,2742.5223009901983,-0.6094494002200445,False,,,,False
2026-08-10,Bawang Merah Ukuran Sedang,2,1,28650.0,DI Yogyakarta,2026-08-30T11:38:13.847136+00:00,DI Yogyakarta,29903.571428571428,2491.019584713973,-0.5032362797401959,False,,,,False
2026-08-11,Bawang Merah Ukuran Sedang,2,1,28650.0,DI Yogyakarta,2026-08-30T11:38:13.847136+00:00,DI Yogyakarta,29485.714285714286,2124.348639667497,-0.3933978962347217,False,,,,False
2026-08-12,Bawang Merah Ukuran Sedang,2,1,28650.0,DI Yogyakarta,2026-08-30T11:38:13.847136+00:00,DI Yogyakarta,29067.85714285714,1563.4782651876835,-0.26726124191242323,False,,,,False
2026-08-13,Bawang Merah Ukuran Sedang,2,1,28650.0,DI Yogyakarta,2026-08-30T11:38:13.847136+00:00,DI Yogyakarta,28650.0,0.0,,False,,,,False
2026-08-14,Bawang Merah Ukuran Sedang,2,1,28650.0,DI Yogyakarta,2026-08-30T11:38:13.847136+00:00,DI Yogyakarta,28650.0,0.0,,False,,,,False
2026-08-17,Bawang Merah Ukuran Sedang,2,1,28650.0,DI Yogyakarta,2026-08-30T10:03:35.195323+00:00,DI Yogyakarta,28650.0,0.0,,False,,,,False
2026-08-18,Bawang Merah Ukuran Sedang,2,1,28650.0,DI Yogyakarta,2026-08-30T10:03:35.195323+00:00,DI Yogyakarta,28650.0,0.0,,False,,,,False
2026-08-19,Bawang Merah Ukuran Sedang,2,1,28650.0,DI Yogyakarta,2026-08-30T10:03:35.195323+00:00,DI Yogyakarta,28650.0,0.0,,False,,,,False
2026-08-20,Bawang Merah Ukuran Sedang,2,1,28650.0,DI Yogyakarta,2026-08-30T10:03:35.195323+00:00,DI Yogyakarta,28650.0,0.0,,False,,,,False
2026-08-21,Bawang Merah Ukuran Sedang,2,1,28650.0,DI Yogyakarta,2026-08-30T10:03:35.195323+00:00,DI Yogyakarta,28650.0,0.0,,False,,,,False
2026-08-24,Bawang Merah Ukuran Sedang,2,1,28650.0,DI Yogyakarta,2026-08-30T10:03:35.195323+00:00,DI Yogyakarta,28650.0,0.0,,False,,,,False
2026-08-25,Bawang Merah Ukuran Sedang,2,1,24650.0,DI Yogyakarta,2026-08-30T10:03:35.195323+00:00,DI Yogyakarta,28364.285714285714,1069.0449676496976,-3.474396144861516,True,,,,False
2026-08-26,Bawang Merah Ukuran Sedang,2,1,24650.0,DI Yogyakarta,2026-08-30T10:03:35.195323+00:00,DI Yogyakarta,28078.571428571428,1452.5460784051254,-2.3603873774083293,True,,,,False
2026-08-27,Bawang Merah Ukuran Sedang,2,1,24650.0,DI Yogyakarta,2026-08-30T10:03:35.195323+00:00,DI Yogyakarta,27792.85714285714,1703.2612545052798,-1.84519969238072,False,,,,False
2026-08-28,Bawang Merah Ukuran Sedang,2,1,24650.0,DI Yogyakarta,2026-08-30T10:03:35.195323+00:00,DI Yogyakarta,27507.14285714286,1875.2289237539808,-1.5236235005501118,False,,,,False
2026-03-03,Beras,1,I,13900.0,DI Yogyakarta,2026-08-30T11:38:26.756565+00:00,DI Yogyakarta,,,,False,,,,False
2026-03-04,Beras,1,I,13900.0,DI Yogyakarta,2026-08-30T11:38:26.756565+00:00,DI Yogyakarta,,,,False,,,,False
2026-03-05,Beras,1,I,13900.0,DI Yogyakarta,2026-08-30T11:38:26.756565+00:00,DI Yogyakarta,,,,False,,,,False
2026-03-06,Beras,1,I,13900.0,DI Yogyakarta,2026-08-30T11:38:26.756565+00:00,DI Yogyakarta,,,,False,,,,False
2026-03-09,Beras,1,I,13900.0,DI Yogyakarta,2026-08-30T11:38:26.756565+00:00,DI Yogyakarta,13900.0,0.0,,False,,,,False
2026-03-10,Beras,1,I,13900.0,DI Yogyakarta,2026-08-30T11:38:26.756565+00:00,DI Yogyakarta,13900.0,0.0,,False,,,,False
2026-03-11,Beras,1,I,13900.0,DI Yogyakarta,2026-08-30T11:38:26.756565+00:00,DI Yogyakarta,13900.0,0.0,,False,,,,False
2026-03-12,Beras,1,I,13900.0,DI Yogyakarta,2026-08-30T11:38:26.756565+00:00,DI Yogyakarta,13900.0,0.0,,False,,,,False
2026-03-13,Beras,1,I,13900.0,DI Yogyakarta,2026-08-30T11:38:26.756565+00:00,DI Yogyakarta,13900.0,0.0,,False,,,,False
2026-03-16,Beras,1,I,13900.0,DI Yogyakarta,2026-08-30T11:38:23.606628+00:00,DI Yogyakarta,13900.0,0.0,,False,,,,False
2026-03-17,Beras,1,I,13900.0,DI Yogyakarta,2026-08-30T11:38:23.606628+00:00,DI Yogyakarta,13900.0,0.0,,False,,,,False
2026-03-18,Beras,1,I,13900.0,DI Yogyakarta,2026-08-30T11:38:23.606628+00:00,DI Yogyakarta,13900.0,0.0,,False,,,,False
2026-03-19,Beras,1,I,13900.0,DI Yogyakarta,2026-08-30T11:38:23.606628+00:00,DI Yogyakarta,13900.0,0.0,,False,,,,False
2026-03-20,Beras,1,I,13900.0,DI Yogyakarta,2026-08-30T11:38:23.606628+00:00,DI Yogyakarta,13900.0,0.0,,False,,,,False
2026-03-23,Beras,1,I,13900.0,DI Yogyakarta,2026-08-30T11:38:23.606628+00:00,DI Yogyakarta,13900.0,0.0,,False,,,,False
2026-03-24,Beras,1,I,13900.0,DI Yogyakarta,2026-08-30T11:38:23.606628+00:00,DI Yogyakarta,13900.0,0.0,,False,,,,False
2026-03-25,Beras,1,I,14200.0,DI Yogyakarta,2026-08-30T11:38:23.606628+00:00,DI Yogyakarta,13921.42857142857,80.17837257372743,3.474396144861522,True,,,,False
2026-03-26,Beras,1,I,14200.0,DI Yogyakarta,2026-08-30T11:38:23.606628+00:00,DI Yogyakarta,13942.857142857143,108.94095588038479,2.3603873774083195,True,,,,False
2026-03-27,Beras,1,I,14200.0,DI Yogyakarta,2026-08-30T11:38:23.606628+00:00,DI Yogyakarta,13964.285714285714,127.7445940878967,1.8451996923807146,False,,,,False
2026-03-30,Beras,1,I,14200.0,DI Yogyakarta,2026-08-30T11:38:23.606628+00:00,DI Yogyakarta,13985.714285714286,140.64216928154974,1.5236235005500944,False,,,,False
2026-03-31,Beras,1,I,14200.0,DI Yogyakarta,2026-08-30T11:38:23.606628+00:00,DI Yogyakarta,14007.142857142857,149.1735474296555,1.2928374110569911,False,,,,False
2026-04-01,Beras,1,I,14200.0,DI Yogyakarta,2026-08-30T11:38:23.606628+00:00,DI Yogyakarta,14028.57142857143,154.0657773039303,1.1126972805283566,False,,,,False
2026-04-02,Beras,1,I,14200.0,DI Yogyakarta,2026-08-30T11:38:23.606628+00:00,DI Yogyakarta,14050.0,155.66235649883308,0.9636241116594202,False,,,,False
2026-04-03,Beras,1,I,14200.0,DI Yogyakarta,2026-08-30T11:38:23.606628+00:00,DI Yogyakarta,14071.42857142857,154.06577730393082,0.8345229603962735,False,,,,False
2026-04-06,Beras,1,I,14200.0,DI Yogyakarta,2026-08-30T11:38:23.606628+00:00,DI Yogyakarta,14092.857142857143,149.17354742965676,0.7182430061427642,False,,,,False
2026-04-07,Beras,1,I,14200.0,DI Yogyakarta,2026-08-30T11:38:23.606628+00:00,DI Yogyakarta,14114.285714285714,140.64216928155196,0.6094494002200334,False,,,,False
2026-04-08,Beras,1,I,14200.0,DI Yogyakarta,2026-08-30T11:38:23.606628+00:00,DI Yogyakarta,14135.714285714286,127.74459408790007,0.5032362797401764,False,,,,False
2026-04-09,Beras,1,I,14200.0,DI Yogyakarta,2026-08-30T11:38:23.606628+00:00,DI Yogyakarta,14157.142857142857,108.94095588038947,0.3933978962347058,False,,,,False
2026-04-10,Beras,1,I,14200.0,DI Yogyakarta,2026-08-30T11:38:23.606628+00:00,DI Yogyakarta,14178.57142857143,80.17837257373479,0.26726124191238976,False,,,,False
2026-04-13,Beras,1,I,14200.0,DI Yogyakarta,2026-08-30T11:38:23.606628+00:00,DI Yogyakarta,14200.0,0.0,,False,,,,False
2026-04-14,Beras,1,I,14200.0,DI Yogyakarta,2026-08-30T11:38:23.606628+00:00,DI Yogyakarta,14200.0,0.0,,False,,,,False
2026-04-15,Beras,1,I,14200.0,DI Yogyakarta,2026-08-30T11:38:23.606628+00:00,DI Yogyakarta,14200.0,0.0,,False,,,,False
2026-04-16,Beras,1,I,14200.0,DI Yogyakarta,2026-08-30T11:38:23.606628+00:00,DI Yogyakarta,14200.0,0.0,,False,,,,False
2026-04-17,Beras,1,I,14200.0,DI Yogyakarta,2026-08-30T11:38:23.606628+00:00,DI Yogyakarta,14200.0,0.0,,False,,,,False
2026-04-20,Beras,1,I,14200.0,DI Yogyakarta,2026-08-30T11:38:23.606628+00:00,DI Yogyakarta,14200.0,0.0,,False,,,,False
2026-04-21,Beras,1,I,14200.0,DI Yogyakarta,2026-08-30T11:38:23.606628+00:00,DI Yogyakarta,14200.0,0.0,,False,,,,False
2026-04-22,Beras,1,I,14200.0,DI Yogyakarta,2026-08-30T11:38:23.606628+00:00,DI Yogyakarta,14200.0,0.0,,False,,,,False
2026-04-23,Beras,1,I,14200.0,DI Yogyakarta,2026-08-30T11:38:23.606628+00:00,DI Yogyakarta,14200.0,0.0,,False,,,,False
2026-04-24,Beras,1,I,14200.0,DI Yogyakarta,2026-08-30T11:38:23.606628+00:00,DI Yogyakarta,14200.0,0.0,,False,,,,False
2026-04-27,Beras,1,I,14000.0,DI Yogyakarta,2026-08-30T11:38:23.606628+00:00,DI Yogyakarta,14185.714285714286,53.45224838248495,-3.474396144861522,True,,,,False
2026-04-28,Beras,1,I,14000.0,DI Yogyakarta,2026-08-30T11:38:23.606628+00:00,DI Yogyakarta,14171.42857142857,72.62730392025647,-2.360387377408313,True,,,,False
2026-04-29,Beras,1,I,14000.0,DI Yogyakarta,2026-08-30T11:38:23.606628+00:00,DI Yogyakarta,14157.142857142857,85.16306272526418,-1.8451996923807135,False,,,,False
2026-04-30,Beras,1,I,14000.0,DI Yogyakarta,2026-08-30T11:38:23.606628+00:00,DI Yogyakarta,14142.857142857143,93.76144618769928,-1.5236235005501098,False,,,,False
2026-05-01,Beras,1,I,14000.0,DI Yogyakarta,2026-08-30T11:38:23.606628+00:00,DI Yogyakarta,14128.57142857143,99.44903161976966,-1.2928374110570062,False,,,,False
2026-05-04,Beras,1,I,14000.0,DI Yogyakarta,2026-08-30T11:38:23.606628+00:00,DI Yogyakarta,14114.285714285714,102.7105182026195,-1.1126972805283641,False,,,,False
2026-05-05,Beras,1,I,14000.0,DI Yogyakarta,2026-08-30T11:38:23.606628+00:00,DI Yogyakarta,14100.0,103.77490433255466,-0.963624111659427,False,,,,False
2026-05-06,Beras,1,I,14000.0,DI Yogyakarta,2026-08-30T11:38:23.606628+00:00,DI Yogyakarta,14085.714285714286,102.7105182026195,-0.834522960396282,False,,,,False
2026-05-07,Beras,1,I,14000.0,DI Yogyakarta,2026-08-30T11:38:23.606628+00:00,DI Yogyakarta,14071.42857142857,99.44903161976966,-0.718243006142769,False,,,,False
2026-05-08,Beras,1,I,14000.0,DI Yogyakarta,2026-08-30T11:38:23.606628+00:00,DI Yogyakarta,14057.142857142857,93.76144618769928,-0.60944940022004,False,,,,False
2026-05-11,Beras,1,I,14000.0,DI Yogyakarta,2026-08-30T11:38:18.765381+00:00,DI Yogyakarta,14042.857142857143,85.16306272526418,-0.5032362797401985,False,,,,False
2026-05-12,Beras,1,I,14000.0,DI Yogyakarta,2026-08-30T11:38:18.765381+00:00,DI Yogyakarta,14028.57142857143,72.62730392025647,-0.39339789623473137,False,,,,False
2026-05-13,Beras,1,I,14000.0,DI Yogyakarta,2026-08-30T11:38:18.765381+00:00,DI Yogyakarta,14014.285714285714,53.45224838248469,-0.26726124191241557,False,,,,False
2026-05-14,Beras,1,I,14000.0,DI Yogyakarta,2026-08-30T11:38:18.765381+00:00,DI Yogyakarta,14000.0,0.0,,False,,,,False
2026-05-15,Beras,1,I,14000.0,DI Yogyakarta,2026-08-30T11:38:18.765381+00:00,DI Yogyakarta,14000.0,0.0,,False,,,,False
2026-05-18,Beras,1,I,14000.0,DI Yogyakarta,2026-08-30T11:38:18.765381+00:00,DI Yogyakarta,14000.0,0.0,,False,,,,False
2026-05-19,Beras,1,I,14000.0,DI Yogyakarta,2026-08-30T11:38:18.765381+00:00,DI Yogyakarta,14000.0,0.0,,False,,,,False
2026-05-20,Beras,1,I,14000.0,DI Yogyakarta,2026-08-30T11:38:18.765381+00:00,DI Yogyakarta,14000.0,0.0,,False,,,,False
2026-05-21,Beras,1,I,14000.0,DI Yogyakarta,2026-08-30T11:38:18.765381+00:00,DI Yogyakarta,14000.0,0.0,,False,,,,False
2026-05-22,Beras,1,I,14000.0,DI Yogyakarta,2026-08-30T11:38:18.765381+00:00,DI Yogyakarta,14000.0,0.0,,False,,,,False
2026-05-25,Beras,1,I,14000.0,DI Yogyakarta,2026-08-30T11:38:18.765381+00:00,DI Yogyakarta,14000.0,0.0,,False,,,,False
2026-05-26,Beras,1,I,14000.0,DI Yogyakarta,2026-08-30T11:38:18.765381+00:00,DI Yogyakarta,14000.0,0.0,,False,,,,False
2026-05-27,Beras,1,I,14000.0,DI Yogyakarta,2026-08-30T11:38:18.765381+00:00,DI Yogyakarta,14000.0,0.0,,False,,,,False
2026-05-28,Beras,1,I,14000.0,DI Yogyakarta,2026-08-30T11:38:18.765381+00:00,DI Yogyakarta,14000.0,0.0,,False,,,,False
2026-05-29,Beras,1,I,14000.0,DI Yogyakarta,2026-08-30T11:38:18.765381+00:00,DI Yogyakarta,14000.0,0.0,,False,,,,False
2026-06-01,Beras,1,I,14000.0,DI Yogyakarta,2026-08-30T11:38:18.765381+00:00,DI Yogyakarta,14000.0,0.0,,False,,,,False
2026-06-02,Beras,1,I,14000.0,DI Yogyakarta,2026-08-30T11:38:18.765381+00:00,DI Yogyakarta,14000.0,0.0,,False,,,,False
2026-06-03,Beras,1,I,14000.0,DI Yogyakarta,2026-08-30T11:38:18.765381+00:00,DI Yogyakarta,14000.0,0.0,,False,,,,False
2026-06-04,Beras,1,I,14000.0,DI Yogyakarta,2026-08-30T11:38:18.765381+00:00,DI Yogyakarta,14000.0,0.0,,False,,,,False
2026-06-05,Beras,1,I,14000.0,DI Yogyakarta,2026-08-30T11:38:18.765381+00:00,DI Yogyakarta,14000.0,0.0,,False,,,,False
2026-06-08,Beras,1,I,14000.0,DI Yogyakarta,2026-08-30T11:38:18.765381+00:00,DI Yogyakarta,14000.0,0.0,,False,,,,False
2026-06-09,Beras,1,I,14000.0,DI Yogyakarta,2026-08-30T11:38:18.765381+00:00,DI Yogyakarta,14000.0,0.0,,False,,,,False
2026-06-10,Beras,1,I,14000.0,DI Yogyakarta,2026-08-30T11:38:18.765381+00:00,DI Yogyakarta,14000.0,0.0,,False,,,,False
2026-06-11,Beras,1,I,14000.0,DI Yogyakarta,2026-08-30T11:38:18.765381+00:00,DI Yogyakarta,14000.0,0.0,,False,,,,False
2026-06-12,Beras,1,I,14000.0,DI Yogyakarta,2026-08-30T11:38:18.765381+00:00,DI Yogyakarta,14000.0,0.0,,False,,,,False
2026-06-15,Beras,1,I,14000.0,DI Yogyakarta,2026-08-30T11:38:18.765381+00:00,DI Yogyakarta,14000.0,0.0,,False,,,,False
2026-06-16,Beras,1,I,14000.0,DI Yogyakarta,2026-08-30T11:38:18.765381+00:00,DI Yogyakarta,14000.0,0.0,,False,,,,False
2026-06-17,Beras,1,I,14000.0,DI Yogyakarta,2026-08-30T11:38:18.765381+00:00,DI Yogyakarta,14000.0,0.0,,False,,,,False
2026-06-18,Beras,1,I,14000.0,DI Yogyakarta,2026-08-30T11:38:18.765381+00:00,DI Yogyakarta,14000.0,0.0,,False,,,,False
2026-06-19,Beras,1,I,14000.0,DI Yogyakarta,2026-08-30T11:38:18.765381+00:00,DI Yogyakarta,14000.0,0.0,,False,,,,False
2026-06-22,Beras,1,I,14000.0,DI Yogyakarta,2026-08-30T11:38:18.765381+00:00,DI Yogyakarta,14000.0,0.0,,False,,,,False
2026-06-23,Beras,1,I,14000.0,DI Yogyakarta,2026-08-30T11:38:18.765381+00:00,DI Yogyakarta,14000.0,0.0,,False,,,,False
2026-06-24,Beras,1,I,14000.0,DI Yogyakarta,2026-08-30T11:38:18.765381+00:00,DI Yogyakarta,14000.0,0.0,,False,,,,False
2026-06-25,Beras,1,I,14100.0,DI Yogyakarta,2026-08-30T11:38:18.765381+00:00,DI Yogyakarta,14007.142857142857,26.726124191242477,3.474396144861522,True,,,,False
2026-06-26,Beras,1,I,14100.0,DI Yogyakarta,2026-08-30T11:38:18.765381+00:00,DI Yogyakarta,14014.285714285714,36.31365196012832,2.3603873774083324,True,,,,False
2026-06-29,Beras,1,I,14100.0,DI Yogyakarta,2026-08-30T11:38:18.765381+00:00,DI Yogyakarta,14021.42857142857,42.581531362632234,1.8451996923807288,False,,,,False
2026-06-30,Beras,1,I,14100.0,DI Yogyakarta,2026-08-30T11:38:18.765381+00:00,DI Yogyakarta,14028.57142857143,46.880723093849916,1.5236235005500813,False,,,,False
2026-07-01,Beras,1,I,14100.0,DI Yogyakarta,2026-08-30T11:38:18.765381+00:00,DI Yogyakarta,14035.714285714286,49.72451580988506,1.2928374110569818,False,,,,False
2026-07-02,Beras,1,I,14100.0,DI Yogyakarta,2026-08-30T11:38:18.765381+00:00,DI Yogyakarta,14042.857142857143,51.35525910130984,1.1126972805283621,False,,,,False
2026-07-03,Beras,1,I,14100.0,DI Yogyakarta,2026-08-30T11:38:18.765381+00:00,DI Yogyakarta,14050.0,51.88745216627739,0.9636241116594257,False,,,,False
2026-07-06,Beras,1,I,14100.0,DI Yogyakarta,2026-08-30T11:38:13.847136+00:00,DI Yogyakarta,14057.142857142857,51.35525910130985,0.8345229603962804,False,,,,False
2026-07-07,Beras,1,I,14100.0,DI Yogyakarta,2026-08-30T11:38:13.847136+00:00,DI Yogyakarta,14064.285714285714,49.72451580988506,0.7182430061427839,False,,,,False
2026-07-08,Beras,1,I,14100.0,DI Yogyakarta,2026-08-30T11:38:13.847136+00:00,DI Yogyakarta,14071.42857142857,46.880723093849916,0.6094494002200558,False,,,,False
2026-07-09,Beras,1,I,14100.0,DI Yogyakarta,2026-08-30T11:38:13.847136+00:00,DI Yogyakarta,14078.57142857143,42.581531362632234,0.5032362797401755,False,,,,False
2026-07-10,Beras,1,I,14100.0,DI Yogyakarta,2026-08-30T11:38:13.847136+00:00,DI Yogyakarta,14085.714285714286,36.313651960128325,0.39339789623470534,False,,,,False
2026-07-13,Beras,1,I,14100.0,DI Yogyakarta,2026-08-30T11:38:13.847136+00:00,DI Yogyakarta,14092.857142857143,26.726124191242484,0.26726124191241424,False,,,,False
2026-07-14,Beras,1,I,14100.0,DI Yogyakarta,2026-08-30T11:38:13.847136+00:00,DI Yogyakarta,14100.0,0.0,,False,,,,False
2026-07-15,Beras,1,I,14100.0,DI Yogyakarta,2026-08-30T11:38:13.847136+00:00,DI Yogyakarta,14100.0,0.0,,False,,,,False
2026-07-16,Beras,1,I,14100.0,DI Yogyakarta,2026-08-30T11:38:13.847136+00:00,DI Yogyakarta,14100.0,0.0,,False,,,,False
2026-07-17,Beras,1,I,14100.0,DI Yogyakarta,2026-08-30T11:38:13.847136+00:00,DI Yogyakarta,14100.0,0.0,,False,,,,False
2026-07-20,Beras,1,I,14100.0,DI Yogyakarta,2026-08-30T11:38:13.847136+00:00,DI Yogyakarta,14100.0,0.0,,False,,,,False
2026-07-21,Beras,1,I,14100.0,DI Yogyakarta,2026-08-30T11:38:13.847136+00:00,DI Yogyakarta,14100.0,0.0,,False,,,,False
2026-07-22,Beras,1,I,14100.0,DI Yogyakarta,2026-08-30T11:38:13.847136+00:00,DI Yogyakarta,14100.0,0.0,,False,,,,False
2026-07-23,Beras,1,I,14100.0,DI Yogyakarta,2026-08-30T11:38:13.847136+00:00,DI Yogyakarta,14100.0,0.0,,False,,,,False
2026-07-24,Beras,1,I,14100.0,DI Yogyakarta,2026-08-30T11:38:13.847136+00:00,DI Yogyakarta,14100.0,0.0,,False,,,,False
2026-07-27,Beras,1,I,14100.0,DI Yogyakarta,2026-08-30T11:38:13.847136+00:00,DI Yogyakarta,14100.0,0.0,,False,,,,False
2026-07-28,Beras,1,I,14100.0,DI Yogyakarta,2026-08-30T11:38:13.847136+00:00,DI Yogyakarta,14100.0,0.0,,False,,,,False
2026-07-29,Beras,1,I,14100.0,DI Yogyakarta,2026-08-30T11:38:13.847136+00:00,DI Yogyakarta,14100.0,0.0,,False,,,,False
2026-07-30,Beras,1,I,14100.0,DI Yogyakarta,2026-08-30T11:38:13.847136+00:00,DI Yogyakarta,14100.0,0.0,,False,,,,False
2026-07-31,Beras,1,I,14100.0,DI Yogyakarta,2026-08-30T11:38:13.847136+00:00,DI Yogyakarta,14100.0,0.0,,False,,,,False
2026-08-03,Beras,1,I,14100.0,DI Yogyakarta,2026-08-30T11:38:13.847136+00:00,DI Yogyakarta,14100.0,0.0,,False,,,,False
2026-08-04,Beras,1,I,14100.0,DI Yogyakarta,2026-08-30T11:38:13.847136+00:00,DI Yogyakarta,14100.0,0.0,,False,,,,False
2026-08-05,Beras,1,I,14100.0,DI Yogyakarta,2026-08-30T11:38:13.847136+00:00,DI Yogyakarta,14100.0,0.0,,False,,,,False
2026-08-06,Beras,1,I,14100.0,DI Yogyakarta,2026-08-30T11:38:13.847136+00:00,DI Yogyakarta,14100.0,0.0,,False,,,,False
2026-08-07,Beras,1,I,14100.0,DI Yogyakarta,2026-08-30T11:38:13.847136+00:00,DI Yogyakarta,14100.0,0.0,,False,,,,False
2026-08-10,Beras,1,I,14100.0,DI Yogyakarta,2026-08-30T11:38:13.847136+00:00,DI Yogyakarta,14100.0,0.0,,False,,,,False
2026-08-11,Beras,1,I,14100.0,DI Yogyakarta,2026-08-30T11:38:13.847136+00:00,DI Yogyakarta,14100.0,0.0,,False,,,,False
2026-08-12,Beras,1,I,14100.0,DI Yogyakarta,2026-08-30T11:38:13.847136+00:00,DI Yogyakarta,14100.0,0.0,,False,,,,False
2026-08-13,Beras,1,I,14100.0,DI Yogyakarta,2026-08-30T11:38:13.847136+00:00,DI Yogyakarta,14100.0,0.0,,False,,,,False
2026-08-14,Beras,1,I,14100.0,DI Yogyakarta,2026-08-30T11:38:13.847136+00:00,DI Yogyakarta,14100.0,0.0,,False,,,,False
2026-08-17,Beras,1,I,14100.0,DI Yogyakarta,2026-08-30T10:03:35.195323+00:00,DI Yogyakarta,14100.0,0.0,,False,,,,False
2026-08-18,Beras,1,I,14100.0,DI Yogyakarta,2026-08-30T10:03:35.195323+00:00,DI Yogyakarta,14100.0,0.0,,False,,,,False
2026-08-19,Beras,1,I,14100.0,DI Yogyakarta,2026-08-30T10:03:35.195323+00:00,DI Yogyakarta,14100.0,0.0,,False,,,,False
2026-08-20,Beras,1,I,14100.0,DI Yogyakarta,2026-08-30T10:03:35.195323+00:00,DI Yogyakarta,14100.0,0.0,,False,,,,False
2026-08-21,Beras,1,I,14100.0,DI Yogyakarta,2026-08-30T10:03:35.195323+00:00,DI Yogyakarta,14100.0,0.0,,False,,,,False
2026-08-24,Beras,1,I,14100.0,DI Yogyakarta,2026-08-30T10:03:35.195323+00:00,DI Yogyakarta,14100.0,0.0,,False,,,,False
2026-08-25,Beras,1,I,14250.0,DI Yogyakarta,2026-08-30T10:03:35.195323+00:00,DI Yogyakarta,14110.714285714286,40.08918628686359,3.4743961448615104,True,,,,False
2026-08-26,Beras,1,I,14250.0,DI Yogyakarta,2026-08-30T10:03:35.195323+00:00,DI Yogyakarta,14121.42857142857,54.47047794019194,2.360387377408356,True,,,,False
2026-08-27,Beras,1,I,14250.0,DI Yogyakarta,2026-08-30T10:03:35.195323+00:00,DI Yogyakarta,14132.142857142857,63.872297043947576,1.8451996923807368,False,,,,False
2026-08-28,Beras,1,I,14250.0,DI Yogyakarta,2026-08-30T10:03:35.195323+00:00,DI Yogyakarta,14142.857142857143,70.32108464077362,1.5236235005501215,False,,,,False
2026-03-03,Beras Kualitas Bawah I,2,1,12250.0,DI Yogyakarta,2026-08-30T11:38:26.756565+00:00,DI Yogyakarta,,,,False,,,,False
2026-03-04,Beras Kualitas Bawah I,2,1,12250.0,DI Yogyakarta,2026-08-30T11:38:26.756565+00:00,DI Yogyakarta,,,,False,,,,False
2026-03-05,Beras Kualitas Bawah I,2,1,12250.0,DI Yogyakarta,2026-08-30T11:38:26.756565+00:00,DI Yogyakarta,,,,False,,,,False
2026-03-06,Beras Kualitas Bawah I,2,1,12250.0,DI Yogyakarta,2026-08-30T11:38:26.756565+00:00,DI Yogyakarta,,,,False,,,,False
2026-03-09,Beras Kualitas Bawah I,2,1,12250.0,DI Yogyakarta,2026-08-30T11:38:26.756565+00:00,DI Yogyakarta,12250.0,0.0,,False,,,,False
2026-03-10,Beras Kualitas Bawah I,2,1,12250.0,DI Yogyakarta,2026-08-30T11:38:26.756565+00:00,DI Yogyakarta,12250.0,0.0,,False,,,,False
2026-03-11,Beras Kualitas Bawah I,2,1,12250.0,DI Yogyakarta,2026-08-30T11:38:26.756565+00:00,DI Yogyakarta,12250.0,0.0,,False,,,,False
2026-03-12,Beras Kualitas Bawah I,2,1,12250.0,DI Yogyakarta,2026-08-30T11:38:26.756565+00:00,DI Yogyakarta,12250.0,0.0,,False,,,,False
2026-03-13,Beras Kualitas Bawah I,2,1,12250.0,DI Yogyakarta,2026-08-30T11:38:26.756565+00:00,DI Yogyakarta,12250.0,0.0,,False,,,,False
2026-03-16,Beras Kualitas Bawah I,2,1,12250.0,DI Yogyakarta,2026-08-30T11:38:23.606628+00:00,DI Yogyakarta,12250.0,0.0,,False,,,,False
2026-03-17,Beras Kualitas Bawah I,2,1,12250.0,DI Yogyakarta,2026-08-30T11:38:23.606628+00:00,DI Yogyakarta,12250.0,0.0,,False,,,,False
2026-03-18,Beras Kualitas Bawah I,2,1,12250.0,DI Yogyakarta,2026-08-30T11:38:23.606628+00:00,DI Yogyakarta,12250.0,0.0,,False,,,,False
2026-03-19,Beras Kualitas Bawah I,2,1,12250.0,DI Yogyakarta,2026-08-30T11:38:23.606628+00:00,DI Yogyakarta,12250.0,0.0,,False,,,,False
2026-03-20,Beras Kualitas Bawah I,2,1,12250.0,DI Yogyakarta,2026-08-30T11:38:23.606628+00:00,DI Yogyakarta,12250.0,0.0,,False,,,,False
2026-03-23,Beras Kualitas Bawah I,2,1,12250.0,DI Yogyakarta,2026-08-30T11:38:23.606628+00:00,DI Yogyakarta,12250.0,0.0,,False,,,,False
2026-03-24,Beras Kualitas Bawah I,2,1,12250.0,DI Yogyakarta,2026-08-30T11:38:23.606628+00:00,DI Yogyakarta,12250.0,0.0,,False,,,,False
2026-03-25,Beras Kualitas Bawah I,2,1,12850.0,DI Yogyakarta,2026-08-30T11:38:23.606628+00:00,DI Yogyakarta,12292.857142857143,160.3567451474546,3.474396144861516,True,,,,False
2026-03-26,Beras Kualitas Bawah I,2,1,12850.0,DI Yogyakarta,2026-08-30T11:38:23.606628+00:00,DI Yogyakarta,12335.714285714286,217.88191176076884,2.3603873774083275,True,,,,False
2026-03-27,Beras Kualitas Bawah I,2,1,12850.0,DI Yogyakarta,2026-08-30T11:38:23.606628+00:00,DI Yogyakarta,12378.57142857143,255.48918817579187,1.8451996923807186,False,,,,False
2026-03-30,Beras Kualitas Bawah I,2,1,12850.0,DI Yogyakarta,2026-08-30T11:38:23.606628+00:00,DI Yogyakarta,12421.42857142857,281.284338563097,1.5236235005501144,False,,,,False
2026-03-31,Beras Kualitas Bawah I,2,1,12850.0,DI Yogyakarta,2026-08-30T11:38:23.606628+00:00,DI Yogyakarta,12464.285714285714,298.3470948593077,1.2928374110570058,False,,,,False
2026-04-01,Beras Kualitas Bawah I,2,1,12850.0,DI Yogyakarta,2026-08-30T11:38:23.606628+00:00,DI Yogyakarta,12507.142857142857,308.13155460785663,1.1126972805283768,False,,,,False
2026-04-02,Beras Kualitas Bawah I,2,1,12850.0,DI Yogyakarta,2026-08-30T11:38:23.606628+00:00,DI Yogyakarta,12550.0,311.3247129976616,0.9636241116594343,False,,,,False
2026-04-03,Beras Kualitas Bawah I,2,1,12850.0,DI Yogyakarta,2026-08-30T11:38:23.606628+00:00,DI Yogyakarta,12592.857142857143,308.1315546078561,0.8345229603962826,False,,,,False
2026-04-06,Beras Kualitas Bawah I,2,1,12850.0,DI Yogyakarta,2026-08-30T11:38:23.606628+00:00,DI Yogyakarta,12635.714285714286,298.34709485930654,0.718243006142781,False,,,,False
2026-04-07,Beras Kualitas Bawah I,2,1,12850.0,DI Yogyakarta,2026-08-30T11:38:23.606628+00:00,DI Yogyakarta,12678.57142857143,281.2843385630953,0.6094494002200456,False,,,,False
2026-04-08,Beras Kualitas Bawah I,2,1,12850.0,DI Yogyakarta,2026-08-30T11:38:23.606628+00:00,DI Yogyakarta,12721.42857142857,255.48918817578968,0.5032362797402041,False,,,,False
2026-04-09,Beras Kualitas Bawah I,2,1,12850.0,DI Yogyakarta,2026-08-30T11:38:23.606628+00:00,DI Yogyakarta,12764.285714285714,217.8819117607659,0.39339789623472937,False,,,,False
2026-04-10,Beras Kualitas Bawah I,2,1,12850.0,DI Yogyakarta,2026-08-30T11:38:23.606628+00:00,DI Yogyakarta,12807.142857142857,160.35674514745006,0.2672612419124336,False,,,,False
2026-04-13,Beras Kualitas Bawah I,2,1,12850.0,DI Yogyakarta,2026-08-30T11:38:23.606628+00:00,DI Yogyakarta,12850.0,0.0,,False,,,,False
2026-04-14,Beras Kualitas Bawah I,2,1,12850.0,DI Yogyakarta,2026-08-30T11:38:23.606628+00:00,DI Yogyakarta,12850.0,0.0,,False,,,,False
2026-04-15,Beras Kualitas Bawah I,2,1,12850.0,DI Yogyakarta,2026-08-30T11:38:23.606628+00:00,DI Yogyakarta,12850.0,0.0,,False,,,,False
2026-04-16,Beras Kualitas Bawah I,2,1,12850.0,DI Yogyakarta,2026-08-30T11:38:23.606628+00:00,DI Yogyakarta,12850.0,0.0,,False,,,,False
2026-04-17,Beras Kualitas Bawah I,2,1,12850.0,DI Yogyakarta,2026-08-30T11:38:23.606628+00:00,DI Yogyakarta,12850.0,0.0,,False,,,,False
2026-04-20,Beras Kualitas Bawah I,2,1,12850.0,DI Yogyakarta,2026-08-30T11:38:23.606628+00:00,DI Yogyakarta,12850.0,0.0,,False,,,,False
2026-04-21,Beras Kualitas Bawah I,2,1,12850.0,DI Yogyakarta,2026-08-30T11:38:23.606628+00:00,DI Yogyakarta,12850.0,0.0,,False,,,,False
2026-04-22,Beras Kualitas Bawah I,2,1,12850.0,DI Yogyakarta,2026-08-30T11:38:23.606628+00:00,DI Yogyakarta,12850.0,0.0,,False,,,,False
2026-04-23,Beras Kualitas Bawah I,2,1,12850.0,DI Yogyakarta,2026-08-30T11:38:23.606628+00:00,DI Yogyakarta,12850.0,0.0,,False,,,,False
2026-04-24,Beras Kualitas Bawah I,2,1,12850.0,DI Yogyakarta,2026-08-30T11:38:23.606628+00:00,DI Yogyakarta,12850.0,0.0,,False,,,,False
2026-04-27,Beras Kualitas Bawah I,2,1,12500.0,DI Yogyakarta,2026-08-30T11:38:23.606628+00:00,DI Yogyakarta,12825.0,93.54143466934853,-3.474396144861517,True,,,,False
2026-04-28,Beras Kualitas Bawah I,2,1,12500.0,DI Yogyakarta,2026-08-30T11:38:23.606628+00:00,DI Yogyakarta,12800.0,127.09778186044858,-2.360387377408328,True,,,,False
2026-04-29,Beras Kualitas Bawah I,2,1,12500.0,DI Yogyakarta,2026-08-30T11:38:23.606628+00:00,DI Yogyakarta,12775.0,149.03535976921205,-1.84519969238072,False,,,,False
2026-04-30,Beras Kualitas Bawah I,2,1,12500.0,DI Yogyakarta,2026-08-30T11:38:23.606628+00:00,DI Yogyakarta,12750.0,164.08253082847344,-1.5236235005501098,False,,,,False
2026-05-01,Beras Kualitas Bawah I,2,1,12500.0,DI Yogyakarta,2026-08-30T11:38:23.606628+00:00,DI Yogyakarta,12725.0,174.03580533459638,-1.2928374110570022,False,,,,False
2026-05-04,Beras Kualitas Bawah I,2,1,12500.0,DI Yogyakarta,2026-08-30T11:38:23.606628+00:00,DI Yogyakarta,12700.0,179.74340685458338,-1.112697280528374,False,,,,False
2026-05-05,Beras Kualitas Bawah I,2,1,12500.0,DI Yogyakarta,2026-08-30T11:38:23.606628+00:00,DI Yogyakarta,12675.0,181.6060825819698,-0.9636241116594315,False,,,,False
2026-05-06,Beras Kualitas Bawah I,2,1,12500.0,DI Yogyakarta,2026-08-30T11:38:23.606628+00:00,DI Yogyakarta,12650.0,179.74340685458338,-0.8345229603962804,False,,,,False
2026-05-07,Beras Kualitas Bawah I,2,1,12500.0,DI Yogyakarta,2026-08-30T11:38:23.606628+00:00,DI Yogyakarta,12625.0,174.03580533459638,-0.718243006142779,False,,,,False
2026-05-08,Beras Kualitas Bawah I,2,1,12500.0,DI Yogyakarta,2026-08-30T11:38:23.606628+00:00,DI Yogyakarta,12600.0,164.08253082847344,-0.6094494002200439,False,,,,False
2026-05-11,Beras Kualitas Bawah I,2,1,12500.0,DI Yogyakarta,2026-08-30T11:38:18.765381+00:00,DI Yogyakarta,12575.0,149.03535976921205,-0.5032362797401964,False,,,,False
2026-05-12,Beras Kualitas Bawah I,2,1,12500.0,DI Yogyakarta,2026-08-30T11:38:18.765381+00:00,DI Yogyakarta,12550.0,127.09778186044859,-0.3933978962347213,False,,,,False
2026-05-13,Beras Kualitas Bawah I,2,1,12500.0,DI Yogyakarta,2026-08-30T11:38:18.765381+00:00,DI Yogyakarta,12525.0,93.54143466934855,-0.26726124191242434,False,,,,False
2026-05-14,Beras Kualitas Bawah I,2,1,12500.0,DI Yogyakarta,2026-08-30T11:38:18.765381+00:00,DI Yogyakarta,12500.0,0.0,,False,,,,False
2026-05-15,Beras Kualitas Bawah I,2,1,12500.0,DI Yogyakarta,2026-08-30T11:38:18.765381+00:00,DI Yogyakarta,12500.0,0.0,,False,,,,False
2026-05-18,Beras Kualitas Bawah I,2,1,12500.0,DI Yogyakarta,2026-08-30T11:38:18.765381+00:00,DI Yogyakarta,12500.0,0.0,,False,,,,False
2026-05-19,Beras Kualitas Bawah I,2,1,12500.0,DI Yogyakarta,2026-08-30T11:38:18.765381+00:00,DI Yogyakarta,12500.0,0.0,,False,,,,False
2026-05-20,Beras Kualitas Bawah I,2,1,12500.0,DI Yogyakarta,2026-08-30T11:38:18.765381+00:00,DI Yogyakarta,12500.0,0.0,,False,,,,False
2026-05-21,Beras Kualitas Bawah I,2,1,12500.0,DI Yogyakarta,2026-08-30T11:38:18.765381+00:00,DI Yogyakarta,12500.0,0.0,,False,,,,False
2026-05-22,Beras Kualitas Bawah I,2,1,12500.0,DI Yogyakarta,2026-08-30T11:38:18.765381+00:00,DI Yogyakarta,12500.0,0.0,,False,,,,False
2026-05-25,Beras Kualitas Bawah I,2,1,12500.0,DI Yogyakarta,2026-08-30T11:38:18.765381+00:00,DI Yogyakarta,12500.0,0.0,,False,,,,False
2026-05-26,Beras Kualitas Bawah I,2,1,12500.0,DI Yogyakarta,2026-08-30T11:38:18.765381+00:00,DI Yogyakarta,12500.0,0.0,,False,,,,False
2026-05-27,Beras Kualitas Bawah I,2,1,12500.0,DI Yogyakarta,2026-08-30T11:38:18.765381+00:00,DI Yogyakarta,12500.0,0.0,,False,,,,False
2026-05-28,Beras Kualitas Bawah I,2,1,12500.0,DI Yogyakarta,2026-08-30T11:38:18.765381+00:00,DI Yogyakarta,12500.0,0.0,,False,,,,False
2026-05-29,Beras Kualitas Bawah I,2,1,12500.0,DI Yogyakarta,2026-08-30T11:38:18.765381+00:00,DI Yogyakarta,12500.0,0.0,,False,,,,False
2026-06-01,Beras Kualitas Bawah I,2,1,12500.0,DI Yogyakarta,2026-08-30T11:38:18.765381+00:00,DI Yogyakarta,12500.0,0.0,,False,,,,False
2026-06-02,Beras Kualitas Bawah I,2,1,12500.0,DI Yogyakarta,2026-08-30T11:38:18.765381+00:00,DI Yogyakarta,12500.0,0.0,,False,,,,False
2026-06-03,Beras Kualitas Bawah I,2,1,12500.0,DI Yogyakarta,2026-08-30T11:38:18.765381+00:00,DI Yogyakarta,12500.0,0.0,,False,,,,False
2026-06-04,Beras Kualitas Bawah I,2,1,12500.0,DI Yogyakarta,2026-08-30T11:38:18.765381+00:00,DI Yogyakarta,12500.0,0.0,,False,,,,False
2026-06-05,Beras Kualitas Bawah I,2,1,12500.0,DI Yogyakarta,2026-08-30T11:38:18.765381+00:00,DI Yogyakarta,12500.0,0.0,,False,,,,False
2026-06-08,Beras Kualitas Bawah I,2,1,12500.0,DI Yogyakarta,2026-08-30T11:38:18.765381+00:00,DI Yogyakarta,12500.0,0.0,,False,,,,False
2026-06-09,Beras Kualitas Bawah I,2,1,12500.0,DI Yogyakarta,2026-08-30T11:38:18.765381+00:00,DI Yogyakarta,12500.0,0.0,,False,,,,False
2026-06-10,Beras Kualitas Bawah I,2,1,12500.0,DI Yogyakarta,2026-08-30T11:38:18.765381+00:00,DI Yogyakarta,12500.0,0.0,,False,,,,False
2026-06-11,Beras Kualitas Bawah I,2,1,12500.0,DI Yogyakarta,2026-08-30T11:38:18.765381+00:00,DI Yogyakarta,12500.0,0.0,,False,,,,False
2026-06-12,Beras Kualitas Bawah I,2,1,12500.0,DI Yogyakarta,2026-08-30T11:38:18.765381+00:00,DI Yogyakarta,12500.0,0.0,,False,,,,False
2026-06-15,Beras Kualitas Bawah I,2,1,12500.0,DI Yogyakarta,2026-08-30T11:38:18.765381+00:00,DI Yogyakarta,12500.0,0.0,,False,,,,False
2026-06-16,Beras Kualitas Bawah I,2,1,12500.0,DI Yogyakarta,2026-08-30T11:38:18.765381+00:00,DI Yogyakarta,12500.0,0.0,,False,,,,False
2026-06-17,Beras Kualitas Bawah I,2,1,12500.0,DI Yogyakarta,2026-08-30T11:38:18.765381+00:00,DI Yogyakarta,12500.0,0.0,,False,,,,False
2026-06-18,Beras Kualitas Bawah I,2,1,12500.0,DI Yogyakarta,2026-08-30T11:38:18.765381+00:00,DI Yogyakarta,12500.0,0.0,,False,,,,False
2026-06-19,Beras Kualitas Bawah I,2,1,12500.0,DI Yogyakarta,2026-08-30T11:38:18.765381+00:00,DI Yogyakarta,12500.0,0.0,,False,,,,False
2026-06-22,Beras Kualitas Bawah I,2,1,12500.0,DI Yogyakarta,2026-08-30T11:38:18.765381+00:00,DI Yogyakarta,12500.0,0.0,,False,,,,False
2026-06-23,Beras Kualitas Bawah I,2,1,12500.0,DI Yogyakarta,2026-08-30T11:38:18.765381+00:00,DI Yogyakarta,12500.0,0.0,,False,,,,False
2026-06-24,Beras Kualitas Bawah I,2,1,12500.0,DI Yogyakarta,2026-08-30T11:38:18.765381+00:00,DI Yogyakarta,12500.0,0.0,,False,,,,False
2026-06-25,Beras Kualitas Bawah I,2,1,12750.0,DI Yogyakarta,2026-08-30T11:38:18.765381+00:00,DI Yogyakarta,12517.857142857143,66.81531047810606,3.4743961448615153,True,,,,False
2026-06-26,Beras Kualitas Bawah I,2,1,12750.0,DI Yogyakarta,2026-08-30T11:38:18.765381+00:00,DI Yogyakarta,12535.714285714286,90.78412990032025,2.3603873774083266,True,,,,False
2026-06-29,Beras Kualitas Bawah I,2,1,12750.0,DI Yogyakarta,2026-08-30T11:38:18.765381+00:00,DI Yogyakarta,12553.57142857143,106.4538284065798,1.8451996923807166,False,,,,False
2026-06-30,Beras Kualitas Bawah I,2,1,12750.0,DI Yogyakarta,2026-08-30T11:38:18.765381+00:00,DI Yogyakarta,12571.42857142857,117.20180773462351,1.5236235005501213,False,,,,False
2026-07-01,Beras Kualitas Bawah I,2,1,12750.0,DI Yogyakarta,2026-08-30T11:38:18.765381+00:00,DI Yogyakarta,12589.285714285714,124.31128952471123,1.2928374110570113,False,,,,False
2026-07-02,Beras Kualitas Bawah I,2,1,12750.0,DI Yogyakarta,2026-08-30T11:38:18.765381+00:00,DI Yogyakarta,12607.142857142857,128.3881477532732,1.1126972805283815,False,,,,False
2026-07-03,Beras Kualitas Bawah I,2,1,12750.0,DI Yogyakarta,2026-08-30T11:38:18.765381+00:00,DI Yogyakarta,12625.0,129.7186304156918,0.9636241116594383,False,,,,False
2026-07-06,Beras Kualitas Bawah I,2,1,12750.0,DI Yogyakarta,2026-08-30T11:38:13.847136+00:00,DI Yogyakarta,12642.857142857143,128.38814775327268,0.8345229603962859,False,,,,False
2026-07-07,Beras Kualitas Bawah I,2,1,12750.0,DI Yogyakarta,2026-08-30T11:38:13.847136+00:00,DI Yogyakarta,12660.714285714286,124.31128952471016,0.7182430061427837,False,,,,False
2026-07-08,Beras Kualitas Bawah I,2,1,12750.0,DI Yogyakarta,2026-08-30T11:38:13.847136+00:00,DI Yogyakarta,12678.57142857143,117.2018077346218,0.6094494002200481,False,,,,False
2026-07-09,Beras Kualitas Bawah I,2,1,12750.0,DI Yogyakarta,2026-08-30T11:38:13.847136+00:00,DI Yogyakarta,12696.42857142857,106.45382840657727,0.5032362797402168,False,,,,False
2026-07-10,Beras Kualitas Bawah I,2,1,12750.0,DI Yogyakarta,2026-08-30T11:38:13.847136+00:00,DI Yogyakarta,12714.285714285714,90.78412990031653,0.3933978962347439,False,,,,False
2026-07-13,Beras Kualitas Bawah I,2,1,12750.0,DI Yogyakarta,2026-08-30T11:38:13.847136+00:00,DI Yogyakarta,12732.142857142857,66.81531047809999,0.2672612419124527,False,,,,False
2026-07-14,Beras Kualitas Bawah I,2,1,12750.0,DI Yogyakarta,2026-08-30T11:38:13.847136+00:00,DI Yogyakarta,12750.0,0.0,,False,,,,False
2026-07-15,Beras Kualitas Bawah I,2,1,12750.0,DI Yogyakarta,2026-08-30T11:38:13.847136+00:00,DI Yogyakarta,12750.0,0.0,,False,,,,False
2026-07-16,Beras Kualitas Bawah I,2,1,12750.0,DI Yogyakarta,2026-08-30T11:38:13.847136+00:00,DI Yogyakarta,12750.0,0.0,,False,,,,False
2026-07-17,Beras Kualitas Bawah I,2,1,12750.0,DI Yogyakarta,2026-08-30T11:38:13.847136+00:00,DI Yogyakarta,12750.0,0.0,,False,,,,False
2026-07-20,Beras Kualitas Bawah I,2,1,12750.0,DI Yogyakarta,2026-08-30T11:38:13.847136+00:00,DI Yogyakarta,12750.0,0.0,,False,,,,False
2026-07-21,Beras Kualitas Bawah I,2,1,12750.0,DI Yogyakarta,2026-08-30T11:38:13.847136+00:00,DI Yogyakarta,12750.0,0.0,,False,,,,False
2026-07-22,Beras Kualitas Bawah I,2,1,12750.0,DI Yogyakarta,2026-08-30T11:38:13.847136+00:00,DI Yogyakarta,12750.0,0.0,,False,,,,False
2026-07-23,Beras Kualitas Bawah I,2,1,12750.0,DI Yogyakarta,2026-08-30T11:38:13.847136+00:00,DI Yogyakarta,12750.0,0.0,,False,,,,False
2026-07-24,Beras Kualitas Bawah I,2,1,12750.0,DI Yogyakarta,2026-08-30T11:38:13.847136+00:00,DI Yogyakarta,12750.0,0.0,,False,,,,False
2026-07-27,Beras Kualitas Bawah I,2,1,12750.0,DI Yogyakarta,2026-08-30T11:38:13.847136+00:00,DI Yogyakarta,12750.0,0.0,,False,,,,False
2026-07-28,Beras Kualitas Bawah I,2,1,12750.0,DI Yogyakarta,2026-08-30T11:38:13.847136+00:00,DI Yogyakarta,12750.0,0.0,,False,,,,False
2026-07-29,Beras Kualitas Bawah I,2,1,12750.0,DI Yogyakarta,2026-08-30T11:38:13.847136+00:00,DI Yogyakarta,12750.0,0.0,,False,,,,False
2026-07-30,Beras Kualitas Bawah I,2,1,12750.0,DI Yogyakarta,2026-08-30T11:38:13.847136+00:00,DI Yogyakarta,12750.0,0.0,,False,,,,False
2026-07-31,Beras Kualitas Bawah I,2,1,12750.0,DI Yogyakarta,2026-08-30T11:38:13.847136+00:00,DI Yogyakarta,12750.0,0.0,,False,,,,False
2026-08-03,Beras Kualitas Bawah I,2,1,12750.0,DI Yogyakarta,2026-08-30T11:38:13.847136+00:00,DI Yogyakarta,12750.0,0.0,,False,,,,False
2026-08-04,Beras Kualitas Bawah I,2,1,12750.0,DI Yogyakarta,2026-08-30T11:38:13.847136+00:00,DI Yogyakarta,12750.0,0.0,,False,,,,False
2026-08-05,Beras Kualitas Bawah I,2,1,12750.0,DI Yogyakarta,2026-08-30T11:38:13.847136+00:00,DI Yogyakarta,12750.0,0.0,,False,,,,False
2026-08-06,Beras Kualitas Bawah I,2,1,12750.0,DI Yogyakarta,2026-08-30T11:38:13.847136+00:00,DI Yogyakarta,12750.0,0.0,,False,,,,False
2026-08-07,Beras Kualitas Bawah I,2,1,12750.0,DI Yogyakarta,2026-08-30T11:38:13.847136+00:00,DI Yogyakarta,12750.0,0.0,,False,,,,False
2026-08-10,Beras Kualitas Bawah I,2,1,12750.0,DI Yogyakarta,2026-08-30T11:38:13.847136+00:00,DI Yogyakarta,12750.0,0.0,,False,,,,False
2026-08-11,Beras Kualitas Bawah I,2,1,12750.0,DI Yogyakarta,2026-08-30T11:38:13.847136+00:00,DI Yogyakarta,12750.0,0.0,,False,,,,False
2026-08-12,Beras Kualitas Bawah I,2,1,12750.0,DI Yogyakarta,2026-08-30T11:38:13.847136+00:00,DI Yogyakarta,12750.0,0.0,,False,,,,False
2026-08-13,Beras Kualitas Bawah I,2,1,12750.0,DI Yogyakarta,2026-08-30T11:38:13.847136+00:00,DI Yogyakarta,12750.0,0.0,,False,,,,False
2026-08-14,Beras Kualitas Bawah I,2,1,12750.0,DI Yogyakarta,2026-08-30T11:38:13.847136+00:00,DI Yogyakarta,12750.0,0.0,,False,,,,False
2026-08-17,Beras Kualitas Bawah I,2,1,12750.0,DI Yogyakarta,2026-08-30T10:03:35.195323+00:00,DI Yogyakarta,12750.0,0.0,,False,,,,False
2026-08-18,Beras Kualitas Bawah I,2,1,12750.0,DI Yogyakarta,2026-08-30T10:03:35.195323+00:00,DI Yogyakarta,12750.0,0.0,,False,,,,False
2026-08-19,Beras Kualitas Bawah I,2,1,12750.0,DI Yogyakarta,2026-08-30T10:03:35.195323+00:00,DI Yogyakarta,12750.0,0.0,,False,,,,False
2026-08-20,Beras Kualitas Bawah I,2,1,12750.0,DI Yogyakarta,2026-08-30T10:03:35.195323+00:00,DI Yogyakarta,12750.0,0.0,,False,,,,False
2026-08-21,Beras Kualitas Bawah I,2,1,12750.0,DI Yogyakarta,2026-08-30T10:03:35.195323+00:00,DI Yogyakarta,12750.0,0.0,,False,,,,False
2026-08-24,Beras Kualitas Bawah I,2,1,12750.0,DI Yogyakarta,2026-08-30T10:03:35.195323+00:00,DI Yogyakarta,12750.0,0.0,,False,,,,False
2026-08-25,Beras Kualitas Bawah I,2,1,13000.0,DI Yogyakarta,2026-08-30T10:03:35.195323+00:00,DI Yogyakarta,12767.857142857143,66.81531047810606,3.4743961448615153,True,,,,False
2026-08-26,Beras Kualitas Bawah I,2,1,13000.0,DI Yogyakarta,2026-08-30T10:03:35.195323+00:00,DI Yogyakarta,12785.714285714286,90.78412990032025,2.3603873774083266,True,,,,False
2026-08-27,Beras Kualitas Bawah I,2,1,13000.0,DI Yogyakarta,2026-08-30T10:03:35.195323+00:00,DI Yogyakarta,12803.57142857143,106.4538284065798,1.8451996923807166,False,,,,False
2026-08-28,Beras Kualitas Bawah I,2,1,13000.0,DI Yogyakarta,2026-08-30T10:03:35.195323+00:00,DI Yogyakarta,12821.42857142857,117.20180773462351,1.5236235005501213,False,,,,False
2026-03-03,Beras Kualitas Medium I,2,2,13500.0,DI Yogyakarta,2026-08-30T11:38:26.756565+00:00,DI Yogyakarta,,,,False,,,,False
2026-03-04,Beras Kualitas Medium I,2,2,13500.0,DI Yogyakarta,2026-08-30T11:38:26.756565+00:00,DI Yogyakarta,,,,False,,,,False
2026-03-05,Beras Kualitas Medium I,2,2,13500.0,DI Yogyakarta,2026-08-30T11:38:26.756565+00:00,DI Yogyakarta,,,,False,,,,False
2026-03-06,Beras Kualitas Medium I,2,2,13500.0,DI Yogyakarta,2026-08-30T11:38:26.756565+00:00,DI Yogyakarta,,,,False,,,,False
2026-03-09,Beras Kualitas Medium I,2,2,13500.0,DI Yogyakarta,2026-08-30T11:38:26.756565+00:00,DI Yogyakarta,13500.0,0.0,,False,,,,False
2026-03-10,Beras Kualitas Medium I,2,2,13500.0,DI Yogyakarta,2026-08-30T11:38:26.756565+00:00,DI Yogyakarta,13500.0,0.0,,False,,,,False
2026-03-11,Beras Kualitas Medium I,2,2,13500.0,DI Yogyakarta,2026-08-30T11:38:26.756565+00:00,DI Yogyakarta,13500.0,0.0,,False,,,,False
2026-03-12,Beras Kualitas Medium I,2,2,13500.0,DI Yogyakarta,2026-08-30T11:38:26.756565+00:00,DI Yogyakarta,13500.0,0.0,,False,,,,False
2026-03-13,Beras Kualitas Medium I,2,2,13500.0,DI Yogyakarta,2026-08-30T11:38:26.756565+00:00,DI Yogyakarta,13500.0,0.0,,False,,,,False
2026-03-16,Beras Kualitas Medium I,2,2,13500.0,DI Yogyakarta,2026-08-30T11:38:23.606628+00:00,DI Yogyakarta,13500.0,0.0,,False,,,,False
2026-03-17,Beras Kualitas Medium I,2,2,13500.0,DI Yogyakarta,2026-08-30T11:38:23.606628+00:00,DI Yogyakarta,13500.0,0.0,,False,,,,False
2026-03-18,Beras Kualitas Medium I,2,2,13500.0,DI Yogyakarta,2026-08-30T11:38:23.606628+00:00,DI Yogyakarta,13500.0,0.0,,False,,,,False
2026-03-19,Beras Kualitas Medium I,2,2,13500.0,DI Yogyakarta,2026-08-30T11:38:23.606628+00:00,DI Yogyakarta,13500.0,0.0,,False,,,,False
2026-03-20,Beras Kualitas Medium I,2,2,13500.0,DI Yogyakarta,2026-08-30T11:38:23.606628+00:00,DI Yogyakarta,13500.0,0.0,,False,,,,False
2026-03-23,Beras Kualitas Medium I,2,2,13500.0,DI Yogyakarta,2026-08-30T11:38:23.606628+00:00,DI Yogyakarta,13500.0,0.0,,False,,,,False
2026-03-24,Beras Kualitas Medium I,2,2,13500.0,DI Yogyakarta,2026-08-30T11:38:23.606628+00:00,DI Yogyakarta,13500.0,0.0,,False,,,,False
2026-03-25,Beras Kualitas Medium I,2,2,13850.0,DI Yogyakarta,2026-08-30T11:38:23.606628+00:00,DI Yogyakarta,13525.0,93.54143466934853,3.474396144861517,True,,,,False
2026-03-26,Beras Kualitas Medium I,2,2,13850.0,DI Yogyakarta,2026-08-30T11:38:23.606628+00:00,DI Yogyakarta,13550.0,127.09778186044858,2.360387377408328,True,,,,False
2026-03-27,Beras Kualitas Medium I,2,2,13850.0,DI Yogyakarta,2026-08-30T11:38:23.606628+00:00,DI Yogyakarta,13575.0,149.03535976921205,1.84519969238072,False,,,,False
2026-03-30,Beras Kualitas Medium I,2,2,13850.0,DI Yogyakarta,2026-08-30T11:38:23.606628+00:00,DI Yogyakarta,13600.0,164.08253082847344,1.5236235005501098,False,,,,False
2026-03-31,Beras Kualitas Medium I,2,2,13850.0,DI Yogyakarta,2026-08-30T11:38:23.606628+00:00,DI Yogyakarta,13625.0,174.03580533459638,1.2928374110570022,False,,,,False
2026-04-01,Beras Kualitas Medium I,2,2,13850.0,DI Yogyakarta,2026-08-30T11:38:23.606628+00:00,DI Yogyakarta,13650.0,179.74340685458338,1.112697280528374,False,,,,False
2026-04-02,Beras Kualitas Medium I,2,2,13850.0,DI Yogyakarta,2026-08-30T11:38:23.606628+00:00,DI Yogyakarta,13675.0,181.6060825819698,0.9636241116594315,False,,,,False
2026-04-03,Beras Kualitas Medium I,2,2,13850.0,DI Yogyakarta,2026-08-30T11:38:23.606628+00:00,DI Yogyakarta,13700.0,179.74340685458338,0.8345229603962804,False,,,,False
2026-04-06,Beras Kualitas Medium I,2,2,13850.0,DI Yogyakarta,2026-08-30T11:38:23.606628+00:00,DI Yogyakarta,13725.0,174.03580533459638,0.718243006142779,False,,,,False
2026-04-07,Beras Kualitas Medium I,2,2,13850.0,DI Yogyakarta,2026-08-30T11:38:23.606628+00:00,DI Yogyakarta,13750.0,164.08253082847344,0.6094494002200439,False,,,,False
2026-04-08,Beras Kualitas Medium I,2,2,13850.0,DI Yogyakarta,2026-08-30T11:38:23.606628+00:00,DI Yogyakarta,13775.0,149.03535976921205,0.5032362797401964,False,,,,False
2026-04-09,Beras Kualitas Medium I,2,2,13850.0,DI Yogyakarta,2026-08-30T11:38:23.606628+00:00,DI Yogyakarta,13800.0,127.09778186044859,0.3933978962347213,False,,,,False
2026-04-10,Beras Kualitas Medium I,2,2,13850.0,DI Yogyakarta,2026-08-30T11:38:23.606628+00:00,DI Yogyakarta,13825.0,93.54143466934855,0.26726124191242434,False,,,,False
2026-04-13,Beras Kualitas Medium I,2,2,13850.0,DI Yogyakarta,2026-08-30T11:38:23.606628+00:00,DI Yogyakarta,13850.0,0.0,,False,,,,False
2026-04-14,Beras Kualitas Medium I,2,2,13850.0,DI Yogyakarta,2026-08-30T11:38:23.606628+00:00,DI Yogyakarta,13850.0,0.0,,False,,,,False
2026-04-15,Beras Kualitas Medium I,2,2,13850.0,DI Yogyakarta,2026-08-30T11:38:23.606628+00:00,DI Yogyakarta,13850.0,0.0,,False,,,,False
2026-04-16,Beras Kualitas Medium I,2,2,13850.0,DI Yogyakarta,2026-08-30T11:38:23.606628+00:00,DI Yogyakarta,13850.0,0.0,,False,,,,False
2026-04-17,Beras Kualitas Medium I,2,2,13850.0,DI Yogyakarta,2026-08-30T11:38:23.606628+00:00,DI Yogyakarta,13850.0,0.0,,False,,,,False
2026-04-20,Beras Kualitas Medium I,2,2,13850.0,DI Yogyakarta,2026-08-30T11:38:23.606628+00:00,DI Yogyakarta,13850.0,0.0,,False,,,,False
2026-04-21,Beras Kualitas Medium I,2,2,13850.0,DI Yogyakarta,2026-08-30T11:38:23.606628+00:00,DI Yogyakarta,13850.0,0.0,,False,,,,False
2026-04-22,Beras Kualitas Medium I,2,2,13850.0,DI Yogyakarta,2026-08-30T11:38:23.606628+00:00,DI Yogyakarta,13850.0,0.0,,False,,,,False
2026-04-23,Beras Kualitas Medium I,2,2,13850.0,DI Yogyakarta,2026-08-30T11:38:23.606628+00:00,DI Yogyakarta,13850.0,0.0,,False,,,,False
2026-04-24,Beras Kualitas Medium I,2,2,13850.0,DI Yogyakarta,2026-08-30T11:38:23.606628+00:00,DI Yogyakarta,13850.0,0.0,,False,,,,False
2026-04-27,Beras Kualitas Medium I,2,2,13500.0,DI Yogyakarta,2026-08-30T11:38:23.606628+00:00,DI Yogyakarta,13825.0,93.54143466934853,-3.474396144861517,True,,,,False
2026-04-28,Beras Kualitas Medium I,2,2,13500.0,DI Yogyakarta,2026-08-30T11:38:23.606628+00:00,DI Yogyakarta,13800.0,127.09778186044858,-2.360387377408328,True,,,,False
2026-04-29,Beras Kualitas Medium I,2,2,13500.0,DI Yogyakarta,2026-08-30T11:38:23.606628+00:00,DI Yogyakarta,13775.0,149.03535976921205,-1.84519969238072,False,,,,False
2026-04-30,Beras Kualitas Medium I,2,2,13500.0,DI Yogyakarta,2026-08-30T11:38:23.606628+00:00,DI Yogyakarta,13750.0,164.08253082847344,-1.5236235005501098,False,,,,False
2026-05-01,Beras Kualitas Medium I,2,2,13500.0,DI Yogyakarta,2026-08-30T11:38:23.606628+00:00,DI Yogyakarta,13725.0,174.03580533459638,-1.2928374110570022,False,,,,False
2026-05-04,Beras Kualitas Medium I,2,2,13500.0,DI Yogyakarta,2026-08-30T11:38:23.606628+00:00,DI Yogyakarta,13700.0,179.74340685458338,-1.112697280528374,False,,,,False
2026-05-05,Beras Kualitas Medium I,2,2,13500.0,DI Yogyakarta,2026-08-30T11:38:23.606628+00:00,DI Yogyakarta,13675.0,181.6060825819698,-0.9636241116594315,False,,,,False
2026-05-06,Beras Kualitas Medium I,2,2,13500.0,DI Yogyakarta,2026-08-30T11:38:23.606628+00:00,DI Yogyakarta,13650.0,179.74340685458338,-0.8345229603962804,False,,,,False
2026-05-07,Beras Kualitas Medium I,2,2,13500.0,DI Yogyakarta,2026-08-30T11:38:23.606628+00:00,DI Yogyakarta,13625.0,174.03580533459638,-0.718243006142779,False,,,,False
2026-05-08,Beras Kualitas Medium I,2,2,13500.0,DI Yogyakarta,2026-08-30T11:38:23.606628+00:00,DI Yogyakarta,13600.0,164.08253082847344,-0.6094494002200439,False,,,,False
2026-05-11,Beras Kualitas Medium I,2,2,13500.0,DI Yogyakarta,2026-08-30T11:38:18.765381+00:00,DI Yogyakarta,13575.0,149.03535976921205,-0.5032362797401964,False,,,,False
2026-05-12,Beras Kualitas Medium I,2,2,13500.0,DI Yogyakarta,2026-08-30T11:38:18.765381+00:00,DI Yogyakarta,13550.0,127.09778186044859,-0.3933978962347213,False,,,,False
2026-05-13,Beras Kualitas Medium I,2,2,13500.0,DI Yogyakarta,2026-08-30T11:38:18.765381+00:00,DI Yogyakarta,13525.0,93.54143466934855,-0.26726124191242434,False,,,,False
2026-05-14,Beras Kualitas Medium I,2,2,13500.0,DI Yogyakarta,2026-08-30T11:38:18.765381+00:00,DI Yogyakarta,13500.0,0.0,,False,,,,False
2026-05-15,Beras Kualitas Medium I,2,2,13500.0,DI Yogyakarta,2026-08-30T11:38:18.765381+00:00,DI Yogyakarta,13500.0,0.0,,False,,,,False
2026-05-18,Beras Kualitas Medium I,2,2,13500.0,DI Yogyakarta,2026-08-30T11:38:18.765381+00:00,DI Yogyakarta,13500.0,0.0,,False,,,,False
2026-05-19,Beras Kualitas Medium I,2,2,13500.0,DI Yogyakarta,2026-08-30T11:38:18.765381+00:00,DI Yogyakarta,13500.0,0.0,,False,,,,False
2026-05-20,Beras Kualitas Medium I,2,2,13500.0,DI Yogyakarta,2026-08-30T11:38:18.765381+00:00,DI Yogyakarta,13500.0,0.0,,False,,,,False
2026-05-21,Beras Kualitas Medium I,2,2,13500.0,DI Yogyakarta,2026-08-30T11:38:18.765381+00:00,DI Yogyakarta,13500.0,0.0,,False,,,,False
2026-05-22,Beras Kualitas Medium I,2,2,13500.0,DI Yogyakarta,2026-08-30T11:38:18.765381+00:00,DI Yogyakarta,13500.0,0.0,,False,,,,False
2026-05-25,Beras Kualitas Medium I,2,2,13600.0,DI Yogyakarta,2026-08-30T11:38:18.765381+00:00,DI Yogyakarta,13507.142857142857,26.726124191242477,3.474396144861522,True,,,,False
2026-05-26,Beras Kualitas Medium I,2,2,13600.0,DI Yogyakarta,2026-08-30T11:38:18.765381+00:00,DI Yogyakarta,13514.285714285714,36.31365196012832,2.3603873774083324,True,,,,False
2026-05-27,Beras Kualitas Medium I,2,2,13600.0,DI Yogyakarta,2026-08-30T11:38:18.765381+00:00,DI Yogyakarta,13521.42857142857,42.581531362632234,1.8451996923807288,False,,,,False
2026-05-28,Beras Kualitas Medium I,2,2,13600.0,DI Yogyakarta,2026-08-30T11:38:18.765381+00:00,DI Yogyakarta,13528.57142857143,46.880723093849916,1.5236235005500813,False,,,,False
2026-05-29,Beras Kualitas Medium I,2,2,13600.0,DI Yogyakarta,2026-08-30T11:38:18.765381+00:00,DI Yogyakarta,13535.714285714286,49.72451580988506,1.2928374110569818,False,,,,False
2026-06-01,Beras Kualitas Medium I,2,2,13600.0,DI Yogyakarta,2026-08-30T11:38:18.765381+00:00,DI Yogyakarta,13542.857142857143,51.35525910130984,1.1126972805283621,False,,,,False
2026-06-02,Beras Kualitas Medium I,2,2,13600.0,DI Yogyakarta,2026-08-30T11:38:18.765381+00:00,DI Yogyakarta,13550.0,51.88745216627739,0.9636241116594257,False,,,,False
2026-06-03,Beras Kualitas Medium I,2,2,13600.0,DI Yogyakarta,2026-08-30T11:38:18.765381+00:00,DI Yogyakarta,13557.142857142857,51.35525910130985,0.8345229603962804,False,,,,False
2026-06-04,Beras Kualitas Medium I,2,2,13600.0,DI Yogyakarta,2026-08-30T11:38:18.765381+00:00,DI Yogyakarta,13564.285714285714,49.72451580988506,0.7182430061427839,False,,,,False
2026-06-05,Beras Kualitas Medium I,2,2,13600.0,DI Yogyakarta,2026-08-30T11:38:18.765381+00:00,DI Yogyakarta,13571.42857142857,46.880723093849916,0.6094494002200558,False,,,,False
2026-06-08,Beras Kualitas Medium I,2,2,13600.0,DI Yogyakarta,2026-08-30T11:38:18.765381+00:00,DI Yogyakarta,13578.57142857143,42.581531362632234,0.5032362797401755,False,,,,False
2026-06-09,Beras Kualitas Medium I,2,2,13600.0,DI Yogyakarta,2026-08-30T11:38:18.765381+00:00,DI Yogyakarta,13585.714285714286,36.313651960128325,0.39339789623470534,False,,,,False
2026-06-10,Beras Kualitas Medium I,2,2,13600.0,DI Yogyakarta,2026-08-30T11:38:18.765381+00:00,DI Yogyakarta,13592.857142857143,26.726124191242484,0.26726124191241424,False,,,,False
2026-06-11,Beras Kualitas Medium I,2,2,13600.0,DI Yogyakarta,2026-08-30T11:38:18.765381+00:00,DI Yogyakarta,13600.0,0.0,,False,,,,False
2026-06-12,Beras Kualitas Medium I,2,2,13600.0,DI Yogyakarta,2026-08-30T11:38:18.765381+00:00,DI Yogyakarta,13600.0,0.0,,False,,,,False
2026-06-15,Beras Kualitas Medium I,2,2,13600.0,DI Yogyakarta,2026-08-30T11:38:18.765381+00:00,DI Yogyakarta,13600.0,0.0,,False,,,,False
2026-06-16,Beras Kualitas Medium I,2,2,13600.0,DI Yogyakarta,2026-08-30T11:38:18.765381+00:00,DI Yogyakarta,13600.0,0.0,,False,,,,False
2026-06-17,Beras Kualitas Medium I,2,2,13600.0,DI Yogyakarta,2026-08-30T11:38:18.765381+00:00,DI Yogyakarta,13600.0,0.0,,False,,,,False
2026-06-18,Beras Kualitas Medium I,2,2,13600.0,DI Yogyakarta,2026-08-30T11:38:18.765381+00:00,DI Yogyakarta,13600.0,0.0,,False,,,,False
2026-06-19,Beras Kualitas Medium I,2,2,13600.0,DI Yogyakarta,2026-08-30T11:38:18.765381+00:00,DI Yogyakarta,13600.0,0.0,,False,,,,False
2026-06-22,Beras Kualitas Medium I,2,2,13600.0,DI Yogyakarta,2026-08-30T11:38:18.765381+00:00,DI Yogyakarta,13600.0,0.0,,False,,,,False
2026-06-23,Beras Kualitas Medium I,2,2,13600.0,DI Yogyakarta,2026-08-30T11:38:18.765381+00:00,DI Yogyakarta,13600.0,0.0,,False,,,,False
2026-06-24,Beras Kualitas Medium I,2,2,13600.0,DI Yogyakarta,2026-08-30T11:38:18.765381+00:00,DI Yogyakarta,13600.0,0.0,,False,,,,False
2026-06-25,Beras Kualitas Medium I,2,2,13600.0,DI Yogyakarta,2026-08-30T11:38:18.765381+00:00,DI Yogyakarta,13600.0,0.0,,False,,,,False
2026-06-26,Beras Kualitas Medium I,2,2,13600.0,DI Yogyakarta,2026-08-30T11:38:18.765381+00:00,DI Yogyakarta,13600.0,0.0,,False,,,,False
2026-06-29,Beras Kualitas Medium I,2,2,13600.0,DI Yogyakarta,2026-08-30T11:38:18.765381+00:00,DI Yogyakarta,13600.0,0.0,,False,,,,False
2026-06-30,Beras Kualitas Medium I,2,2,13600.0,DI Yogyakarta,2026-08-30T11:38:18.765381+00:00,DI Yogyakarta,13600.0,0.0,,False,,,,False
2026-07-01,Beras Kualitas Medium I,2,2,13600.0,DI Yogyakarta,2026-08-30T11:38:18.765381+00:00,DI Yogyakarta,13600.0,0.0,,False,,,,False
2026-07-02,Beras Kualitas Medium I,2,2,13600.0,DI Yogyakarta,2026-08-30T11:38:18.765381+00:00,DI Yogyakarta,13600.0,0.0,,False,,,,False
2026-07-03,Beras Kualitas Medium I,2,2,13600.0,DI Yogyakarta,2026-08-30T11:38:18.765381+00:00,DI Yogyakarta,13600.0,0.0,,False,,,,False
2026-07-06,Beras Kualitas Medium I,2,2,13600.0,DI Yogyakarta,2026-08-30T11:38:13.847136+00:00,DI Yogyakarta,13600.0,0.0,,False,,,,False
2026-07-07,Beras Kualitas Medium I,2,2,13600.0,DI Yogyakarta,2026-08-30T11:38:13.847136+00:00,DI Yogyakarta,13600.0,0.0,,False,,,,False
2026-07-08,Beras Kualitas Medium I,2,2,13600.0,DI Yogyakarta,2026-08-30T11:38:13.847136+00:00,DI Yogyakarta,13600.0,0.0,,False,,,,False
2026-07-09,Beras Kualitas Medium I,2,2,13600.0,DI Yogyakarta,2026-08-30T11:38:13.847136+00:00,DI Yogyakarta,13600.0,0.0,,False,,,,False
2026-07-10,Beras Kualitas Medium I,2,2,13600.0,DI Yogyakarta,2026-08-30T11:38:13.847136+00:00,DI Yogyakarta,13600.0,0.0,,False,,,,False
2026-07-13,Beras Kualitas Medium I,2,2,13600.0,DI Yogyakarta,2026-08-30T11:38:13.847136+00:00,DI Yogyakarta,13600.0,0.0,,False,,,,False
2026-07-14,Beras Kualitas Medium I,2,2,13600.0,DI Yogyakarta,2026-08-30T11:38:13.847136+00:00,DI Yogyakarta,13600.0,0.0,,False,,,,False
2026-07-15,Beras Kualitas Medium I,2,2,13600.0,DI Yogyakarta,2026-08-30T11:38:13.847136+00:00,DI Yogyakarta,13600.0,0.0,,False,,,,False
2026-07-16,Beras Kualitas Medium I,2,2,13600.0,DI Yogyakarta,2026-08-30T11:38:13.847136+00:00,DI Yogyakarta,13600.0,0.0,,False,,,,False
2026-07-17,Beras Kualitas Medium I,2,2,13600.0,DI Yogyakarta,2026-08-30T11:38:13.847136+00:00,DI Yogyakarta,13600.0,0.0,,False,,,,False
2026-07-20,Beras Kualitas Medium I,2,2,13600.0,DI Yogyakarta,2026-08-30T11:38:13.847136+00:00,DI Yogyakarta,13600.0,0.0,,False,,,,False
2026-07-21,Beras Kualitas Medium I,2,2,13600.0,DI Yogyakarta,2026-08-30T11:38:13.847136+00:00,DI Yogyakarta,13600.0,0.0,,False,,,,False
2026-07-22,Beras Kualitas Medium I,2,2,13600.0,DI Yogyakarta,2026-08-30T11:38:13.847136+00:00,DI Yogyakarta,13600.0,0.0,,False,,,,False
2026-07-23,Beras Kualitas Medium I,2,2,13600.0,DI Yogyakarta,2026-08-30T11:38:13.847136+00:00,DI Yogyakarta,13600.0,0.0,,False,,,,False
2026-07-24,Beras Kualitas Medium I,2,2,13600.0,DI Yogyakarta,2026-08-30T11:38:13.847136+00:00,DI Yogyakarta,13600.0,0.0,,False,,,,False
2026-07-27,Beras Kualitas Medium I,2,2,13600.0,DI Yogyakarta,2026-08-30T11:38:13.847136+00:00,DI Yogyakarta,13600.0,0.0,,False,,,,False
2026-07-28,Beras Kualitas Medium I,2,2,13600.0,DI Yogyakarta,2026-08-30T11:38:13.847136+00:00,DI Yogyakarta,13600.0,0.0,,False,,,,False
2026-07-29,Beras Kualitas Medium I,2,2,13600.0,DI Yogyakarta,2026-08-30T11:38:13.847136+00:00,DI Yogyakarta,13600.0,0.0,,False,,,,False
2026-07-30,Beras Kualitas Medium I,2,2,13600.0,DI Yogyakarta,2026-08-30T11:38:13.847136+00:00,DI Yogyakarta,13600.0,0.0,,False,,,,False
2026-07-31,Beras Kualitas Medium I,2,2,13600.0,DI Yogyakarta,2026-08-30T11:38:13.847136+00:00,DI Yogyakarta,13600.0,0.0,,False,,,,False
2026-08-03,Beras Kualitas Medium I,2,2,13600.0,DI Yogyakarta,2026-08-30T11:38:13.847136+00:00,DI Yogyakarta,13600.0,0.0,,False,,,,False
2026-08-04,Beras Kualitas Medium I,2,2,13600.0,DI Yogyakarta,2026-08-30T11:38:13.847136+00:00,DI Yogyakarta,13600.0,0.0,,False,,,,False
2026-08-05,Beras Kualitas Medium I,2,2,13600.0,DI Yogyakarta,2026-08-30T11:38:13.847136+00:00,DI Yogyakarta,13600.0,0.0,,False,,,,False
2026-08-06,Beras Kualitas Medium I,2,2,13600.0,DI Yogyakarta,2026-08-30T11:38:13.847136+00:00,DI Yogyakarta,13600.0,0.0,,False,,,,False
2026-08-07,Beras Kualitas Medium I,2,2,13600.0,DI Yogyakarta,2026-08-30T11:38:13.847136+00:00,DI Yogyakarta,13600.0,0.0,,False,,,,False
2026-08-10,Beras Kualitas Medium I,2,2,13600.0,DI Yogyakarta,2026-08-30T11:38:13.847136+00:00,DI Yogyakarta,13600.0,0.0,,False,,,,False
2026-08-11,Beras Kualitas Medium I,2,2,13600.0,DI Yogyakarta,2026-08-30T11:38:13.847136+00:00,DI Yogyakarta,13600.0,0.0,,False,,,,False
2026-08-12,Beras Kualitas Medium I,2,2,13600.0,DI Yogyakarta,2026-08-30T11:38:13.847136+00:00,DI Yogyakarta,13600.0,0.0,,False,,,,False
2026-08-13,Beras Kualitas Medium I,2,2,13600.0,DI Yogyakarta,2026-08-30T11:38:13.847136+00:00,DI Yogyakarta,13600.0,0.0,,False,,,,False
2026-08-14,Beras Kualitas Medium I,2,2,13600.0,DI Yogyakarta,2026-08-30T11:38:13.847136+00:00,DI Yogyakarta,13600.0,0.0,,False,,,,False
2026-08-17,Beras Kualitas Medium I,2,2,13600.0,DI Yogyakarta,2026-08-30T10:03:35.195323+00:00,DI Yogyakarta,13600.0,0.0,,False,,,,False
2026-08-18,Beras Kualitas Medium I,2,2,13600.0,DI Yogyakarta,2026-08-30T10:03:35.195323+00:00,DI Yogyakarta,13600.0,0.0,,False,,,,False
2026-08-19,Beras Kualitas Medium I,2,2,13600.0,DI Yogyakarta,2026-08-30T10:03:35.195323+00:00,DI Yogyakarta,13600.0,0.0,,False,,,,False
2026-08-20,Beras Kualitas Medium I,2,2,13600.0,DI Yogyakarta,2026-08-30T10:03:35.195323+00:00,DI Yogyakarta,13600.0,0.0,,False,,,,False
2026-08-21,Beras Kualitas Medium I,2,2,13600.0,DI Yogyakarta,2026-08-30T10:03:35.195323+00:00,DI Yogyakarta,13600.0,0.0,,False,,,,False
2026-08-24,Beras Kualitas Medium I,2,2,13600.0,DI Yogyakarta,2026-08-30T10:03:35.195323+00:00,DI Yogyakarta,13600.0,0.0,,False,,,,False
2026-08-25,Beras Kualitas Medium I,2,2,13850.0,DI Yogyakarta,2026-08-30T10:03:35.195323+00:00,DI Yogyakarta,13617.857142857143,66.81531047810606,3.4743961448615153,True,,,,False
2026-08-26,Beras Kualitas Medium I,2,2,13850.0,DI Yogyakarta,2026-08-30T10:03:35.195323+00:00,DI Yogyakarta,13635.714285714286,90.78412990032025,2.3603873774083266,True,,,,False
2026-08-27,Beras Kualitas Medium I,2,2,13850.0,DI Yogyakarta,2026-08-30T10:03:35.195323+00:00,DI Yogyakarta,13653.57142857143,106.4538284065798,1.8451996923807166,False,,,,False
2026-08-28,Beras Kualitas Medium I,2,2,13850.0,DI Yogyakarta,2026-08-30T10:03:35.195323+00:00,DI Yogyakarta,13671.42857142857,117.20180773462351,1.5236235005501213,False,,,,False
2026-03-03,Beras Kualitas Super I,2,3,15950.0,DI Yogyakarta,2026-08-30T11:38:26.756565+00:00,DI Yogyakarta,,,,False,,,,False
2026-03-04,Beras Kualitas Super I,2,3,15950.0,DI Yogyakarta,2026-08-30T11:38:26.756565+00:00,DI Yogyakarta,,,,False,,,,False
2026-03-05,Beras Kualitas Super I,2,3,15950.0,DI Yogyakarta,2026-08-30T11:38:26.756565+00:00,DI Yogyakarta,,,,False,,,,False
2026-03-06,Beras Kualitas Super I,2,3,15950.0,DI Yogyakarta,2026-08-30T11:38:26.756565+00:00,DI Yogyakarta,,,,False,,,,False
2026-03-09,Beras Kualitas Super I,2,3,15950.0,DI Yogyakarta,2026-08-30T11:38:26.756565+00:00,DI Yogyakarta,15950.0,0.0,,False,,,,False
2026-03-10,Beras Kualitas Super I,2,3,15950.0,DI Yogyakarta,2026-08-30T11:38:26.756565+00:00,DI Yogyakarta,15950.0,0.0,,False,,,,False
2026-03-11,Beras Kualitas Super I,2,3,15950.0,DI Yogyakarta,2026-08-30T11:38:26.756565+00:00,DI Yogyakarta,15950.0,0.0,,False,,,,False
2026-03-12,Beras Kualitas Super I,2,3,15950.0,DI Yogyakarta,2026-08-30T11:38:26.756565+00:00,DI Yogyakarta,15950.0,0.0,,False,,,,False
2026-03-13,Beras Kualitas Super I,2,3,15950.0,DI Yogyakarta,2026-08-30T11:38:26.756565+00:00,DI Yogyakarta,15950.0,0.0,,False,,,,False
2026-03-16,Beras Kualitas Super I,2,3,15950.0,DI Yogyakarta,2026-08-30T11:38:23.606628+00:00,DI Yogyakarta,15950.0,0.0,,False,,,,False
2026-03-17,Beras Kualitas Super I,2,3,15950.0,DI Yogyakarta,2026-08-30T11:38:23.606628+00:00,DI Yogyakarta,15950.0,0.0,,False,,,,False
2026-03-18,Beras Kualitas Super I,2,3,15950.0,DI Yogyakarta,2026-08-30T11:38:23.606628+00:00,DI Yogyakarta,15950.0,0.0,,False,,,,False
2026-03-19,Beras Kualitas Super I,2,3,15950.0,DI Yogyakarta,2026-08-30T11:38:23.606628+00:00,DI Yogyakarta,15950.0,0.0,,False,,,,False
2026-03-20,Beras Kualitas Super I,2,3,15950.0,DI Yogyakarta,2026-08-30T11:38:23.606628+00:00,DI Yogyakarta,15950.0,0.0,,False,,,,False
2026-03-23,Beras Kualitas Super I,2,3,15950.0,DI Yogyakarta,2026-08-30T11:38:23.606628+00:00,DI Yogyakarta,15950.0,0.0,,False,,,,False
2026-03-24,Beras Kualitas Super I,2,3,15950.0,DI Yogyakarta,2026-08-30T11:38:23.606628+00:00,DI Yogyakarta,15950.0,0.0,,False,,,,False
2026-03-25,Beras Kualitas Super I,2,3,15950.0,DI Yogyakarta,2026-08-30T11:38:23.606628+00:00,DI Yogyakarta,15950.0,0.0,,False,,,,False
2026-03-26,Beras Kualitas Super I,2,3,15950.0,DI Yogyakarta,2026-08-30T11:38:23.606628+00:00,DI Yogyakarta,15950.0,0.0,,False,,,,False
2026-03-27,Beras Kualitas Super I,2,3,15950.0,DI Yogyakarta,2026-08-30T11:38:23.606628+00:00,DI Yogyakarta,15950.0,0.0,,False,,,,False
2026-03-30,Beras Kualitas Super I,2,3,15950.0,DI Yogyakarta,2026-08-30T11:38:23.606628+00:00,DI Yogyakarta,15950.0,0.0,,False,,,,False
2026-03-31,Beras Kualitas Super I,2,3,15950.0,DI Yogyakarta,2026-08-30T11:38:23.606628+00:00,DI Yogyakarta,15950.0,0.0,,False,,,,False
2026-04-01,Beras Kualitas Super I,2,3,15950.0,DI Yogyakarta,2026-08-30T11:38:23.606628+00:00,DI Yogyakarta,15950.0,0.0,,False,,,,False
2026-04-02,Beras Kualitas Super I,2,3,15950.0,DI Yogyakarta,2026-08-30T11:38:23.606628+00:00,DI Yogyakarta,15950.0,0.0,,False,,,,False
2026-04-03,Beras Kualitas Super I,2,3,15950.0,DI Yogyakarta,2026-08-30T11:38:23.606628+00:00,DI Yogyakarta,15950.0,0.0,,False,,,,False
2026-04-06,Beras Kualitas Super I,2,3,15950.0,DI Yogyakarta,2026-08-30T11:38:23.606628+00:00,DI Yogyakarta,15950.0,0.0,,False,,,,False
2026-04-07,Beras Kualitas Super I,2,3,15950.0,DI Yogyakarta,2026-08-30T11:38:23.606628+00:00,DI Yogyakarta,15950.0,0.0,,False,,,,False
2026-04-08,Beras Kualitas Super I,2,3,15950.0,DI Yogyakarta,2026-08-30T11:38:23.606628+00:00,DI Yogyakarta,15950.0,0.0,,False,,,,False
2026-04-09,Beras Kualitas Super I,2,3,15950.0,DI Yogyakarta,2026-08-30T11:38:23.606628+00:00,DI Yogyakarta,15950.0,0.0,,False,,,,False
2026-04-10,Beras Kualitas Super I,2,3,15950.0,DI Yogyakarta,2026-08-30T11:38:23.606628+00:00,DI Yogyakarta,15950.0,0.0,,False,,,,False
2026-04-13,Beras Kualitas Super I,2,3,15950.0,DI Yogyakarta,2026-08-30T11:38:23.606628+00:00,DI Yogyakarta,15950.0,0.0,,False,,,,False
2026-04-14,Beras Kualitas Super I,2,3,15950.0,DI Yogyakarta,2026-08-30T11:38:23.606628+00:00,DI Yogyakarta,15950.0,0.0,,False,,,,False
2026-04-15,Beras Kualitas Super I,2,3,15950.0,DI Yogyakarta,2026-08-30T11:38:23.606628+00:00,DI Yogyakarta,15950.0,0.0,,False,,,,False
2026-04-16,Beras Kualitas Super I,2,3,15950.0,DI Yogyakarta,2026-08-30T11:38:23.606628+00:00,DI Yogyakarta,15950.0,0.0,,False,,,,False
2026-04-17,Beras Kualitas Super I,2,3,15950.0,DI Yogyakarta,2026-08-30T11:38:23.606628+00:00,DI Yogyakarta,15950.0,0.0,,False,,,,False
2026-04-20,Beras Kualitas Super I,2,3,15950.0,DI Yogyakarta,2026-08-30T11:38:23.606628+00:00,DI Yogyakarta,15950.0,0.0,,False,,,,False
2026-04-21,Beras Kualitas Super I,2,3,15950.0,DI Yogyakarta,2026-08-30T11:38:23.606628+00:00,DI Yogyakarta,15950.0,0.0,,False,,,,False
2026-04-22,Beras Kualitas Super I,2,3,15950.0,DI Yogyakarta,2026-08-30T11:38:23.606628+00:00,DI Yogyakarta,15950.0,0.0,,False,,,,False
2026-04-23,Beras Kualitas Super I,2,3,15950.0,DI Yogyakarta,2026-08-30T11:38:23.606628+00:00,DI Yogyakarta,15950.0,0.0,,False,,,,False
2026-04-24,Beras Kualitas Super I,2,3,15950.0,DI Yogyakarta,2026-08-30T11:38:23.606628+00:00,DI Yogyakarta,15950.0,0.0,,False,,,,False
2026-04-27,Beras Kualitas Super I,2,3,15950.0,DI Yogyakarta,2026-08-30T11:38:23.606628+00:00,DI Yogyakarta,15950.0,0.0,,False,,,,False
2026-04-28,Beras Kualitas Super I,2,3,15950.0,DI Yogyakarta,2026-08-30T11:38:23.606628+00:00,DI Yogyakarta,15950.0,0.0,,False,,,,False
2026-04-29,Beras Kualitas Super I,2,3,15950.0,DI Yogyakarta,2026-08-30T11:38:23.606628+00:00,DI Yogyakarta,15950.0,0.0,,False,,,,False
2026-04-30,Beras Kualitas Super I,2,3,15950.0,DI Yogyakarta,2026-08-30T11:38:23.606628+00:00,DI Yogyakarta,15950.0,0.0,,False,,,,False
2026-05-01,Beras Kualitas Super I,2,3,15950.0,DI Yogyakarta,2026-08-30T11:38:23.606628+00:00,DI Yogyakarta,15950.0,0.0,,False,,,,False
2026-05-04,Beras Kualitas Super I,2,3,15950.0,DI Yogyakarta,2026-08-30T11:38:23.606628+00:00,DI Yogyakarta,15950.0,0.0,,False,,,,False
2026-05-05,Beras Kualitas Super I,2,3,15950.0,DI Yogyakarta,2026-08-30T11:38:23.606628+00:00,DI Yogyakarta,15950.0,0.0,,False,,,,False
2026-05-06,Beras Kualitas Super I,2,3,15950.0,DI Yogyakarta,2026-08-30T11:38:23.606628+00:00,DI Yogyakarta,15950.0,0.0,,False,,,,False
2026-05-07,Beras Kualitas Super I,2,3,15950.0,DI Yogyakarta,2026-08-30T11:38:23.606628+00:00,DI Yogyakarta,15950.0,0.0,,False,,,,False
2026-05-08,Beras Kualitas Super I,2,3,15950.0,DI Yogyakarta,2026-08-30T11:38:23.606628+00:00,DI Yogyakarta,15950.0,0.0,,False,,,,False
2026-05-11,Beras Kualitas Super I,2,3,15950.0,DI Yogyakarta,2026-08-30T11:38:18.765381+00:00,DI Yogyakarta,15950.0,0.0,,False,,,,False
2026-05-12,Beras Kualitas Super I,2,3,15950.0,DI Yogyakarta,2026-08-30T11:38:18.765381+00:00,DI Yogyakarta,15950.0,0.0,,False,,,,False
2026-05-13,Beras Kualitas Super I,2,3,15950.0,DI Yogyakarta,2026-08-30T11:38:18.765381+00:00,DI Yogyakarta,15950.0,0.0,,False,,,,False
2026-05-14,Beras Kualitas Super I,2,3,15950.0,DI Yogyakarta,2026-08-30T11:38:18.765381+00:00,DI Yogyakarta,15950.0,0.0,,False,,,,False
2026-05-15,Beras Kualitas Super I,2,3,15950.0,DI Yogyakarta,2026-08-30T11:38:18.765381+00:00,DI Yogyakarta,15950.0,0.0,,False,,,,False
2026-05-18,Beras Kualitas Super I,2,3,15950.0,DI Yogyakarta,2026-08-30T11:38:18.765381+00:00,DI Yogyakarta,15950.0,0.0,,False,,,,False
2026-05-19,Beras Kualitas Super I,2,3,15950.0,DI Yogyakarta,2026-08-30T11:38:18.765381+00:00,DI Yogyakarta,15950.0,0.0,,False,,,,False
2026-05-20,Beras Kualitas Super I,2,3,15950.0,DI Yogyakarta,2026-08-30T11:38:18.765381+00:00,DI Yogyakarta,15950.0,0.0,,False,,,,False
2026-05-21,Beras Kualitas Super I,2,3,15950.0,DI Yogyakarta,2026-08-30T11:38:18.765381+00:00,DI Yogyakarta,15950.0,0.0,,False,,,,False
2026-05-22,Beras Kualitas Super I,2,3,15950.0,DI Yogyakarta,2026-08-30T11:38:18.765381+00:00,DI Yogyakarta,15950.0,0.0,,False,,,,False
2026-05-25,Beras Kualitas Super I,2,3,15950.0,DI Yogyakarta,2026-08-30T11:38:18.765381+00:00,DI Yogyakarta,15950.0,0.0,,False,,,,False
2026-05-26,Beras Kualitas Super I,2,3,15950.0,DI Yogyakarta,2026-08-30T11:38:18.765381+00:00,DI Yogyakarta,15950.0,0.0,,False,,,,False
2026-05-27,Beras Kualitas Super I,2,3,15950.0,DI Yogyakarta,2026-08-30T11:38:18.765381+00:00,DI Yogyakarta,15950.0,0.0,,False,,,,False
2026-05-28,Beras Kualitas Super I,2,3,15950.0,DI Yogyakarta,2026-08-30T11:38:18.765381+00:00,DI Yogyakarta,15950.0,0.0,,False,,,,False
2026-05-29,Beras Kualitas Super I,2,3,15950.0,DI Yogyakarta,2026-08-30T11:38:18.765381+00:00,DI Yogyakarta,15950.0,0.0,,False,,,,False
2026-06-01,Beras Kualitas Super I,2,3,15950.0,DI Yogyakarta,2026-08-30T11:38:18.765381+00:00,DI Yogyakarta,15950.0,0.0,,False,,,,False
2026-06-02,Beras Kualitas Super I,2,3,15950.0,DI Yogyakarta,2026-08-30T11:38:18.765381+00:00,DI Yogyakarta,15950.0,0.0,,False,,,,False
2026-06-03,Beras Kualitas Super I,2,3,15950.0,DI Yogyakarta,2026-08-30T11:38:18.765381+00:00,DI Yogyakarta,15950.0,0.0,,False,,,,False
2026-06-04,Beras Kualitas Super I,2,3,15950.0,DI Yogyakarta,2026-08-30T11:38:18.765381+00:00,DI Yogyakarta,15950.0,0.0,,False,,,,False
2026-06-05,Beras Kualitas Super I,2,3,15950.0,DI Yogyakarta,2026-08-30T11:38:18.765381+00:00,DI Yogyakarta,15950.0,0.0,,False,,,,False
2026-06-08,Beras Kualitas Super I,2,3,15950.0,DI Yogyakarta,2026-08-30T11:38:18.765381+00:00,DI Yogyakarta,15950.0,0.0,,False,,,,False
2026-06-09,Beras Kualitas Super I,2,3,15950.0,DI Yogyakarta,2026-08-30T11:38:18.765381+00:00,DI Yogyakarta,15950.0,0.0,,False,,,,False
2026-06-10,Beras Kualitas Super I,2,3,15950.0,DI Yogyakarta,2026-08-30T11:38:18.765381+00:00,DI Yogyakarta,15950.0,0.0,,False,,,,False
2026-06-11,Beras Kualitas Super I,2,3,15950.0,DI Yogyakarta,2026-08-30T11:38:18.765381+00:00,DI Yogyakarta,15950.0,0.0,,False,,,,False
2026-06-12,Beras Kualitas Super I,2,3,15950.0,DI Yogyakarta,2026-08-30T11:38:18.765381+00:00,DI Yogyakarta,15950.0,0.0,,False,,,,False
2026-06-15,Beras Kualitas Super I,2,3,15950.0,DI Yogyakarta,2026-08-30T11:38:18.765381+00:00,DI Yogyakarta,15950.0,0.0,,False,,,,False
2026-06-16,Beras Kualitas Super I,2,3,15950.0,DI Yogyakarta,2026-08-30T11:38:18.765381+00:00,DI Yogyakarta,15950.0,0.0,,False,,,,False
2026-06-17,Beras Kualitas Super I,2,3,15950.0,DI Yogyakarta,2026-08-30T11:38:18.765381+00:00,DI Yogyakarta,15950.0,0.0,,False,,,,False
2026-06-18,Beras Kualitas Super I,2,3,15950.0,DI Yogyakarta,2026-08-30T11:38:18.765381+00:00,DI Yogyakarta,15950.0,0.0,,False,,,,False
2026-06-19,Beras Kualitas Super I,2,3,15950.0,DI Yogyakarta,2026-08-30T11:38:18.765381+00:00,DI Yogyakarta,15950.0,0.0,,False,,,,False
2026-06-22,Beras Kualitas Super I,2,3,15950.0,DI Yogyakarta,2026-08-30T11:38:18.765381+00:00,DI Yogyakarta,15950.0,0.0,,False,,,,False
2026-06-23,Beras Kualitas Super I,2,3,15950.0,DI Yogyakarta,2026-08-30T11:38:18.765381+00:00,DI Yogyakarta,15950.0,0.0,,False,,,,False
2026-06-24,Beras Kualitas Super I,2,3,15950.0,DI Yogyakarta,2026-08-30T11:38:18.765381+00:00,DI Yogyakarta,15950.0,0.0,,False,,,,False
2026-06-25,Beras Kualitas Super I,2,3,15950.0,DI Yogyakarta,2026-08-30T11:38:18.765381+00:00,DI Yogyakarta,15950.0,0.0,,False,,,,False
2026-06-26,Beras Kualitas Super I,2,3,15950.0,DI Yogyakarta,2026-08-30T11:38:18.765381+00:00,DI Yogyakarta,15950.0,0.0,,False,,,,False
2026-06-29,Beras Kualitas Super I,2,3,15950.0,DI Yogyakarta,2026-08-30T11:38:18.765381+00:00,DI Yogyakarta,15950.0,0.0,,False,,,,False
2026-06-30,Beras Kualitas Super I,2,3,15950.0,DI Yogyakarta,2026-08-30T11:38:18.765381+00:00,DI Yogyakarta,15950.0,0.0,,False,,,,False
2026-07-01,Beras Kualitas Super I,2,3,15950.0,DI Yogyakarta,2026-08-30T11:38:18.765381+00:00,DI Yogyakarta,15950.0,0.0,,False,,,,False
2026-07-02,Beras Kualitas Super I,2,3,15950.0,DI Yogyakarta,2026-08-30T11:38:18.765381+00:00,DI Yogyakarta,15950.0,0.0,,False,,,,False
2026-07-03,Beras Kualitas Super I,2,3,15950.0,DI Yogyakarta,2026-08-30T11:38:18.765381+00:00,DI Yogyakarta,15950.0,0.0,,False,,,,False
2026-07-06,Beras Kualitas Super I,2,3,15950.0,DI Yogyakarta,2026-08-30T11:38:13.847136+00:00,DI Yogyakarta,15950.0,0.0,,False,,,,False
2026-07-07,Beras Kualitas Super I,2,3,15950.0,DI Yogyakarta,2026-08-30T11:38:13.847136+00:00,DI Yogyakarta,15950.0,0.0,,False,,,,False
2026-07-08,Beras Kualitas Super I,2,3,15950.0,DI Yogyakarta,2026-08-30T11:38:13.847136+00:00,DI Yogyakarta,15950.0,0.0,,False,,,,False
2026-07-09,Beras Kualitas Super I,2,3,15950.0,DI Yogyakarta,2026-08-30T11:38:13.847136+00:00,DI Yogyakarta,15950.0,0.0,,False,,,,False
2026-07-10,Beras Kualitas Super I,2,3,15950.0,DI Yogyakarta,2026-08-30T11:38:13.847136+00:00,DI Yogyakarta,15950.0,0.0,,False,,,,False
2026-07-13,Beras Kualitas Super I,2,3,15950.0,DI Yogyakarta,2026-08-30T11:38:13.847136+00:00,DI Yogyakarta,15950.0,0.0,,False,,,,False
2026-07-14,Beras Kualitas Super I,2,3,15950.0,DI Yogyakarta,2026-08-30T11:38:13.847136+00:00,DI Yogyakarta,15950.0,0.0,,False,,,,False
2026-07-15,Beras Kualitas Super I,2,3,15950.0,DI Yogyakarta,2026-08-30T11:38:13.847136+00:00,DI Yogyakarta,15950.0,0.0,,False,,,,False
2026-07-16,Beras Kualitas Super I,2,3,15950.0,DI Yogyakarta,2026-08-30T11:38:13.847136+00:00,DI Yogyakarta,15950.0,0.0,,False,,,,False
2026-07-17,Beras Kualitas Super I,2,3,15950.0,DI Yogyakarta,2026-08-30T11:38:13.847136+00:00,DI Yogyakarta,15950.0,0.0,,False,,,,False
2026-07-20,Beras Kualitas Super I,2,3,15950.0,DI Yogyakarta,2026-08-30T11:38:13.847136+00:00,DI Yogyakarta,15950.0,0.0,,False,,,,False
2026-07-21,Beras Kualitas Super I,2,3,15950.0,DI Yogyakarta,2026-08-30T11:38:13.847136+00:00,DI Yogyakarta,15950.0,0.0,,False,,,,False
2026-07-22,Beras Kualitas Super I,2,3,15950.0,DI Yogyakarta,2026-08-30T11:38:13.847136+00:00,DI Yogyakarta,15950.0,0.0,,False,,,,False
2026-07-23,Beras Kualitas Super I,2,3,15950.0,DI Yogyakarta,2026-08-30T11:38:13.847136+00:00,DI Yogyakarta,15950.0,0.0,,False,,,,False
2026-07-24,Beras Kualitas Super I,2,3,15950.0,DI Yogyakarta,2026-08-30T11:38:13.847136+00:00,DI Yogyakarta,15950.0,0.0,,False,,,,False
2026-07-27,Beras Kualitas Super I,2,3,15950.0,DI Yogyakarta,2026-08-30T11:38:13.847136+00:00,DI Yogyakarta,15950.0,0.0,,False,,,,False
2026-07-28,Beras Kualitas Super I,2,3,15950.0,DI Yogyakarta,2026-08-30T11:38:13.847136+00:00,DI Yogyakarta,15950.0,0.0,,False,,,,False
2026-07-29,Beras Kualitas Super I,2,3,15950.0,DI Yogyakarta,2026-08-30T11:38:13.847136+00:00,DI Yogyakarta,15950.0,0.0,,False,,,,False
2026-07-30,Beras Kualitas Super I,2,3,15950.0,DI Yogyakarta,2026-08-30T11:38:13.847136+00:00,DI Yogyakarta,15950.0,0.0,,False,,,,False
2026-07-31,Beras Kualitas Super I,2,3,15950.0,DI Yogyakarta,2026-08-30T11:38:13.847136+00:00,DI Yogyakarta,15950.0,0.0,,False,,,,False
2026-08-03,Beras Kualitas Super I,2,3,15950.0,DI Yogyakarta,2026-08-30T11:38:13.847136+00:00,DI Yogyakarta,15950.0,0.0,,False,,,,False
2026-08-04,Beras Kualitas Super I,2,3,15950.0,DI Yogyakarta,2026-08-30T11:38:13.847136+00:00,DI Yogyakarta,15950.0,0.0,,False,,,,False
2026-08-05,Beras Kualitas Super I,2,3,15950.0,DI Yogyakarta,2026-08-30T11:38:13.847136+00:00,DI Yogyakarta,15950.0,0.0,,False,,,,False
2026-08-06,Beras Kualitas Super I,2,3,15950.0,DI Yogyakarta,2026-08-30T11:38:13.847136+00:00,DI Yogyakarta,15950.0,0.0,,False,,,,False
2026-08-07,Beras Kualitas Super I,2,3,15950.0,DI Yogyakarta,2026-08-30T11:38:13.847136+00:00,DI Yogyakarta,15950.0,0.0,,False,,,,False
2026-08-10,Beras Kualitas Super I,2,3,15950.0,DI Yogyakarta,2026-08-30T11:38:13.847136+00:00,DI Yogyakarta,15950.0,0.0,,False,,,,False
2026-08-11,Beras Kualitas Super I,2,3,15950.0,DI Yogyakarta,2026-08-30T11:38:13.847136+00:00,DI Yogyakarta,15950.0,0.0,,False,,,,False
2026-08-12,Beras Kualitas Super I,2,3,15950.0,DI Yogyakarta,2026-08-30T11:38:13.847136+00:00,DI Yogyakarta,15950.0,0.0,,False,,,,False
2026-08-13,Beras Kualitas Super I,2,3,15950.0,DI Yogyakarta,2026-08-30T11:38:13.847136+00:00,DI Yogyakarta,15950.0,0.0,,False,,,,False
2026-08-14,Beras Kualitas Super I,2,3,15950.0,DI Yogyakarta,2026-08-30T11:38:13.847136+00:00,DI Yogyakarta,15950.0,0.0,,False,,,,False
2026-08-17,Beras Kualitas Super I,2,3,15950.0,DI Yogyakarta,2026-08-30T10:03:35.195323+00:00,DI Yogyakarta,15950.0,0.0,,False,,,,False
2026-08-18,Beras Kualitas Super I,2,3,15950.0,DI Yogyakarta,2026-08-30T10:03:35.195323+00:00,DI Yogyakarta,15950.0,0.0,,False,,,,False
2026-08-19,Beras Kualitas Super I,2,3,15950.0,DI Yogyakarta,2026-08-30T10:03:35.195323+00:00,DI Yogyakarta,15950.0,0.0,,False,,,,False
2026-08-20,Beras Kualitas Super I,2,3,15950.0,DI Yogyakarta,2026-08-30T10:03:35.195323+00:00,DI Yogyakarta,15950.0,0.0,,False,,,,False
2026-08-21,Beras Kualitas Super I,2,3,15950.0,DI Yogyakarta,2026-08-30T10:03:35.195323+00:00,DI Yogyakarta,15950.0,0.0,,False,,,,False
2026-08-24,Beras Kualitas Super I,2,3,15950.0,DI Yogyakarta,2026-08-30T10:03:35.195323+00:00,DI Yogyakarta,15950.0,0.0,,False,,,,False
2026-08-25,Beras Kualitas Super I,2,3,15950.0,DI Yogyakarta,2026-08-30T10:03:35.195323+00:00,DI Yogyakarta,15950.0,0.0,,False,,,,False
2026-08-26,Beras Kualitas Super I,2,3,15950.0,DI Yogyakarta,2026-08-30T10:03:35.195323+00:00,DI Yogyakarta,15950.0,0.0,,False,,,,False
2026-08-27,Beras Kualitas Super I,2,3,15950.0,DI Yogyakarta,2026-08-30T10:03:35.195323+00:00,DI Yogyakarta,15950.0,0.0,,False,,,,False
2026-08-28,Beras Kualitas Super I,2,3,15950.0,DI Yogyakarta,2026-08-30T10:03:35.195323+00:00,DI Yogyakarta,15950.0,0.0,,False,,,,False
2026-03-03,Cabai Merah,1,VI,32350.0,DI Yogyakarta,2026-08-30T11:38:26.756565+00:00,DI Yogyakarta,,,,False,,,,False
2026-03-04,Cabai Merah,1,VI,32350.0,DI Yogyakarta,2026-08-30T11:38:26.756565+00:00,DI Yogyakarta,,,,False,,,,False
2026-03-05,Cabai Merah,1,VI,32350.0,DI Yogyakarta,2026-08-30T11:38:26.756565+00:00,DI Yogyakarta,,,,False,,,,False
2026-03-06,Cabai Merah,1,VI,32350.0,DI Yogyakarta,2026-08-30T11:38:26.756565+00:00,DI Yogyakarta,,,,False,,,,False
2026-03-09,Cabai Merah,1,VI,32350.0,DI Yogyakarta,2026-08-30T11:38:26.756565+00:00,DI Yogyakarta,32350.0,0.0,,False,,,,False
2026-03-10,Cabai Merah,1,VI,32350.0,DI Yogyakarta,2026-08-30T11:38:26.756565+00:00,DI Yogyakarta,32350.0,0.0,,False,,,,False
2026-03-11,Cabai Merah,1,VI,32350.0,DI Yogyakarta,2026-08-30T11:38:26.756565+00:00,DI Yogyakarta,32350.0,0.0,,False,,,,False
2026-03-12,Cabai Merah,1,VI,32350.0,DI Yogyakarta,2026-08-30T11:38:26.756565+00:00,DI Yogyakarta,32350.0,0.0,,False,,,,False
2026-03-13,Cabai Merah,1,VI,32350.0,DI Yogyakarta,2026-08-30T11:38:26.756565+00:00,DI Yogyakarta,32350.0,0.0,,False,,,,False
2026-03-16,Cabai Merah,1,VI,32350.0,DI Yogyakarta,2026-08-30T11:38:23.606628+00:00,DI Yogyakarta,32350.0,0.0,,False,,,,False
2026-03-17,Cabai Merah,1,VI,32350.0,DI Yogyakarta,2026-08-30T11:38:23.606628+00:00,DI Yogyakarta,32350.0,0.0,,False,,,,False
2026-03-18,Cabai Merah,1,VI,32350.0,DI Yogyakarta,2026-08-30T11:38:23.606628+00:00,DI Yogyakarta,32350.0,0.0,,False,,,,False
2026-03-19,Cabai Merah,1,VI,32350.0,DI Yogyakarta,2026-08-30T11:38:23.606628+00:00,DI Yogyakarta,32350.0,0.0,,False,,,,False
2026-03-20,Cabai Merah,1,VI,32350.0,DI Yogyakarta,2026-08-30T11:38:23.606628+00:00,DI Yogyakarta,32350.0,0.0,,False,,,,False
2026-03-23,Cabai Merah,1,VI,32350.0,DI Yogyakarta,2026-08-30T11:38:23.606628+00:00,DI Yogyakarta,32350.0,0.0,,False,,,,False
2026-03-24,Cabai Merah,1,VI,32350.0,DI Yogyakarta,2026-08-30T11:38:23.606628+00:00,DI Yogyakarta,32350.0,0.0,,False,,,,False
2026-03-25,Cabai Merah,1,VI,37200.0,DI Yogyakarta,2026-08-30T11:38:23.606628+00:00,DI Yogyakarta,32696.428571428572,1296.217023275258,3.4743961448615166,True,,,,False
2026-03-26,Cabai Merah,1,VI,37200.0,DI Yogyakarta,2026-08-30T11:38:23.606628+00:00,DI Yogyakarta,33042.857142857145,1761.2121200662143,2.3603873774083293,True,,,,False
2026-03-27,Cabai Merah,1,VI,37200.0,DI Yogyakarta,2026-08-30T11:38:23.606628+00:00,DI Yogyakarta,33389.28571428572,2065.2042710876513,1.8451996923807197,False,,,,False
2026-03-30,Cabai Merah,1,VI,37200.0,DI Yogyakarta,2026-08-30T11:38:23.606628+00:00,DI Yogyakarta,33735.71428571428,2273.7150700517013,1.5236235005501124,False,,,,False
2026-03-31,Cabai Merah,1,VI,37200.0,DI Yogyakarta,2026-08-30T11:38:23.606628+00:00,DI Yogyakarta,34082.142857142855,2411.639016779405,1.292837411057004,False,,,,False
2026-04-01,Cabai Merah,1,VI,37200.0,DI Yogyakarta,2026-08-30T11:38:23.606628+00:00,DI Yogyakarta,34428.57142857143,2490.73006641351,1.1126972805283755,False,,,,False
2026-04-02,Cabai Merah,1,VI,37200.0,DI Yogyakarta,2026-08-30T11:38:23.606628+00:00,DI Yogyakarta,34775.0,2516.5414300644343,0.9636241116594332,False,,,,False
2026-04-03,Cabai Merah,1,VI,37200.0,DI Yogyakarta,2026-08-30T11:38:23.606628+00:00,DI Yogyakarta,35121.42857142857,2490.730066413508,0.8345229603962814,False,,,,False
2026-04-06,Cabai Merah,1,VI,37200.0,DI Yogyakarta,2026-08-30T11:38:23.606628+00:00,DI Yogyakarta,35467.857142857145,2411.6390167794016,0.7182430061427798,False,,,,False
2026-04-07,Cabai Merah,1,VI,37200.0,DI Yogyakarta,2026-08-30T11:38:23.606628+00:00,DI Yogyakarta,35814.28571428572,2273.7150700516963,0.6094494002200445,False,,,,False
2026-04-08,Cabai Merah,1,VI,37200.0,DI Yogyakarta,2026-08-30T11:38:23.606628+00:00,DI Yogyakarta,36160.71428571428,2065.2042710876444,0.5032362797401999,False,,,,False
2026-04-09,Cabai Merah,1,VI,37200.0,DI Yogyakarta,2026-08-30T11:38:23.606628+00:00,DI Yogyakarta,36507.142857142855,1761.212120066205,0.393397896234725,False,,,,False
2026-04-10,Cabai Merah,1,VI,37200.0,DI Yogyakarta,2026-08-30T11:38:23.606628+00:00,DI Yogyakarta,36853.57142857143,1296.2170232752426,0.2672612419124284,False,,,,False
2026-04-13,Cabai Merah,1,VI,37200.0,DI Yogyakarta,2026-08-30T11:38:23.606628+00:00,DI Yogyakarta,37200.0,0.0,,False,,,,False
2026-04-14,Cabai Merah,1,VI,37200.0,DI Yogyakarta,2026-08-30T11:38:23.606628+00:00,DI Yogyakarta,37200.0,0.0,,False,,,,False
2026-04-15,Cabai Merah,1,VI,37200.0,DI Yogyakarta,2026-08-30T11:38:23.606628+00:00,DI Yogyakarta,37200.0,0.0,,False,,,,False
2026-04-16,Cabai Merah,1,VI,37200.0,DI Yogyakarta,2026-08-30T11:38:23.606628+00:00,DI Yogyakarta,37200.0,0.0,,False,,,,False
2026-04-17,Cabai Merah,1,VI,37200.0,DI Yogyakarta,2026-08-30T11:38:23.606628+00:00,DI Yogyakarta,37200.0,0.0,,False,,,,False
2026-04-20,Cabai Merah,1,VI,37200.0,DI Yogyakarta,2026-08-30T11:38:23.606628+00:00,DI Yogyakarta,37200.0,0.0,,False,,,,False
2026-04-21,Cabai Merah,1,VI,37200.0,DI Yogyakarta,2026-08-30T11:38:23.606628+00:00,DI Yogyakarta,37200.0,0.0,,False,,,,False
2026-04-22,Cabai Merah,1,VI,37200.0,DI Yogyakarta,2026-08-30T11:38:23.606628+00:00,DI Yogyakarta,37200.0,0.0,,False,,,,False
2026-04-23,Cabai Merah,1,VI,37200.0,DI Yogyakarta,2026-08-30T11:38:23.606628+00:00,DI Yogyakarta,37200.0,0.0,,False,,,,False
2026-04-24,Cabai Merah,1,VI,37200.0,DI Yogyakarta,2026-08-30T11:38:23.606628+00:00,DI Yogyakarta,37200.0,0.0,,False,,,,False
2026-04-27,Cabai Merah,1,VI,28200.0,DI Yogyakarta,2026-08-30T11:38:23.606628+00:00,DI Yogyakarta,36557.142857142855,2405.351177211819,-3.4743961448615166,True,,,,False
2026-04-28,Cabai Merah,1,VI,28200.0,DI Yogyakarta,2026-08-30T11:38:23.606628+00:00,DI Yogyakarta,35914.28571428572,3268.228676411532,-2.360387377408331,True,,,,False
2026-04-29,Cabai Merah,1,VI,28200.0,DI Yogyakarta,2026-08-30T11:38:23.606628+00:00,DI Yogyakarta,35271.42857142857,3832.337822636879,-1.8451996923807212,False,,,,False
2026-04-30,Cabai Merah,1,VI,28200.0,DI Yogyakarta,2026-08-30T11:38:23.606628+00:00,DI Yogyakarta,34628.57142857143,4219.265078446456,-1.5236235005501109,False,,,,False
2026-05-01,Cabai Merah,1,VI,28200.0,DI Yogyakarta,2026-08-30T11:38:23.606628+00:00,DI Yogyakarta,33985.71428571428,4475.206422889618,-1.2928374110570025,False,,,,False
2026-05-04,Cabai Merah,1,VI,28200.0,DI Yogyakarta,2026-08-30T11:38:23.606628+00:00,DI Yogyakarta,33342.857142857145,4621.973319117854,-1.1126972805283755,False,,,,False
2026-05-05,Cabai Merah,1,VI,28200.0,DI Yogyakarta,2026-08-30T11:38:23.606628+00:00,DI Yogyakarta,32700.0,4669.8706949649295,-0.9636241116594332,False,,,,False
2026-05-06,Cabai Merah,1,VI,28200.0,DI Yogyakarta,2026-08-30T11:38:23.606628+00:00,DI Yogyakarta,32057.14285714286,4621.973319117849,-0.8345229603962824,False,,,,False
2026-05-07,Cabai Merah,1,VI,28200.0,DI Yogyakarta,2026-08-30T11:38:23.606628+00:00,DI Yogyakarta,31414.285714285714,4475.206422889609,-0.7182430061427809,False,,,,False
2026-05-08,Cabai Merah,1,VI,28200.0,DI Yogyakarta,2026-08-30T11:38:23.606628+00:00,DI Yogyakarta,30771.428571428572,4219.265078446441,-0.6094494002200468,False,,,,False
2026-05-11,Cabai Merah,1,VI,28200.0,DI Yogyakarta,2026-08-30T11:38:18.765381+00:00,DI Yogyakarta,30128.571428571428,3832.337822636858,-0.5032362797401991,False,,,,False
2026-05-12,Cabai Merah,1,VI,28200.0,DI Yogyakarta,2026-08-30T11:38:18.765381+00:00,DI Yogyakarta,29485.714285714286,3268.2286764115024,-0.39339789623472543,False,,,,False
2026-05-13,Cabai Merah,1,VI,28200.0,DI Yogyakarta,2026-08-30T11:38:18.765381+00:00,DI Yogyakarta,28842.85714285714,2405.351177211773,-0.2672612419124289,False,,,,False
2026-05-14,Cabai Merah,1,VI,28200.0,DI Yogyakarta,2026-08-30T11:38:18.765381+00:00,DI Yogyakarta,28200.0,0.0,,False,,,,False
2026-05-15,Cabai Merah,1,VI,28200.0,DI Yogyakarta,2026-08-30T11:38:18.765381+00:00,DI Yogyakarta,28200.0,0.0,,False,,,,False
2026-05-18,Cabai Merah,1,VI,28200.0,DI Yogyakarta,2026-08-30T11:38:18.765381+00:00,DI Yogyakarta,28200.0,0.0,,False,,,,False
2026-05-19,Cabai Merah,1,VI,28200.0,DI Yogyakarta,2026-08-30T11:38:18.765381+00:00,DI Yogyakarta,28200.0,0.0,,False,,,,False
2026-05-20,Cabai Merah,1,VI,28200.0,DI Yogyakarta,2026-08-30T11:38:18.765381+00:00,DI Yogyakarta,28200.0,0.0,,False,,,,False
2026-05-21,Cabai Merah,1,VI,28200.0,DI Yogyakarta,2026-08-30T11:38:18.765381+00:00,DI Yogyakarta,28200.0,0.0,,False,,,,False
2026-05-22,Cabai Merah,1,VI,28200.0,DI Yogyakarta,2026-08-30T11:38:18.765381+00:00,DI Yogyakarta,28200.0,0.0,,False,,,,False
2026-05-25,Cabai Merah,1,VI,35700.0,DI Yogyakarta,2026-08-30T11:38:18.765381+00:00,DI Yogyakarta,28735.714285714286,2004.4593143431828,3.474396144861517,True,,,,False
2026-05-26,Cabai Merah,1,VI,35700.0,DI Yogyakarta,2026-08-30T11:38:18.765381+00:00,DI Yogyakarta,29271.428571428572,2723.5238970096107,2.3603873774083293,True,,,,False
2026-05-27,Cabai Merah,1,VI,35700.0,DI Yogyakarta,2026-08-30T11:38:18.765381+00:00,DI Yogyakarta,29807.14285714286,3193.6148521974,1.8451996923807201,False,,,,False
2026-05-28,Cabai Merah,1,VI,35700.0,DI Yogyakarta,2026-08-30T11:38:18.765381+00:00,DI Yogyakarta,30342.85714285714,3516.054232038715,1.5236235005501109,False,,,,False
2026-05-29,Cabai Merah,1,VI,35700.0,DI Yogyakarta,2026-08-30T11:38:18.765381+00:00,DI Yogyakarta,30878.571428571428,3729.338685741351,1.2928374110570025,False,,,,False
2026-06-01,Cabai Merah,1,VI,35700.0,DI Yogyakarta,2026-08-30T11:38:18.765381+00:00,DI Yogyakarta,31414.285714285714,3851.6444325982156,1.112697280528374,False,,,,False
2026-06-02,Cabai Merah,1,VI,35700.0,DI Yogyakarta,2026-08-30T11:38:18.765381+00:00,DI Yogyakarta,31950.0,3891.558912470781,0.9636241116594316,False,,,,False
2026-06-03,Cabai Merah,1,VI,35700.0,DI Yogyakarta,2026-08-30T11:38:18.765381+00:00,DI Yogyakarta,32485.714285714286,3851.6444325982156,0.8345229603962802,False,,,,False
2026-06-04,Cabai Merah,1,VI,35700.0,DI Yogyakarta,2026-08-30T11:38:18.765381+00:00,DI Yogyakarta,33021.42857142857,3729.338685741351,0.7182430061427787,False,,,,False
2026-06-05,Cabai Merah,1,VI,35700.0,DI Yogyakarta,2026-08-30T11:38:18.765381+00:00,DI Yogyakarta,33557.142857142855,3516.054232038714,0.6094494002200449,False,,,,False
2026-06-08,Cabai Merah,1,VI,35700.0,DI Yogyakarta,2026-08-30T11:38:18.765381+00:00,DI Yogyakarta,34092.857142857145,3193.6148521973982,0.5032362797401961,False,,,,False
2026-06-09,Cabai Merah,1,VI,35700.0,DI Yogyakarta,2026-08-30T11:38:18.765381+00:00,DI Yogyakarta,34628.57142857143,2723.5238970096075,0.39339789623472243,False,,,,False
2026-06-10,Cabai Merah,1,VI,35700.0,DI Yogyakarta,2026-08-30T11:38:18.765381+00:00,DI Yogyakarta,35164.28571428572,2004.4593143431764,0.2672612419124237,False,,,,False
2026-06-11,Cabai Merah,1,VI,35700.0,DI Yogyakarta,2026-08-30T11:38:18.765381+00:00,DI Yogyakarta,35700.0,0.0,,False,,,,False
2026-06-12,Cabai Merah,1,VI,35700.0,DI Yogyakarta,2026-08-30T11:38:18.765381+00:00,DI Yogyakarta,35700.0,0.0,,False,,,,False
2026-06-15,Cabai Merah,1,VI,35700.0,DI Yogyakarta,2026-08-30T11:38:18.765381+00:00,DI Yogyakarta,35700.0,0.0,,False,,,,False
2026-06-16,Cabai Merah,1,VI,35700.0,DI Yogyakarta,2026-08-30T11:38:18.765381+00:00,DI Yogyakarta,35700.0,0.0,,False,,,,False
2026-06-17,Cabai Merah,1,VI,35700.0,DI Yogyakarta,2026-08-30T11:38:18.765381+00:00,DI Yogyakarta,35700.0,0.0,,False,,,,False
2026-06-18,Cabai Merah,1,VI,35700.0,DI Yogyakarta,2026-08-30T11:38:18.765381+00:00,DI Yogyakarta,35700.0,0.0,,False,,,,False
2026-06-19,Cabai Merah,1,VI,35700.0,DI Yogyakarta,2026-08-30T11:38:18.765381+00:00,DI Yogyakarta,35700.0,0.0,,False,,,,False
2026-06-22,Cabai Merah,1,VI,35700.0,DI Yogyakarta,2026-08-30T11:38:18.765381+00:00,DI Yogyakarta,35700.0,0.0,,False,,,,False
2026-06-23,Cabai Merah,1,VI,35700.0,DI Yogyakarta,2026-08-30T11:38:18.765381+00:00,DI Yogyakarta,35700.0,0.0,,False,,,,False
2026-06-24,Cabai Merah,1,VI,35700.0,DI Yogyakarta,2026-08-30T11:38:18.765381+00:00,DI Yogyakarta,35700.0,0.0,,False,,,,False
2026-06-25,Cabai Merah,1,VI,30350.0,DI Yogyakarta,2026-08-30T11:38:18.765381+00:00,DI Yogyakarta,35317.857142857145,1429.8476442314707,-3.474396144861518,True,,,,False
2026-06-26,Cabai Merah,1,VI,30350.0,DI Yogyakarta,2026-08-30T11:38:18.765381+00:00,DI Yogyakarta,34935.71428571428,1942.7803798668565,-2.360387377408327,True,,,,False
2026-06-29,Cabai Merah,1,VI,30350.0,DI Yogyakarta,2026-08-30T11:38:18.765381+00:00,DI Yogyakarta,34553.57142857143,2278.111927900813,-1.8451996923807192,False,,,,False
2026-06-30,Cabai Merah,1,VI,30350.0,DI Yogyakarta,2026-08-30T11:38:18.765381+00:00,DI Yogyakarta,34171.42857142857,2508.118685520951,-1.5236235005501102,False,,,,False
2026-07-01,Cabai Merah,1,VI,30350.0,DI Yogyakarta,2026-08-30T11:38:18.765381+00:00,DI Yogyakarta,33789.28571428572,2660.261595828832,-1.2928374110570027,False,,,,False
2026-07-02,Cabai Merah,1,VI,30350.0,DI Yogyakarta,2026-08-30T11:38:18.765381+00:00,DI Yogyakarta,33407.142857142855,2747.5063619200623,-1.1126972805283724,False,,,,False
2026-07-03,Cabai Merah,1,VI,30350.0,DI Yogyakarta,2026-08-30T11:38:18.765381+00:00,DI Yogyakarta,33025.0,2775.978690895826,-0.9636241116594308,False,,,,False
2026-07-06,Cabai Merah,1,VI,30350.0,DI Yogyakarta,2026-08-30T11:38:13.847136+00:00,DI Yogyakarta,32642.85714285714,2747.506361920063,-0.834522960396279,False,,,,False
2026-07-07,Cabai Merah,1,VI,30350.0,DI Yogyakarta,2026-08-30T11:38:13.847136+00:00,DI Yogyakarta,32260.714285714286,2660.2615958288325,-0.7182430061427787,False,,,,False
2026-07-08,Cabai Merah,1,VI,30350.0,DI Yogyakarta,2026-08-30T11:38:13.847136+00:00,DI Yogyakarta,31878.571428571428,2508.1186855209517,-0.6094494002200433,False,,,,False
2026-07-09,Cabai Merah,1,VI,30350.0,DI Yogyakarta,2026-08-30T11:38:13.847136+00:00,DI Yogyakarta,31496.428571428572,2278.1119279008135,-0.5032362797401967,False,,,,False
2026-07-10,Cabai Merah,1,VI,30350.0,DI Yogyakarta,2026-08-30T11:38:13.847136+00:00,DI Yogyakarta,31114.285714285714,1942.7803798668567,-0.3933978962347211,False,,,,False
2026-07-13,Cabai Merah,1,VI,30350.0,DI Yogyakarta,2026-08-30T11:38:13.847136+00:00,DI Yogyakarta,30732.14285714286,1429.8476442314716,-0.2672612419124253,False,,,,False
2026-07-14,Cabai Merah,1,VI,30350.0,DI Yogyakarta,2026-08-30T11:38:13.847136+00:00,DI Yogyakarta,30350.0,0.0,,False,,,,False
2026-07-15,Cabai Merah,1,VI,30350.0,DI Yogyakarta,2026-08-30T11:38:13.847136+00:00,DI Yogyakarta,30350.0,0.0,,False,,,,False
2026-07-16,Cabai Merah,1,VI,30350.0,DI Yogyakarta,2026-08-30T11:38:13.847136+00:00,DI Yogyakarta,30350.0,0.0,,False,,,,False
2026-07-17,Cabai Merah,1,VI,30350.0,DI Yogyakarta,2026-08-30T11:38:13.847136+00:00,DI Yogyakarta,30350.0,0.0,,False,,,,False
2026-07-20,Cabai Merah,1,VI,30350.0,DI Yogyakarta,2026-08-30T11:38:13.847136+00:00,DI Yogyakarta,30350.0,0.0,,False,,,,False
2026-07-21,Cabai Merah,1,VI,30350.0,DI Yogyakarta,2026-08-30T11:38:13.847136+00:00,DI Yogyakarta,30350.0,0.0,,False,,,,False
2026-07-22,Cabai Merah,1,VI,30350.0,DI Yogyakarta,2026-08-30T11:38:13.847136+00:00,DI Yogyakarta,30350.0,0.0,,False,,,,False
2026-07-23,Cabai Merah,1,VI,30350.0,DI Yogyakarta,2026-08-30T11:38:13.847136+00:00,DI Yogyakarta,30350.0,0.0,,False,,,,False
2026-07-24,Cabai Merah,1,VI,30350.0,DI Yogyakarta,2026-08-30T11:38:13.847136+00:00,DI Yogyakarta,30350.0,0.0,,False,,,,False
2026-07-27,Cabai Merah,1,VI,25850.0,DI Yogyakarta,2026-08-30T11:38:13.847136+00:00,DI Yogyakarta,30028.571428571428,1202.6755886059095,-3.4743961448615166,True,,,,False
2026-07-28,Cabai Merah,1,VI,25850.0,DI Yogyakarta,2026-08-30T11:38:13.847136+00:00,DI Yogyakarta,29707.14285714286,1634.114338205766,-2.360387377408331,True,,,,False
2026-07-29,Cabai Merah,1,VI,25850.0,DI Yogyakarta,2026-08-30T11:38:13.847136+00:00,DI Yogyakarta,29385.714285714286,1916.1689113184395,-1.8451996923807212,False,,,,False
2026-07-30,Cabai Merah,1,VI,25850.0,DI Yogyakarta,2026-08-30T11:38:13.847136+00:00,DI Yogyakarta,29064.285714285714,2109.632539223228,-1.5236235005501109,False,,,,False
2026-07-31,Cabai Merah,1,VI,25850.0,DI Yogyakarta,2026-08-30T11:38:13.847136+00:00,DI Yogyakarta,28742.85714285714,2237.603211444809,-1.2928374110570025,False,,,,False
2026-08-03,Cabai Merah,1,VI,25850.0,DI Yogyakarta,2026-08-30T11:38:13.847136+00:00,DI Yogyakarta,28421.428571428572,2310.986659558927,-1.1126972805283755,False,,,,False
2026-08-04,Cabai Merah,1,VI,25850.0,DI Yogyakarta,2026-08-30T11:38:13.847136+00:00,DI Yogyakarta,28100.0,2334.9353474824647,-0.9636241116594332,False,,,,False
2026-08-05,Cabai Merah,1,VI,25850.0,DI Yogyakarta,2026-08-30T11:38:13.847136+00:00,DI Yogyakarta,27778.571428571428,2310.986659558925,-0.8345229603962814,False,,,,False
2026-08-06,Cabai Merah,1,VI,25850.0,DI Yogyakarta,2026-08-30T11:38:13.847136+00:00,DI Yogyakarta,27457.14285714286,2237.6032114448058,-0.7182430061427812,False,,,,False
2026-08-07,Cabai Merah,1,VI,25850.0,DI Yogyakarta,2026-08-30T11:38:13.847136+00:00,DI Yogyakarta,27135.714285714286,2109.6325392232234,-0.609449400220046,False,,,,False
2026-08-10,Cabai Merah,1,VI,25850.0,DI Yogyakarta,2026-08-30T11:38:13.847136+00:00,DI Yogyakarta,26814.285714285714,1916.168911318433,-0.5032362797401981,False,,,,False
2026-08-11,Cabai Merah,1,VI,25850.0,DI Yogyakarta,2026-08-30T11:38:13.847136+00:00,DI Yogyakarta,26492.85714285714,1634.114338205757,-0.39339789623472293,False,,,,False
2026-08-12,Cabai Merah,1,VI,25850.0,DI Yogyakarta,2026-08-30T11:38:13.847136+00:00,DI Yogyakarta,26171.428571428572,1202.6755886058952,-0.2672612419124285,False,,,,False
2026-08-13,Cabai Merah,1,VI,25850.0,DI Yogyakarta,2026-08-30T11:38:13.847136+00:00,DI Yogyakarta,25850.0,0.0,,False,,,,False
2026-08-14,Cabai Merah,1,VI,25850.0,DI Yogyakarta,2026-08-30T11:38:13.847136+00:00,DI Yogyakarta,25850.0,0.0,,False,,,,False
2026-08-17,Cabai Merah,1,VI,25850.0,DI Yogyakarta,2026-08-30T10:03:35.195323+00:00,DI Yogyakarta,25850.0,0.0,,False,,,,False
2026-08-18,Cabai Merah,1,VI,25850.0,DI Yogyakarta,2026-08-30T10:03:35.195323+00:00,DI Yogyakarta,25850.0,0.0,,False,,,,False
2026-08-19,Cabai Merah,1,VI,25850.0,DI Yogyakarta,2026-08-30T10:03:35.195323+00:00,DI Yogyakarta,25850.0,0.0,,False,,,,False
2026-08-20,Cabai Merah,1,VI,25850.0,DI Yogyakarta,2026-08-30T10:03:35.195323+00:00,DI Yogyakarta,25850.0,0.0,,False,,,,False
2026-08-21,Cabai Merah,1,VI,25850.0,DI Yogyakarta,2026-08-30T10:03:35.195323+00:00,DI Yogyakarta,25850.0,0.0,,False,,,,False
2026-08-24,Cabai Merah,1,VI,25850.0,DI Yogyakarta,2026-08-30T10:03:35.195323+00:00,DI Yogyakarta,25850.0,0.0,,False,,,,False
2026-08-25,Cabai Merah,1,VI,23150.0,DI Yogyakarta,2026-08-30T10:03:35.195323+00:00,DI Yogyakarta,25657.14285714286,721.605353163546,-3.474396144861518,True,,,,False
2026-08-26,Cabai Merah,1,VI,23150.0,DI Yogyakarta,2026-08-30T10:03:35.195323+00:00,DI Yogyakarta,25464.285714285714,980.4686029234607,-2.360387377408327,True,,,,False
2026-08-27,Cabai Merah,1,VI,23150.0,DI Yogyakarta,2026-08-30T10:03:35.195323+00:00,DI Yogyakarta,25271.428571428572,1149.7013467910651,-1.8451996923807197,False,,,,False
2026-08-28,Cabai Merah,1,VI,23150.0,DI Yogyakarta,2026-08-30T10:03:35.195323+00:00,DI Yogyakarta,25078.571428571428,1265.7795235339388,-1.523623500550108,False,,,,False
2026-03-03,Cabai Merah Besar,2,1,34650.0,DI Yogyakarta,2026-08-30T11:38:26.756565+00:00,DI Yogyakarta,,,,False,,,,False
2026-03-04,Cabai Merah Besar,2,1,34650.0,DI Yogyakarta,2026-08-30T11:38:26.756565+00:00,DI Yogyakarta,,,,False,,,,False
2026-03-05,Cabai Merah Besar,2,1,34650.0,DI Yogyakarta,2026-08-30T11:38:26.756565+00:00,DI Yogyakarta,,,,False,,,,False
2026-03-06,Cabai Merah Besar,2,1,34650.0,DI Yogyakarta,2026-08-30T11:38:26.756565+00:00,DI Yogyakarta,,,,False,,,,False
2026-03-09,Cabai Merah Besar,2,1,34650.0,DI Yogyakarta,2026-08-30T11:38:26.756565+00:00,DI Yogyakarta,34650.0,0.0,,False,,,,False
2026-03-10,Cabai Merah Besar,2,1,34650.0,DI Yogyakarta,2026-08-30T11:38:26.756565+00:00,DI Yogyakarta,34650.0,0.0,,False,,,,False
2026-03-11,Cabai Merah Besar,2,1,34650.0,DI Yogyakarta,2026-08-30T11:38:26.756565+00:00,DI Yogyakarta,34650.0,0.0,,False,,,,False
2026-03-12,Cabai Merah Besar,2,1,34650.0,DI Yogyakarta,2026-08-30T11:38:26.756565+00:00,DI Yogyakarta,34650.0,0.0,,False,,,,False
2026-03-13,Cabai Merah Besar,2,1,34650.0,DI Yogyakarta,2026-08-30T11:38:26.756565+00:00,DI Yogyakarta,34650.0,0.0,,False,,,,False
2026-03-16,Cabai Merah Besar,2,1,34650.0,DI Yogyakarta,2026-08-30T11:38:23.606628+00:00,DI Yogyakarta,34650.0,0.0,,False,,,,False
2026-03-17,Cabai Merah Besar,2,1,34650.0,DI Yogyakarta,2026-08-30T11:38:23.606628+00:00,DI Yogyakarta,34650.0,0.0,,False,,,,False
2026-03-18,Cabai Merah Besar,2,1,34650.0,DI Yogyakarta,2026-08-30T11:38:23.606628+00:00,DI Yogyakarta,34650.0,0.0,,False,,,,False
2026-03-19,Cabai Merah Besar,2,1,34650.0,DI Yogyakarta,2026-08-30T11:38:23.606628+00:00,DI Yogyakarta,34650.0,0.0,,False,,,,False
2026-03-20,Cabai Merah Besar,2,1,34650.0,DI Yogyakarta,2026-08-30T11:38:23.606628+00:00,DI Yogyakarta,34650.0,0.0,,False,,,,False
2026-03-23,Cabai Merah Besar,2,1,34650.0,DI Yogyakarta,2026-08-30T11:38:23.606628+00:00,DI Yogyakarta,34650.0,0.0,,False,,,,False
2026-03-24,Cabai Merah Besar,2,1,34650.0,DI Yogyakarta,2026-08-30T11:38:23.606628+00:00,DI Yogyakarta,34650.0,0.0,,False,,,,False
2026-03-25,Cabai Merah Besar,2,1,39350.0,DI Yogyakarta,2026-08-30T11:38:23.606628+00:00,DI Yogyakarta,34985.71428571428,1256.127836988395,3.4743961448615184,True,,,,False
2026-03-26,Cabai Merah Besar,2,1,39350.0,DI Yogyakarta,2026-08-30T11:38:23.606628+00:00,DI Yogyakarta,35321.42857142857,1706.7416421260232,2.3603873774083284,True,,,,False
2026-03-27,Cabai Merah Besar,2,1,39350.0,DI Yogyakarta,2026-08-30T11:38:23.606628+00:00,DI Yogyakarta,35657.142857142855,2001.3319740437048,1.8451996923807208,False,,,,False
2026-03-30,Cabai Merah Besar,2,1,39350.0,DI Yogyakarta,2026-08-30T11:38:23.606628+00:00,DI Yogyakarta,35992.857142857145,2203.393985410929,1.5236235005501089,False,,,,False
2026-03-31,Cabai Merah Besar,2,1,39350.0,DI Yogyakarta,2026-08-30T11:38:23.606628+00:00,DI Yogyakarta,36328.57142857143,2337.05224306458,1.2928374110570027,False,,,,False
2026-04-01,Cabai Merah Besar,2,1,39350.0,DI Yogyakarta,2026-08-30T11:38:23.606628+00:00,DI Yogyakarta,36664.28571428572,2413.6971777615477,1.1126972805283728,False,,,,False
2026-04-02,Cabai Merah Besar,2,1,39350.0,DI Yogyakarta,2026-08-30T11:38:23.606628+00:00,DI Yogyakarta,37000.0,2438.7102518150214,0.9636241116594322,False,,,,False
2026-04-03,Cabai Merah Besar,2,1,39350.0,DI Yogyakarta,2026-08-30T11:38:23.606628+00:00,DI Yogyakarta,37335.71428571428,2413.697177761547,0.834522960396282,False,,,,False
2026-04-06,Cabai Merah Besar,2,1,39350.0,DI Yogyakarta,2026-08-30T11:38:23.606628+00:00,DI Yogyakarta,37671.42857142857,2337.052243064578,0.7182430061427793,False,,,,False
2026-04-07,Cabai Merah Besar,2,1,39350.0,DI Yogyakarta,2026-08-30T11:38:23.606628+00:00,DI Yogyakarta,38007.142857142855,2203.393985410926,0.6094494002200458,False,,,,False
2026-04-08,Cabai Merah Besar,2,1,39350.0,DI Yogyakarta,2026-08-30T11:38:23.606628+00:00,DI Yogyakarta,38342.857142857145,2001.3319740436998,0.5032362797401966,False,,,,False
2026-04-09,Cabai Merah Besar,2,1,39350.0,DI Yogyakarta,2026-08-30T11:38:23.606628+00:00,DI Yogyakarta,38678.57142857143,1706.741642126016,0.39339789623472377,False,,,,False
2026-04-10,Cabai Merah Besar,2,1,39350.0,DI Yogyakarta,2026-08-30T11:38:23.606628+00:00,DI Yogyakarta,39014.28571428572,1256.1278369883833,0.26726124191242434,False,,,,False
2026-04-13,Cabai Merah Besar,2,1,39350.0,DI Yogyakarta,2026-08-30T11:38:23.606628+00:00,DI Yogyakarta,39350.0,0.0,,False,,,,False
2026-04-14,Cabai Merah Besar,2,1,39350.0,DI Yogyakarta,2026-08-30T11:38:23.606628+00:00,DI Yogyakarta,39350.0,0.0,,False,,,,False
2026-04-15,Cabai Merah Besar,2,1,39350.0,DI Yogyakarta,2026-08-30T11:38:23.606628+00:00,DI Yogyakarta,39350.0,0.0,,False,,,,False
2026-04-16,Cabai Merah Besar,2,1,39350.0,DI Yogyakarta,2026-08-30T11:38:23.606628+00:00,DI Yogyakarta,39350.0,0.0,,False,,,,False
2026-04-17,Cabai Merah Besar,2,1,39350.0,DI Yogyakarta,2026-08-30T11:38:23.606628+00:00,DI Yogyakarta,39350.0,0.0,,False,,,,False
2026-04-20,Cabai Merah Besar,2,1,39350.0,DI Yogyakarta,2026-08-30T11:38:23.606628+00:00,DI Yogyakarta,39350.0,0.0,,False,,,,False
2026-04-21,Cabai Merah Besar,2,1,39350.0,DI Yogyakarta,2026-08-30T11:38:23.606628+00:00,DI Yogyakarta,39350.0,0.0,,False,,,,False
2026-04-22,Cabai Merah Besar,2,1,39350.0,DI Yogyakarta,2026-08-30T11:38:23.606628+00:00,DI Yogyakarta,39350.0,0.0,,False,,,,False
2026-04-23,Cabai Merah Besar,2,1,39350.0,DI Yogyakarta,2026-08-30T11:38:23.606628+00:00,DI Yogyakarta,39350.0,0.0,,False,,,,False
2026-04-24,Cabai Merah Besar,2,1,39350.0,DI Yogyakarta,2026-08-30T11:38:23.606628+00:00,DI Yogyakarta,39350.0,0.0,,False,,,,False
2026-04-27,Cabai Merah Besar,2,1,29350.0,DI Yogyakarta,2026-08-30T11:38:23.606628+00:00,DI Yogyakarta,38635.71428571428,2672.6124191242434,-3.4743961448615166,True,,,,False
2026-04-28,Cabai Merah Besar,2,1,29350.0,DI Yogyakarta,2026-08-30T11:38:23.606628+00:00,DI Yogyakarta,37921.42857142857,3631.365196012813,-2.3603873774083306,True,,,,False
2026-04-29,Cabai Merah Besar,2,1,29350.0,DI Yogyakarta,2026-08-30T11:38:23.606628+00:00,DI Yogyakarta,37207.142857142855,4258.153136263198,-1.845199692380721,False,,,,False
2026-04-30,Cabai Merah Besar,2,1,29350.0,DI Yogyakarta,2026-08-30T11:38:23.606628+00:00,DI Yogyakarta,36492.857142857145,4688.07230938495,-1.523623500550112,False,,,,False
2026-05-01,Cabai Merah Besar,2,1,29350.0,DI Yogyakarta,2026-08-30T11:38:23.606628+00:00,DI Yogyakarta,35778.57142857143,4972.451580988462,-1.2928374110570036,False,,,,False
2026-05-04,Cabai Merah Besar,2,1,29350.0,DI Yogyakarta,2026-08-30T11:38:23.606628+00:00,DI Yogyakarta,35064.28571428572,5135.525910130947,-1.112697280528376,False,,,,False
2026-05-05,Cabai Merah Besar,2,1,29350.0,DI Yogyakarta,2026-08-30T11:38:23.606628+00:00,DI Yogyakarta,34350.0,5188.745216627696,-0.9636241116594337,False,,,,False
2026-05-06,Cabai Merah Besar,2,1,29350.0,DI Yogyakarta,2026-08-30T11:38:23.606628+00:00,DI Yogyakarta,33635.71428571428,5135.525910130939,-0.8345229603962822,False,,,,False
2026-05-07,Cabai Merah Besar,2,1,29350.0,DI Yogyakarta,2026-08-30T11:38:23.606628+00:00,DI Yogyakarta,32921.42857142857,4972.451580988451,-0.7182430061427817,False,,,,False
2026-05-08,Cabai Merah Besar,2,1,29350.0,DI Yogyakarta,2026-08-30T11:38:23.606628+00:00,DI Yogyakarta,32207.14285714286,4688.072309384933,-0.6094494002200471,False,,,,False
2026-05-11,Cabai Merah Besar,2,1,29350.0,DI Yogyakarta,2026-08-30T11:38:18.765381+00:00,DI Yogyakarta,31492.85714285714,4258.153136263174,-0.5032362797401992,False,,,,False
2026-05-12,Cabai Merah Besar,2,1,29350.0,DI Yogyakarta,2026-08-30T11:38:18.765381+00:00,DI Yogyakarta,30778.571428571428,3631.3651960127813,-0.3933978962347249,False,,,,False
2026-05-13,Cabai Merah Besar,2,1,29350.0,DI Yogyakarta,2026-08-30T11:38:18.765381+00:00,DI Yogyakarta,30064.285714285714,2672.6124191241947,-0.2672612419124291,False,,,,False
2026-05-14,Cabai Merah Besar,2,1,29350.0,DI Yogyakarta,2026-08-30T11:38:18.765381+00:00,DI Yogyakarta,29350.0,0.0,,False,,,,False
2026-05-15,Cabai Merah Besar,2,1,29350.0,DI Yogyakarta,2026-08-30T11:38:18.765381+00:00,DI Yogyakarta,29350.0,0.0,,False,,,,False
2026-05-18,Cabai Merah Besar,2,1,29350.0,DI Yogyakarta,2026-08-30T11:38:18.765381+00:00,DI Yogyakarta,29350.0,0.0,,False,,,,False
2026-05-19,Cabai Merah Besar,2,1,29350.0,DI Yogyakarta,2026-08-30T11:38:18.765381+00:00,DI Yogyakarta,29350.0,0.0,,False,,,,False
2026-05-20,Cabai Merah Besar,2,1,29350.0,DI Yogyakarta,2026-08-30T11:38:18.765381+00:00,DI Yogyakarta,29350.0,0.0,,False,,,,False
2026-05-21,Cabai Merah Besar,2,1,29350.0,DI Yogyakarta,2026-08-30T11:38:18.765381+00:00,DI Yogyakarta,29350.0,0.0,,False,,,,False
2026-05-22,Cabai Merah Besar,2,1,29350.0,DI Yogyakarta,2026-08-30T11:38:18.765381+00:00,DI Yogyakarta,29350.0,0.0,,False,,,,False
2026-05-25,Cabai Merah Besar,2,1,39000.0,DI Yogyakarta,2026-08-30T11:38:18.765381+00:00,DI Yogyakarta,30039.285714285714,2579.0709844548956,3.474396144861517,True,,,,False
2026-05-26,Cabai Merah Besar,2,1,39000.0,DI Yogyakarta,2026-08-30T11:38:18.765381+00:00,DI Yogyakarta,30728.571428571428,3504.267414152366,2.3603873774083297,True,,,,False
2026-05-27,Cabai Merah Besar,2,1,39000.0,DI Yogyakarta,2026-08-30T11:38:18.765381+00:00,DI Yogyakarta,31417.85714285714,4109.1177764939885,1.8451996923807208,False,,,,False
2026-05-28,Cabai Merah Besar,2,1,39000.0,DI Yogyakarta,2026-08-30T11:38:18.765381+00:00,DI Yogyakarta,32107.14285714286,4523.989778556482,1.5236235005501095,False,,,,False
2026-05-29,Cabai Merah Besar,2,1,39000.0,DI Yogyakarta,2026-08-30T11:38:18.765381+00:00,DI Yogyakarta,32796.42857142857,4798.415775653874,1.2928374110570013,False,,,,False
2026-06-01,Cabai Merah Besar,2,1,39000.0,DI Yogyakarta,2026-08-30T11:38:18.765381+00:00,DI Yogyakarta,33485.71428571428,4955.782503276374,1.1126972805283737,False,,,,False
2026-06-02,Cabai Merah Besar,2,1,39000.0,DI Yogyakarta,2026-08-30T11:38:18.765381+00:00,DI Yogyakarta,34175.0,5007.139134045743,0.9636241116594306,False,,,,False
2026-06-03,Cabai Merah Besar,2,1,39000.0,DI Yogyakarta,2026-08-30T11:38:18.765381+00:00,DI Yogyakarta,34864.28571428572,4955.7825032763785,0.8345229603962784,False,,,,False
2026-06-04,Cabai Merah Besar,2,1,39000.0,DI Yogyakarta,2026-08-30T11:38:18.765381+00:00,DI Yogyakarta,35553.57142857143,4798.415775653883,0.7182430061427775,False,,,,False
2026-06-05,Cabai Merah Besar,2,1,39000.0,DI Yogyakarta,2026-08-30T11:38:18.765381+00:00,DI Yogyakarta,36242.857142857145,4523.989778556495,0.6094494002200417,False,,,,False
2026-06-08,Cabai Merah Besar,2,1,39000.0,DI Yogyakarta,2026-08-30T11:38:18.765381+00:00,DI Yogyakarta,36932.142857142855,4109.11777649401,0.5032362797401942,False,,,,False
2026-06-09,Cabai Merah Besar,2,1,39000.0,DI Yogyakarta,2026-08-30T11:38:18.765381+00:00,DI Yogyakarta,37621.42857142857,3504.2674141523976,0.3933978962347177,False,,,,False
2026-06-10,Cabai Merah Besar,2,1,39000.0,DI Yogyakarta,2026-08-30T11:38:18.765381+00:00,DI Yogyakarta,38310.71428571428,2579.0709844549488,0.26726124191242007,False,,,,False
2026-06-11,Cabai Merah Besar,2,1,39000.0,DI Yogyakarta,2026-08-30T11:38:18.765381+00:00,DI Yogyakarta,39000.0,0.0,,False,,,,False
2026-06-12,Cabai Merah Besar,2,1,39000.0,DI Yogyakarta,2026-08-30T11:38:18.765381+00:00,DI Yogyakarta,39000.0,0.0,,False,,,,False
2026-06-15,Cabai Merah Besar,2,1,39000.0,DI Yogyakarta,2026-08-30T11:38:18.765381+00:00,DI Yogyakarta,39000.0,0.0,,False,,,,False
2026-06-16,Cabai Merah Besar,2,1,39000.0,DI Yogyakarta,2026-08-30T11:38:18.765381+00:00,DI Yogyakarta,39000.0,0.0,,False,,,,False
2026-06-17,Cabai Merah Besar,2,1,39000.0,DI Yogyakarta,2026-08-30T11:38:18.765381+00:00,DI Yogyakarta,39000.0,0.0,,False,,,,False
2026-06-18,Cabai Merah Besar,2,1,39000.0,DI Yogyakarta,2026-08-30T11:38:18.765381+00:00,DI Yogyakarta,39000.0,0.0,,False,,,,False
2026-06-19,Cabai Merah Besar,2,1,39000.0,DI Yogyakarta,2026-08-30T11:38:18.765381+00:00,DI Yogyakarta,39000.0,0.0,,False,,,,False
2026-06-22,Cabai Merah Besar,2,1,39000.0,DI Yogyakarta,2026-08-30T11:38:18.765381+00:00,DI Yogyakarta,39000.0,0.0,,False,,,,False
2026-06-23,Cabai Merah Besar,2,1,39000.0,DI Yogyakarta,2026-08-30T11:38:18.765381+00:00,DI Yogyakarta,39000.0,0.0,,False,,,,False
2026-06-24,Cabai Merah Besar,2,1,39000.0,DI Yogyakarta,2026-08-30T11:38:18.765381+00:00,DI Yogyakarta,39000.0,0.0,,False,,,,False
2026-06-25,Cabai Merah Besar,2,1,37350.0,DI Yogyakarta,2026-08-30T11:38:18.765381+00:00,DI Yogyakarta,38882.142857142855,440.98104915549993,-3.474396144861515,True,,,,False
2026-06-26,Cabai Merah Besar,2,1,37350.0,DI Yogyakarta,2026-08-30T11:38:18.765381+00:00,DI Yogyakarta,38764.28571428572,599.1752573421136,-2.3603873774083377,True,,,,False
2026-06-29,Cabai Merah Besar,2,1,37350.0,DI Yogyakarta,2026-08-30T11:38:18.765381+00:00,DI Yogyakarta,38646.42857142857,702.5952674834274,-1.8451996923807237,False,,,,False
2026-06-30,Cabai Merah Besar,2,1,37350.0,DI Yogyakarta,2026-08-30T11:38:18.765381+00:00,DI Yogyakarta,38528.57142857143,773.5319310485174,-1.5236235005501089,False,,,,False
2026-07-01,Cabai Merah Besar,2,1,37350.0,DI Yogyakarta,2026-08-30T11:38:18.765381+00:00,DI Yogyakarta,38410.71428571428,820.4545108630989,-1.2928374110569958,False,,,,False
2026-07-02,Cabai Merah Besar,2,1,37350.0,DI Yogyakarta,2026-08-30T11:38:18.765381+00:00,DI Yogyakarta,38292.857142857145,847.3617751716104,-1.1126972805283724,False,,,,False
2026-07-03,Cabai Merah Besar,2,1,37350.0,DI Yogyakarta,2026-08-30T11:38:18.765381+00:00,DI Yogyakarta,38175.0,856.1429607435758,-0.9636241116594271,False,,,,False
2026-07-06,Cabai Merah Besar,2,1,37350.0,DI Yogyakarta,2026-08-30T11:38:13.847136+00:00,DI Yogyakarta,38057.142857142855,847.3617751716125,-0.8345229603962728,False,,,,False
2026-07-07,Cabai Merah Besar,2,1,37350.0,DI Yogyakarta,2026-08-30T11:38:13.847136+00:00,DI Yogyakarta,37939.28571428572,820.4545108631032,-0.7182430061427776,False,,,,False
2026-07-08,Cabai Merah Besar,2,1,37350.0,DI Yogyakarta,2026-08-30T11:38:13.847136+00:00,DI Yogyakarta,37821.42857142857,773.5319310485241,-0.6094494002200401,False,,,,False
2026-07-09,Cabai Merah Besar,2,1,37350.0,DI Yogyakarta,2026-08-30T11:38:13.847136+00:00,DI Yogyakarta,37703.57142857143,702.595267483436,-0.5032362797401893,False,,,,False
2026-07-10,Cabai Merah Besar,2,1,37350.0,DI Yogyakarta,2026-08-30T11:38:13.847136+00:00,DI Yogyakarta,37585.71428571428,599.1752573421253,-0.3933978962347092,False,,,,False
2026-07-13,Cabai Merah Besar,2,1,37350.0,DI Yogyakarta,2026-08-30T11:38:13.847136+00:00,DI Yogyakarta,37467.857142857145,440.9810491555189,-0.2672612419124178,False,,,,False
2026-07-14,Cabai Merah Besar,2,1,37350.0,DI Yogyakarta,2026-08-30T11:38:13.847136+00:00,DI Yogyakarta,37350.0,0.0,,False,,,,False
2026-07-15,Cabai Merah Besar,2,1,37350.0,DI Yogyakarta,2026-08-30T11:38:13.847136+00:00,DI Yogyakarta,37350.0,0.0,,False,,,,False
2026-07-16,Cabai Merah Besar,2,1,37350.0,DI Yogyakarta,2026-08-30T11:38:13.847136+00:00,DI Yogyakarta,37350.0,0.0,,False,,,,False
2026-07-17,Cabai Merah Besar,2,1,37350.0,DI Yogyakarta,2026-08-30T11:38:13.847136+00:00,DI Yogyakarta,37350.0,0.0,,False,,,,False
2026-07-20,Cabai Merah Besar,2,1,37350.0,DI Yogyakarta,2026-08-30T11:38:13.847136+00:00,DI Yogyakarta,37350.0,0.0,,False,,,,False
2026-07-21,Cabai Merah Besar,2,1,37350.0,DI Yogyakarta,2026-08-30T11:38:13.847136+00:00,DI Yogyakarta,37350.0,0.0,,False,,,,False
2026-07-22,Cabai Merah Besar,2,1,37350.0,DI Yogyakarta,2026-08-30T11:38:13.847136+00:00,DI Yogyakarta,37350.0,0.0,,False,,,,False
2026-07-23,Cabai Merah Besar,2,1,37350.0,DI Yogyakarta,2026-08-30T11:38:13.847136+00:00,DI Yogyakarta,37350.0,0.0,,False,,,,False
2026-07-24,Cabai Merah Besar,2,1,37350.0,DI Yogyakarta,2026-08-30T11:38:13.847136+00:00,DI Yogyakarta,37350.0,0.0,,False,,,,False
2026-07-27,Cabai Merah Besar,2,1,31650.0,DI Yogyakarta,2026-08-30T11:38:13.847136+00:00,DI Yogyakarta,36942.857142857145,1523.3890789008194,-3.4743961448615175,True,,,,False
2026-07-28,Cabai Merah Besar,2,1,31650.0,DI Yogyakarta,2026-08-30T11:38:13.847136+00:00,DI Yogyakarta,36535.71428571428,2069.878161727304,-2.3603873774083284,True,,,,False
2026-07-29,Cabai Merah Besar,2,1,31650.0,DI Yogyakarta,2026-08-30T11:38:13.847136+00:00,DI Yogyakarta,36128.57142857143,2427.147287670024,-1.8451996923807201,False,,,,False
2026-07-30,Cabai Merah Besar,2,1,31650.0,DI Yogyakarta,2026-08-30T11:38:13.847136+00:00,DI Yogyakarta,35721.42857142857,2672.2012163494232,-1.5236235005501109,False,,,,False
2026-07-31,Cabai Merah Besar,2,1,31650.0,DI Yogyakarta,2026-08-30T11:38:13.847136+00:00,DI Yogyakarta,35314.28571428572,2834.2974011634265,-1.2928374110570036,False,,,,False
2026-08-03,Cabai Merah Besar,2,1,31650.0,DI Yogyakarta,2026-08-30T11:38:13.847136+00:00,DI Yogyakarta,34907.142857142855,2927.249768774643,-1.1126972805283732,False,,,,False
2026-08-04,Cabai Merah Besar,2,1,31650.0,DI Yogyakarta,2026-08-30T11:38:13.847136+00:00,DI Yogyakarta,34500.0,2957.584773477792,-0.9636241116594321,False,,,,False
2026-08-05,Cabai Merah Besar,2,1,31650.0,DI Yogyakarta,2026-08-30T11:38:13.847136+00:00,DI Yogyakarta,34092.857142857145,2927.249768774643,-0.8345229603962813,False,,,,False
2026-08-06,Cabai Merah Besar,2,1,31650.0,DI Yogyakarta,2026-08-30T11:38:13.847136+00:00,DI Yogyakarta,33685.71428571428,2834.2974011634265,-0.718243006142778,False,,,,False
2026-08-07,Cabai Merah Besar,2,1,31650.0,DI Yogyakarta,2026-08-30T11:38:13.847136+00:00,DI Yogyakarta,33278.57142857143,2672.2012163494232,-0.6094494002200438,False,,,,False
2026-08-10,Cabai Merah Besar,2,1,31650.0,DI Yogyakarta,2026-08-30T11:38:13.847136+00:00,DI Yogyakarta,32871.42857142857,2427.147287670024,-0.5032362797401969,False,,,,False
2026-08-11,Cabai Merah Besar,2,1,31650.0,DI Yogyakarta,2026-08-30T11:38:13.847136+00:00,DI Yogyakarta,32464.285714285714,2069.878161727304,-0.3933978962347214,False,,,,False
2026-08-12,Cabai Merah Besar,2,1,31650.0,DI Yogyakarta,2026-08-30T11:38:13.847136+00:00,DI Yogyakarta,32057.14285714286,1523.389078900819,-0.2672612419124254,False,,,,False
2026-08-13,Cabai Merah Besar,2,1,31650.0,DI Yogyakarta,2026-08-30T11:38:13.847136+00:00,DI Yogyakarta,31650.0,0.0,,False,,,,False
2026-08-14,Cabai Merah Besar,2,1,31650.0,DI Yogyakarta,2026-08-30T11:38:13.847136+00:00,DI Yogyakarta,31650.0,0.0,,False,,,,False
2026-08-17,Cabai Merah Besar,2,1,31650.0,DI Yogyakarta,2026-08-30T10:03:35.195323+00:00,DI Yogyakarta,31650.0,0.0,,False,,,,False
2026-08-18,Cabai Merah Besar,2,1,31650.0,DI Yogyakarta,2026-08-30T10:03:35.195323+00:00,DI Yogyakarta,31650.0,0.0,,False,,,,False
2026-08-19,Cabai Merah Besar,2,1,31650.0,DI Yogyakarta,2026-08-30T10:03:35.195323+00:00,DI Yogyakarta,31650.0,0.0,,False,,,,False
2026-08-20,Cabai Merah Besar,2,1,31650.0,DI Yogyakarta,2026-08-30T10:03:35.195323+00:00,DI Yogyakarta,31650.0,0.0,,False,,,,False
2026-08-21,Cabai Merah Besar,2,1,31650.0,DI Yogyakarta,2026-08-30T10:03:35.195323+00:00,DI Yogyakarta,31650.0,0.0,,False,,,,False
2026-08-24,Cabai Merah Besar,2,1,31650.0,DI Yogyakarta,2026-08-30T10:03:35.195323+00:00,DI Yogyakarta,31650.0,0.0,,False,,,,False
2026-08-25,Cabai Merah Besar,2,1,29650.0,DI Yogyakarta,2026-08-30T10:03:35.195323+00:00,DI Yogyakarta,31507.14285714286,534.522483824849,-3.4743961448615184,True,,,,False
2026-08-26,Cabai Merah Besar,2,1,29650.0,DI Yogyakarta,2026-08-30T10:03:35.195323+00:00,DI Yogyakarta,31364.285714285714,726.2730392025635,-2.3603873774083266,True,,,,False
2026-08-27,Cabai Merah Besar,2,1,29650.0,DI Yogyakarta,2026-08-30T10:03:35.195323+00:00,DI Yogyakarta,31221.428571428572,851.630627252641,-1.8451996923807195,False,,,,False
2026-08-28,Cabai Merah Besar,2,1,29650.0,DI Yogyakarta,2026-08-30T10:03:35.195323+00:00,DI Yogyakarta,31078.571428571428,937.6144618769916,-1.5236235005501078,False,,,,False
2026-03-03,Cabai Merah Keriting ,2,2,30000.0,DI Yogyakarta,2026-08-30T11:38:26.756565+00:00,DI Yogyakarta,,,,False,,,,False
2026-03-04,Cabai Merah Keriting ,2,2,30000.0,DI Yogyakarta,2026-08-30T11:38:26.756565+00:00,DI Yogyakarta,,,,False,,,,False
2026-03-05,Cabai Merah Keriting ,2,2,30000.0,DI Yogyakarta,2026-08-30T11:38:26.756565+00:00,DI Yogyakarta,,,,False,,,,False
2026-03-06,Cabai Merah Keriting ,2,2,30000.0,DI Yogyakarta,2026-08-30T11:38:26.756565+00:00,DI Yogyakarta,,,,False,,,,False
2026-03-09,Cabai Merah Keriting ,2,2,30000.0,DI Yogyakarta,2026-08-30T11:38:26.756565+00:00,DI Yogyakarta,30000.0,0.0,,False,,,,False
2026-03-10,Cabai Merah Keriting ,2,2,30000.0,DI Yogyakarta,2026-08-30T11:38:26.756565+00:00,DI Yogyakarta,30000.0,0.0,,False,,,,False
2026-03-11,Cabai Merah Keriting ,2,2,30000.0,DI Yogyakarta,2026-08-30T11:38:26.756565+00:00,DI Yogyakarta,30000.0,0.0,,False,,,,False
2026-03-12,Cabai Merah Keriting ,2,2,30000.0,DI Yogyakarta,2026-08-30T11:38:26.756565+00:00,DI Yogyakarta,30000.0,0.0,,False,,,,False
2026-03-13,Cabai Merah Keriting ,2,2,30000.0,DI Yogyakarta,2026-08-30T11:38:26.756565+00:00,DI Yogyakarta,30000.0,0.0,,False,,,,False
2026-03-16,Cabai Merah Keriting ,2,2,30000.0,DI Yogyakarta,2026-08-30T11:38:23.606628+00:00,DI Yogyakarta,30000.0,0.0,,False,,,,False
2026-03-17,Cabai Merah Keriting ,2,2,30000.0,DI Yogyakarta,2026-08-30T11:38:23.606628+00:00,DI Yogyakarta,30000.0,0.0,,False,,,,False
2026-03-18,Cabai Merah Keriting ,2,2,30000.0,DI Yogyakarta,2026-08-30T11:38:23.606628+00:00,DI Yogyakarta,30000.0,0.0,,False,,,,False
2026-03-19,Cabai Merah Keriting ,2,2,30000.0,DI Yogyakarta,2026-08-30T11:38:23.606628+00:00,DI Yogyakarta,30000.0,0.0,,False,,,,False
2026-03-20,Cabai Merah Keriting ,2,2,30000.0,DI Yogyakarta,2026-08-30T11:38:23.606628+00:00,DI Yogyakarta,30000.0,0.0,,False,,,,False
2026-03-23,Cabai Merah Keriting ,2,2,30000.0,DI Yogyakarta,2026-08-30T11:38:23.606628+00:00,DI Yogyakarta,30000.0,0.0,,False,,,,False
2026-03-24,Cabai Merah Keriting ,2,2,30000.0,DI Yogyakarta,2026-08-30T11:38:23.606628+00:00,DI Yogyakarta,30000.0,0.0,,False,,,,False
2026-03-25,Cabai Merah Keriting ,2,2,35000.0,DI Yogyakarta,2026-08-30T11:38:23.606628+00:00,DI Yogyakarta,30357.14285714286,1336.3062095621217,3.4743961448615166,True,,,,False
2026-03-26,Cabai Merah Keriting ,2,2,35000.0,DI Yogyakarta,2026-08-30T11:38:23.606628+00:00,DI Yogyakarta,30714.285714285714,1815.6825980064066,2.3603873774083306,True,,,,False
2026-03-27,Cabai Merah Keriting ,2,2,35000.0,DI Yogyakarta,2026-08-30T11:38:23.606628+00:00,DI Yogyakarta,31071.428571428572,2129.076568131599,1.845199692380721,False,,,,False
2026-03-30,Cabai Merah Keriting ,2,2,35000.0,DI Yogyakarta,2026-08-30T11:38:23.606628+00:00,DI Yogyakarta,31428.571428571428,2344.036154692475,1.523623500550112,False,,,,False
2026-03-31,Cabai Merah Keriting ,2,2,35000.0,DI Yogyakarta,2026-08-30T11:38:23.606628+00:00,DI Yogyakarta,31785.714285714286,2486.225790494231,1.2928374110570036,False,,,,False
2026-04-01,Cabai Merah Keriting ,2,2,35000.0,DI Yogyakarta,2026-08-30T11:38:23.606628+00:00,DI Yogyakarta,32142.85714285714,2567.7629550654733,1.112697280528376,False,,,,False
2026-04-02,Cabai Merah Keriting ,2,2,35000.0,DI Yogyakarta,2026-08-30T11:38:23.606628+00:00,DI Yogyakarta,32500.0,2594.372608313848,0.9636241116594337,False,,,,False
2026-04-03,Cabai Merah Keriting ,2,2,35000.0,DI Yogyakarta,2026-08-30T11:38:23.606628+00:00,DI Yogyakarta,32857.142857142855,2567.7629550654697,0.8345229603962835,False,,,,False
2026-04-06,Cabai Merah Keriting ,2,2,35000.0,DI Yogyakarta,2026-08-30T11:38:23.606628+00:00,DI Yogyakarta,33214.28571428572,2486.2257904942244,0.7182430061427806,False,,,,False
2026-04-07,Cabai Merah Keriting ,2,2,35000.0,DI Yogyakarta,2026-08-30T11:38:23.606628+00:00,DI Yogyakarta,33571.42857142857,2344.0361546924632,0.6094494002200472,False,,,,False
2026-04-08,Cabai Merah Keriting ,2,2,35000.0,DI Yogyakarta,2026-08-30T11:38:23.606628+00:00,DI Yogyakarta,33928.57142857143,2129.07656813158,0.5032362797402017,False,,,,False
2026-04-09,Cabai Merah Keriting ,2,2,35000.0,DI Yogyakarta,2026-08-30T11:38:23.606628+00:00,DI Yogyakarta,34285.71428571428,1815.6825980063777,0.3933978962347297,False,,,,False
2026-04-10,Cabai Merah Keriting ,2,2,35000.0,DI Yogyakarta,2026-08-30T11:38:23.606628+00:00,DI Yogyakarta,34642.857142857145,1336.306209562072,0.26726124191243283,False,,,,False
2026-04-13,Cabai Merah Keriting ,2,2,35000.0,DI Yogyakarta,2026-08-30T11:38:23.606628+00:00,DI Yogyakarta,35000.0,0.0,,False,,,,False
2026-04-14,Cabai Merah Keriting ,2,2,35000.0,DI Yogyakarta,2026-08-30T11:38:23.606628+00:00,DI Yogyakarta,35000.0,0.0,,False,,,,False
2026-04-15,Cabai Merah Keriting ,2,2,35000.0,DI Yogyakarta,2026-08-30T11:38:23.606628+00:00,DI Yogyakarta,35000.0,0.0,,False,,,,False
2026-04-16,Cabai Merah Keriting ,2,2,35000.0,DI Yogyakarta,2026-08-30T11:38:23.606628+00:00,DI Yogyakarta,35000.0,0.0,,False,,,,False
2026-04-17,Cabai Merah Keriting ,2,2,35000.0,DI Yogyakarta,2026-08-30T11:38:23.606628+00:00,DI Yogyakarta,35000.0,0.0,,False,,,,False
2026-04-20,Cabai Merah Keriting ,2,2,35000.0,DI Yogyakarta,2026-08-30T11:38:23.606628+00:00,DI Yogyakarta,35000.0,0.0,,False,,,,False
2026-04-21,Cabai Merah Keriting ,2,2,35000.0,DI Yogyakarta,2026-08-30T11:38:23.606628+00:00,DI Yogyakarta,35000.0,0.0,,False,,,,False
2026-04-22,Cabai Merah Keriting ,2,2,35000.0,DI Yogyakarta,2026-08-30T11:38:23.606628+00:00,DI Yogyakarta,35000.0,0.0,,False,,,,False
2026-04-23,Cabai Merah Keriting ,2,2,35000.0,DI Yogyakarta,2026-08-30T11:38:23.606628+00:00,DI Yogyakarta,35000.0,0.0,,False,,,,False
2026-04-24,Cabai Merah Keriting ,2,2,35000.0,DI Yogyakarta,2026-08-30T11:38:23.606628+00:00,DI Yogyakarta,35000.0,0.0,,False,,,,False
2026-04-27,Cabai Merah Keriting ,2,2,27000.0,DI Yogyakarta,2026-08-30T11:38:23.606628+00:00,DI Yogyakarta,34428.57142857143,2138.089935299395,-3.474396144861516,True,,,,False
2026-04-28,Cabai Merah Keriting ,2,2,27000.0,DI Yogyakarta,2026-08-30T11:38:23.606628+00:00,DI Yogyakarta,33857.142857142855,2905.092156810251,-2.3603873774083293,True,,,,False
2026-04-29,Cabai Merah Keriting ,2,2,27000.0,DI Yogyakarta,2026-08-30T11:38:23.606628+00:00,DI Yogyakarta,33285.71428571428,3406.5225090105596,-1.84519969238072,False,,,,False
2026-04-30,Cabai Merah Keriting ,2,2,27000.0,DI Yogyakarta,2026-08-30T11:38:23.606628+00:00,DI Yogyakarta,32714.285714285714,3750.4578475079616,-1.5236235005501106,False,,,,False
2026-05-01,Cabai Merah Keriting ,2,2,27000.0,DI Yogyakarta,2026-08-30T11:38:23.606628+00:00,DI Yogyakarta,32142.85714285714,3977.961264790773,-1.2928374110570022,False,,,,False
2026-05-04,Cabai Merah Keriting ,2,2,27000.0,DI Yogyakarta,2026-08-30T11:38:23.606628+00:00,DI Yogyakarta,31571.428571428572,4108.420728104762,-1.1126972805283744,False,,,,False
2026-05-05,Cabai Merah Keriting ,2,2,27000.0,DI Yogyakarta,2026-08-30T11:38:23.606628+00:00,DI Yogyakarta,31000.0,4150.996173302164,-0.9636241116594322,False,,,,False
2026-05-06,Cabai Merah Keriting ,2,2,27000.0,DI Yogyakarta,2026-08-30T11:38:23.606628+00:00,DI Yogyakarta,30428.571428571428,4108.42072810476,-0.8345229603962807,False,,,,False
2026-05-07,Cabai Merah Keriting ,2,2,27000.0,DI Yogyakarta,2026-08-30T11:38:23.606628+00:00,DI Yogyakarta,29857.14285714286,3977.9612647907707,-0.71824300614278,False,,,,False
2026-05-08,Cabai Merah Keriting ,2,2,27000.0,DI Yogyakarta,2026-08-30T11:38:23.606628+00:00,DI Yogyakarta,29285.714285714286,3750.4578475079575,-0.6094494002200451,False,,,,False
2026-05-11,Cabai Merah Keriting ,2,2,27000.0,DI Yogyakarta,2026-08-30T11:38:18.765381+00:00,DI Yogyakarta,28714.285714285714,3406.5225090105528,-0.5032362797401975,False,,,,False
2026-05-12,Cabai Merah Keriting ,2,2,27000.0,DI Yogyakarta,2026-08-30T11:38:18.765381+00:00,DI Yogyakarta,28142.85714285714,2905.0921568102417,-0.3933978962347224,False,,,,False
2026-05-13,Cabai Merah Keriting ,2,2,27000.0,DI Yogyakarta,2026-08-30T11:38:18.765381+00:00,DI Yogyakarta,27571.428571428572,2138.08993529938,-0.26726124191242673,False,,,,False
2026-05-14,Cabai Merah Keriting ,2,2,27000.0,DI Yogyakarta,2026-08-30T11:38:18.765381+00:00,DI Yogyakarta,27000.0,0.0,,False,,,,False
2026-05-15,Cabai Merah Keriting ,2,2,27000.0,DI Yogyakarta,2026-08-30T11:38:18.765381+00:00,DI Yogyakarta,27000.0,0.0,,False,,,,False
2026-05-18,Cabai Merah Keriting ,2,2,27000.0,DI Yogyakarta,2026-08-30T11:38:18.765381+00:00,DI Yogyakarta,27000.0,0.0,,False,,,,False
2026-05-19,Cabai Merah Keriting ,2,2,27000.0,DI Yogyakarta,2026-08-30T11:38:18.765381+00:00,DI Yogyakarta,27000.0,0.0,,False,,,,False
2026-05-20,Cabai Merah Keriting ,2,2,27000.0,DI Yogyakarta,2026-08-30T11:38:18.765381+00:00,DI Yogyakarta,27000.0,0.0,,False,,,,False
2026-05-21,Cabai Merah Keriting ,2,2,27000.0,DI Yogyakarta,2026-08-30T11:38:18.765381+00:00,DI Yogyakarta,27000.0,0.0,,False,,,,False
2026-05-22,Cabai Merah Keriting ,2,2,27000.0,DI Yogyakarta,2026-08-30T11:38:18.765381+00:00,DI Yogyakarta,27000.0,0.0,,False,,,,False
2026-05-25,Cabai Merah Keriting ,2,2,32350.0,DI Yogyakarta,2026-08-30T11:38:18.765381+00:00,DI Yogyakarta,27382.14285714286,1429.8476442314702,3.4743961448615166,True,,,,False
2026-05-26,Cabai Merah Keriting ,2,2,32350.0,DI Yogyakarta,2026-08-30T11:38:18.765381+00:00,DI Yogyakarta,27764.285714285714,1942.780379866855,2.3603873774083306,True,,,,False
2026-05-27,Cabai Merah Keriting ,2,2,32350.0,DI Yogyakarta,2026-08-30T11:38:18.765381+00:00,DI Yogyakarta,28146.428571428572,2278.1119279008117,1.8451996923807203,False,,,,False
2026-05-28,Cabai Merah Keriting ,2,2,32350.0,DI Yogyakarta,2026-08-30T11:38:18.765381+00:00,DI Yogyakarta,28528.571428571428,2508.1186855209494,1.5236235005501113,False,,,,False
2026-05-29,Cabai Merah Keriting ,2,2,32350.0,DI Yogyakarta,2026-08-30T11:38:18.765381+00:00,DI Yogyakarta,28910.714285714286,2660.2615958288297,1.2928374110570022,False,,,,False
2026-06-01,Cabai Merah Keriting ,2,2,32350.0,DI Yogyakarta,2026-08-30T11:38:18.765381+00:00,DI Yogyakarta,29292.85714285714,2747.5063619200596,1.1126972805283748,False,,,,False
2026-06-02,Cabai Merah Keriting ,2,2,32350.0,DI Yogyakarta,2026-08-30T11:38:18.765381+00:00,DI Yogyakarta,29675.0,2775.9786908958217,0.9636241116594323,False,,,,False
2026-06-03,Cabai Merah Keriting ,2,2,32350.0,DI Yogyakarta,2026-08-30T11:38:18.765381+00:00,DI Yogyakarta,30057.14285714286,2747.5063619200587,0.8345229603962803,False,,,,False
2026-06-04,Cabai Merah Keriting ,2,2,32350.0,DI Yogyakarta,2026-08-30T11:38:18.765381+00:00,DI Yogyakarta,30439.285714285714,2660.261595828828,0.7182430061427799,False,,,,False
2026-06-05,Cabai Merah Keriting ,2,2,32350.0,DI Yogyakarta,2026-08-30T11:38:18.765381+00:00,DI Yogyakarta,30821.428571428572,2508.118685520947,0.6094494002200445,False,,,,False
2026-06-08,Cabai Merah Keriting ,2,2,32350.0,DI Yogyakarta,2026-08-30T11:38:18.765381+00:00,DI Yogyakarta,31203.571428571428,2278.1119279008085,0.5032362797401978,False,,,,False
2026-06-09,Cabai Merah Keriting ,2,2,32350.0,DI Yogyakarta,2026-08-30T11:38:18.765381+00:00,DI Yogyakarta,31585.714285714286,1942.7803798668508,0.3933978962347223,False,,,,False
2026-06-10,Cabai Merah Keriting ,2,2,32350.0,DI Yogyakarta,2026-08-30T11:38:18.765381+00:00,DI Yogyakarta,31967.85714285714,1429.8476442314636,0.26726124191242673,False,,,,False
2026-06-11,Cabai Merah Keriting ,2,2,32350.0,DI Yogyakarta,2026-08-30T11:38:18.765381+00:00,DI Yogyakarta,32350.0,0.0,,False,,,,False
2026-06-12,Cabai Merah Keriting ,2,2,32350.0,DI Yogyakarta,2026-08-30T11:38:18.765381+00:00,DI Yogyakarta,32350.0,0.0,,False,,,,False
2026-06-15,Cabai Merah Keriting ,2,2,32350.0,DI Yogyakarta,2026-08-30T11:38:18.765381+00:00,DI Yogyakarta,32350.0,0.0,,False,,,,False
2026-06-16,Cabai Merah Keriting ,2,2,32350.0,DI Yogyakarta,2026-08-30T11:38:18.765381+00:00,DI Yogyakarta,32350.0,0.0,,False,,,,False
2026-06-17,Cabai Merah Keriting ,2,2,32350.0,DI Yogyakarta,2026-08-30T11:38:18.765381+00:00,DI Yogyakarta,32350.0,0.0,,False,,,,False
2026-06-18,Cabai Merah Keriting ,2,2,32350.0,DI Yogyakarta,2026-08-30T11:38:18.765381+00:00,DI Yogyakarta,32350.0,0.0,,False,,,,False
2026-06-19,Cabai Merah Keriting ,2,2,32350.0,DI Yogyakarta,2026-08-30T11:38:18.765381+00:00,DI Yogyakarta,32350.0,0.0,,False,,,,False
2026-06-22,Cabai Merah Keriting ,2,2,32350.0,DI Yogyakarta,2026-08-30T11:38:18.765381+00:00,DI Yogyakarta,32350.0,0.0,,False,,,,False
2026-06-23,Cabai Merah Keriting ,2,2,32350.0,DI Yogyakarta,2026-08-30T11:38:18.765381+00:00,DI Yogyakarta,32350.0,0.0,,False,,,,False
2026-06-24,Cabai Merah Keriting ,2,2,32350.0,DI Yogyakarta,2026-08-30T11:38:18.765381+00:00,DI Yogyakarta,32350.0,0.0,,False,,,,False
2026-06-25,Cabai Merah Keriting ,2,2,23350.0,DI Yogyakarta,2026-08-30T11:38:18.765381+00:00,DI Yogyakarta,31707.14285714286,2405.35117721182,-3.474396144861517,True,,,,False
2026-06-26,Cabai Merah Keriting ,2,2,23350.0,DI Yogyakarta,2026-08-30T11:38:18.765381+00:00,DI Yogyakarta,31064.285714285714,3268.2286764115333,-2.3603873774083293,True,,,,False
2026-06-29,Cabai Merah Keriting ,2,2,23350.0,DI Yogyakarta,2026-08-30T11:38:18.765381+00:00,DI Yogyakarta,30421.428571428572,3832.3378226368804,-1.8451996923807206,False,,,,False
2026-06-30,Cabai Merah Keriting ,2,2,23350.0,DI Yogyakarta,2026-08-30T11:38:18.765381+00:00,DI Yogyakarta,29778.571428571428,4219.265078446459,-1.52362350055011,False,,,,False
2026-07-01,Cabai Merah Keriting ,2,2,23350.0,DI Yogyakarta,2026-08-30T11:38:18.765381+00:00,DI Yogyakarta,29135.714285714286,4475.2064228896215,-1.2928374110570022,False,,,,False
2026-07-02,Cabai Merah Keriting ,2,2,23350.0,DI Yogyakarta,2026-08-30T11:38:18.765381+00:00,DI Yogyakarta,28492.85714285714,4621.973319117859,-1.1126972805283732,False,,,,False
2026-07-03,Cabai Merah Keriting ,2,2,23350.0,DI Yogyakarta,2026-08-30T11:38:18.765381+00:00,DI Yogyakarta,27850.0,4669.870694964938,-0.9636241116594315,False,,,,False
2026-07-06,Cabai Merah Keriting ,2,2,23350.0,DI Yogyakarta,2026-08-30T11:38:13.847136+00:00,DI Yogyakarta,27207.14285714286,4621.973319117859,-0.8345229603962806,False,,,,False
2026-07-07,Cabai Merah Keriting ,2,2,23350.0,DI Yogyakarta,2026-08-30T11:38:13.847136+00:00,DI Yogyakarta,26564.285714285714,4475.2064228896215,-0.7182430061427788,False,,,,False
2026-07-08,Cabai Merah Keriting ,2,2,23350.0,DI Yogyakarta,2026-08-30T11:38:13.847136+00:00,DI Yogyakarta,25921.428571428572,4219.265078446458,-0.6094494002200445,False,,,,False
2026-07-09,Cabai Merah Keriting ,2,2,23350.0,DI Yogyakarta,2026-08-30T11:38:13.847136+00:00,DI Yogyakarta,25278.571428571428,3832.33782263688,-0.5032362797401962,False,,,,False
2026-07-10,Cabai Merah Keriting ,2,2,23350.0,DI Yogyakarta,2026-08-30T11:38:13.847136+00:00,DI Yogyakarta,24635.714285714286,3268.2286764115333,-0.3933978962347217,False,,,,False
2026-07-13,Cabai Merah Keriting ,2,2,23350.0,DI Yogyakarta,2026-08-30T11:38:13.847136+00:00,DI Yogyakarta,23992.85714285714,2405.35117721182,-0.2672612419124237,False,,,,False
2026-07-14,Cabai Merah Keriting ,2,2,23350.0,DI Yogyakarta,2026-08-30T11:38:13.847136+00:00,DI Yogyakarta,23350.0,0.0,,False,,,,False
2026-07-15,Cabai Merah Keriting ,2,2,23350.0,DI Yogyakarta,2026-08-30T11:38:13.847136+00:00,DI Yogyakarta,23350.0,0.0,,False,,,,False
2026-07-16,Cabai Merah Keriting ,2,2,23350.0,DI Yogyakarta,2026-08-30T11:38:13.847136+00:00,DI Yogyakarta,23350.0,0.0,,False,,,,False
2026-07-17,Cabai Merah Keriting ,2,2,23350.0,DI Yogyakarta,2026-08-30T11:38:13.847136+00:00,DI Yogyakarta,23350.0,0.0,,False,,,,False
2026-07-20,Cabai Merah Keriting ,2,2,23350.0,DI Yogyakarta,2026-08-30T11:38:13.847136+00:00,DI Yogyakarta,23350.0,0.0,,False,,,,False
2026-07-21,Cabai Merah Keriting ,2,2,23350.0,DI Yogyakarta,2026-08-30T11:38:13.847136+00:00,DI Yogyakarta,23350.0,0.0,,False,,,,False
2026-07-22,Cabai Merah Keriting ,2,2,23350.0,DI Yogyakarta,2026-08-30T11:38:13.847136+00:00,DI Yogyakarta,23350.0,0.0,,False,,,,False
2026-07-23,Cabai Merah Keriting ,2,2,23350.0,DI Yogyakarta,2026-08-30T11:38:13.847136+00:00,DI Yogyakarta,23350.0,0.0,,False,,,,False
2026-07-24,Cabai Merah Keriting ,2,2,23350.0,DI Yogyakarta,2026-08-30T11:38:13.847136+00:00,DI Yogyakarta,23350.0,0.0,,False,,,,False
2026-07-27,Cabai Merah Keriting ,2,2,20000.0,DI Yogyakarta,2026-08-30T11:38:13.847136+00:00,DI Yogyakarta,23110.714285714286,895.3251604066218,-3.4743961448615175,True,,,,False
2026-07-28,Cabai Merah Keriting ,2,2,20000.0,DI Yogyakarta,2026-08-30T11:38:13.847136+00:00,DI Yogyakarta,22871.428571428572,1216.507340664293,-2.36038737740833,True,,,,False
2026-07-29,Cabai Merah Keriting ,2,2,20000.0,DI Yogyakarta,2026-08-30T11:38:13.847136+00:00,DI Yogyakarta,22632.14285714286,1426.4813006481727,-1.8451996923807208,False,,,,False
2026-07-30,Cabai Merah Keriting ,2,2,20000.0,DI Yogyakarta,2026-08-30T11:38:13.847136+00:00,DI Yogyakarta,22392.85714285714,1570.5042236439604,-1.5236235005501084,False,,,,False
2026-07-31,Cabai Merah Keriting ,2,2,20000.0,DI Yogyakarta,2026-08-30T11:38:13.847136+00:00,DI Yogyakarta,22153.571428571428,1665.7712796311382,-1.2928374110570005,False,,,,False
2026-08-03,Cabai Merah Keriting ,2,2,20000.0,DI Yogyakarta,2026-08-30T11:38:13.847136+00:00,DI Yogyakarta,21914.285714285714,1720.4011798938714,-1.1126972805283724,False,,,,False
2026-08-04,Cabai Merah Keriting ,2,2,20000.0,DI Yogyakarta,2026-08-30T11:38:13.847136+00:00,DI Yogyakarta,21675.0,1738.2296475702842,-0.9636241116594304,False,,,,False
2026-08-05,Cabai Merah Keriting ,2,2,20000.0,DI Yogyakarta,2026-08-30T11:38:13.847136+00:00,DI Yogyakarta,21435.714285714286,1720.4011798938727,-0.8345229603962792,False,,,,False
2026-08-06,Cabai Merah Keriting ,2,2,20000.0,DI Yogyakarta,2026-08-30T11:38:13.847136+00:00,DI Yogyakarta,21196.428571428572,1665.7712796311405,-0.718243006142778,False,,,,False
2026-08-07,Cabai Merah Keriting ,2,2,20000.0,DI Yogyakarta,2026-08-30T11:38:13.847136+00:00,DI Yogyakarta,20957.14285714286,1570.5042236439638,-0.6094494002200435,False,,,,False
2026-08-10,Cabai Merah Keriting ,2,2,20000.0,DI Yogyakarta,2026-08-30T11:38:13.847136+00:00,DI Yogyakarta,20717.85714285714,1426.4813006481772,-0.5032362797401936,False,,,,False
2026-08-11,Cabai Merah Keriting ,2,2,20000.0,DI Yogyakarta,2026-08-30T11:38:13.847136+00:00,DI Yogyakarta,20478.571428571428,1216.5073406642991,-0.3933978962347187,False,,,,False
2026-08-12,Cabai Merah Keriting ,2,2,20000.0,DI Yogyakarta,2026-08-30T11:38:13.847136+00:00,DI Yogyakarta,20239.285714285714,895.3251604066312,-0.26726124191242095,False,,,,False
2026-08-13,Cabai Merah Keriting ,2,2,20000.0,DI Yogyakarta,2026-08-30T11:38:13.847136+00:00,DI Yogyakarta,20000.0,0.0,,False,,,,False
2026-08-14,Cabai Merah Keriting ,2,2,20000.0,DI Yogyakarta,2026-08-30T11:38:13.847136+00:00,DI Yogyakarta,20000.0,0.0,,False,,,,False
2026-08-17,Cabai Merah Keriting ,2,2,20000.0,DI Yogyakarta,2026-08-30T10:03:35.195323+00:00,DI Yogyakarta,20000.0,0.0,,False,,,,False
2026-08-18,Cabai Merah Keriting ,2,2,20000.0,DI Yogyakarta,2026-08-30T10:03:35.195323+00:00,DI Yogyakarta,20000.0,0.0,,False,,,,False
2026-08-19,Cabai Merah Keriting ,2,2,20000.0,DI Yogyakarta,2026-08-30T10:03:35.195323+00:00,DI Yogyakarta,20000.0,0.0,,False,,,,False
2026-08-20,Cabai Merah Keriting ,2,2,20000.0,DI Yogyakarta,2026-08-30T10:03:35.195323+00:00,DI Yogyakarta,20000.0,0.0,,False,,,,False
2026-08-21,Cabai Merah Keriting ,2,2,20000.0,DI Yogyakarta,2026-08-30T10:03:35.195323+00:00,DI Yogyakarta,20000.0,0.0,,False,,,,False
2026-08-24,Cabai Merah Keriting ,2,2,20000.0,DI Yogyakarta,2026-08-30T10:03:35.195323+00:00,DI Yogyakarta,20000.0,0.0,,False,,,,False
2026-08-25,Cabai Merah Keriting ,2,2,16650.0,DI Yogyakarta,2026-08-30T10:03:35.195323+00:00,DI Yogyakarta,19760.714285714286,895.3251604066218,-3.4743961448615175,True,,,,False
2026-08-26,Cabai Merah Keriting ,2,2,16650.0,DI Yogyakarta,2026-08-30T10:03:35.195323+00:00,DI Yogyakarta,19521.428571428572,1216.507340664293,-2.36038737740833,True,,,,False
2026-08-27,Cabai Merah Keriting ,2,2,16650.0,DI Yogyakarta,2026-08-30T10:03:35.195323+00:00,DI Yogyakarta,19282.14285714286,1426.4813006481727,-1.8451996923807208,False,,,,False
2026-08-28,Cabai Merah Keriting ,2,2,16650.0,DI Yogyakarta,2026-08-30T10:03:35.195323+00:00,DI Yogyakarta,19042.85714285714,1570.5042236439604,-1.5236235005501084,False,,,,False
2026-03-03,Cabai Rawit,1,VII,56350.0,DI Yogyakarta,2026-08-30T11:38:26.756565+00:00,DI Yogyakarta,,,,False,,,,False
2026-03-04,Cabai Rawit,1,VII,56350.0,DI Yogyakarta,2026-08-30T11:38:26.756565+00:00,DI Yogyakarta,,,,False,,,,False
2026-03-05,Cabai Rawit,1,VII,56350.0,DI Yogyakarta,2026-08-30T11:38:26.756565+00:00,DI Yogyakarta,,,,False,,,,False
2026-03-06,Cabai Rawit,1,VII,56350.0,DI Yogyakarta,2026-08-30T11:38:26.756565+00:00,DI Yogyakarta,,,,False,,,,False
2026-03-09,Cabai Rawit,1,VII,56350.0,DI Yogyakarta,2026-08-30T11:38:26.756565+00:00,DI Yogyakarta,56350.0,0.0,,False,,,,False
2026-03-10,Cabai Rawit,1,VII,56350.0,DI Yogyakarta,2026-08-30T11:38:26.756565+00:00,DI Yogyakarta,56350.0,0.0,,False,,,,False
2026-03-11,Cabai Rawit,1,VII,56350.0,DI Yogyakarta,2026-08-30T11:38:26.756565+00:00,DI Yogyakarta,56350.0,0.0,,False,,,,False
2026-03-12,Cabai Rawit,1,VII,56350.0,DI Yogyakarta,2026-08-30T11:38:26.756565+00:00,DI Yogyakarta,56350.0,0.0,,False,,,,False
2026-03-13,Cabai Rawit,1,VII,56350.0,DI Yogyakarta,2026-08-30T11:38:26.756565+00:00,DI Yogyakarta,56350.0,0.0,,False,,,,False
2026-03-16,Cabai Rawit,1,VII,56350.0,DI Yogyakarta,2026-08-30T11:38:23.606628+00:00,DI Yogyakarta,56350.0,0.0,,False,,,,False
2026-03-17,Cabai Rawit,1,VII,56350.0,DI Yogyakarta,2026-08-30T11:38:23.606628+00:00,DI Yogyakarta,56350.0,0.0,,False,,,,False
2026-03-18,Cabai Rawit,1,VII,56350.0,DI Yogyakarta,2026-08-30T11:38:23.606628+00:00,DI Yogyakarta,56350.0,0.0,,False,,,,False
2026-03-19,Cabai Rawit,1,VII,56350.0,DI Yogyakarta,2026-08-30T11:38:23.606628+00:00,DI Yogyakarta,56350.0,0.0,,False,,,,False
2026-03-20,Cabai Rawit,1,VII,56350.0,DI Yogyakarta,2026-08-30T11:38:23.606628+00:00,DI Yogyakarta,56350.0,0.0,,False,,,,False
2026-03-23,Cabai Rawit,1,VII,56350.0,DI Yogyakarta,2026-08-30T11:38:23.606628+00:00,DI Yogyakarta,56350.0,0.0,,False,,,,False
2026-03-24,Cabai Rawit,1,VII,56350.0,DI Yogyakarta,2026-08-30T11:38:23.606628+00:00,DI Yogyakarta,56350.0,0.0,,False,,,,False
2026-03-25,Cabai Rawit,1,VII,59200.0,DI Yogyakarta,2026-08-30T11:38:23.606628+00:00,DI Yogyakarta,56553.57142857143,761.6945394504097,3.4743961448615175,True,,,,False
2026-03-26,Cabai Rawit,1,VII,59200.0,DI Yogyakarta,2026-08-30T11:38:23.606628+00:00,DI Yogyakarta,56757.142857142855,1034.9390808636526,2.36038737740833,True,,,,False
2026-03-27,Cabai Rawit,1,VII,59200.0,DI Yogyakarta,2026-08-30T11:38:23.606628+00:00,DI Yogyakarta,56960.71428571428,1213.5736438350125,1.8451996923807223,False,,,,False
2026-03-30,Cabai Rawit,1,VII,59200.0,DI Yogyakarta,2026-08-30T11:38:23.606628+00:00,DI Yogyakarta,57164.28571428572,1336.1006081747116,1.5236235005501082,False,,,,False
2026-03-31,Cabai Rawit,1,VII,59200.0,DI Yogyakarta,2026-08-30T11:38:23.606628+00:00,DI Yogyakarta,57367.857142857145,1417.148700581713,1.2928374110570011,False,,,,False
2026-04-01,Cabai Rawit,1,VII,59200.0,DI Yogyakarta,2026-08-30T11:38:23.606628+00:00,DI Yogyakarta,57571.42857142857,1463.624884387321,1.112697280528374,False,,,,False
2026-04-02,Cabai Rawit,1,VII,59200.0,DI Yogyakarta,2026-08-30T11:38:23.606628+00:00,DI Yogyakarta,57775.0,1478.7923867388943,0.9636241116594332,False,,,,False
2026-04-03,Cabai Rawit,1,VII,59200.0,DI Yogyakarta,2026-08-30T11:38:23.606628+00:00,DI Yogyakarta,57978.57142857143,1463.6248843873186,0.8345229603962829,False,,,,False
2026-04-06,Cabai Rawit,1,VII,59200.0,DI Yogyakarta,2026-08-30T11:38:23.606628+00:00,DI Yogyakarta,58182.142857142855,1417.1487005817087,0.7182430061427829,False,,,,False
2026-04-07,Cabai Rawit,1,VII,59200.0,DI Yogyakarta,2026-08-30T11:38:23.606628+00:00,DI Yogyakarta,58385.71428571428,1336.1006081747046,0.6094494002200498,False,,,,False
2026-04-08,Cabai Rawit,1,VII,59200.0,DI Yogyakarta,2026-08-30T11:38:23.606628+00:00,DI Yogyakarta,58589.28571428572,1213.5736438350023,0.503236279740198,False,,,,False
2026-04-09,Cabai Rawit,1,VII,59200.0,DI Yogyakarta,2026-08-30T11:38:23.606628+00:00,DI Yogyakarta,58792.857142857145,1034.939080863638,0.39339789623472493,False,,,,False
2026-04-10,Cabai Rawit,1,VII,59200.0,DI Yogyakarta,2026-08-30T11:38:23.606628+00:00,DI Yogyakarta,58996.42857142857,761.6945394503855,0.26726124191243145,False,,,,False
2026-04-13,Cabai Rawit,1,VII,59200.0,DI Yogyakarta,2026-08-30T11:38:23.606628+00:00,DI Yogyakarta,59200.0,0.0,,False,,,,False
2026-04-14,Cabai Rawit,1,VII,59200.0,DI Yogyakarta,2026-08-30T11:38:23.606628+00:00,DI Yogyakarta,59200.0,0.0,,False,,,,False
2026-04-15,Cabai Rawit,1,VII,59200.0,DI Yogyakarta,2026-08-30T11:38:23.606628+00:00,DI Yogyakarta,59200.0,0.0,,False,,,,False
2026-04-16,Cabai Rawit,1,VII,59200.0,DI Yogyakarta,2026-08-30T11:38:23.606628+00:00,DI Yogyakarta,59200.0,0.0,,False,,,,False
2026-04-17,Cabai Rawit,1,VII,59200.0,DI Yogyakarta,2026-08-30T11:38:23.606628+00:00,DI Yogyakarta,59200.0,0.0,,False,,,,False
2026-04-20,Cabai Rawit,1,VII,59200.0,DI Yogyakarta,2026-08-30T11:38:23.606628+00:00,DI Yogyakarta,59200.0,0.0,,False,,,,False
2026-04-21,Cabai Rawit,1,VII,59200.0,DI Yogyakarta,2026-08-30T11:38:23.606628+00:00,DI Yogyakarta,59200.0,0.0,,False,,,,False
2026-04-22,Cabai Rawit,1,VII,59200.0,DI Yogyakarta,2026-08-30T11:38:23.606628+00:00,DI Yogyakarta,59200.0,0.0,,False,,,,False
2026-04-23,Cabai Rawit,1,VII,59200.0,DI Yogyakarta,2026-08-30T11:38:23.606628+00:00,DI Yogyakarta,59200.0,0.0,,False,,,,False
2026-04-24,Cabai Rawit,1,VII,59200.0,DI Yogyakarta,2026-08-30T11:38:23.606628+00:00,DI Yogyakarta,59200.0,0.0,,False,,,,False
2026-04-27,Cabai Rawit,1,VII,40350.0,DI Yogyakarta,2026-08-30T11:38:23.606628+00:00,DI Yogyakarta,57853.57142857143,5037.8744100491995,-3.474396144861517,True,,,,False
2026-04-28,Cabai Rawit,1,VII,40350.0,DI Yogyakarta,2026-08-30T11:38:23.606628+00:00,DI Yogyakarta,56507.142857142855,6845.123394484154,-2.3603873774083297,True,,,,False
2026-04-29,Cabai Rawit,1,VII,40350.0,DI Yogyakarta,2026-08-30T11:38:23.606628+00:00,DI Yogyakarta,55160.71428571428,8026.618661856132,-1.8451996923807201,False,,,,False
2026-04-30,Cabai Rawit,1,VII,40350.0,DI Yogyakarta,2026-08-30T11:38:23.606628+00:00,DI Yogyakarta,53814.28571428572,8837.016303190638,-1.5236235005501106,False,,,,False
2026-05-01,Cabai Rawit,1,VII,40350.0,DI Yogyakarta,2026-08-30T11:38:23.606628+00:00,DI Yogyakarta,52467.857142857145,9373.071230163265,-1.292837411057002,False,,,,False
2026-05-04,Cabai Rawit,1,VII,40350.0,DI Yogyakarta,2026-08-30T11:38:23.606628+00:00,DI Yogyakarta,51121.42857142857,9680.46634059685,-1.1126972805283737,False,,,,False
2026-05-05,Cabai Rawit,1,VII,40350.0,DI Yogyakarta,2026-08-30T11:38:23.606628+00:00,DI Yogyakarta,49775.0,9780.78473334323,-0.9636241116594316,False,,,,False
2026-05-06,Cabai Rawit,1,VII,40350.0,DI Yogyakarta,2026-08-30T11:38:23.606628+00:00,DI Yogyakarta,48428.57142857143,9680.46634059685,-0.8345229603962802,False,,,,False
2026-05-07,Cabai Rawit,1,VII,40350.0,DI Yogyakarta,2026-08-30T11:38:23.606628+00:00,DI Yogyakarta,47082.142857142855,9373.071230163265,-0.7182430061427786,False,,,,False
2026-05-08,Cabai Rawit,1,VII,40350.0,DI Yogyakarta,2026-08-30T11:38:23.606628+00:00,DI Yogyakarta,45735.71428571428,8837.016303190638,-0.6094494002200438,False,,,,False
2026-05-11,Cabai Rawit,1,VII,40350.0,DI Yogyakarta,2026-08-30T11:38:18.765381+00:00,DI Yogyakarta,44389.28571428572,8026.618661856132,-0.5032362797401969,False,,,,False
2026-05-12,Cabai Rawit,1,VII,40350.0,DI Yogyakarta,2026-08-30T11:38:18.765381+00:00,DI Yogyakarta,43042.857142857145,6845.123394484154,-0.39339789623472193,False,,,,False
2026-05-13,Cabai Rawit,1,VII,40350.0,DI Yogyakarta,2026-08-30T11:38:18.765381+00:00,DI Yogyakarta,41696.42857142857,5037.874410049199,-0.2672612419124247,False,,,,False
2026-05-14,Cabai Rawit,1,VII,40350.0,DI Yogyakarta,2026-08-30T11:38:18.765381+00:00,DI Yogyakarta,40350.0,0.0,,False,,,,False
2026-05-15,Cabai Rawit,1,VII,40350.0,DI Yogyakarta,2026-08-30T11:38:18.765381+00:00,DI Yogyakarta,40350.0,0.0,,False,,,,False
2026-05-18,Cabai Rawit,1,VII,40350.0,DI Yogyakarta,2026-08-30T11:38:18.765381+00:00,DI Yogyakarta,40350.0,0.0,,False,,,,False
2026-05-19,Cabai Rawit,1,VII,40350.0,DI Yogyakarta,2026-08-30T11:38:18.765381+00:00,DI Yogyakarta,40350.0,0.0,,False,,,,False
2026-05-20,Cabai Rawit,1,VII,40350.0,DI Yogyakarta,2026-08-30T11:38:18.765381+00:00,DI Yogyakarta,40350.0,0.0,,False,,,,False
2026-05-21,Cabai Rawit,1,VII,40350.0,DI Yogyakarta,2026-08-30T11:38:18.765381+00:00,DI Yogyakarta,40350.0,0.0,,False,,,,False
2026-05-22,Cabai Rawit,1,VII,40350.0,DI Yogyakarta,2026-08-30T11:38:18.765381+00:00,DI Yogyakarta,40350.0,0.0,,False,,,,False
2026-05-25,Cabai Rawit,1,VII,57000.0,DI Yogyakarta,2026-08-30T11:38:18.765381+00:00,DI Yogyakarta,41539.28571428572,4449.899677841865,3.474396144861517,True,,,,False
2026-05-26,Cabai Rawit,1,VII,57000.0,DI Yogyakarta,2026-08-30T11:38:18.765381+00:00,DI Yogyakarta,42728.57142857143,6046.223051361335,2.36038737740833,True,,,,False
2026-05-27,Cabai Rawit,1,VII,57000.0,DI Yogyakarta,2026-08-30T11:38:18.765381+00:00,DI Yogyakarta,43917.857142857145,7089.824971878226,1.8451996923807208,False,,,,False
2026-05-28,Cabai Rawit,1,VII,57000.0,DI Yogyakarta,2026-08-30T11:38:18.765381+00:00,DI Yogyakarta,45107.142857142855,7805.640395125944,1.5236235005501113,False,,,,False
2026-05-29,Cabai Rawit,1,VII,57000.0,DI Yogyakarta,2026-08-30T11:38:18.765381+00:00,DI Yogyakarta,46296.42857142857,8279.131882345795,1.2928374110570027,False,,,,False
2026-06-01,Cabai Rawit,1,VII,57000.0,DI Yogyakarta,2026-08-30T11:38:18.765381+00:00,DI Yogyakarta,47485.71428571428,8550.650640368032,1.112697280528375,False,,,,False
2026-06-02,Cabai Rawit,1,VII,57000.0,DI Yogyakarta,2026-08-30T11:38:18.765381+00:00,DI Yogyakarta,48675.0,8639.260785685123,0.9636241116594328,False,,,,False
2026-06-03,Cabai Rawit,1,VII,57000.0,DI Yogyakarta,2026-08-30T11:38:18.765381+00:00,DI Yogyakarta,49864.28571428572,8550.650640368025,0.8345229603962813,False,,,,False
2026-06-04,Cabai Rawit,1,VII,57000.0,DI Yogyakarta,2026-08-30T11:38:18.765381+00:00,DI Yogyakarta,51053.57142857143,8279.131882345782,0.7182430061427806,False,,,,False
2026-06-05,Cabai Rawit,1,VII,57000.0,DI Yogyakarta,2026-08-30T11:38:18.765381+00:00,DI Yogyakarta,52242.857142857145,7805.640395125924,0.6094494002200457,False,,,,False
2026-06-08,Cabai Rawit,1,VII,57000.0,DI Yogyakarta,2026-08-30T11:38:18.765381+00:00,DI Yogyakarta,53432.142857142855,7089.824971878196,0.503236279740199,False,,,,False
2026-06-09,Cabai Rawit,1,VII,57000.0,DI Yogyakarta,2026-08-30T11:38:18.765381+00:00,DI Yogyakarta,54621.42857142857,6046.22305136129,0.3933978962347244,False,,,,False
2026-06-10,Cabai Rawit,1,VII,57000.0,DI Yogyakarta,2026-08-30T11:38:18.765381+00:00,DI Yogyakarta,55810.71428571428,4449.899677841793,0.26726124191242945,False,,,,False
2026-06-11,Cabai Rawit,1,VII,57000.0,DI Yogyakarta,2026-08-30T11:38:18.765381+00:00,DI Yogyakarta,57000.0,0.0,,False,,,,False
2026-06-12,Cabai Rawit,1,VII,57000.0,DI Yogyakarta,2026-08-30T11:38:18.765381+00:00,DI Yogyakarta,57000.0,0.0,,False,,,,False
2026-06-15,Cabai Rawit,1,VII,57000.0,DI Yogyakarta,2026-08-30T11:38:18.765381+00:00,DI Yogyakarta,57000.0,0.0,,False,,,,False
2026-06-16,Cabai Rawit,1,VII,57000.0,DI Yogyakarta,2026-08-30T11:38:18.765381+00:00,DI Yogyakarta,57000.0,0.0,,False,,,,False
2026-06-17,Cabai Rawit,1,VII,57000.0,DI Yogyakarta,2026-08-30T11:38:18.765381+00:00,DI Yogyakarta,57000.0,0.0,,False,,,,False
2026-06-18,Cabai Rawit,1,VII,57000.0,DI Yogyakarta,2026-08-30T11:38:18.765381+00:00,DI Yogyakarta,57000.0,0.0,,False,,,,False
2026-06-19,Cabai Rawit,1,VII,57000.0,DI Yogyakarta,2026-08-30T11:38:18.765381+00:00,DI Yogyakarta,57000.0,0.0,,False,,,,False
2026-06-22,Cabai Rawit,1,VII,57000.0,DI Yogyakarta,2026-08-30T11:38:18.765381+00:00,DI Yogyakarta,57000.0,0.0,,False,,,,False
2026-06-23,Cabai Rawit,1,VII,57000.0,DI Yogyakarta,2026-08-30T11:38:18.765381+00:00,DI Yogyakarta,57000.0,0.0,,False,,,,False
2026-06-24,Cabai Rawit,1,VII,57000.0,DI Yogyakarta,2026-08-30T11:38:18.765381+00:00,DI Yogyakarta,57000.0,0.0,,False,,,,False
2026-06-25,Cabai Rawit,1,VII,45350.0,DI Yogyakarta,2026-08-30T11:38:18.765381+00:00,DI Yogyakarta,56167.857142857145,3113.5934682797442,-3.4743961448615175,True,,,,False
2026-06-26,Cabai Rawit,1,VII,45350.0,DI Yogyakarta,2026-08-30T11:38:18.765381+00:00,DI Yogyakarta,55335.71428571428,4230.54045335493,-2.360387377408328,True,,,,False
2026-06-29,Cabai Rawit,1,VII,45350.0,DI Yogyakarta,2026-08-30T11:38:18.765381+00:00,DI Yogyakarta,54503.57142857143,4960.74840374663,-1.8451996923807195,False,,,,False
2026-06-30,Cabai Rawit,1,VII,45350.0,DI Yogyakarta,2026-08-30T11:38:18.765381+00:00,DI Yogyakarta,53671.42857142857,5461.604240433474,-1.5236235005501098,False,,,,False
2026-07-01,Cabai Rawit,1,VII,45350.0,DI Yogyakarta,2026-08-30T11:38:18.765381+00:00,DI Yogyakarta,52839.28571428572,5792.90609185157,-1.2928374110570018,False,,,,False
2026-07-02,Cabai Rawit,1,VII,45350.0,DI Yogyakarta,2026-08-30T11:38:18.765381+00:00,DI Yogyakarta,52007.142857142855,5982.887685302568,-1.1126972805283724,False,,,,False
2026-07-03,Cabai Rawit,1,VII,45350.0,DI Yogyakarta,2026-08-30T11:38:18.765381+00:00,DI Yogyakarta,51175.0,6044.8881773712865,-0.9636241116594305,False,,,,False
2026-07-06,Cabai Rawit,1,VII,45350.0,DI Yogyakarta,2026-08-30T11:38:13.847136+00:00,DI Yogyakarta,50342.857142857145,5982.887685302571,-0.8345229603962793,False,,,,False
2026-07-07,Cabai Rawit,1,VII,45350.0,DI Yogyakarta,2026-08-30T11:38:13.847136+00:00,DI Yogyakarta,49510.71428571428,5792.906091851578,-0.7182430061427769,False,,,,False
2026-07-08,Cabai Rawit,1,VII,45350.0,DI Yogyakarta,2026-08-30T11:38:13.847136+00:00,DI Yogyakarta,48678.57142857143,5461.604240433488,-0.6094494002200421,False,,,,False
2026-07-09,Cabai Rawit,1,VII,45350.0,DI Yogyakarta,2026-08-30T11:38:13.847136+00:00,DI Yogyakarta,47846.42857142857,4960.74840374665,-0.5032362797401945,False,,,,False
2026-07-10,Cabai Rawit,1,VII,45350.0,DI Yogyakarta,2026-08-30T11:38:13.847136+00:00,DI Yogyakarta,47014.28571428572,4230.540453354959,-0.3933978962347195,False,,,,False
2026-07-13,Cabai Rawit,1,VII,45350.0,DI Yogyakarta,2026-08-30T11:38:13.847136+00:00,DI Yogyakarta,46182.142857142855,3113.5934682797915,-0.2672612419124196,False,,,,False
2026-07-14,Cabai Rawit,1,VII,45350.0,DI Yogyakarta,2026-08-30T11:38:13.847136+00:00,DI Yogyakarta,45350.0,0.0,,False,,,,False
2026-07-15,Cabai Rawit,1,VII,45350.0,DI Yogyakarta,2026-08-30T11:38:13.847136+00:00,DI Yogyakarta,45350.0,0.0,,False,,,,False
2026-07-16,Cabai Rawit,1,VII,45350.0,DI Yogyakarta,2026-08-30T11:38:13.847136+00:00,DI Yogyakarta,45350.0,0.0,,False,,,,False
2026-07-17,Cabai Rawit,1,VII,45350.0,DI Yogyakarta,2026-08-30T11:38:13.847136+00:00,DI Yogyakarta,45350.0,0.0,,False,,,,False
2026-07-20,Cabai Rawit,1,VII,45350.0,DI Yogyakarta,2026-08-30T11:38:13.847136+00:00,DI Yogyakarta,45350.0,0.0,,False,,,,False
2026-07-21,Cabai Rawit,1,VII,45350.0,DI Yogyakarta,2026-08-30T11:38:13.847136+00:00,DI Yogyakarta,45350.0,0.0,,False,,,,False
2026-07-22,Cabai Rawit,1,VII,45350.0,DI Yogyakarta,2026-08-30T11:38:13.847136+00:00,DI Yogyakarta,45350.0,0.0,,False,,,,False
2026-07-23,Cabai Rawit,1,VII,45350.0,DI Yogyakarta,2026-08-30T11:38:13.847136+00:00,DI Yogyakarta,45350.0,0.0,,False,,,,False
2026-07-24,Cabai Rawit,1,VII,45350.0,DI Yogyakarta,2026-08-30T11:38:13.847136+00:00,DI Yogyakarta,45350.0,0.0,,False,,,,False
2026-07-27,Cabai Rawit,1,VII,31250.0,DI Yogyakarta,2026-08-30T11:38:13.847136+00:00,DI Yogyakarta,44342.857142857145,3768.383510965184,-3.4743961448615175,True,,,,False
2026-07-28,Cabai Rawit,1,VII,31250.0,DI Yogyakarta,2026-08-30T11:38:13.847136+00:00,DI Yogyakarta,43335.71428571428,5120.224926378069,-2.360387377408329,True,,,,False
2026-07-29,Cabai Rawit,1,VII,31250.0,DI Yogyakarta,2026-08-30T11:38:13.847136+00:00,DI Yogyakarta,42328.57142857143,6003.995922131114,-1.84519969238072,False,,,,False
2026-07-30,Cabai Rawit,1,VII,31250.0,DI Yogyakarta,2026-08-30T11:38:13.847136+00:00,DI Yogyakarta,41321.42857142857,6610.181956232787,-1.5236235005501098,False,,,,False
2026-07-31,Cabai Rawit,1,VII,31250.0,DI Yogyakarta,2026-08-30T11:38:13.847136+00:00,DI Yogyakarta,40314.28571428572,7011.1567291937445,-1.2928374110570018,False,,,,False
2026-08-03,Cabai Rawit,1,VII,31250.0,DI Yogyakarta,2026-08-30T11:38:13.847136+00:00,DI Yogyakarta,39307.142857142855,7241.091533284649,-1.112697280528373,False,,,,False
2026-08-04,Cabai Rawit,1,VII,31250.0,DI Yogyakarta,2026-08-30T11:38:13.847136+00:00,DI Yogyakarta,38300.0,7316.1307554450705,-0.9636241116594313,False,,,,False
2026-08-05,Cabai Rawit,1,VII,31250.0,DI Yogyakarta,2026-08-30T11:38:13.847136+00:00,DI Yogyakarta,37292.857142857145,7241.091533284647,-0.8345229603962804,False,,,,False
2026-08-06,Cabai Rawit,1,VII,31250.0,DI Yogyakarta,2026-08-30T11:38:13.847136+00:00,DI Yogyakarta,36285.71428571428,7011.156729193739,-0.7182430061427787,False,,,,False
2026-08-07,Cabai Rawit,1,VII,31250.0,DI Yogyakarta,2026-08-30T11:38:13.847136+00:00,DI Yogyakarta,35278.57142857143,6610.18195623278,-0.6094494002200443,False,,,,False
2026-08-10,Cabai Rawit,1,VII,31250.0,DI Yogyakarta,2026-08-30T11:38:13.847136+00:00,DI Yogyakarta,34271.42857142857,6003.995922131103,-0.5032362797401975,False,,,,False
2026-08-11,Cabai Rawit,1,VII,31250.0,DI Yogyakarta,2026-08-30T11:38:13.847136+00:00,DI Yogyakarta,33264.28571428572,5120.22492637805,-0.39339789623472354,False,,,,False
2026-08-12,Cabai Rawit,1,VII,31250.0,DI Yogyakarta,2026-08-30T11:38:13.847136+00:00,DI Yogyakarta,32257.14285714286,3768.3835109651495,-0.2672612419124272,False,,,,False
2026-08-13,Cabai Rawit,1,VII,31250.0,DI Yogyakarta,2026-08-30T11:38:13.847136+00:00,DI Yogyakarta,31250.0,0.0,,False,,,,False
2026-08-14,Cabai Rawit,1,VII,31250.0,DI Yogyakarta,2026-08-30T11:38:13.847136+00:00,DI Yogyakarta,31250.0,0.0,,False,,,,False
2026-08-17,Cabai Rawit,1,VII,31250.0,DI Yogyakarta,2026-08-30T10:03:35.195323+00:00,DI Yogyakarta,31250.0,0.0,,False,,,,False
2026-08-18,Cabai Rawit,1,VII,31250.0,DI Yogyakarta,2026-08-30T10:03:35.195323+00:00,DI Yogyakarta,31250.0,0.0,,False,,,,False
2026-08-19,Cabai Rawit,1,VII,31250.0,DI Yogyakarta,2026-08-30T10:03:35.195323+00:00,DI Yogyakarta,31250.0,0.0,,False,,,,False
2026-08-20,Cabai Rawit,1,VII,31250.0,DI Yogyakarta,2026-08-30T10:03:35.195323+00:00,DI Yogyakarta,31250.0,0.0,,False,,,,False
2026-08-21,Cabai Rawit,1,VII,31250.0,DI Yogyakarta,2026-08-30T10:03:35.195323+00:00,DI Yogyakarta,31250.0,0.0,,False,,,,False
2026-08-24,Cabai Rawit,1,VII,31250.0,DI Yogyakarta,2026-08-30T10:03:35.195323+00:00,DI Yogyakarta,31250.0,0.0,,False,,,,False
2026-08-25,Cabai Rawit,1,VII,34700.0,DI Yogyakarta,2026-08-30T10:03:35.195323+00:00,DI Yogyakarta,31496.428571428572,922.051284597864,3.4743961448615166,True,,,,False
2026-08-26,Cabai Rawit,1,VII,34700.0,DI Yogyakarta,2026-08-30T10:03:35.195323+00:00,DI Yogyakarta,31742.85714285714,1252.8209926244206,2.3603873774083315,True,,,,False
2026-08-27,Cabai Rawit,1,VII,34700.0,DI Yogyakarta,2026-08-30T10:03:35.195323+00:00,DI Yogyakarta,31989.285714285714,1469.0628320108033,1.845199692380722,False,,,,False
2026-08-28,Cabai Rawit,1,VII,34700.0,DI Yogyakarta,2026-08-30T10:03:35.195323+00:00,DI Yogyakarta,32235.714285714286,1617.3849467378077,1.5236235005501113,False,,,,False
2026-03-03,Cabai Rawit Hijau,2,1,38350.0,DI Yogyakarta,2026-08-30T11:38:26.756565+00:00,DI Yogyakarta,,,,False,,,,False
2026-03-04,Cabai Rawit Hijau,2,1,38350.0,DI Yogyakarta,2026-08-30T11:38:26.756565+00:00,DI Yogyakarta,,,,False,,,,False
2026-03-05,Cabai Rawit Hijau,2,1,38350.0,DI Yogyakarta,2026-08-30T11:38:26.756565+00:00,DI Yogyakarta,,,,False,,,,False
2026-03-06,Cabai Rawit Hijau,2,1,38350.0,DI Yogyakarta,2026-08-30T11:38:26.756565+00:00,DI Yogyakarta,,,,False,,,,False
2026-03-09,Cabai Rawit Hijau,2,1,38350.0,DI Yogyakarta,2026-08-30T11:38:26.756565+00:00,DI Yogyakarta,38350.0,0.0,,False,,,,False
2026-03-10,Cabai Rawit Hijau,2,1,38350.0,DI Yogyakarta,2026-08-30T11:38:26.756565+00:00,DI Yogyakarta,38350.0,0.0,,False,,,,False
2026-03-11,Cabai Rawit Hijau,2,1,38350.0,DI Yogyakarta,2026-08-30T11:38:26.756565+00:00,DI Yogyakarta,38350.0,0.0,,False,,,,False
2026-03-12,Cabai Rawit Hijau,2,1,38350.0,DI Yogyakarta,2026-08-30T11:38:26.756565+00:00,DI Yogyakarta,38350.0,0.0,,False,,,,False
2026-03-13,Cabai Rawit Hijau,2,1,38350.0,DI Yogyakarta,2026-08-30T11:38:26.756565+00:00,DI Yogyakarta,38350.0,0.0,,False,,,,False
2026-03-16,Cabai Rawit Hijau,2,1,38350.0,DI Yogyakarta,2026-08-30T11:38:23.606628+00:00,DI Yogyakarta,38350.0,0.0,,False,,,,False
2026-03-17,Cabai Rawit Hijau,2,1,38350.0,DI Yogyakarta,2026-08-30T11:38:23.606628+00:00,DI Yogyakarta,38350.0,0.0,,False,,,,False
2026-03-18,Cabai Rawit Hijau,2,1,38350.0,DI Yogyakarta,2026-08-30T11:38:23.606628+00:00,DI Yogyakarta,38350.0,0.0,,False,,,,False
2026-03-19,Cabai Rawit Hijau,2,1,38350.0,DI Yogyakarta,2026-08-30T11:38:23.606628+00:00,DI Yogyakarta,38350.0,0.0,,False,,,,False
2026-03-20,Cabai Rawit Hijau,2,1,38350.0,DI Yogyakarta,2026-08-30T11:38:23.606628+00:00,DI Yogyakarta,38350.0,0.0,,False,,,,False
2026-03-23,Cabai Rawit Hijau,2,1,38350.0,DI Yogyakarta,2026-08-30T11:38:23.606628+00:00,DI Yogyakarta,38350.0,0.0,,False,,,,False
2026-03-24,Cabai Rawit Hijau,2,1,38350.0,DI Yogyakarta,2026-08-30T11:38:23.606628+00:00,DI Yogyakarta,38350.0,0.0,,False,,,,False
2026-03-25,Cabai Rawit Hijau,2,1,38350.0,DI Yogyakarta,2026-08-30T11:38:23.606628+00:00,DI Yogyakarta,38350.0,0.0,,False,,,,False
2026-03-26,Cabai Rawit Hijau,2,1,38350.0,DI Yogyakarta,2026-08-30T11:38:23.606628+00:00,DI Yogyakarta,38350.0,0.0,,False,,,,False
2026-03-27,Cabai Rawit Hijau,2,1,38350.0,DI Yogyakarta,2026-08-30T11:38:23.606628+00:00,DI Yogyakarta,38350.0,0.0,,False,,,,False
2026-03-30,Cabai Rawit Hijau,2,1,38350.0,DI Yogyakarta,2026-08-30T11:38:23.606628+00:00,DI Yogyakarta,38350.0,0.0,,False,,,,False
2026-03-31,Cabai Rawit Hijau,2,1,38350.0,DI Yogyakarta,2026-08-30T11:38:23.606628+00:00,DI Yogyakarta,38350.0,0.0,,False,,,,False
2026-04-01,Cabai Rawit Hijau,2,1,38350.0,DI Yogyakarta,2026-08-30T11:38:23.606628+00:00,DI Yogyakarta,38350.0,0.0,,False,,,,False
2026-04-02,Cabai Rawit Hijau,2,1,38350.0,DI Yogyakarta,2026-08-30T11:38:23.606628+00:00,DI Yogyakarta,38350.0,0.0,,False,,,,False
2026-04-03,Cabai Rawit Hijau,2,1,38350.0,DI Yogyakarta,2026-08-30T11:38:23.606628+00:00,DI Yogyakarta,38350.0,0.0,,False,,,,False
2026-04-06,Cabai Rawit Hijau,2,1,38350.0,DI Yogyakarta,2026-08-30T11:38:23.606628+00:00,DI Yogyakarta,38350.0,0.0,,False,,,,False
2026-04-07,Cabai Rawit Hijau,2,1,38350.0,DI Yogyakarta,2026-08-30T11:38:23.606628+00:00,DI Yogyakarta,38350.0,0.0,,False,,,,False
2026-04-08,Cabai Rawit Hijau,2,1,38350.0,DI Yogyakarta,2026-08-30T11:38:23.606628+00:00,DI Yogyakarta,38350.0,0.0,,False,,,,False
2026-04-09,Cabai Rawit Hijau,2,1,38350.0,DI Yogyakarta,2026-08-30T11:38:23.606628+00:00,DI Yogyakarta,38350.0,0.0,,False,,,,False
2026-04-10,Cabai Rawit Hijau,2,1,38350.0,DI Yogyakarta,2026-08-30T11:38:23.606628+00:00,DI Yogyakarta,38350.0,0.0,,False,,,,False
2026-04-13,Cabai Rawit Hijau,2,1,38350.0,DI Yogyakarta,2026-08-30T11:38:23.606628+00:00,DI Yogyakarta,38350.0,0.0,,False,,,,False
2026-04-14,Cabai Rawit Hijau,2,1,38350.0,DI Yogyakarta,2026-08-30T11:38:23.606628+00:00,DI Yogyakarta,38350.0,0.0,,False,,,,False
2026-04-15,Cabai Rawit Hijau,2,1,38350.0,DI Yogyakarta,2026-08-30T11:38:23.606628+00:00,DI Yogyakarta,38350.0,0.0,,False,,,,False
2026-04-16,Cabai Rawit Hijau,2,1,38350.0,DI Yogyakarta,2026-08-30T11:38:23.606628+00:00,DI Yogyakarta,38350.0,0.0,,False,,,,False
2026-04-17,Cabai Rawit Hijau,2,1,38350.0,DI Yogyakarta,2026-08-30T11:38:23.606628+00:00,DI Yogyakarta,38350.0,0.0,,False,,,,False
2026-04-20,Cabai Rawit Hijau,2,1,38350.0,DI Yogyakarta,2026-08-30T11:38:23.606628+00:00,DI Yogyakarta,38350.0,0.0,,False,,,,False
2026-04-21,Cabai Rawit Hijau,2,1,38350.0,DI Yogyakarta,2026-08-30T11:38:23.606628+00:00,DI Yogyakarta,38350.0,0.0,,False,,,,False
2026-04-22,Cabai Rawit Hijau,2,1,38350.0,DI Yogyakarta,2026-08-30T11:38:23.606628+00:00,DI Yogyakarta,38350.0,0.0,,False,,,,False
2026-04-23,Cabai Rawit Hijau,2,1,38350.0,DI Yogyakarta,2026-08-30T11:38:23.606628+00:00,DI Yogyakarta,38350.0,0.0,,False,,,,False
2026-04-24,Cabai Rawit Hijau,2,1,38350.0,DI Yogyakarta,2026-08-30T11:38:23.606628+00:00,DI Yogyakarta,38350.0,0.0,,False,,,,False
2026-04-27,Cabai Rawit Hijau,2,1,38650.0,DI Yogyakarta,2026-08-30T11:38:23.606628+00:00,DI Yogyakarta,38371.42857142857,80.17837257372717,3.4743961448615104,True,,,,False
2026-04-28,Cabai Rawit Hijau,2,1,38650.0,DI Yogyakarta,2026-08-30T11:38:23.606628+00:00,DI Yogyakarta,38392.857142857145,108.94095588038422,2.360387377408315,True,,,,False
2026-04-29,Cabai Rawit Hijau,2,1,38650.0,DI Yogyakarta,2026-08-30T11:38:23.606628+00:00,DI Yogyakarta,38414.28571428572,127.74459408789515,1.8451996923807084,False,,,,False
2026-04-30,Cabai Rawit Hijau,2,1,38650.0,DI Yogyakarta,2026-08-30T11:38:23.606628+00:00,DI Yogyakarta,38435.71428571428,140.6421692815472,1.5236235005501477,False,,,,False
2026-05-01,Cabai Rawit Hijau,2,1,38650.0,DI Yogyakarta,2026-08-30T11:38:23.606628+00:00,DI Yogyakarta,38457.142857142855,149.17354742965216,1.2928374110570324,False,,,,False
2026-05-04,Cabai Rawit Hijau,2,1,38650.0,DI Yogyakarta,2026-08-30T11:38:23.606628+00:00,DI Yogyakarta,38478.57142857143,154.06577730392576,1.1126972805284012,False,,,,False
2026-05-05,Cabai Rawit Hijau,2,1,38650.0,DI Yogyakarta,2026-08-30T11:38:23.606628+00:00,DI Yogyakarta,38500.0,155.6623564988273,0.9636241116594559,False,,,,False
2026-05-06,Cabai Rawit Hijau,2,1,38650.0,DI Yogyakarta,2026-08-30T11:38:23.606628+00:00,DI Yogyakarta,38521.42857142857,154.06577730392365,0.8345229603963005,False,,,,False
2026-05-07,Cabai Rawit Hijau,2,1,38650.0,DI Yogyakarta,2026-08-30T11:38:23.606628+00:00,DI Yogyakarta,38542.857142857145,149.17354742964804,0.718243006142794,False,,,,False
2026-05-08,Cabai Rawit Hijau,2,1,38650.0,DI Yogyakarta,2026-08-30T11:38:23.606628+00:00,DI Yogyakarta,38564.28571428572,140.64216928154167,0.609449400220052,False,,,,False
2026-05-11,Cabai Rawit Hijau,2,1,38650.0,DI Yogyakarta,2026-08-30T11:38:18.765381+00:00,DI Yogyakarta,38585.71428571428,127.74459408788779,0.5032362797402533,False,,,,False
2026-05-12,Cabai Rawit Hijau,2,1,38650.0,DI Yogyakarta,2026-08-30T11:38:18.765381+00:00,DI Yogyakarta,38607.142857142855,108.9409558803741,0.39339789623477794,False,,,,False
2026-05-13,Cabai Rawit Hijau,2,1,38650.0,DI Yogyakarta,2026-08-30T11:38:18.765381+00:00,DI Yogyakarta,38628.57142857143,80.17837257371139,0.26726124191249045,False,,,,False
2026-05-14,Cabai Rawit Hijau,2,1,38650.0,DI Yogyakarta,2026-08-30T11:38:18.765381+00:00,DI Yogyakarta,38650.0,0.0,,False,,,,False
2026-05-15,Cabai Rawit Hijau,2,1,38650.0,DI Yogyakarta,2026-08-30T11:38:18.765381+00:00,DI Yogyakarta,38650.0,0.0,,False,,,,False
2026-05-18,Cabai Rawit Hijau,2,1,38650.0,DI Yogyakarta,2026-08-30T11:38:18.765381+00:00,DI Yogyakarta,38650.0,0.0,,False,,,,False
2026-05-19,Cabai Rawit Hijau,2,1,38650.0,DI Yogyakarta,2026-08-30T11:38:18.765381+00:00,DI Yogyakarta,38650.0,0.0,,False,,,,False
2026-05-20,Cabai Rawit Hijau,2,1,38650.0,DI Yogyakarta,2026-08-30T11:38:18.765381+00:00,DI Yogyakarta,38650.0,0.0,,False,,,,False
2026-05-21,Cabai Rawit Hijau,2,1,38650.0,DI Yogyakarta,2026-08-30T11:38:18.765381+00:00,DI Yogyakarta,38650.0,0.0,,False,,,,False
2026-05-22,Cabai Rawit Hijau,2,1,38650.0,DI Yogyakarta,2026-08-30T11:38:18.765381+00:00,DI Yogyakarta,38650.0,0.0,,False,,,,False
2026-05-25,Cabai Rawit Hijau,2,1,49000.0,DI Yogyakarta,2026-08-30T11:38:18.765381+00:00,DI Yogyakarta,39389.28571428572,2766.1538537935917,3.4743961448615166,True,,,,False
2026-05-26,Cabai Rawit Hijau,2,1,49000.0,DI Yogyakarta,2026-08-30T11:38:18.765381+00:00,DI Yogyakarta,40128.57142857143,3758.4629778732615,2.3603873774083306,True,,,,False
2026-05-27,Cabai Rawit Hijau,2,1,49000.0,DI Yogyakarta,2026-08-30T11:38:18.765381+00:00,DI Yogyakarta,40867.857142857145,4407.18849603241,1.845199692380721,False,,,,False
2026-05-28,Cabai Rawit Hijau,2,1,49000.0,DI Yogyakarta,2026-08-30T11:38:18.765381+00:00,DI Yogyakarta,41607.142857142855,4852.154840213424,1.5236235005501118,False,,,,False
2026-05-29,Cabai Rawit Hijau,2,1,49000.0,DI Yogyakarta,2026-08-30T11:38:18.765381+00:00,DI Yogyakarta,42346.42857142857,5146.487386323061,1.2928374110570027,False,,,,False
2026-06-01,Cabai Rawit Hijau,2,1,49000.0,DI Yogyakarta,2026-08-30T11:38:18.765381+00:00,DI Yogyakarta,43085.71428571428,5315.269316985533,1.1126972805283752,False,,,,False
2026-06-02,Cabai Rawit Hijau,2,1,49000.0,DI Yogyakarta,2026-08-30T11:38:18.765381+00:00,DI Yogyakarta,43825.0,5370.35129920967,0.963624111659433,False,,,,False
2026-06-03,Cabai Rawit Hijau,2,1,49000.0,DI Yogyakarta,2026-08-30T11:38:18.765381+00:00,DI Yogyakarta,44564.28571428572,5315.269316985528,0.8345229603962812,False,,,,False
2026-06-04,Cabai Rawit Hijau,2,1,49000.0,DI Yogyakarta,2026-08-30T11:38:18.765381+00:00,DI Yogyakarta,45303.57142857143,5146.487386323053,0.7182430061427808,False,,,,False
2026-06-05,Cabai Rawit Hijau,2,1,49000.0,DI Yogyakarta,2026-08-30T11:38:18.765381+00:00,DI Yogyakarta,46042.857142857145,4852.154840213412,0.6094494002200456,False,,,,False
2026-06-08,Cabai Rawit Hijau,2,1,49000.0,DI Yogyakarta,2026-08-30T11:38:18.765381+00:00,DI Yogyakarta,46782.142857142855,4407.188496032393,0.5032362797401991,False,,,,False
2026-06-09,Cabai Rawit Hijau,2,1,49000.0,DI Yogyakarta,2026-08-30T11:38:18.765381+00:00,DI Yogyakarta,47521.42857142857,3758.462977873236,0.3933978962347241,False,,,,False
2026-06-10,Cabai Rawit Hijau,2,1,49000.0,DI Yogyakarta,2026-08-30T11:38:18.765381+00:00,DI Yogyakarta,48260.71428571428,2766.153853793551,0.2672612419124295,False,,,,False
2026-06-11,Cabai Rawit Hijau,2,1,49000.0,DI Yogyakarta,2026-08-30T11:38:18.765381+00:00,DI Yogyakarta,49000.0,0.0,,False,,,,False
2026-06-12,Cabai Rawit Hijau,2,1,49000.0,DI Yogyakarta,2026-08-30T11:38:18.765381+00:00,DI Yogyakarta,49000.0,0.0,,False,,,,False
2026-06-15,Cabai Rawit Hijau,2,1,49000.0,DI Yogyakarta,2026-08-30T11:38:18.765381+00:00,DI Yogyakarta,49000.0,0.0,,False,,,,False
2026-06-16,Cabai Rawit Hijau,2,1,49000.0,DI Yogyakarta,2026-08-30T11:38:18.765381+00:00,DI Yogyakarta,49000.0,0.0,,False,,,,False
2026-06-17,Cabai Rawit Hijau,2,1,49000.0,DI Yogyakarta,2026-08-30T11:38:18.765381+00:00,DI Yogyakarta,49000.0,0.0,,False,,,,False
2026-06-18,Cabai Rawit Hijau,2,1,49000.0,DI Yogyakarta,2026-08-30T11:38:18.765381+00:00,DI Yogyakarta,49000.0,0.0,,False,,,,False
2026-06-19,Cabai Rawit Hijau,2,1,49000.0,DI Yogyakarta,2026-08-30T11:38:18.765381+00:00,DI Yogyakarta,49000.0,0.0,,False,,,,False
2026-06-22,Cabai Rawit Hijau,2,1,49000.0,DI Yogyakarta,2026-08-30T11:38:18.765381+00:00,DI Yogyakarta,49000.0,0.0,,False,,,,False
2026-06-23,Cabai Rawit Hijau,2,1,49000.0,DI Yogyakarta,2026-08-30T11:38:18.765381+00:00,DI Yogyakarta,49000.0,0.0,,False,,,,False
2026-06-24,Cabai Rawit Hijau,2,1,49000.0,DI Yogyakarta,2026-08-30T11:38:18.765381+00:00,DI Yogyakarta,49000.0,0.0,,False,,,,False
2026-06-25,Cabai Rawit Hijau,2,1,43650.0,DI Yogyakarta,2026-08-30T11:38:18.765381+00:00,DI Yogyakarta,48617.857142857145,1429.8476442314707,-3.474396144861518,True,,,,False
2026-06-26,Cabai Rawit Hijau,2,1,43650.0,DI Yogyakarta,2026-08-30T11:38:18.765381+00:00,DI Yogyakarta,48235.71428571428,1942.7803798668565,-2.360387377408327,True,,,,False
2026-06-29,Cabai Rawit Hijau,2,1,43650.0,DI Yogyakarta,2026-08-30T11:38:18.765381+00:00,DI Yogyakarta,47853.57142857143,2278.111927900813,-1.8451996923807192,False,,,,False
2026-06-30,Cabai Rawit Hijau,2,1,43650.0,DI Yogyakarta,2026-08-30T11:38:18.765381+00:00,DI Yogyakarta,47471.42857142857,2508.118685520951,-1.5236235005501102,False,,,,False
2026-07-01,Cabai Rawit Hijau,2,1,43650.0,DI Yogyakarta,2026-08-30T11:38:18.765381+00:00,DI Yogyakarta,47089.28571428572,2660.261595828832,-1.2928374110570027,False,,,,False
2026-07-02,Cabai Rawit Hijau,2,1,43650.0,DI Yogyakarta,2026-08-30T11:38:18.765381+00:00,DI Yogyakarta,46707.142857142855,2747.5063619200623,-1.1126972805283724,False,,,,False
2026-07-03,Cabai Rawit Hijau,2,1,43650.0,DI Yogyakarta,2026-08-30T11:38:18.765381+00:00,DI Yogyakarta,46325.0,2775.978690895826,-0.9636241116594308,False,,,,False
2026-07-06,Cabai Rawit Hijau,2,1,43650.0,DI Yogyakarta,2026-08-30T11:38:13.847136+00:00,DI Yogyakarta,45942.857142857145,2747.5063619200623,-0.8345229603962805,False,,,,False
2026-07-07,Cabai Rawit Hijau,2,1,43650.0,DI Yogyakarta,2026-08-30T11:38:13.847136+00:00,DI Yogyakarta,45560.71428571428,2660.261595828832,-0.7182430061427774,False,,,,False
2026-07-08,Cabai Rawit Hijau,2,1,43650.0,DI Yogyakarta,2026-08-30T11:38:13.847136+00:00,DI Yogyakarta,45178.57142857143,2508.118685520951,-0.6094494002200435,False,,,,False
2026-07-09,Cabai Rawit Hijau,2,1,43650.0,DI Yogyakarta,2026-08-30T11:38:13.847136+00:00,DI Yogyakarta,44796.42857142857,2278.111927900813,-0.5032362797401967,False,,,,False
2026-07-10,Cabai Rawit Hijau,2,1,43650.0,DI Yogyakarta,2026-08-30T11:38:13.847136+00:00,DI Yogyakarta,44414.28571428572,1942.7803798668563,-0.3933978962347231,False,,,,False
2026-07-13,Cabai Rawit Hijau,2,1,43650.0,DI Yogyakarta,2026-08-30T11:38:13.847136+00:00,DI Yogyakarta,44032.142857142855,1429.8476442314695,-0.2672612419124231,False,,,,False
2026-07-14,Cabai Rawit Hijau,2,1,43650.0,DI Yogyakarta,2026-08-30T11:38:13.847136+00:00,DI Yogyakarta,43650.0,0.0,,False,,,,False
2026-07-15,Cabai Rawit Hijau,2,1,43650.0,DI Yogyakarta,2026-08-30T11:38:13.847136+00:00,DI Yogyakarta,43650.0,0.0,,False,,,,False
2026-07-16,Cabai Rawit Hijau,2,1,43650.0,DI Yogyakarta,2026-08-30T11:38:13.847136+00:00,DI Yogyakarta,43650.0,0.0,,False,,,,False
2026-07-17,Cabai Rawit Hijau,2,1,43650.0,DI Yogyakarta,2026-08-30T11:38:13.847136+00:00,DI Yogyakarta,43650.0,0.0,,False,,,,False
2026-07-20,Cabai Rawit Hijau,2,1,43650.0,DI Yogyakarta,2026-08-30T11:38:13.847136+00:00,DI Yogyakarta,43650.0,0.0,,False,,,,False
2026-07-21,Cabai Rawit Hijau,2,1,43650.0,DI Yogyakarta,2026-08-30T11:38:13.847136+00:00,DI Yogyakarta,43650.0,0.0,,False,,,,False
2026-07-22,Cabai Rawit Hijau,2,1,43650.0,DI Yogyakarta,2026-08-30T11:38:13.847136+00:00,DI Yogyakarta,43650.0,0.0,,False,,,,False
2026-07-23,Cabai Rawit Hijau,2,1,43650.0,DI Yogyakarta,2026-08-30T11:38:13.847136+00:00,DI Yogyakarta,43650.0,0.0,,False,,,,False
2026-07-24,Cabai Rawit Hijau,2,1,43650.0,DI Yogyakarta,2026-08-30T11:38:13.847136+00:00,DI Yogyakarta,43650.0,0.0,,False,,,,False
2026-07-27,Cabai Rawit Hijau,2,1,33150.0,DI Yogyakarta,2026-08-30T11:38:13.847136+00:00,DI Yogyakarta,42900.0,2806.243040080456,-3.474396144861517,True,,,,False
2026-07-28,Cabai Rawit Hijau,2,1,33150.0,DI Yogyakarta,2026-08-30T11:38:13.847136+00:00,DI Yogyakarta,42150.0,3812.9334558134556,-2.3603873774083293,True,,,,False
2026-07-29,Cabai Rawit Hijau,2,1,33150.0,DI Yogyakarta,2026-08-30T11:38:13.847136+00:00,DI Yogyakarta,41400.0,4471.060793076361,-1.8451996923807201,False,,,,False
2026-07-30,Cabai Rawit Hijau,2,1,33150.0,DI Yogyakarta,2026-08-30T11:38:13.847136+00:00,DI Yogyakarta,40650.0,4922.475924854202,-1.52362350055011,False,,,,False
2026-07-31,Cabai Rawit Hijau,2,1,33150.0,DI Yogyakarta,2026-08-30T11:38:13.847136+00:00,DI Yogyakarta,39900.0,5221.074160037892,-1.292837411057002,False,,,,False
2026-08-03,Cabai Rawit Hijau,2,1,33150.0,DI Yogyakarta,2026-08-30T11:38:13.847136+00:00,DI Yogyakarta,39150.0,5392.302205637502,-1.1126972805283737,False,,,,False
2026-08-04,Cabai Rawit Hijau,2,1,33150.0,DI Yogyakarta,2026-08-30T11:38:13.847136+00:00,DI Yogyakarta,38400.0,5448.182477459094,-0.9636241116594314,False,,,,False
2026-08-05,Cabai Rawit Hijau,2,1,33150.0,DI Yogyakarta,2026-08-30T11:38:13.847136+00:00,DI Yogyakarta,37650.0,5392.302205637503,-0.8345229603962802,False,,,,False
2026-08-06,Cabai Rawit Hijau,2,1,33150.0,DI Yogyakarta,2026-08-30T11:38:13.847136+00:00,DI Yogyakarta,36900.0,5221.074160037892,-0.7182430061427789,False,,,,False
2026-08-07,Cabai Rawit Hijau,2,1,33150.0,DI Yogyakarta,2026-08-30T11:38:13.847136+00:00,DI Yogyakarta,36150.0,4922.475924854202,-0.609449400220044,False,,,,False
2026-08-10,Cabai Rawit Hijau,2,1,33150.0,DI Yogyakarta,2026-08-30T11:38:13.847136+00:00,DI Yogyakarta,35400.0,4471.060793076361,-0.5032362797401965,False,,,,False
2026-08-11,Cabai Rawit Hijau,2,1,33150.0,DI Yogyakarta,2026-08-30T11:38:13.847136+00:00,DI Yogyakarta,34650.0,3812.933455813456,-0.3933978962347215,False,,,,False
2026-08-12,Cabai Rawit Hijau,2,1,33150.0,DI Yogyakarta,2026-08-30T11:38:13.847136+00:00,DI Yogyakarta,33900.0,2806.2430400804565,-0.26726124191242434,False,,,,False
2026-08-13,Cabai Rawit Hijau,2,1,33150.0,DI Yogyakarta,2026-08-30T11:38:13.847136+00:00,DI Yogyakarta,33150.0,0.0,,False,,,,False
2026-08-14,Cabai Rawit Hijau,2,1,33150.0,DI Yogyakarta,2026-08-30T11:38:13.847136+00:00,DI Yogyakarta,33150.0,0.0,,False,,,,False
2026-08-17,Cabai Rawit Hijau,2,1,33150.0,DI Yogyakarta,2026-08-30T10:03:35.195323+00:00,DI Yogyakarta,33150.0,0.0,,False,,,,False
2026-08-18,Cabai Rawit Hijau,2,1,33150.0,DI Yogyakarta,2026-08-30T10:03:35.195323+00:00,DI Yogyakarta,33150.0,0.0,,False,,,,False
2026-08-19,Cabai Rawit Hijau,2,1,33150.0,DI Yogyakarta,2026-08-30T10:03:35.195323+00:00,DI Yogyakarta,33150.0,0.0,,False,,,,False
2026-08-20,Cabai Rawit Hijau,2,1,33150.0,DI Yogyakarta,2026-08-30T10:03:35.195323+00:00,DI Yogyakarta,33150.0,0.0,,False,,,,False
2026-08-21,Cabai Rawit Hijau,2,1,33150.0,DI Yogyakarta,2026-08-30T10:03:35.195323+00:00,DI Yogyakarta,33150.0,0.0,,False,,,,False
2026-08-24,Cabai Rawit Hijau,2,1,33150.0,DI Yogyakarta,2026-08-30T10:03:35.195323+00:00,DI Yogyakarta,33150.0,0.0,,False,,,,False
2026-08-25,Cabai Rawit Hijau,2,1,34350.0,DI Yogyakarta,2026-08-30T10:03:35.195323+00:00,DI Yogyakarta,33235.71428571428,320.7134902949097,3.474396144861522,True,,,,False
2026-08-26,Cabai Rawit Hijau,2,1,34350.0,DI Yogyakarta,2026-08-30T10:03:35.195323+00:00,DI Yogyakarta,33321.42857142857,435.76382352153917,2.3603873774083195,True,,,,False
2026-08-27,Cabai Rawit Hijau,2,1,34350.0,DI Yogyakarta,2026-08-30T10:03:35.195323+00:00,DI Yogyakarta,33407.142857142855,510.9783763515868,1.8451996923807146,False,,,,False
2026-08-28,Cabai Rawit Hijau,2,1,34350.0,DI Yogyakarta,2026-08-30T10:03:35.195323+00:00,DI Yogyakarta,33492.857142857145,562.568677126199,1.5236235005500944,False,,,,False
2026-03-03,Cabai Rawit Merah,2,2,74350.0,DI Yogyakarta,2026-08-30T11:38:26.756565+00:00,DI Yogyakarta,,,,False,,,,False
2026-03-04,Cabai Rawit Merah,2,2,74350.0,DI Yogyakarta,2026-08-30T11:38:26.756565+00:00,DI Yogyakarta,,,,False,,,,False
2026-03-05,Cabai Rawit Merah,2,2,74350.0,DI Yogyakarta,2026-08-30T11:38:26.756565+00:00,DI Yogyakarta,,,,False,,,,False
2026-03-06,Cabai Rawit Merah,2,2,74350.0,DI Yogyakarta,2026-08-30T11:38:26.756565+00:00,DI Yogyakarta,,,,False,,,,False
2026-03-09,Cabai Rawit Merah,2,2,74350.0,DI Yogyakarta,2026-08-30T11:38:26.756565+00:00,DI Yogyakarta,74350.0,0.0,,False,,,,False
2026-03-10,Cabai Rawit Merah,2,2,74350.0,DI Yogyakarta,2026-08-30T11:38:26.756565+00:00,DI Yogyakarta,74350.0,0.0,,False,,,,False
2026-03-11,Cabai Rawit Merah,2,2,74350.0,DI Yogyakarta,2026-08-30T11:38:26.756565+00:00,DI Yogyakarta,74350.0,0.0,,False,,,,False
2026-03-12,Cabai Rawit Merah,2,2,74350.0,DI Yogyakarta,2026-08-30T11:38:26.756565+00:00,DI Yogyakarta,74350.0,0.0,,False,,,,False
2026-03-13,Cabai Rawit Merah,2,2,74350.0,DI Yogyakarta,2026-08-30T11:38:26.756565+00:00,DI Yogyakarta,74350.0,0.0,,False,,,,False
2026-03-16,Cabai Rawit Merah,2,2,74350.0,DI Yogyakarta,2026-08-30T11:38:23.606628+00:00,DI Yogyakarta,74350.0,0.0,,False,,,,False
2026-03-17,Cabai Rawit Merah,2,2,74350.0,DI Yogyakarta,2026-08-30T11:38:23.606628+00:00,DI Yogyakarta,74350.0,0.0,,False,,,,False
2026-03-18,Cabai Rawit Merah,2,2,74350.0,DI Yogyakarta,2026-08-30T11:38:23.606628+00:00,DI Yogyakarta,74350.0,0.0,,False,,,,False
2026-03-19,Cabai Rawit Merah,2,2,74350.0,DI Yogyakarta,2026-08-30T11:38:23.606628+00:00,DI Yogyakarta,74350.0,0.0,,False,,,,False
2026-03-20,Cabai Rawit Merah,2,2,74350.0,DI Yogyakarta,2026-08-30T11:38:23.606628+00:00,DI Yogyakarta,74350.0,0.0,,False,,,,False
2026-03-23,Cabai Rawit Merah,2,2,74350.0,DI Yogyakarta,2026-08-30T11:38:23.606628+00:00,DI Yogyakarta,74350.0,0.0,,False,,,,False
2026-03-24,Cabai Rawit Merah,2,2,74350.0,DI Yogyakarta,2026-08-30T11:38:23.606628+00:00,DI Yogyakarta,74350.0,0.0,,False,,,,False
2026-03-25,Cabai Rawit Merah,2,2,80000.0,DI Yogyakarta,2026-08-30T11:38:23.606628+00:00,DI Yogyakarta,74753.57142857143,1510.0260168051968,3.474396144861515,True,,,,False
2026-03-26,Cabai Rawit Merah,2,2,80000.0,DI Yogyakarta,2026-08-30T11:38:23.606628+00:00,DI Yogyakarta,75157.14285714286,2051.721335747238,2.3603873774083333,True,,,,False
2026-03-27,Cabai Rawit Merah,2,2,80000.0,DI Yogyakarta,2026-08-30T11:38:23.606628+00:00,DI Yogyakarta,75560.71428571429,2405.8565219887046,1.8451996923807215,False,,,,False
2026-03-30,Cabai Rawit Merah,2,2,80000.0,DI Yogyakarta,2026-08-30T11:38:23.606628+00:00,DI Yogyakarta,75964.28571428571,2648.760854802496,1.5236235005501135,False,,,,False
2026-03-31,Cabai Rawit Merah,2,2,80000.0,DI Yogyakarta,2026-08-30T11:38:23.606628+00:00,DI Yogyakarta,76367.85714285714,2809.435143258483,1.292837411057002,False,,,,False
2026-04-01,Cabai Rawit Merah,2,2,80000.0,DI Yogyakarta,2026-08-30T11:38:23.606628+00:00,DI Yogyakarta,76771.42857142857,2901.5721392239902,1.1126972805283755,False,,,,False
2026-04-02,Cabai Rawit Merah,2,2,80000.0,DI Yogyakarta,2026-08-30T11:38:23.606628+00:00,DI Yogyakarta,77175.0,2931.6410473946594,0.9636241116594302,False,,,,False
2026-04-03,Cabai Rawit Merah,2,2,80000.0,DI Yogyakarta,2026-08-30T11:38:23.606628+00:00,DI Yogyakarta,77578.57142857143,2901.572139223999,0.8345229603962754,False,,,,False
2026-04-06,Cabai Rawit Merah,2,2,80000.0,DI Yogyakarta,2026-08-30T11:38:23.606628+00:00,DI Yogyakarta,77982.14285714286,2809.435143258501,0.7182430061427756,False,,,,False
2026-04-07,Cabai Rawit Merah,2,2,80000.0,DI Yogyakarta,2026-08-30T11:38:23.606628+00:00,DI Yogyakarta,78385.71428571429,2648.7608548025237,0.6094494002200368,False,,,,False
2026-04-08,Cabai Rawit Merah,2,2,80000.0,DI Yogyakarta,2026-08-30T11:38:23.606628+00:00,DI Yogyakarta,78789.28571428571,2405.8565219887455,0.5032362797401904,False,,,,False
2026-04-09,Cabai Rawit Merah,2,2,80000.0,DI Yogyakarta,2026-08-30T11:38:23.606628+00:00,DI Yogyakarta,79192.85714285714,2051.721335747297,0.39339789623470967,False,,,,False
2026-04-10,Cabai Rawit Merah,2,2,80000.0,DI Yogyakarta,2026-08-30T11:38:23.606628+00:00,DI Yogyakarta,79596.42857142857,1510.026016805296,0.26726124191241113,False,,,,False
2026-04-13,Cabai Rawit Merah,2,2,80000.0,DI Yogyakarta,2026-08-30T11:38:23.606628+00:00,DI Yogyakarta,80000.0,0.0,,False,,,,False
2026-04-14,Cabai Rawit Merah,2,2,80000.0,DI Yogyakarta,2026-08-30T11:38:23.606628+00:00,DI Yogyakarta,80000.0,0.0,,False,,,,False
2026-04-15,Cabai Rawit Merah,2,2,80000.0,DI Yogyakarta,2026-08-30T11:38:23.606628+00:00,DI Yogyakarta,80000.0,0.0,,False,,,,False
2026-04-16,Cabai Rawit Merah,2,2,80000.0,DI Yogyakarta,2026-08-30T11:38:23.606628+00:00,DI Yogyakarta,80000.0,0.0,,False,,,,False
2026-04-17,Cabai Rawit Merah,2,2,80000.0,DI Yogyakarta,2026-08-30T11:38:23.606628+00:00,DI Yogyakarta,80000.0,0.0,,False,,,,False
2026-04-20,Cabai Rawit Merah,2,2,80000.0,DI Yogyakarta,2026-08-30T11:38:23.606628+00:00,DI Yogyakarta,80000.0,0.0,,False,,,,False
2026-04-21,Cabai Rawit Merah,2,2,80000.0,DI Yogyakarta,2026-08-30T11:38:23.606628+00:00,DI Yogyakarta,80000.0,0.0,,False,,,,False
2026-04-22,Cabai Rawit Merah,2,2,80000.0,DI Yogyakarta,2026-08-30T11:38:23.606628+00:00,DI Yogyakarta,80000.0,0.0,,False,,,,False
2026-04-23,Cabai Rawit Merah,2,2,80000.0,DI Yogyakarta,2026-08-30T11:38:23.606628+00:00,DI Yogyakarta,80000.0,0.0,,False,,,,False
2026-04-24,Cabai Rawit Merah,2,2,80000.0,DI Yogyakarta,2026-08-30T11:38:23.606628+00:00,DI Yogyakarta,80000.0,0.0,,False,,,,False
2026-04-27,Cabai Rawit Merah,2,2,42000.0,DI Yogyakarta,2026-08-30T11:38:23.606628+00:00,DI Yogyakarta,77285.71428571429,10155.927192672127,-3.4743961448615175,True,,,,False
2026-04-28,Cabai Rawit Merah,2,2,42000.0,DI Yogyakarta,2026-08-30T11:38:23.606628+00:00,DI Yogyakarta,74571.42857142857,13799.187744848696,-2.360387377408329,True,,,,False
2026-04-29,Cabai Rawit Merah,2,2,42000.0,DI Yogyakarta,2026-08-30T11:38:23.606628+00:00,DI Yogyakarta,71857.14285714286,16180.981917800164,-1.8451996923807201,False,,,,False
2026-04-30,Cabai Rawit Merah,2,2,42000.0,DI Yogyakarta,2026-08-30T11:38:23.606628+00:00,DI Yogyakarta,69142.85714285714,17814.67477566283,-1.52362350055011,False,,,,False
2026-05-01,Cabai Rawit Merah,2,2,42000.0,DI Yogyakarta,2026-08-30T11:38:23.606628+00:00,DI Yogyakarta,66428.57142857143,18895.31600775618,-1.2928374110570025,False,,,,False
2026-05-04,Cabai Rawit Merah,2,2,42000.0,DI Yogyakarta,2026-08-30T11:38:23.606628+00:00,DI Yogyakarta,63714.28571428572,19514.99845849763,-1.1126972805283737,False,,,,False
2026-05-05,Cabai Rawit Merah,2,2,42000.0,DI Yogyakarta,2026-08-30T11:38:23.606628+00:00,DI Yogyakarta,61000.0,19717.23182318529,-0.9636241116594315,False,,,,False
2026-05-06,Cabai Rawit Merah,2,2,42000.0,DI Yogyakarta,2026-08-30T11:38:23.606628+00:00,DI Yogyakarta,58285.71428571428,19514.998458497634,-0.8345229603962798,False,,,,False
2026-05-07,Cabai Rawit Merah,2,2,42000.0,DI Yogyakarta,2026-08-30T11:38:23.606628+00:00,DI Yogyakarta,55571.42857142857,18895.316007756184,-0.7182430061427788,False,,,,False
2026-05-08,Cabai Rawit Merah,2,2,42000.0,DI Yogyakarta,2026-08-30T11:38:23.606628+00:00,DI Yogyakarta,52857.142857142855,17814.67477566283,-0.6094494002200439,False,,,,False
2026-05-11,Cabai Rawit Merah,2,2,42000.0,DI Yogyakarta,2026-08-30T11:38:18.765381+00:00,DI Yogyakarta,50142.857142857145,16180.981917800165,-0.5032362797401965,False,,,,False
2026-05-12,Cabai Rawit Merah,2,2,42000.0,DI Yogyakarta,2026-08-30T11:38:18.765381+00:00,DI Yogyakarta,47428.57142857143,13799.1877448487,-0.3933978962347214,False,,,,False
2026-05-13,Cabai Rawit Merah,2,2,42000.0,DI Yogyakarta,2026-08-30T11:38:18.765381+00:00,DI Yogyakarta,44714.28571428572,10155.927192672134,-0.2672612419124245,False,,,,False
2026-05-14,Cabai Rawit Merah,2,2,42000.0,DI Yogyakarta,2026-08-30T11:38:18.765381+00:00,DI Yogyakarta,42000.0,0.0,,False,,,,False
2026-05-15,Cabai Rawit Merah,2,2,42000.0,DI Yogyakarta,2026-08-30T11:38:18.765381+00:00,DI Yogyakarta,42000.0,0.0,,False,,,,False
2026-05-18,Cabai Rawit Merah,2,2,42000.0,DI Yogyakarta,2026-08-30T11:38:18.765381+00:00,DI Yogyakarta,42000.0,0.0,,False,,,,False
2026-05-19,Cabai Rawit Merah,2,2,42000.0,DI Yogyakarta,2026-08-30T11:38:18.765381+00:00,DI Yogyakarta,42000.0,0.0,,False,,,,False
2026-05-20,Cabai Rawit Merah,2,2,42000.0,DI Yogyakarta,2026-08-30T11:38:18.765381+00:00,DI Yogyakarta,42000.0,0.0,,False,,,,False
2026-05-21,Cabai Rawit Merah,2,2,42000.0,DI Yogyakarta,2026-08-30T11:38:18.765381+00:00,DI Yogyakarta,42000.0,0.0,,False,,,,False
2026-05-22,Cabai Rawit Merah,2,2,42000.0,DI Yogyakarta,2026-08-30T11:38:18.765381+00:00,DI Yogyakarta,42000.0,0.0,,False,,,,False
2026-05-25,Cabai Rawit Merah,2,2,65000.0,DI Yogyakarta,2026-08-30T11:38:18.765381+00:00,DI Yogyakarta,43642.857142857145,6147.008563985761,3.4743961448615166,True,,,,False
2026-05-26,Cabai Rawit Merah,2,2,65000.0,DI Yogyakarta,2026-08-30T11:38:18.765381+00:00,DI Yogyakarta,45285.71428571428,8352.139950829473,2.36038737740833,True,,,,False
2026-05-27,Cabai Rawit Merah,2,2,65000.0,DI Yogyakarta,2026-08-30T11:38:18.765381+00:00,DI Yogyakarta,46928.57142857143,9793.75221340536,1.8451996923807208,False,,,,False
2026-05-28,Cabai Rawit Merah,2,2,65000.0,DI Yogyakarta,2026-08-30T11:38:18.765381+00:00,DI Yogyakarta,48571.42857142857,10782.566311585393,1.5236235005501102,False,,,,False
2026-05-29,Cabai Rawit Merah,2,2,65000.0,DI Yogyakarta,2026-08-30T11:38:18.765381+00:00,DI Yogyakarta,50214.28571428572,11436.638636273477,1.2928374110570018,False,,,,False
2026-06-01,Cabai Rawit Merah,2,2,65000.0,DI Yogyakarta,2026-08-30T11:38:18.765381+00:00,DI Yogyakarta,51857.142857142855,11811.709593301193,1.1126972805283741,False,,,,False
2026-06-02,Cabai Rawit Merah,2,2,65000.0,DI Yogyakarta,2026-08-30T11:38:18.765381+00:00,DI Yogyakarta,53500.0,11934.113998243725,0.9636241116594318,False,,,,False
2026-06-03,Cabai Rawit Merah,2,2,65000.0,DI Yogyakarta,2026-08-30T11:38:18.765381+00:00,DI Yogyakarta,55142.857142857145,11811.709593301191,0.8345229603962804,False,,,,False
2026-06-04,Cabai Rawit Merah,2,2,65000.0,DI Yogyakarta,2026-08-30T11:38:18.765381+00:00,DI Yogyakarta,56785.71428571428,11436.638636273474,0.7182430061427795,False,,,,False
2026-06-05,Cabai Rawit Merah,2,2,65000.0,DI Yogyakarta,2026-08-30T11:38:18.765381+00:00,DI Yogyakarta,58428.57142857143,10782.566311585388,0.6094494002200446,False,,,,False
2026-06-08,Cabai Rawit Merah,2,2,65000.0,DI Yogyakarta,2026-08-30T11:38:18.765381+00:00,DI Yogyakarta,60071.42857142857,9793.752213405354,0.5032362797401967,False,,,,False
2026-06-09,Cabai Rawit Merah,2,2,65000.0,DI Yogyakarta,2026-08-30T11:38:18.765381+00:00,DI Yogyakarta,61714.28571428572,8352.139950829462,0.39339789623472177,False,,,,False
2026-06-10,Cabai Rawit Merah,2,2,65000.0,DI Yogyakarta,2026-08-30T11:38:18.765381+00:00,DI Yogyakarta,63357.142857142855,6147.008563985744,0.26726124191242545,False,,,,False
2026-06-11,Cabai Rawit Merah,2,2,65000.0,DI Yogyakarta,2026-08-30T11:38:18.765381+00:00,DI Yogyakarta,65000.0,0.0,,False,,,,False
2026-06-12,Cabai Rawit Merah,2,2,65000.0,DI Yogyakarta,2026-08-30T11:38:18.765381+00:00,DI Yogyakarta,65000.0,0.0,,False,,,,False
2026-06-15,Cabai Rawit Merah,2,2,65000.0,DI Yogyakarta,2026-08-30T11:38:18.765381+00:00,DI Yogyakarta,65000.0,0.0,,False,,,,False
2026-06-16,Cabai Rawit Merah,2,2,65000.0,DI Yogyakarta,2026-08-30T11:38:18.765381+00:00,DI Yogyakarta,65000.0,0.0,,False,,,,False
2026-06-17,Cabai Rawit Merah,2,2,65000.0,DI Yogyakarta,2026-08-30T11:38:18.765381+00:00,DI Yogyakarta,65000.0,0.0,,False,,,,False
2026-06-18,Cabai Rawit Merah,2,2,65000.0,DI Yogyakarta,2026-08-30T11:38:18.765381+00:00,DI Yogyakarta,65000.0,0.0,,False,,,,False
2026-06-19,Cabai Rawit Merah,2,2,65000.0,DI Yogyakarta,2026-08-30T11:38:18.765381+00:00,DI Yogyakarta,65000.0,0.0,,False,,,,False
2026-06-22,Cabai Rawit Merah,2,2,65000.0,DI Yogyakarta,2026-08-30T11:38:18.765381+00:00,DI Yogyakarta,65000.0,0.0,,False,,,,False
2026-06-23,Cabai Rawit Merah,2,2,65000.0,DI Yogyakarta,2026-08-30T11:38:18.765381+00:00,DI Yogyakarta,65000.0,0.0,,False,,,,False
2026-06-24,Cabai Rawit Merah,2,2,65000.0,DI Yogyakarta,2026-08-30T11:38:18.765381+00:00,DI Yogyakarta,65000.0,0.0,,False,,,,False
2026-06-25,Cabai Rawit Merah,2,2,47000.0,DI Yogyakarta,2026-08-30T11:38:18.765381+00:00,DI Yogyakarta,63714.28571428572,4810.70235442364,-3.474396144861517,True,,,,False
2026-06-26,Cabai Rawit Merah,2,2,47000.0,DI Yogyakarta,2026-08-30T11:38:18.765381+00:00,DI Yogyakarta,62428.57142857143,6536.457352823067,-2.3603873774083293,True,,,,False
2026-06-29,Cabai Rawit Merah,2,2,47000.0,DI Yogyakarta,2026-08-30T11:38:18.765381+00:00,DI Yogyakarta,61142.857142857145,7664.675645273761,-1.8451996923807206,False,,,,False
2026-06-30,Cabai Rawit Merah,2,2,47000.0,DI Yogyakarta,2026-08-30T11:38:18.765381+00:00,DI Yogyakarta,59857.142857142855,8438.530156892917,-1.52362350055011,False,,,,False
2026-07-01,Cabai Rawit Merah,2,2,47000.0,DI Yogyakarta,2026-08-30T11:38:18.765381+00:00,DI Yogyakarta,58571.42857142857,8950.412845779243,-1.2928374110570022,False,,,,False
2026-07-02,Cabai Rawit Merah,2,2,47000.0,DI Yogyakarta,2026-08-30T11:38:18.765381+00:00,DI Yogyakarta,57285.71428571428,9243.946638235719,-1.1126972805283732,False,,,,False
2026-07-03,Cabai Rawit Merah,2,2,47000.0,DI Yogyakarta,2026-08-30T11:38:18.765381+00:00,DI Yogyakarta,56000.0,9339.741389929875,-0.9636241116594315,False,,,,False
2026-07-06,Cabai Rawit Merah,2,2,47000.0,DI Yogyakarta,2026-08-30T11:38:13.847136+00:00,DI Yogyakarta,54714.28571428572,9243.946638235719,-0.8345229603962806,False,,,,False
2026-07-07,Cabai Rawit Merah,2,2,47000.0,DI Yogyakarta,2026-08-30T11:38:13.847136+00:00,DI Yogyakarta,53428.57142857143,8950.412845779243,-0.7182430061427788,False,,,,False
2026-07-08,Cabai Rawit Merah,2,2,47000.0,DI Yogyakarta,2026-08-30T11:38:13.847136+00:00,DI Yogyakarta,52142.857142857145,8438.530156892915,-0.6094494002200445,False,,,,False
2026-07-09,Cabai Rawit Merah,2,2,47000.0,DI Yogyakarta,2026-08-30T11:38:13.847136+00:00,DI Yogyakarta,50857.142857142855,7664.67564527376,-0.5032362797401962,False,,,,False
2026-07-10,Cabai Rawit Merah,2,2,47000.0,DI Yogyakarta,2026-08-30T11:38:13.847136+00:00,DI Yogyakarta,49571.42857142857,6536.457352823067,-0.3933978962347217,False,,,,False
2026-07-13,Cabai Rawit Merah,2,2,47000.0,DI Yogyakarta,2026-08-30T11:38:13.847136+00:00,DI Yogyakarta,48285.71428571428,4810.70235442364,-0.2672612419124237,False,,,,False
2026-07-14,Cabai Rawit Merah,2,2,47000.0,DI Yogyakarta,2026-08-30T11:38:13.847136+00:00,DI Yogyakarta,47000.0,0.0,,False,,,,False
2026-07-15,Cabai Rawit Merah,2,2,47000.0,DI Yogyakarta,2026-08-30T11:38:13.847136+00:00,DI Yogyakarta,47000.0,0.0,,False,,,,False
2026-07-16,Cabai Rawit Merah,2,2,47000.0,DI Yogyakarta,2026-08-30T11:38:13.847136+00:00,DI Yogyakarta,47000.0,0.0,,False,,,,False
2026-07-17,Cabai Rawit Merah,2,2,47000.0,DI Yogyakarta,2026-08-30T11:38:13.847136+00:00,DI Yogyakarta,47000.0,0.0,,False,,,,False
2026-07-20,Cabai Rawit Merah,2,2,47000.0,DI Yogyakarta,2026-08-30T11:38:13.847136+00:00,DI Yogyakarta,47000.0,0.0,,False,,,,False
2026-07-21,Cabai Rawit Merah,2,2,47000.0,DI Yogyakarta,2026-08-30T11:38:13.847136+00:00,DI Yogyakarta,47000.0,0.0,,False,,,,False
2026-07-22,Cabai Rawit Merah,2,2,47000.0,DI Yogyakarta,2026-08-30T11:38:13.847136+00:00,DI Yogyakarta,47000.0,0.0,,False,,,,False
2026-07-23,Cabai Rawit Merah,2,2,47000.0,DI Yogyakarta,2026-08-30T11:38:13.847136+00:00,DI Yogyakarta,47000.0,0.0,,False,,,,False
2026-07-24,Cabai Rawit Merah,2,2,47000.0,DI Yogyakarta,2026-08-30T11:38:13.847136+00:00,DI Yogyakarta,47000.0,0.0,,False,,,,False
2026-07-27,Cabai Rawit Merah,2,2,29350.0,DI Yogyakarta,2026-08-30T11:38:13.847136+00:00,DI Yogyakarta,45739.28571428572,4717.160919754291,-3.474396144861517,True,,,,False
2026-07-28,Cabai Rawit Merah,2,2,29350.0,DI Yogyakarta,2026-08-30T11:38:13.847136+00:00,DI Yogyakarta,44478.57142857143,6409.359570962619,-2.360387377408329,True,,,,False
2026-07-29,Cabai Rawit Merah,2,2,29350.0,DI Yogyakarta,2026-08-30T11:38:13.847136+00:00,DI Yogyakarta,43217.857142857145,7515.640285504551,-1.8451996923807201,False,,,,False
2026-07-30,Cabai Rawit Merah,2,2,29350.0,DI Yogyakarta,2026-08-30T11:38:13.847136+00:00,DI Yogyakarta,41957.142857142855,8274.447626064446,-1.5236235005501095,False,,,,False
2026-07-31,Cabai Rawit Merah,2,2,29350.0,DI Yogyakarta,2026-08-30T11:38:13.847136+00:00,DI Yogyakarta,40696.42857142857,8776.37704044465,-1.2928374110570018,False,,,,False
2026-08-03,Cabai Rawit Merah,2,2,29350.0,DI Yogyakarta,2026-08-30T11:38:13.847136+00:00,DI Yogyakarta,39435.71428571428,9064.203231381136,-1.1126972805283732,False,,,,False
2026-08-04,Cabai Rawit Merah,2,2,29350.0,DI Yogyakarta,2026-08-30T11:38:13.847136+00:00,DI Yogyakarta,38175.0,9158.135307347904,-0.9636241116594316,False,,,,False
2026-08-05,Cabai Rawit Merah,2,2,29350.0,DI Yogyakarta,2026-08-30T11:38:13.847136+00:00,DI Yogyakarta,36914.28571428572,9064.203231381132,-0.8345229603962808,False,,,,False
2026-08-06,Cabai Rawit Merah,2,2,29350.0,DI Yogyakarta,2026-08-30T11:38:13.847136+00:00,DI Yogyakarta,35653.57142857143,8776.37704044464,-0.7182430061427794,False,,,,False
2026-08-07,Cabai Rawit Merah,2,2,29350.0,DI Yogyakarta,2026-08-30T11:38:13.847136+00:00,DI Yogyakarta,34392.857142857145,8274.447626064433,-0.6094494002200451,False,,,,False
2026-08-10,Cabai Rawit Merah,2,2,29350.0,DI Yogyakarta,2026-08-30T11:38:13.847136+00:00,DI Yogyakarta,33132.142857142855,7515.640285504531,-0.5032362797401974,False,,,,False
2026-08-11,Cabai Rawit Merah,2,2,29350.0,DI Yogyakarta,2026-08-30T11:38:13.847136+00:00,DI Yogyakarta,31871.428571428572,6409.35957096259,-0.39339789623472343,False,,,,False
2026-08-12,Cabai Rawit Merah,2,2,29350.0,DI Yogyakarta,2026-08-30T11:38:13.847136+00:00,DI Yogyakarta,30610.714285714286,4717.160919754243,-0.26726124191242717,False,,,,False
2026-08-13,Cabai Rawit Merah,2,2,29350.0,DI Yogyakarta,2026-08-30T11:38:13.847136+00:00,DI Yogyakarta,29350.0,0.0,,False,,,,False
2026-08-14,Cabai Rawit Merah,2,2,29350.0,DI Yogyakarta,2026-08-30T11:38:13.847136+00:00,DI Yogyakarta,29350.0,0.0,,False,,,,False
2026-08-17,Cabai Rawit Merah,2,2,29350.0,DI Yogyakarta,2026-08-30T10:03:35.195323+00:00,DI Yogyakarta,29350.0,0.0,,False,,,,False
2026-08-18,Cabai Rawit Merah,2,2,29350.0,DI Yogyakarta,2026-08-30T10:03:35.195323+00:00,DI Yogyakarta,29350.0,0.0,,False,,,,False
2026-08-19,Cabai Rawit Merah,2,2,29350.0,DI Yogyakarta,2026-08-30T10:03:35.195323+00:00,DI Yogyakarta,29350.0,0.0,,False,,,,False
2026-08-20,Cabai Rawit Merah,2,2,29350.0,DI Yogyakarta,2026-08-30T10:03:35.195323+00:00,DI Yogyakarta,29350.0,0.0,,False,,,,False
2026-08-21,Cabai Rawit Merah,2,2,29350.0,DI Yogyakarta,2026-08-30T10:03:35.195323+00:00,DI Yogyakarta,29350.0,0.0,,False,,,,False
2026-08-24,Cabai Rawit Merah,2,2,29350.0,DI Yogyakarta,2026-08-30T10:03:35.195323+00:00,DI Yogyakarta,29350.0,0.0,,False,,,,False
2026-08-25,Cabai Rawit Merah,2,2,35000.0,DI Yogyakarta,2026-08-30T10:03:35.195323+00:00,DI Yogyakarta,29753.571428571428,1510.026016805198,3.474396144861517,True,,,,False
2026-08-26,Cabai Rawit Merah,2,2,35000.0,DI Yogyakarta,2026-08-30T10:03:35.195323+00:00,DI Yogyakarta,30157.14285714286,2051.7213357472406,2.3603873774083284,True,,,,False
2026-08-27,Cabai Rawit Merah,2,2,35000.0,DI Yogyakarta,2026-08-30T10:03:35.195323+00:00,DI Yogyakarta,30560.714285714286,2405.856521988709,1.8451996923807195,False,,,,False
2026-08-28,Cabai Rawit Merah,2,2,35000.0,DI Yogyakarta,2026-08-30T10:03:35.195323+00:00,DI Yogyakarta,30964.285714285714,2648.7608548025005,1.5236235005501095,False,,,,False
2026-03-03,Daging Ayam,1,II,25350.0,DI Yogyakarta,2026-08-30T11:38:26.756565+00:00,DI Yogyakarta,,,,False,,,,False
2026-03-04,Daging Ayam,1,II,25350.0,DI Yogyakarta,2026-08-30T11:38:26.756565+00:00,DI Yogyakarta,,,,False,,,,False
2026-03-05,Daging Ayam,1,II,25350.0,DI Yogyakarta,2026-08-30T11:38:26.756565+00:00,DI Yogyakarta,,,,False,,,,False
2026-03-06,Daging Ayam,1,II,25350.0,DI Yogyakarta,2026-08-30T11:38:26.756565+00:00,DI Yogyakarta,,,,False,,,,False
2026-03-09,Daging Ayam,1,II,25350.0,DI Yogyakarta,2026-08-30T11:38:26.756565+00:00,DI Yogyakarta,25350.0,0.0,,False,,,,False
2026-03-10,Daging Ayam,1,II,25350.0,DI Yogyakarta,2026-08-30T11:38:26.756565+00:00,DI Yogyakarta,25350.0,0.0,,False,,,,False
2026-03-11,Daging Ayam,1,II,25350.0,DI Yogyakarta,2026-08-30T11:38:26.756565+00:00,DI Yogyakarta,25350.0,0.0,,False,,,,False
2026-03-12,Daging Ayam,1,II,25350.0,DI Yogyakarta,2026-08-30T11:38:26.756565+00:00,DI Yogyakarta,25350.0,0.0,,False,,,,False
2026-03-13,Daging Ayam,1,II,25350.0,DI Yogyakarta,2026-08-30T11:38:26.756565+00:00,DI Yogyakarta,25350.0,0.0,,False,,,,False
2026-03-16,Daging Ayam,1,II,25350.0,DI Yogyakarta,2026-08-30T11:38:23.606628+00:00,DI Yogyakarta,25350.0,0.0,,False,,,,False
2026-03-17,Daging Ayam,1,II,25350.0,DI Yogyakarta,2026-08-30T11:38:23.606628+00:00,DI Yogyakarta,25350.0,0.0,,False,,,,False
2026-03-18,Daging Ayam,1,II,25350.0,DI Yogyakarta,2026-08-30T11:38:23.606628+00:00,DI Yogyakarta,25350.0,0.0,,False,,,,False
2026-03-19,Daging Ayam,1,II,25350.0,DI Yogyakarta,2026-08-30T11:38:23.606628+00:00,DI Yogyakarta,25350.0,0.0,,False,,,,False
2026-03-20,Daging Ayam,1,II,25350.0,DI Yogyakarta,2026-08-30T11:38:23.606628+00:00,DI Yogyakarta,25350.0,0.0,,False,,,,False
2026-03-23,Daging Ayam,1,II,25350.0,DI Yogyakarta,2026-08-30T11:38:23.606628+00:00,DI Yogyakarta,25350.0,0.0,,False,,,,False
2026-03-24,Daging Ayam,1,II,25350.0,DI Yogyakarta,2026-08-30T11:38:23.606628+00:00,DI Yogyakarta,25350.0,0.0,,False,,,,False
2026-03-25,Daging Ayam,1,II,28650.0,DI Yogyakarta,2026-08-30T11:38:23.606628+00:00,DI Yogyakarta,25585.714285714286,881.9620983110004,3.4743961448615166,True,,,,False
2026-03-26,Daging Ayam,1,II,28650.0,DI Yogyakarta,2026-08-30T11:38:23.606628+00:00,DI Yogyakarta,25821.428571428572,1198.3505146842285,2.3603873774083293,True,,,,False
2026-03-27,Daging Ayam,1,II,28650.0,DI Yogyakarta,2026-08-30T11:38:23.606628+00:00,DI Yogyakarta,26057.14285714286,1405.1905349668557,1.84519969238072,False,,,,False
2026-03-30,Daging Ayam,1,II,28650.0,DI Yogyakarta,2026-08-30T11:38:23.606628+00:00,DI Yogyakarta,26292.85714285714,1547.063862097034,1.523623500550112,False,,,,False
2026-03-31,Daging Ayam,1,II,28650.0,DI Yogyakarta,2026-08-30T11:38:23.606628+00:00,DI Yogyakarta,26528.571428571428,1640.9090217261935,1.2928374110570036,False,,,,False
2026-04-01,Daging Ayam,1,II,28650.0,DI Yogyakarta,2026-08-30T11:38:23.606628+00:00,DI Yogyakarta,26764.285714285714,1694.7235503432134,1.112697280528375,False,,,,False
2026-04-02,Daging Ayam,1,II,28650.0,DI Yogyakarta,2026-08-30T11:38:23.606628+00:00,DI Yogyakarta,27000.0,1712.2859214871416,0.9636241116594327,False,,,,False
2026-04-03,Daging Ayam,1,II,28650.0,DI Yogyakarta,2026-08-30T11:38:23.606628+00:00,DI Yogyakarta,27235.714285714286,1694.7235503432123,0.8345229603962813,False,,,,False
2026-04-06,Daging Ayam,1,II,28650.0,DI Yogyakarta,2026-08-30T11:38:23.606628+00:00,DI Yogyakarta,27471.428571428572,1640.9090217261912,0.7182430061427798,False,,,,False
2026-04-07,Daging Ayam,1,II,28650.0,DI Yogyakarta,2026-08-30T11:38:23.606628+00:00,DI Yogyakarta,27707.14285714286,1547.0638620970303,0.6094494002200448,False,,,,False
2026-04-08,Daging Ayam,1,II,28650.0,DI Yogyakarta,2026-08-30T11:38:23.606628+00:00,DI Yogyakarta,27942.85714285714,1405.1905349668505,0.5032362797401996,False,,,,False
2026-04-09,Daging Ayam,1,II,28650.0,DI Yogyakarta,2026-08-30T11:38:23.606628+00:00,DI Yogyakarta,28178.571428571428,1198.3505146842215,0.3933978962347248,False,,,,False
2026-04-10,Daging Ayam,1,II,28650.0,DI Yogyakarta,2026-08-30T11:38:23.606628+00:00,DI Yogyakarta,28414.285714285714,881.9620983109899,0.26726124191242817,False,,,,False
2026-04-13,Daging Ayam,1,II,28650.0,DI Yogyakarta,2026-08-30T11:38:23.606628+00:00,DI Yogyakarta,28650.0,0.0,,False,,,,False
2026-04-14,Daging Ayam,1,II,28650.0,DI Yogyakarta,2026-08-30T11:38:23.606628+00:00,DI Yogyakarta,28650.0,0.0,,False,,,,False
2026-04-15,Daging Ayam,1,II,28650.0,DI Yogyakarta,2026-08-30T11:38:23.606628+00:00,DI Yogyakarta,28650.0,0.0,,False,,,,False
2026-04-16,Daging Ayam,1,II,28650.0,DI Yogyakarta,2026-08-30T11:38:23.606628+00:00,DI Yogyakarta,28650.0,0.0,,False,,,,False
2026-04-17,Daging Ayam,1,II,28650.0,DI Yogyakarta,2026-08-30T11:38:23.606628+00:00,DI Yogyakarta,28650.0,0.0,,False,,,,False
2026-04-20,Daging Ayam,1,II,28650.0,DI Yogyakarta,2026-08-30T11:38:23.606628+00:00,DI Yogyakarta,28650.0,0.0,,False,,,,False
2026-04-21,Daging Ayam,1,II,28650.0,DI Yogyakarta,2026-08-30T11:38:23.606628+00:00,DI Yogyakarta,28650.0,0.0,,False,,,,False
2026-04-22,Daging Ayam,1,II,28650.0,DI Yogyakarta,2026-08-30T11:38:23.606628+00:00,DI Yogyakarta,28650.0,0.0,,False,,,,False
2026-04-23,Daging Ayam,1,II,28650.0,DI Yogyakarta,2026-08-30T11:38:23.606628+00:00,DI Yogyakarta,28650.0,0.0,,False,,,,False
2026-04-24,Daging Ayam,1,II,28650.0,DI Yogyakarta,2026-08-30T11:38:23.606628+00:00,DI Yogyakarta,28650.0,0.0,,False,,,,False
2026-04-27,Daging Ayam,1,II,23350.0,DI Yogyakarta,2026-08-30T11:38:23.606628+00:00,DI Yogyakarta,28271.428571428572,1416.4845821358495,-3.474396144861517,True,,,,False
2026-04-28,Daging Ayam,1,II,23350.0,DI Yogyakarta,2026-08-30T11:38:23.606628+00:00,DI Yogyakarta,27892.85714285714,1924.6235538867923,-2.360387377408328,True,,,,False
2026-04-29,Daging Ayam,1,II,23350.0,DI Yogyakarta,2026-08-30T11:38:23.606628+00:00,DI Yogyakarta,27514.285714285714,2256.821162219497,-1.8451996923807195,False,,,,False
2026-04-30,Daging Ayam,1,II,23350.0,DI Yogyakarta,2026-08-30T11:38:23.606628+00:00,DI Yogyakarta,27135.714285714286,2484.678323974027,-1.5236235005501095,False,,,,False
2026-05-01,Daging Ayam,1,II,23350.0,DI Yogyakarta,2026-08-30T11:38:23.606628+00:00,DI Yogyakarta,26757.14285714286,2635.399337923891,-1.2928374110570013,False,,,,False
2026-05-04,Daging Ayam,1,II,23350.0,DI Yogyakarta,2026-08-30T11:38:23.606628+00:00,DI Yogyakarta,26378.571428571428,2721.828732369409,-1.1126972805283721,False,,,,False
2026-05-05,Daging Ayam,1,II,23350.0,DI Yogyakarta,2026-08-30T11:38:23.606628+00:00,DI Yogyakarta,26000.0,2750.0349648126894,-0.9636241116594301,False,,,,False
2026-05-06,Daging Ayam,1,II,23350.0,DI Yogyakarta,2026-08-30T11:38:23.606628+00:00,DI Yogyakarta,25621.428571428572,2721.8287323694117,-0.8345229603962788,False,,,,False
2026-05-07,Daging Ayam,1,II,23350.0,DI Yogyakarta,2026-08-30T11:38:23.606628+00:00,DI Yogyakarta,25242.85714285714,2635.3993379238955,-0.7182430061427764,False,,,,False
2026-05-08,Daging Ayam,1,II,23350.0,DI Yogyakarta,2026-08-30T11:38:23.606628+00:00,DI Yogyakarta,24864.285714285714,2484.678323974034,-0.6094494002200418,False,,,,False
2026-05-11,Daging Ayam,1,II,23350.0,DI Yogyakarta,2026-08-30T11:38:18.765381+00:00,DI Yogyakarta,24485.714285714286,2256.8211622195063,-0.5032362797401945,False,,,,False
2026-05-12,Daging Ayam,1,II,23350.0,DI Yogyakarta,2026-08-30T11:38:18.765381+00:00,DI Yogyakarta,24107.14285714286,1924.6235538868043,-0.3933978962347198,False,,,,False
2026-05-13,Daging Ayam,1,II,23350.0,DI Yogyakarta,2026-08-30T11:38:18.765381+00:00,DI Yogyakarta,23728.571428571428,1416.4845821358679,-0.2672612419124201,False,,,,False
2026-05-14,Daging Ayam,1,II,23350.0,DI Yogyakarta,2026-08-30T11:38:18.765381+00:00,DI Yogyakarta,23350.0,0.0,,False,,,,False
2026-05-15,Daging Ayam,1,II,23350.0,DI Yogyakarta,2026-08-30T11:38:18.765381+00:00,DI Yogyakarta,23350.0,0.0,,False,,,,False
2026-05-18,Daging Ayam,1,II,23350.0,DI Yogyakarta,2026-08-30T11:38:18.765381+00:00,DI Yogyakarta,23350.0,0.0,,False,,,,False
2026-05-19,Daging Ayam,1,II,23350.0,DI Yogyakarta,2026-08-30T11:38:18.765381+00:00,DI Yogyakarta,23350.0,0.0,,False,,,,False
2026-05-20,Daging Ayam,1,II,23350.0,DI Yogyakarta,2026-08-30T11:38:18.765381+00:00,DI Yogyakarta,23350.0,0.0,,False,,,,False
2026-05-21,Daging Ayam,1,II,23350.0,DI Yogyakarta,2026-08-30T11:38:18.765381+00:00,DI Yogyakarta,23350.0,0.0,,False,,,,False
2026-05-22,Daging Ayam,1,II,23350.0,DI Yogyakarta,2026-08-30T11:38:18.765381+00:00,DI Yogyakarta,23350.0,0.0,,False,,,,False
2026-05-25,Daging Ayam,1,II,22500.0,DI Yogyakarta,2026-08-30T11:38:18.765381+00:00,DI Yogyakarta,23289.285714285714,227.17205562556066,-3.4743961448615157,True,,,,False
2026-05-26,Daging Ayam,1,II,22500.0,DI Yogyakarta,2026-08-30T11:38:18.765381+00:00,DI Yogyakarta,23228.571428571428,308.6660416610889,-2.3603873774083284,True,,,,False
2026-05-27,Daging Ayam,1,II,22500.0,DI Yogyakarta,2026-08-30T11:38:18.765381+00:00,DI Yogyakarta,23167.85714285714,361.94301658237197,-1.8451996923807163,False,,,,False
2026-05-28,Daging Ayam,1,II,22500.0,DI Yogyakarta,2026-08-30T11:38:18.765381+00:00,DI Yogyakarta,23107.14285714286,398.4861462977213,-1.5236235005501133,False,,,,False
2026-05-29,Daging Ayam,1,II,22500.0,DI Yogyakarta,2026-08-30T11:38:18.765381+00:00,DI Yogyakarta,23046.428571428572,422.6583843840202,-1.2928374110570033,False,,,,False
2026-06-01,Daging Ayam,1,II,22500.0,DI Yogyakarta,2026-08-30T11:38:18.765381+00:00,DI Yogyakarta,22985.714285714286,436.5197023611319,-1.1126972805283728,False,,,,False
2026-06-02,Daging Ayam,1,II,22500.0,DI Yogyakarta,2026-08-30T11:38:18.765381+00:00,DI Yogyakarta,22925.0,441.0433434133565,-0.9636241116594286,False,,,,False
2026-06-03,Daging Ayam,1,II,22500.0,DI Yogyakarta,2026-08-30T11:38:18.765381+00:00,DI Yogyakarta,22864.285714285714,436.519702361133,-0.8345229603962755,False,,,,False
2026-06-04,Daging Ayam,1,II,22500.0,DI Yogyakarta,2026-08-30T11:38:18.765381+00:00,DI Yogyakarta,22803.571428571428,422.65838438402244,-0.718243006142772,False,,,,False
2026-06-05,Daging Ayam,1,II,22500.0,DI Yogyakarta,2026-08-30T11:38:18.765381+00:00,DI Yogyakarta,22742.85714285714,398.4861462977248,-0.6094494002200345,False,,,,False
2026-06-08,Daging Ayam,1,II,22500.0,DI Yogyakarta,2026-08-30T11:38:18.765381+00:00,DI Yogyakarta,22682.14285714286,361.9430165823771,-0.5032362797401938,False,,,,False
2026-06-09,Daging Ayam,1,II,22500.0,DI Yogyakarta,2026-08-30T11:38:18.765381+00:00,DI Yogyakarta,22621.428571428572,308.6660416610964,-0.39339789623471577,False,,,,False
2026-06-10,Daging Ayam,1,II,22500.0,DI Yogyakarta,2026-08-30T11:38:18.765381+00:00,DI Yogyakarta,22560.714285714286,227.17205562557288,-0.26726124191241235,False,,,,False
2026-06-11,Daging Ayam,1,II,22500.0,DI Yogyakarta,2026-08-30T11:38:18.765381+00:00,DI Yogyakarta,22500.0,0.0,,False,,,,False
2026-06-12,Daging Ayam,1,II,22500.0,DI Yogyakarta,2026-08-30T11:38:18.765381+00:00,DI Yogyakarta,22500.0,0.0,,False,,,,False
2026-06-15,Daging Ayam,1,II,22500.0,DI Yogyakarta,2026-08-30T11:38:18.765381+00:00,DI Yogyakarta,22500.0,0.0,,False,,,,False
2026-06-16,Daging Ayam,1,II,22500.0,DI Yogyakarta,2026-08-30T11:38:18.765381+00:00,DI Yogyakarta,22500.0,0.0,,False,,,,False
2026-06-17,Daging Ayam,1,II,22500.0,DI Yogyakarta,2026-08-30T11:38:18.765381+00:00,DI Yogyakarta,22500.0,0.0,,False,,,,False
2026-06-18,Daging Ayam,1,II,22500.0,DI Yogyakarta,2026-08-30T11:38:18.765381+00:00,DI Yogyakarta,22500.0,0.0,,False,,,,False
2026-06-19,Daging Ayam,1,II,22500.0,DI Yogyakarta,2026-08-30T11:38:18.765381+00:00,DI Yogyakarta,22500.0,0.0,,False,,,,False
2026-06-22,Daging Ayam,1,II,22500.0,DI Yogyakarta,2026-08-30T11:38:18.765381+00:00,DI Yogyakarta,22500.0,0.0,,False,,,,False
2026-06-23,Daging Ayam,1,II,22500.0,DI Yogyakarta,2026-08-30T11:38:18.765381+00:00,DI Yogyakarta,22500.0,0.0,,False,,,,False
2026-06-24,Daging Ayam,1,II,22500.0,DI Yogyakarta,2026-08-30T11:38:18.765381+00:00,DI Yogyakarta,22500.0,0.0,,False,,,,False
2026-06-25,Daging Ayam,1,II,23150.0,DI Yogyakarta,2026-08-30T11:38:18.765381+00:00,DI Yogyakarta,22546.428571428572,173.7198072430757,3.474396144861514,True,,,,False
2026-06-26,Daging Ayam,1,II,23150.0,DI Yogyakarta,2026-08-30T11:38:18.765381+00:00,DI Yogyakarta,22592.85714285714,236.03873774083297,2.360387377408336,True,,,,False
2026-06-29,Daging Ayam,1,II,23150.0,DI Yogyakarta,2026-08-30T11:38:18.765381+00:00,DI Yogyakarta,22639.285714285714,276.7799538571082,1.8451996923807212,False,,,,False
2026-06-30,Daging Ayam,1,II,23150.0,DI Yogyakarta,2026-08-30T11:38:18.765381+00:00,DI Yogyakarta,22685.714285714286,304.72470011002207,1.5236235005501082,False,,,,False
2026-07-01,Daging Ayam,1,II,23150.0,DI Yogyakarta,2026-08-30T11:38:18.765381+00:00,DI Yogyakarta,22732.14285714286,323.20935276425047,1.2928374110569971,False,,,,False
2026-07-02,Daging Ayam,1,II,23150.0,DI Yogyakarta,2026-08-30T11:38:18.765381+00:00,DI Yogyakarta,22778.571428571428,333.80918415851204,1.1126972805283768,False,,,,False
2026-07-03,Daging Ayam,1,II,23150.0,DI Yogyakarta,2026-08-30T11:38:18.765381+00:00,DI Yogyakarta,22825.0,337.26843908080104,0.9636241116594315,False,,,,False
2026-07-06,Daging Ayam,1,II,23150.0,DI Yogyakarta,2026-08-30T11:38:13.847136+00:00,DI Yogyakarta,22871.428571428572,333.80918415851204,0.8345229603962772,False,,,,False
2026-07-07,Daging Ayam,1,II,23150.0,DI Yogyakarta,2026-08-30T11:38:13.847136+00:00,DI Yogyakarta,22917.85714285714,323.2093527642504,0.7182430061427838,False,,,,False
2026-07-08,Daging Ayam,1,II,23150.0,DI Yogyakarta,2026-08-30T11:38:13.847136+00:00,DI Yogyakarta,22964.285714285714,304.72470011002207,0.6094494002200457,False,,,,False
2026-07-09,Daging Ayam,1,II,23150.0,DI Yogyakarta,2026-08-30T11:38:13.847136+00:00,DI Yogyakarta,23010.714285714286,276.7799538571081,0.5032362797401944,False,,,,False
2026-07-10,Daging Ayam,1,II,23150.0,DI Yogyakarta,2026-08-30T11:38:13.847136+00:00,DI Yogyakarta,23057.14285714286,236.03873774083294,0.393397896234715,False,,,,False
2026-07-13,Daging Ayam,1,II,23150.0,DI Yogyakarta,2026-08-30T11:38:13.847136+00:00,DI Yogyakarta,23103.571428571428,173.71980724307565,0.26726124191243067,False,,,,False
2026-07-14,Daging Ayam,1,II,23150.0,DI Yogyakarta,2026-08-30T11:38:13.847136+00:00,DI Yogyakarta,23150.0,0.0,,False,,,,False
2026-07-15,Daging Ayam,1,II,23150.0,DI Yogyakarta,2026-08-30T11:38:13.847136+00:00,DI Yogyakarta,23150.0,0.0,,False,,,,False
2026-07-16,Daging Ayam,1,II,23150.0,DI Yogyakarta,2026-08-30T11:38:13.847136+00:00,DI Yogyakarta,23150.0,0.0,,False,,,,False
2026-07-17,Daging Ayam,1,II,23150.0,DI Yogyakarta,2026-08-30T11:38:13.847136+00:00,DI Yogyakarta,23150.0,0.0,,False,,,,False
2026-07-20,Daging Ayam,1,II,23150.0,DI Yogyakarta,2026-08-30T11:38:13.847136+00:00,DI Yogyakarta,23150.0,0.0,,False,,,,False
2026-07-21,Daging Ayam,1,II,23150.0,DI Yogyakarta,2026-08-30T11:38:13.847136+00:00,DI Yogyakarta,23150.0,0.0,,False,,,,False
2026-07-22,Daging Ayam,1,II,23150.0,DI Yogyakarta,2026-08-30T11:38:13.847136+00:00,DI Yogyakarta,23150.0,0.0,,False,,,,False
2026-07-23,Daging Ayam,1,II,23150.0,DI Yogyakarta,2026-08-30T11:38:13.847136+00:00,DI Yogyakarta,23150.0,0.0,,False,,,,False
2026-07-24,Daging Ayam,1,II,23150.0,DI Yogyakarta,2026-08-30T11:38:13.847136+00:00,DI Yogyakarta,23150.0,0.0,,False,,,,False
2026-07-27,Daging Ayam,1,II,23650.0,DI Yogyakarta,2026-08-30T11:38:13.847136+00:00,DI Yogyakarta,23185.714285714286,133.6306209562121,3.4743961448615153,True,,,,False
2026-07-28,Daging Ayam,1,II,23650.0,DI Yogyakarta,2026-08-30T11:38:13.847136+00:00,DI Yogyakarta,23221.428571428572,181.5682598006405,2.3603873774083266,True,,,,False
2026-07-29,Daging Ayam,1,II,23650.0,DI Yogyakarta,2026-08-30T11:38:13.847136+00:00,DI Yogyakarta,23257.14285714286,212.9076568131596,1.8451996923807166,False,,,,False
2026-07-30,Daging Ayam,1,II,23650.0,DI Yogyakarta,2026-08-30T11:38:13.847136+00:00,DI Yogyakarta,23292.85714285714,234.40361546924703,1.5236235005501213,False,,,,False
2026-07-31,Daging Ayam,1,II,23650.0,DI Yogyakarta,2026-08-30T11:38:13.847136+00:00,DI Yogyakarta,23328.571428571428,248.62257904942246,1.2928374110570113,False,,,,False
2026-08-03,Daging Ayam,1,II,23650.0,DI Yogyakarta,2026-08-30T11:38:13.847136+00:00,DI Yogyakarta,23364.285714285714,256.7762955065464,1.1126972805283815,False,,,,False
2026-08-04,Daging Ayam,1,II,23650.0,DI Yogyakarta,2026-08-30T11:38:13.847136+00:00,DI Yogyakarta,23400.0,259.4372608313836,0.9636241116594383,False,,,,False
2026-08-05,Daging Ayam,1,II,23650.0,DI Yogyakarta,2026-08-30T11:38:13.847136+00:00,DI Yogyakarta,23435.714285714286,256.77629550654535,0.8345229603962859,False,,,,False
2026-08-06,Daging Ayam,1,II,23650.0,DI Yogyakarta,2026-08-30T11:38:13.847136+00:00,DI Yogyakarta,23471.428571428572,248.62257904942032,0.7182430061427837,False,,,,False
2026-08-07,Daging Ayam,1,II,23650.0,DI Yogyakarta,2026-08-30T11:38:13.847136+00:00,DI Yogyakarta,23507.14285714286,234.4036154692436,0.6094494002200481,False,,,,False
2026-08-10,Daging Ayam,1,II,23650.0,DI Yogyakarta,2026-08-30T11:38:13.847136+00:00,DI Yogyakarta,23542.85714285714,212.90765681315455,0.5032362797402168,False,,,,False
2026-08-11,Daging Ayam,1,II,23650.0,DI Yogyakarta,2026-08-30T11:38:13.847136+00:00,DI Yogyakarta,23578.571428571428,181.56825980063306,0.3933978962347439,False,,,,False
2026-08-12,Daging Ayam,1,II,23650.0,DI Yogyakarta,2026-08-30T11:38:13.847136+00:00,DI Yogyakarta,23614.285714285714,133.63062095619998,0.2672612419124527,False,,,,False
2026-08-13,Daging Ayam,1,II,23650.0,DI Yogyakarta,2026-08-30T11:38:13.847136+00:00,DI Yogyakarta,23650.0,0.0,,False,,,,False
2026-08-14,Daging Ayam,1,II,23650.0,DI Yogyakarta,2026-08-30T11:38:13.847136+00:00,DI Yogyakarta,23650.0,0.0,,False,,,,False
2026-08-17,Daging Ayam,1,II,23650.0,DI Yogyakarta,2026-08-30T10:03:35.195323+00:00,DI Yogyakarta,23650.0,0.0,,False,,,,False
2026-08-18,Daging Ayam,1,II,23650.0,DI Yogyakarta,2026-08-30T10:03:35.195323+00:00,DI Yogyakarta,23650.0,0.0,,False,,,,False
2026-08-19,Daging Ayam,1,II,23650.0,DI Yogyakarta,2026-08-30T10:03:35.195323+00:00,DI Yogyakarta,23650.0,0.0,,False,,,,False
2026-08-20,Daging Ayam,1,II,23650.0,DI Yogyakarta,2026-08-30T10:03:35.195323+00:00,DI Yogyakarta,23650.0,0.0,,False,,,,False
2026-08-21,Daging Ayam,1,II,23650.0,DI Yogyakarta,2026-08-30T10:03:35.195323+00:00,DI Yogyakarta,23650.0,0.0,,False,,,,False
2026-08-24,Daging Ayam,1,II,23650.0,DI Yogyakarta,2026-08-30T10:03:35.195323+00:00,DI Yogyakarta,23650.0,0.0,,False,,,,False
2026-08-25,Daging Ayam,1,II,28350.0,DI Yogyakarta,2026-08-30T10:03:35.195323+00:00,DI Yogyakarta,23985.714285714286,1256.1278369883946,3.4743961448615166,True,,,,False
2026-08-26,Daging Ayam,1,II,28350.0,DI Yogyakarta,2026-08-30T10:03:35.195323+00:00,DI Yogyakarta,24321.428571428572,1706.7416421260227,2.360387377408329,True,,,,False
2026-08-27,Daging Ayam,1,II,28350.0,DI Yogyakarta,2026-08-30T10:03:35.195323+00:00,DI Yogyakarta,24657.14285714286,2001.331974043704,1.84519969238072,False,,,,False
2026-08-28,Daging Ayam,1,II,28350.0,DI Yogyakarta,2026-08-30T10:03:35.195323+00:00,DI Yogyakarta,24992.85714285714,2203.3939854109276,1.5236235005501115,False,,,,False
2026-03-03,Daging Ayam Ras Segar,2,1,25350.0,DI Yogyakarta,2026-08-30T11:38:26.756565+00:00,DI Yogyakarta,,,,False,,,,False
2026-03-04,Daging Ayam Ras Segar,2,1,25350.0,DI Yogyakarta,2026-08-30T11:38:26.756565+00:00,DI Yogyakarta,,,,False,,,,False
2026-03-05,Daging Ayam Ras Segar,2,1,25350.0,DI Yogyakarta,2026-08-30T11:38:26.756565+00:00,DI Yogyakarta,,,,False,,,,False
2026-03-06,Daging Ayam Ras Segar,2,1,25350.0,DI Yogyakarta,2026-08-30T11:38:26.756565+00:00,DI Yogyakarta,,,,False,,,,False
2026-03-09,Daging Ayam Ras Segar,2,1,25350.0,DI Yogyakarta,2026-08-30T11:38:26.756565+00:00,DI Yogyakarta,25350.0,0.0,,False,,,,False
2026-03-10,Daging Ayam Ras Segar,2,1,25350.0,DI Yogyakarta,2026-08-30T11:38:26.756565+00:00,DI Yogyakarta,25350.0,0.0,,False,,,,False
2026-03-11,Daging Ayam Ras Segar,2,1,25350.0,DI Yogyakarta,2026-08-30T11:38:26.756565+00:00,DI Yogyakarta,25350.0,0.0,,False,,,,False
2026-03-12,Daging Ayam Ras Segar,2,1,25350.0,DI Yogyakarta,2026-08-30T11:38:26.756565+00:00,DI Yogyakarta,25350.0,0.0,,False,,,,False
2026-03-13,Daging Ayam Ras Segar,2,1,25350.0,DI Yogyakarta,2026-08-30T11:38:26.756565+00:00,DI Yogyakarta,25350.0,0.0,,False,,,,False
2026-03-16,Daging Ayam Ras Segar,2,1,25350.0,DI Yogyakarta,2026-08-30T11:38:23.606628+00:00,DI Yogyakarta,25350.0,0.0,,False,,,,False
2026-03-17,Daging Ayam Ras Segar,2,1,25350.0,DI Yogyakarta,2026-08-30T11:38:23.606628+00:00,DI Yogyakarta,25350.0,0.0,,False,,,,False
2026-03-18,Daging Ayam Ras Segar,2,1,25350.0,DI Yogyakarta,2026-08-30T11:38:23.606628+00:00,DI Yogyakarta,25350.0,0.0,,False,,,,False
2026-03-19,Daging Ayam Ras Segar,2,1,25350.0,DI Yogyakarta,2026-08-30T11:38:23.606628+00:00,DI Yogyakarta,25350.0,0.0,,False,,,,False
2026-03-20,Daging Ayam Ras Segar,2,1,25350.0,DI Yogyakarta,2026-08-30T11:38:23.606628+00:00,DI Yogyakarta,25350.0,0.0,,False,,,,False
2026-03-23,Daging Ayam Ras Segar,2,1,25350.0,DI Yogyakarta,2026-08-30T11:38:23.606628+00:00,DI Yogyakarta,25350.0,0.0,,False,,,,False
2026-03-24,Daging Ayam Ras Segar,2,1,25350.0,DI Yogyakarta,2026-08-30T11:38:23.606628+00:00,DI Yogyakarta,25350.0,0.0,,False,,,,False
2026-03-25,Daging Ayam Ras Segar,2,1,28650.0,DI Yogyakarta,2026-08-30T11:38:23.606628+00:00,DI Yogyakarta,25585.714285714286,881.9620983110004,3.4743961448615166,True,,,,False
2026-03-26,Daging Ayam Ras Segar,2,1,28650.0,DI Yogyakarta,2026-08-30T11:38:23.606628+00:00,DI Yogyakarta,25821.428571428572,1198.3505146842285,2.3603873774083293,True,,,,False
2026-03-27,Daging Ayam Ras Segar,2,1,28650.0,DI Yogyakarta,2026-08-30T11:38:23.606628+00:00,DI Yogyakarta,26057.14285714286,1405.1905349668557,1.84519969238072,False,,,,False
2026-03-30,Daging Ayam Ras Segar,2,1,28650.0,DI Yogyakarta,2026-08-30T11:38:23.606628+00:00,DI Yogyakarta,26292.85714285714,1547.063862097034,1.523623500550112,False,,,,False
2026-03-31,Daging Ayam Ras Segar,2,1,28650.0,DI Yogyakarta,2026-08-30T11:38:23.606628+00:00,DI Yogyakarta,26528.571428571428,1640.9090217261935,1.2928374110570036,False,,,,False
2026-04-01,Daging Ayam Ras Segar,2,1,28650.0,DI Yogyakarta,2026-08-30T11:38:23.606628+00:00,DI Yogyakarta,26764.285714285714,1694.7235503432134,1.112697280528375,False,,,,False
2026-04-02,Daging Ayam Ras Segar,2,1,28650.0,DI Yogyakarta,2026-08-30T11:38:23.606628+00:00,DI Yogyakarta,27000.0,1712.2859214871416,0.9636241116594327,False,,,,False
2026-04-03,Daging Ayam Ras Segar,2,1,28650.0,DI Yogyakarta,2026-08-30T11:38:23.606628+00:00,DI Yogyakarta,27235.714285714286,1694.7235503432123,0.8345229603962813,False,,,,False
2026-04-06,Daging Ayam Ras Segar,2,1,28650.0,DI Yogyakarta,2026-08-30T11:38:23.606628+00:00,DI Yogyakarta,27471.428571428572,1640.9090217261912,0.7182430061427798,False,,,,False
2026-04-07,Daging Ayam Ras Segar,2,1,28650.0,DI Yogyakarta,2026-08-30T11:38:23.606628+00:00,DI Yogyakarta,27707.14285714286,1547.0638620970303,0.6094494002200448,False,,,,False
2026-04-08,Daging Ayam Ras Segar,2,1,28650.0,DI Yogyakarta,2026-08-30T11:38:23.606628+00:00,DI Yogyakarta,27942.85714285714,1405.1905349668505,0.5032362797401996,False,,,,False
2026-04-09,Daging Ayam Ras Segar,2,1,28650.0,DI Yogyakarta,2026-08-30T11:38:23.606628+00:00,DI Yogyakarta,28178.571428571428,1198.3505146842215,0.3933978962347248,False,,,,False
2026-04-10,Daging Ayam Ras Segar,2,1,28650.0,DI Yogyakarta,2026-08-30T11:38:23.606628+00:00,DI Yogyakarta,28414.285714285714,881.9620983109899,0.26726124191242817,False,,,,False
2026-04-13,Daging Ayam Ras Segar,2,1,28650.0,DI Yogyakarta,2026-08-30T11:38:23.606628+00:00,DI Yogyakarta,28650.0,0.0,,False,,,,False
2026-04-14,Daging Ayam Ras Segar,2,1,28650.0,DI Yogyakarta,2026-08-30T11:38:23.606628+00:00,DI Yogyakarta,28650.0,0.0,,False,,,,False
2026-04-15,Daging Ayam Ras Segar,2,1,28650.0,DI Yogyakarta,2026-08-30T11:38:23.606628+00:00,DI Yogyakarta,28650.0,0.0,,False,,,,False
2026-04-16,Daging Ayam Ras Segar,2,1,28650.0,DI Yogyakarta,2026-08-30T11:38:23.606628+00:00,DI Yogyakarta,28650.0,0.0,,False,,,,False
2026-04-17,Daging Ayam Ras Segar,2,1,28650.0,DI Yogyakarta,2026-08-30T11:38:23.606628+00:00,DI Yogyakarta,28650.0,0.0,,False,,,,False
2026-04-20,Daging Ayam Ras Segar,2,1,28650.0,DI Yogyakarta,2026-08-30T11:38:23.606628+00:00,DI Yogyakarta,28650.0,0.0,,False,,,,False
2026-04-21,Daging Ayam Ras Segar,2,1,28650.0,DI Yogyakarta,2026-08-30T11:38:23.606628+00:00,DI Yogyakarta,28650.0,0.0,,False,,,,False
2026-04-22,Daging Ayam Ras Segar,2,1,28650.0,DI Yogyakarta,2026-08-30T11:38:23.606628+00:00,DI Yogyakarta,28650.0,0.0,,False,,,,False
2026-04-23,Daging Ayam Ras Segar,2,1,28650.0,DI Yogyakarta,2026-08-30T11:38:23.606628+00:00,DI Yogyakarta,28650.0,0.0,,False,,,,False
2026-04-24,Daging Ayam Ras Segar,2,1,28650.0,DI Yogyakarta,2026-08-30T11:38:23.606628+00:00,DI Yogyakarta,28650.0,0.0,,False,,,,False
2026-04-27,Daging Ayam Ras Segar,2,1,23350.0,DI Yogyakarta,2026-08-30T11:38:23.606628+00:00,DI Yogyakarta,28271.428571428572,1416.4845821358495,-3.474396144861517,True,,,,False
2026-04-28,Daging Ayam Ras Segar,2,1,23350.0,DI Yogyakarta,2026-08-30T11:38:23.606628+00:00,DI Yogyakarta,27892.85714285714,1924.6235538867923,-2.360387377408328,True,,,,False
2026-04-29,Daging Ayam Ras Segar,2,1,23350.0,DI Yogyakarta,2026-08-30T11:38:23.606628+00:00,DI Yogyakarta,27514.285714285714,2256.821162219497,-1.8451996923807195,False,,,,False
2026-04-30,Daging Ayam Ras Segar,2,1,23350.0,DI Yogyakarta,2026-08-30T11:38:23.606628+00:00,DI Yogyakarta,27135.714285714286,2484.678323974027,-1.5236235005501095,False,,,,False
2026-05-01,Daging Ayam Ras Segar,2,1,23350.0,DI Yogyakarta,2026-08-30T11:38:23.606628+00:00,DI Yogyakarta,26757.14285714286,2635.399337923891,-1.2928374110570013,False,,,,False
2026-05-04,Daging Ayam Ras Segar,2,1,23350.0,DI Yogyakarta,2026-08-30T11:38:23.606628+00:00,DI Yogyakarta,26378.571428571428,2721.828732369409,-1.1126972805283721,False,,,,False
2026-05-05,Daging Ayam Ras Segar,2,1,23350.0,DI Yogyakarta,2026-08-30T11:38:23.606628+00:00,DI Yogyakarta,26000.0,2750.0349648126894,-0.9636241116594301,False,,,,False
2026-05-06,Daging Ayam Ras Segar,2,1,23350.0,DI Yogyakarta,2026-08-30T11:38:23.606628+00:00,DI Yogyakarta,25621.428571428572,2721.8287323694117,-0.8345229603962788,False,,,,False
2026-05-07,Daging Ayam Ras Segar,2,1,23350.0,DI Yogyakarta,2026-08-30T11:38:23.606628+00:00,DI Yogyakarta,25242.85714285714,2635.3993379238955,-0.7182430061427764,False,,,,False
2026-05-08,Daging Ayam Ras Segar,2,1,23350.0,DI Yogyakarta,2026-08-30T11:38:23.606628+00:00,DI Yogyakarta,24864.285714285714,2484.678323974034,-0.6094494002200418,False,,,,False
2026-05-11,Daging Ayam Ras Segar,2,1,23350.0,DI Yogyakarta,2026-08-30T11:38:18.765381+00:00,DI Yogyakarta,24485.714285714286,2256.8211622195063,-0.5032362797401945,False,,,,False
2026-05-12,Daging Ayam Ras Segar,2,1,23350.0,DI Yogyakarta,2026-08-30T11:38:18.765381+00:00,DI Yogyakarta,24107.14285714286,1924.6235538868043,-0.3933978962347198,False,,,,False
2026-05-13,Daging Ayam Ras Segar,2,1,23350.0,DI Yogyakarta,2026-08-30T11:38:18.765381+00:00,DI Yogyakarta,23728.571428571428,1416.4845821358679,-0.2672612419124201,False,,,,False
2026-05-14,Daging Ayam Ras Segar,2,1,23350.0,DI Yogyakarta,2026-08-30T11:38:18.765381+00:00,DI Yogyakarta,23350.0,0.0,,False,,,,False
2026-05-15,Daging Ayam Ras Segar,2,1,23350.0,DI Yogyakarta,2026-08-30T11:38:18.765381+00:00,DI Yogyakarta,23350.0,0.0,,False,,,,False
2026-05-18,Daging Ayam Ras Segar,2,1,23350.0,DI Yogyakarta,2026-08-30T11:38:18.765381+00:00,DI Yogyakarta,23350.0,0.0,,False,,,,False
2026-05-19,Daging Ayam Ras Segar,2,1,23350.0,DI Yogyakarta,2026-08-30T11:38:18.765381+00:00,DI Yogyakarta,23350.0,0.0,,False,,,,False
2026-05-20,Daging Ayam Ras Segar,2,1,23350.0,DI Yogyakarta,2026-08-30T11:38:18.765381+00:00,DI Yogyakarta,23350.0,0.0,,False,,,,False
2026-05-21,Daging Ayam Ras Segar,2,1,23350.0,DI Yogyakarta,2026-08-30T11:38:18.765381+00:00,DI Yogyakarta,23350.0,0.0,,False,,,,False
2026-05-22,Daging Ayam Ras Segar,2,1,23350.0,DI Yogyakarta,2026-08-30T11:38:18.765381+00:00,DI Yogyakarta,23350.0,0.0,,False,,,,False
2026-05-25,Daging Ayam Ras Segar,2,1,22500.0,DI Yogyakarta,2026-08-30T11:38:18.765381+00:00,DI Yogyakarta,23289.285714285714,227.17205562556066,-3.4743961448615157,True,,,,False
2026-05-26,Daging Ayam Ras Segar,2,1,22500.0,DI Yogyakarta,2026-08-30T11:38:18.765381+00:00,DI Yogyakarta,23228.571428571428,308.6660416610889,-2.3603873774083284,True,,,,False
2026-05-27,Daging Ayam Ras Segar,2,1,22500.0,DI Yogyakarta,2026-08-30T11:38:18.765381+00:00,DI Yogyakarta,23167.85714285714,361.94301658237197,-1.8451996923807163,False,,,,False
2026-05-28,Daging Ayam Ras Segar,2,1,22500.0,DI Yogyakarta,2026-08-30T11:38:18.765381+00:00,DI Yogyakarta,23107.14285714286,398.4861462977213,-1.5236235005501133,False,,,,False
2026-05-29,Daging Ayam Ras Segar,2,1,22500.0,DI Yogyakarta,2026-08-30T11:38:18.765381+00:00,DI Yogyakarta,23046.428571428572,422.6583843840202,-1.2928374110570033,False,,,,False
2026-06-01,Daging Ayam Ras Segar,2,1,22500.0,DI Yogyakarta,2026-08-30T11:38:18.765381+00:00,DI Yogyakarta,22985.714285714286,436.5197023611319,-1.1126972805283728,False,,,,False
2026-06-02,Daging Ayam Ras Segar,2,1,22500.0,DI Yogyakarta,2026-08-30T11:38:18.765381+00:00,DI Yogyakarta,22925.0,441.0433434133565,-0.9636241116594286,False,,,,False
2026-06-03,Daging Ayam Ras Segar,2,1,22500.0,DI Yogyakarta,2026-08-30T11:38:18.765381+00:00,DI Yogyakarta,22864.285714285714,436.519702361133,-0.8345229603962755,False,,,,False
2026-06-04,Daging Ayam Ras Segar,2,1,22500.0,DI Yogyakarta,2026-08-30T11:38:18.765381+00:00,DI Yogyakarta,22803.571428571428,422.65838438402244,-0.718243006142772,False,,,,False
2026-06-05,Daging Ayam Ras Segar,2,1,22500.0,DI Yogyakarta,2026-08-30T11:38:18.765381+00:00,DI Yogyakarta,22742.85714285714,398.4861462977248,-0.6094494002200345,False,,,,False
2026-06-08,Daging Ayam Ras Segar,2,1,22500.0,DI Yogyakarta,2026-08-30T11:38:18.765381+00:00,DI Yogyakarta,22682.14285714286,361.9430165823771,-0.5032362797401938,False,,,,False
2026-06-09,Daging Ayam Ras Segar,2,1,22500.0,DI Yogyakarta,2026-08-30T11:38:18.765381+00:00,DI Yogyakarta,22621.428571428572,308.6660416610964,-0.39339789623471577,False,,,,False
2026-06-10,Daging Ayam Ras Segar,2,1,22500.0,DI Yogyakarta,2026-08-30T11:38:18.765381+00:00,DI Yogyakarta,22560.714285714286,227.17205562557288,-0.26726124191241235,False,,,,False
2026-06-11,Daging Ayam Ras Segar,2,1,22500.0,DI Yogyakarta,2026-08-30T11:38:18.765381+00:00,DI Yogyakarta,22500.0,0.0,,False,,,,False
2026-06-12,Daging Ayam Ras Segar,2,1,22500.0,DI Yogyakarta,2026-08-30T11:38:18.765381+00:00,DI Yogyakarta,22500.0,0.0,,False,,,,False
2026-06-15,Daging Ayam Ras Segar,2,1,22500.0,DI Yogyakarta,2026-08-30T11:38:18.765381+00:00,DI Yogyakarta,22500.0,0.0,,False,,,,False
2026-06-16,Daging Ayam Ras Segar,2,1,22500.0,DI Yogyakarta,2026-08-30T11:38:18.765381+00:00,DI Yogyakarta,22500.0,0.0,,False,,,,False
2026-06-17,Daging Ayam Ras Segar,2,1,22500.0,DI Yogyakarta,2026-08-30T11:38:18.765381+00:00,DI Yogyakarta,22500.0,0.0,,False,,,,False
2026-06-18,Daging Ayam Ras Segar,2,1,22500.0,DI Yogyakarta,2026-08-30T11:38:18.765381+00:00,DI Yogyakarta,22500.0,0.0,,False,,,,False
2026-06-19,Daging Ayam Ras Segar,2,1,22500.0,DI Yogyakarta,2026-08-30T11:38:18.765381+00:00,DI Yogyakarta,22500.0,0.0,,False,,,,False
2026-06-22,Daging Ayam Ras Segar,2,1,22500.0,DI Yogyakarta,2026-08-30T11:38:18.765381+00:00,DI Yogyakarta,22500.0,0.0,,False,,,,False
2026-06-23,Daging Ayam Ras Segar,2,1,22500.0,DI Yogyakarta,2026-08-30T11:38:18.765381+00:00,DI Yogyakarta,22500.0,0.0,,False,,,,False
2026-06-24,Daging Ayam Ras Segar,2,1,22500.0,DI Yogyakarta,2026-08-30T11:38:18.765381+00:00,DI Yogyakarta,22500.0,0.0,,False,,,,False
2026-06-25,Daging Ayam Ras Segar,2,1,23150.0,DI Yogyakarta,2026-08-30T11:38:18.765381+00:00,DI Yogyakarta,22546.428571428572,173.7198072430757,3.474396144861514,True,,,,False
2026-06-26,Daging Ayam Ras Segar,2,1,23150.0,DI Yogyakarta,2026-08-30T11:38:18.765381+00:00,DI Yogyakarta,22592.85714285714,236.03873774083297,2.360387377408336,True,,,,False
2026-06-29,Daging Ayam Ras Segar,2,1,23150.0,DI Yogyakarta,2026-08-30T11:38:18.765381+00:00,DI Yogyakarta,22639.285714285714,276.7799538571082,1.8451996923807212,False,,,,False
2026-06-30,Daging Ayam Ras Segar,2,1,23150.0,DI Yogyakarta,2026-08-30T11:38:18.765381+00:00,DI Yogyakarta,22685.714285714286,304.72470011002207,1.5236235005501082,False,,,,False
2026-07-01,Daging Ayam Ras Segar,2,1,23150.0,DI Yogyakarta,2026-08-30T11:38:18.765381+00:00,DI Yogyakarta,22732.14285714286,323.20935276425047,1.2928374110569971,False,,,,False
2026-07-02,Daging Ayam Ras Segar,2,1,23150.0,DI Yogyakarta,2026-08-30T11:38:18.765381+00:00,DI Yogyakarta,22778.571428571428,333.80918415851204,1.1126972805283768,False,,,,False
2026-07-03,Daging Ayam Ras Segar,2,1,23150.0,DI Yogyakarta,2026-08-30T11:38:18.765381+00:00,DI Yogyakarta,22825.0,337.26843908080104,0.9636241116594315,False,,,,False
2026-07-06,Daging Ayam Ras Segar,2,1,23150.0,DI Yogyakarta,2026-08-30T11:38:13.847136+00:00,DI Yogyakarta,22871.428571428572,333.80918415851204,0.8345229603962772,False,,,,False
2026-07-07,Daging Ayam Ras Segar,2,1,23150.0,DI Yogyakarta,2026-08-30T11:38:13.847136+00:00,DI Yogyakarta,22917.85714285714,323.2093527642504,0.7182430061427838,False,,,,False
2026-07-08,Daging Ayam Ras Segar,2,1,23150.0,DI Yogyakarta,2026-08-30T11:38:13.847136+00:00,DI Yogyakarta,22964.285714285714,304.72470011002207,0.6094494002200457,False,,,,False
2026-07-09,Daging Ayam Ras Segar,2,1,23150.0,DI Yogyakarta,2026-08-30T11:38:13.847136+00:00,DI Yogyakarta,23010.714285714286,276.7799538571081,0.5032362797401944,False,,,,False
2026-07-10,Daging Ayam Ras Segar,2,1,23150.0,DI Yogyakarta,2026-08-30T11:38:13.847136+00:00,DI Yogyakarta,23057.14285714286,236.03873774083294,0.393397896234715,False,,,,False
2026-07-13,Daging Ayam Ras Segar,2,1,23150.0,DI Yogyakarta,2026-08-30T11:38:13.847136+00:00,DI Yogyakarta,23103.571428571428,173.71980724307565,0.26726124191243067,False,,,,False
2026-07-14,Daging Ayam Ras Segar,2,1,23150.0,DI Yogyakarta,2026-08-30T11:38:13.847136+00:00,DI Yogyakarta,23150.0,0.0,,False,,,,False
2026-07-15,Daging Ayam Ras Segar,2,1,23150.0,DI Yogyakarta,2026-08-30T11:38:13.847136+00:00,DI Yogyakarta,23150.0,0.0,,False,,,,False
2026-07-16,Daging Ayam Ras Segar,2,1,23150.0,DI Yogyakarta,2026-08-30T11:38:13.847136+00:00,DI Yogyakarta,23150.0,0.0,,False,,,,False
2026-07-17,Daging Ayam Ras Segar,2,1,23150.0,DI Yogyakarta,2026-08-30T11:38:13.847136+00:00,DI Yogyakarta,23150.0,0.0,,False,,,,False
2026-07-20,Daging Ayam Ras Segar,2,1,23150.0,DI Yogyakarta,2026-08-30T11:38:13.847136+00:00,DI Yogyakarta,23150.0,0.0,,False,,,,False
2026-07-21,Daging Ayam Ras Segar,2,1,23150.0,DI Yogyakarta,2026-08-30T11:38:13.847136+00:00,DI Yogyakarta,23150.0,0.0,,False,,,,False
2026-07-22,Daging Ayam Ras Segar,2,1,23150.0,DI Yogyakarta,2026-08-30T11:38:13.847136+00:00,DI Yogyakarta,23150.0,0.0,,False,,,,False
2026-07-23,Daging Ayam Ras Segar,2,1,23150.0,DI Yogyakarta,2026-08-30T11:38:13.847136+00:00,DI Yogyakarta,23150.0,0.0,,False,,,,False
2026-07-24,Daging Ayam Ras Segar,2,1,23150.0,DI Yogyakarta,2026-08-30T11:38:13.847136+00:00,DI Yogyakarta,23150.0,0.0,,False,,,,False
2026-07-27,Daging Ayam Ras Segar,2,1,23650.0,DI Yogyakarta,2026-08-30T11:38:13.847136+00:00,DI Yogyakarta,23185.714285714286,133.6306209562121,3.4743961448615153,True,,,,False
2026-07-28,Daging Ayam Ras Segar,2,1,23650.0,DI Yogyakarta,2026-08-30T11:38:13.847136+00:00,DI Yogyakarta,23221.428571428572,181.5682598006405,2.3603873774083266,True,,,,False
2026-07-29,Daging Ayam Ras Segar,2,1,23650.0,DI Yogyakarta,2026-08-30T11:38:13.847136+00:00,DI Yogyakarta,23257.14285714286,212.9076568131596,1.8451996923807166,False,,,,False
2026-07-30,Daging Ayam Ras Segar,2,1,23650.0,DI Yogyakarta,2026-08-30T11:38:13.847136+00:00,DI Yogyakarta,23292.85714285714,234.40361546924703,1.5236235005501213,False,,,,False
2026-07-31,Daging Ayam Ras Segar,2,1,23650.0,DI Yogyakarta,2026-08-30T11:38:13.847136+00:00,DI Yogyakarta,23328.571428571428,248.62257904942246,1.2928374110570113,False,,,,False
2026-08-03,Daging Ayam Ras Segar,2,1,23650.0,DI Yogyakarta,2026-08-30T11:38:13.847136+00:00,DI Yogyakarta,23364.285714285714,256.7762955065464,1.1126972805283815,False,,,,False
2026-08-04,Daging Ayam Ras Segar,2,1,23650.0,DI Yogyakarta,2026-08-30T11:38:13.847136+00:00,DI Yogyakarta,23400.0,259.4372608313836,0.9636241116594383,False,,,,False
2026-08-05,Daging Ayam Ras Segar,2,1,23650.0,DI Yogyakarta,2026-08-30T11:38:13.847136+00:00,DI Yogyakarta,23435.714285714286,256.77629550654535,0.8345229603962859,False,,,,False
2026-08-06,Daging Ayam Ras Segar,2,1,23650.0,DI Yogyakarta,2026-08-30T11:38:13.847136+00:00,DI Yogyakarta,23471.428571428572,248.62257904942032,0.7182430061427837,False,,,,False
2026-08-07,Daging Ayam Ras Segar,2,1,23650.0,DI Yogyakarta,2026-08-30T11:38:13.847136+00:00,DI Yogyakarta,23507.14285714286,234.4036154692436,0.6094494002200481,False,,,,False
2026-08-10,Daging Ayam Ras Segar,2,1,23650.0,DI Yogyakarta,2026-08-30T11:38:13.847136+00:00,DI Yogyakarta,23542.85714285714,212.90765681315455,0.5032362797402168,False,,,,False
2026-08-11,Daging Ayam Ras Segar,2,1,23650.0,DI Yogyakarta,2026-08-30T11:38:13.847136+00:00,DI Yogyakarta,23578.571428571428,181.56825980063306,0.3933978962347439,False,,,,False
2026-08-12,Daging Ayam Ras Segar,2,1,23650.0,DI Yogyakarta,2026-08-30T11:38:13.847136+00:00,DI Yogyakarta,23614.285714285714,133.63062095619998,0.2672612419124527,False,,,,False
2026-08-13,Daging Ayam Ras Segar,2,1,23650.0,DI Yogyakarta,2026-08-30T11:38:13.847136+00:00,DI Yogyakarta,23650.0,0.0,,False,,,,False
2026-08-14,Daging Ayam Ras Segar,2,1,23650.0,DI Yogyakarta,2026-08-30T11:38:13.847136+00:00,DI Yogyakarta,23650.0,0.0,,False,,,,False
2026-08-17,Daging Ayam Ras Segar,2,1,23650.0,DI Yogyakarta,2026-08-30T10:03:35.195323+00:00,DI Yogyakarta,23650.0,0.0,,False,,,,False
2026-08-18,Daging Ayam Ras Segar,2,1,23650.0,DI Yogyakarta,2026-08-30T10:03:35.195323+00:00,DI Yogyakarta,23650.0,0.0,,False,,,,False
2026-08-19,Daging Ayam Ras Segar,2,1,23650.0,DI Yogyakarta,2026-08-30T10:03:35.195323+00:00,DI Yogyakarta,23650.0,0.0,,False,,,,False
2026-08-20,Daging Ayam Ras Segar,2,1,23650.0,DI Yogyakarta,2026-08-30T10:03:35.195323+00:00,DI Yogyakarta,23650.0,0.0,,False,,,,False
2026-08-21,Daging Ayam Ras Segar,2,1,23650.0,DI Yogyakarta,2026-08-30T10:03:35.195323+00:00,DI Yogyakarta,23650.0,0.0,,False,,,,False
2026-08-24,Daging Ayam Ras Segar,2,1,23650.0,DI Yogyakarta,2026-08-30T10:03:35.195323+00:00,DI Yogyakarta,23650.0,0.0,,False,,,,False
2026-08-25,Daging Ayam Ras Segar,2,1,28350.0,DI Yogyakarta,2026-08-30T10:03:35.195323+00:00,DI Yogyakarta,23985.714285714286,1256.1278369883946,3.4743961448615166,True,,,,False
2026-08-26,Daging Ayam Ras Segar,2,1,28350.0,DI Yogyakarta,2026-08-30T10:03:35.195323+00:00,DI Yogyakarta,24321.428571428572,1706.7416421260227,2.360387377408329,True,,,,False
2026-08-27,Daging Ayam Ras Segar,2,1,28350.0,DI Yogyakarta,2026-08-30T10:03:35.195323+00:00,DI Yogyakarta,24657.14285714286,2001.331974043704,1.84519969238072,False,,,,False
2026-08-28,Daging Ayam Ras Segar,2,1,28350.0,DI Yogyakarta,2026-08-30T10:03:35.195323+00:00,DI Yogyakarta,24992.85714285714,2203.3939854109276,1.5236235005501115,False,,,,False
2026-03-03,Daging Sapi,1,III,125000.0,DI Yogyakarta,2026-08-30T11:38:26.756565+00:00,DI Yogyakarta,,,,False,,,,False
2026-03-04,Daging Sapi,1,III,125000.0,DI Yogyakarta,2026-08-30T11:38:26.756565+00:00,DI Yogyakarta,,,,False,,,,False
2026-03-05,Daging Sapi,1,III,125000.0,DI Yogyakarta,2026-08-30T11:38:26.756565+00:00,DI Yogyakarta,,,,False,,,,False
2026-03-06,Daging Sapi,1,III,125000.0,DI Yogyakarta,2026-08-30T11:38:26.756565+00:00,DI Yogyakarta,,,,False,,,,False
2026-03-09,Daging Sapi,1,III,125000.0,DI Yogyakarta,2026-08-30T11:38:26.756565+00:00,DI Yogyakarta,125000.0,0.0,,False,,,,False
2026-03-10,Daging Sapi,1,III,125000.0,DI Yogyakarta,2026-08-30T11:38:26.756565+00:00,DI Yogyakarta,125000.0,0.0,,False,,,,False
2026-03-11,Daging Sapi,1,III,125000.0,DI Yogyakarta,2026-08-30T11:38:26.756565+00:00,DI Yogyakarta,125000.0,0.0,,False,,,,False
2026-03-12,Daging Sapi,1,III,125000.0,DI Yogyakarta,2026-08-30T11:38:26.756565+00:00,DI Yogyakarta,125000.0,0.0,,False,,,,False
2026-03-13,Daging Sapi,1,III,125000.0,DI Yogyakarta,2026-08-30T11:38:26.756565+00:00,DI Yogyakarta,125000.0,0.0,,False,,,,False
2026-03-16,Daging Sapi,1,III,125000.0,DI Yogyakarta,2026-08-30T11:38:23.606628+00:00,DI Yogyakarta,125000.0,0.0,,False,,,,False
2026-03-17,Daging Sapi,1,III,125000.0,DI Yogyakarta,2026-08-30T11:38:23.606628+00:00,DI Yogyakarta,125000.0,0.0,,False,,,,False
2026-03-18,Daging Sapi,1,III,125000.0,DI Yogyakarta,2026-08-30T11:38:23.606628+00:00,DI Yogyakarta,125000.0,0.0,,False,,,,False
2026-03-19,Daging Sapi,1,III,125000.0,DI Yogyakarta,2026-08-30T11:38:23.606628+00:00,DI Yogyakarta,125000.0,0.0,,False,,,,False
2026-03-20,Daging Sapi,1,III,125000.0,DI Yogyakarta,2026-08-30T11:38:23.606628+00:00,DI Yogyakarta,125000.0,0.0,,False,,,,False
2026-03-23,Daging Sapi,1,III,125000.0,DI Yogyakarta,2026-08-30T11:38:23.606628+00:00,DI Yogyakarta,125000.0,0.0,,False,,,,False
2026-03-24,Daging Sapi,1,III,125000.0,DI Yogyakarta,2026-08-30T11:38:23.606628+00:00,DI Yogyakarta,125000.0,0.0,,False,,,,False
2026-03-25,Daging Sapi,1,III,130000.0,DI Yogyakarta,2026-08-30T11:38:23.606628+00:00,DI Yogyakarta,125357.14285714286,1336.3062095621221,3.474396144861518,True,,,,False
2026-03-26,Daging Sapi,1,III,130000.0,DI Yogyakarta,2026-08-30T11:38:23.606628+00:00,DI Yogyakarta,125714.28571428571,1815.6825980064086,2.36038737740833,True,,,,False
2026-03-27,Daging Sapi,1,III,130000.0,DI Yogyakarta,2026-08-30T11:38:23.606628+00:00,DI Yogyakarta,126071.42857142857,2129.0765681316025,1.8451996923807215,False,,,,False
2026-03-30,Daging Sapi,1,III,130000.0,DI Yogyakarta,2026-08-30T11:38:23.606628+00:00,DI Yogyakarta,126428.57142857143,2344.0361546924805,1.5236235005501053,False,,,,False
2026-03-31,Daging Sapi,1,III,130000.0,DI Yogyakarta,2026-08-30T11:38:23.606628+00:00,DI Yogyakarta,126785.71428571429,2486.225790494239,1.292837411056998,False,,,,False
2026-04-01,Daging Sapi,1,III,130000.0,DI Yogyakarta,2026-08-30T11:38:23.606628+00:00,DI Yogyakarta,127142.85714285714,2567.7629550654838,1.1126972805283701,False,,,,False
2026-04-02,Daging Sapi,1,III,130000.0,DI Yogyakarta,2026-08-30T11:38:23.606628+00:00,DI Yogyakarta,127500.0,2594.372608313862,0.9636241116594285,False,,,,False
2026-04-03,Daging Sapi,1,III,130000.0,DI Yogyakarta,2026-08-30T11:38:23.606628+00:00,DI Yogyakarta,127857.14285714286,2567.762955065488,0.8345229603962776,False,,,,False
2026-04-06,Daging Sapi,1,III,130000.0,DI Yogyakarta,2026-08-30T11:38:23.606628+00:00,DI Yogyakarta,128214.28571428571,2486.2257904942476,0.7182430061427768,False,,,,False
2026-04-07,Daging Sapi,1,III,130000.0,DI Yogyakarta,2026-08-30T11:38:23.606628+00:00,DI Yogyakarta,128571.42857142857,2344.0361546924946,0.6094494002200421,False,,,,False
2026-04-08,Daging Sapi,1,III,130000.0,DI Yogyakarta,2026-08-30T11:38:23.606628+00:00,DI Yogyakarta,128928.57142857143,2129.0765681316225,0.5032362797401883,False,,,,False
2026-04-09,Daging Sapi,1,III,130000.0,DI Yogyakarta,2026-08-30T11:38:23.606628+00:00,DI Yogyakarta,129285.71428571429,1815.6825980064355,0.39339789623471316,False,,,,False
2026-04-10,Daging Sapi,1,III,130000.0,DI Yogyakarta,2026-08-30T11:38:23.606628+00:00,DI Yogyakarta,129642.85714285714,1336.3062095621626,0.2672612419124147,False,,,,False
2026-04-13,Daging Sapi,1,III,130000.0,DI Yogyakarta,2026-08-30T11:38:23.606628+00:00,DI Yogyakarta,130000.0,0.0,,False,,,,False
2026-04-14,Daging Sapi,1,III,130000.0,DI Yogyakarta,2026-08-30T11:38:23.606628+00:00,DI Yogyakarta,130000.0,0.0,,False,,,,False
2026-04-15,Daging Sapi,1,III,130000.0,DI Yogyakarta,2026-08-30T11:38:23.606628+00:00,DI Yogyakarta,130000.0,0.0,,False,,,,False
2026-04-16,Daging Sapi,1,III,130000.0,DI Yogyakarta,2026-08-30T11:38:23.606628+00:00,DI Yogyakarta,130000.0,0.0,,False,,,,False
2026-04-17,Daging Sapi,1,III,130000.0,DI Yogyakarta,2026-08-30T11:38:23.606628+00:00,DI Yogyakarta,130000.0,0.0,,False,,,,False
2026-04-20,Daging Sapi,1,III,130000.0,DI Yogyakarta,2026-08-30T11:38:23.606628+00:00,DI Yogyakarta,130000.0,0.0,,False,,,,False
2026-04-21,Daging Sapi,1,III,130000.0,DI Yogyakarta,2026-08-30T11:38:23.606628+00:00,DI Yogyakarta,130000.0,0.0,,False,,,,False
2026-04-22,Daging Sapi,1,III,130000.0,DI Yogyakarta,2026-08-30T11:38:23.606628+00:00,DI Yogyakarta,130000.0,0.0,,False,,,,False
2026-04-23,Daging Sapi,1,III,130000.0,DI Yogyakarta,2026-08-30T11:38:23.606628+00:00,DI Yogyakarta,130000.0,0.0,,False,,,,False
2026-04-24,Daging Sapi,1,III,130000.0,DI Yogyakarta,2026-08-30T11:38:23.606628+00:00,DI Yogyakarta,130000.0,0.0,,False,,,,False
2026-04-27,Daging Sapi,1,III,130000.0,DI Yogyakarta,2026-08-30T11:38:23.606628+00:00,DI Yogyakarta,130000.0,0.0,,False,,,,False
2026-04-28,Daging Sapi,1,III,130000.0,DI Yogyakarta,2026-08-30T11:38:23.606628+00:00,DI Yogyakarta,130000.0,0.0,,False,,,,False
2026-04-29,Daging Sapi,1,III,130000.0,DI Yogyakarta,2026-08-30T11:38:23.606628+00:00,DI Yogyakarta,130000.0,0.0,,False,,,,False
2026-04-30,Daging Sapi,1,III,130000.0,DI Yogyakarta,2026-08-30T11:38:23.606628+00:00,DI Yogyakarta,130000.0,0.0,,False,,,,False
2026-05-01,Daging Sapi,1,III,130000.0,DI Yogyakarta,2026-08-30T11:38:23.606628+00:00,DI Yogyakarta,130000.0,0.0,,False,,,,False
2026-05-04,Daging Sapi,1,III,130000.0,DI Yogyakarta,2026-08-30T11:38:23.606628+00:00,DI Yogyakarta,130000.0,0.0,,False,,,,False
2026-05-05,Daging Sapi,1,III,130000.0,DI Yogyakarta,2026-08-30T11:38:23.606628+00:00,DI Yogyakarta,130000.0,0.0,,False,,,,False
2026-05-06,Daging Sapi,1,III,130000.0,DI Yogyakarta,2026-08-30T11:38:23.606628+00:00,DI Yogyakarta,130000.0,0.0,,False,,,,False
2026-05-07,Daging Sapi,1,III,130000.0,DI Yogyakarta,2026-08-30T11:38:23.606628+00:00,DI Yogyakarta,130000.0,0.0,,False,,,,False
2026-05-08,Daging Sapi,1,III,130000.0,DI Yogyakarta,2026-08-30T11:38:23.606628+00:00,DI Yogyakarta,130000.0,0.0,,False,,,,False
2026-05-11,Daging Sapi,1,III,130000.0,DI Yogyakarta,2026-08-30T11:38:18.765381+00:00,DI Yogyakarta,130000.0,0.0,,False,,,,False
2026-05-12,Daging Sapi,1,III,130000.0,DI Yogyakarta,2026-08-30T11:38:18.765381+00:00,DI Yogyakarta,130000.0,0.0,,False,,,,False
2026-05-13,Daging Sapi,1,III,130000.0,DI Yogyakarta,2026-08-30T11:38:18.765381+00:00,DI Yogyakarta,130000.0,0.0,,False,,,,False
2026-05-14,Daging Sapi,1,III,130000.0,DI Yogyakarta,2026-08-30T11:38:18.765381+00:00,DI Yogyakarta,130000.0,0.0,,False,,,,False
2026-05-15,Daging Sapi,1,III,130000.0,DI Yogyakarta,2026-08-30T11:38:18.765381+00:00,DI Yogyakarta,130000.0,0.0,,False,,,,False
2026-05-18,Daging Sapi,1,III,130000.0,DI Yogyakarta,2026-08-30T11:38:18.765381+00:00,DI Yogyakarta,130000.0,0.0,,False,,,,False
2026-05-19,Daging Sapi,1,III,130000.0,DI Yogyakarta,2026-08-30T11:38:18.765381+00:00,DI Yogyakarta,130000.0,0.0,,False,,,,False
2026-05-20,Daging Sapi,1,III,130000.0,DI Yogyakarta,2026-08-30T11:38:18.765381+00:00,DI Yogyakarta,130000.0,0.0,,False,,,,False
2026-05-21,Daging Sapi,1,III,130000.0,DI Yogyakarta,2026-08-30T11:38:18.765381+00:00,DI Yogyakarta,130000.0,0.0,,False,,,,False
2026-05-22,Daging Sapi,1,III,130000.0,DI Yogyakarta,2026-08-30T11:38:18.765381+00:00,DI Yogyakarta,130000.0,0.0,,False,,,,False
2026-05-25,Daging Sapi,1,III,130000.0,DI Yogyakarta,2026-08-30T11:38:18.765381+00:00,DI Yogyakarta,130000.0,0.0,,False,,,,False
2026-05-26,Daging Sapi,1,III,130000.0,DI Yogyakarta,2026-08-30T11:38:18.765381+00:00,DI Yogyakarta,130000.0,0.0,,False,,,,False
2026-05-27,Daging Sapi,1,III,130000.0,DI Yogyakarta,2026-08-30T11:38:18.765381+00:00,DI Yogyakarta,130000.0,0.0,,False,,,,False
2026-05-28,Daging Sapi,1,III,130000.0,DI Yogyakarta,2026-08-30T11:38:18.765381+00:00,DI Yogyakarta,130000.0,0.0,,False,,,,False
2026-05-29,Daging Sapi,1,III,130000.0,DI Yogyakarta,2026-08-30T11:38:18.765381+00:00,DI Yogyakarta,130000.0,0.0,,False,,,,False
2026-06-01,Daging Sapi,1,III,130000.0,DI Yogyakarta,2026-08-30T11:38:18.765381+00:00,DI Yogyakarta,130000.0,0.0,,False,,,,False
2026-06-02,Daging Sapi,1,III,130000.0,DI Yogyakarta,2026-08-30T11:38:18.765381+00:00,DI Yogyakarta,130000.0,0.0,,False,,,,False
2026-06-03,Daging Sapi,1,III,130000.0,DI Yogyakarta,2026-08-30T11:38:18.765381+00:00,DI Yogyakarta,130000.0,0.0,,False,,,,False
2026-06-04,Daging Sapi,1,III,130000.0,DI Yogyakarta,2026-08-30T11:38:18.765381+00:00,DI Yogyakarta,130000.0,0.0,,False,,,,False
2026-06-05,Daging Sapi,1,III,130000.0,DI Yogyakarta,2026-08-30T11:38:18.765381+00:00,DI Yogyakarta,130000.0,0.0,,False,,,,False
2026-06-08,Daging Sapi,1,III,130000.0,DI Yogyakarta,2026-08-30T11:38:18.765381+00:00,DI Yogyakarta,130000.0,0.0,,False,,,,False
2026-06-09,Daging Sapi,1,III,130000.0,DI Yogyakarta,2026-08-30T11:38:18.765381+00:00,DI Yogyakarta,130000.0,0.0,,False,,,,False
2026-06-10,Daging Sapi,1,III,130000.0,DI Yogyakarta,2026-08-30T11:38:18.765381+00:00,DI Yogyakarta,130000.0,0.0,,False,,,,False
2026-06-11,Daging Sapi,1,III,130000.0,DI Yogyakarta,2026-08-30T11:38:18.765381+00:00,DI Yogyakarta,130000.0,0.0,,False,,,,False
2026-06-12,Daging Sapi,1,III,130000.0,DI Yogyakarta,2026-08-30T11:38:18.765381+00:00,DI Yogyakarta,130000.0,0.0,,False,,,,False
2026-06-15,Daging Sapi,1,III,130000.0,DI Yogyakarta,2026-08-30T11:38:18.765381+00:00,DI Yogyakarta,130000.0,0.0,,False,,,,False
2026-06-16,Daging Sapi,1,III,130000.0,DI Yogyakarta,2026-08-30T11:38:18.765381+00:00,DI Yogyakarta,130000.0,0.0,,False,,,,False
2026-06-17,Daging Sapi,1,III,130000.0,DI Yogyakarta,2026-08-30T11:38:18.765381+00:00,DI Yogyakarta,130000.0,0.0,,False,,,,False
2026-06-18,Daging Sapi,1,III,130000.0,DI Yogyakarta,2026-08-30T11:38:18.765381+00:00,DI Yogyakarta,130000.0,0.0,,False,,,,False
2026-06-19,Daging Sapi,1,III,130000.0,DI Yogyakarta,2026-08-30T11:38:18.765381+00:00,DI Yogyakarta,130000.0,0.0,,False,,,,False
2026-06-22,Daging Sapi,1,III,130000.0,DI Yogyakarta,2026-08-30T11:38:18.765381+00:00,DI Yogyakarta,130000.0,0.0,,False,,,,False
2026-06-23,Daging Sapi,1,III,130000.0,DI Yogyakarta,2026-08-30T11:38:18.765381+00:00,DI Yogyakarta,130000.0,0.0,,False,,,,False
2026-06-24,Daging Sapi,1,III,130000.0,DI Yogyakarta,2026-08-30T11:38:18.765381+00:00,DI Yogyakarta,130000.0,0.0,,False,,,,False
2026-06-25,Daging Sapi,1,III,140000.0,DI Yogyakarta,2026-08-30T11:38:18.765381+00:00,DI Yogyakarta,130714.28571428571,2672.6124191242443,3.474396144861518,True,,,,False
2026-06-26,Daging Sapi,1,III,140000.0,DI Yogyakarta,2026-08-30T11:38:18.765381+00:00,DI Yogyakarta,131428.57142857142,3631.365196012816,2.360387377408331,True,,,,False
2026-06-29,Daging Sapi,1,III,140000.0,DI Yogyakarta,2026-08-30T11:38:18.765381+00:00,DI Yogyakarta,132142.85714285713,4258.153136263204,1.8451996923807217,False,,,,False
2026-06-30,Daging Sapi,1,III,140000.0,DI Yogyakarta,2026-08-30T11:38:18.765381+00:00,DI Yogyakarta,132857.14285714287,4688.07230938496,1.5236235005501055,False,,,,False
2026-07-01,Daging Sapi,1,III,140000.0,DI Yogyakarta,2026-08-30T11:38:18.765381+00:00,DI Yogyakarta,133571.42857142858,4972.451580988477,1.2928374110569982,False,,,,False
2026-07-02,Daging Sapi,1,III,140000.0,DI Yogyakarta,2026-08-30T11:38:18.765381+00:00,DI Yogyakarta,134285.7142857143,5135.525910130967,1.1126972805283704,False,,,,False
2026-07-03,Daging Sapi,1,III,140000.0,DI Yogyakarta,2026-08-30T11:38:18.765381+00:00,DI Yogyakarta,135000.0,5188.7452166277235,0.9636241116594287,False,,,,False
2026-07-06,Daging Sapi,1,III,140000.0,DI Yogyakarta,2026-08-30T11:38:13.847136+00:00,DI Yogyakarta,135714.2857142857,5135.525910130976,0.8345229603962776,False,,,,False
2026-07-07,Daging Sapi,1,III,140000.0,DI Yogyakarta,2026-08-30T11:38:13.847136+00:00,DI Yogyakarta,136428.57142857142,4972.451580988494,0.7182430061427769,False,,,,False
2026-07-08,Daging Sapi,1,III,140000.0,DI Yogyakarta,2026-08-30T11:38:13.847136+00:00,DI Yogyakarta,137142.85714285713,4688.072309384988,0.6094494002200422,False,,,,False
2026-07-09,Daging Sapi,1,III,140000.0,DI Yogyakarta,2026-08-30T11:38:13.847136+00:00,DI Yogyakarta,137857.14285714287,4258.153136263244,0.5032362797401884,False,,,,False
2026-07-10,Daging Sapi,1,III,140000.0,DI Yogyakarta,2026-08-30T11:38:13.847136+00:00,DI Yogyakarta,138571.42857142858,3631.36519601287,0.3933978962347133,False,,,,False
2026-07-13,Daging Sapi,1,III,140000.0,DI Yogyakarta,2026-08-30T11:38:13.847136+00:00,DI Yogyakarta,139285.7142857143,2672.6124191243234,0.26726124191241485,False,,,,False
2026-07-14,Daging Sapi,1,III,140000.0,DI Yogyakarta,2026-08-30T11:38:13.847136+00:00,DI Yogyakarta,140000.0,0.0,,False,,,,False
2026-07-15,Daging Sapi,1,III,140000.0,DI Yogyakarta,2026-08-30T11:38:13.847136+00:00,DI Yogyakarta,140000.0,0.0,,False,,,,False
2026-07-16,Daging Sapi,1,III,140000.0,DI Yogyakarta,2026-08-30T11:38:13.847136+00:00,DI Yogyakarta,140000.0,0.0,,False,,,,False
2026-07-17,Daging Sapi,1,III,140000.0,DI Yogyakarta,2026-08-30T11:38:13.847136+00:00,DI Yogyakarta,140000.0,0.0,,False,,,,False
2026-07-20,Daging Sapi,1,III,140000.0,DI Yogyakarta,2026-08-30T11:38:13.847136+00:00,DI Yogyakarta,140000.0,0.0,,False,,,,False
2026-07-21,Daging Sapi,1,III,140000.0,DI Yogyakarta,2026-08-30T11:38:13.847136+00:00,DI Yogyakarta,140000.0,0.0,,False,,,,False
2026-07-22,Daging Sapi,1,III,140000.0,DI Yogyakarta,2026-08-30T11:38:13.847136+00:00,DI Yogyakarta,140000.0,0.0,,False,,,,False
2026-07-23,Daging Sapi,1,III,140000.0,DI Yogyakarta,2026-08-30T11:38:13.847136+00:00,DI Yogyakarta,140000.0,0.0,,False,,,,False
2026-07-24,Daging Sapi,1,III,140000.0,DI Yogyakarta,2026-08-30T11:38:13.847136+00:00,DI Yogyakarta,140000.0,0.0,,False,,,,False
2026-07-27,Daging Sapi,1,III,140000.0,DI Yogyakarta,2026-08-30T11:38:13.847136+00:00,DI Yogyakarta,140000.0,0.0,,False,,,,False
2026-07-28,Daging Sapi,1,III,140000.0,DI Yogyakarta,2026-08-30T11:38:13.847136+00:00,DI Yogyakarta,140000.0,0.0,,False,,,,False
2026-07-29,Daging Sapi,1,III,140000.0,DI Yogyakarta,2026-08-30T11:38:13.847136+00:00,DI Yogyakarta,140000.0,0.0,,False,,,,False
2026-07-30,Daging Sapi,1,III,140000.0,DI Yogyakarta,2026-08-30T11:38:13.847136+00:00,DI Yogyakarta,140000.0,0.0,,False,,,,False
2026-07-31,Daging Sapi,1,III,140000.0,DI Yogyakarta,2026-08-30T11:38:13.847136+00:00,DI Yogyakarta,140000.0,0.0,,False,,,,False
2026-08-03,Daging Sapi,1,III,140000.0,DI Yogyakarta,2026-08-30T11:38:13.847136+00:00,DI Yogyakarta,140000.0,0.0,,False,,,,False
2026-08-04,Daging Sapi,1,III,140000.0,DI Yogyakarta,2026-08-30T11:38:13.847136+00:00,DI Yogyakarta,140000.0,0.0,,False,,,,False
2026-08-05,Daging Sapi,1,III,140000.0,DI Yogyakarta,2026-08-30T11:38:13.847136+00:00,DI Yogyakarta,140000.0,0.0,,False,,,,False
2026-08-06,Daging Sapi,1,III,140000.0,DI Yogyakarta,2026-08-30T11:38:13.847136+00:00,DI Yogyakarta,140000.0,0.0,,False,,,,False
2026-08-07,Daging Sapi,1,III,140000.0,DI Yogyakarta,2026-08-30T11:38:13.847136+00:00,DI Yogyakarta,140000.0,0.0,,False,,,,False
2026-08-10,Daging Sapi,1,III,140000.0,DI Yogyakarta,2026-08-30T11:38:13.847136+00:00,DI Yogyakarta,140000.0,0.0,,False,,,,False
2026-08-11,Daging Sapi,1,III,140000.0,DI Yogyakarta,2026-08-30T11:38:13.847136+00:00,DI Yogyakarta,140000.0,0.0,,False,,,,False
2026-08-12,Daging Sapi,1,III,140000.0,DI Yogyakarta,2026-08-30T11:38:13.847136+00:00,DI Yogyakarta,140000.0,0.0,,False,,,,False
2026-08-13,Daging Sapi,1,III,140000.0,DI Yogyakarta,2026-08-30T11:38:13.847136+00:00,DI Yogyakarta,140000.0,0.0,,False,,,,False
2026-08-14,Daging Sapi,1,III,140000.0,DI Yogyakarta,2026-08-30T11:38:13.847136+00:00,DI Yogyakarta,140000.0,0.0,,False,,,,False
2026-08-17,Daging Sapi,1,III,140000.0,DI Yogyakarta,2026-08-30T10:03:35.195323+00:00,DI Yogyakarta,140000.0,0.0,,False,,,,False
2026-08-18,Daging Sapi,1,III,140000.0,DI Yogyakarta,2026-08-30T10:03:35.195323+00:00,DI Yogyakarta,140000.0,0.0,,False,,,,False
2026-08-19,Daging Sapi,1,III,140000.0,DI Yogyakarta,2026-08-30T10:03:35.195323+00:00,DI Yogyakarta,140000.0,0.0,,False,,,,False
2026-08-20,Daging Sapi,1,III,140000.0,DI Yogyakarta,2026-08-30T10:03:35.195323+00:00,DI Yogyakarta,140000.0,0.0,,False,,,,False
2026-08-21,Daging Sapi,1,III,140000.0,DI Yogyakarta,2026-08-30T10:03:35.195323+00:00,DI Yogyakarta,140000.0,0.0,,False,,,,False
2026-08-24,Daging Sapi,1,III,140000.0,DI Yogyakarta,2026-08-30T10:03:35.195323+00:00,DI Yogyakarta,140000.0,0.0,,False,,,,False
2026-08-25,Daging Sapi,1,III,140000.0,DI Yogyakarta,2026-08-30T10:03:35.195323+00:00,DI Yogyakarta,140000.0,0.0,,False,,,,False
2026-08-26,Daging Sapi,1,III,140000.0,DI Yogyakarta,2026-08-30T10:03:35.195323+00:00,DI Yogyakarta,140000.0,0.0,,False,,,,False
2026-08-27,Daging Sapi,1,III,140000.0,DI Yogyakarta,2026-08-30T10:03:35.195323+00:00,DI Yogyakarta,140000.0,0.0,,False,,,,False
2026-08-28,Daging Sapi,1,III,140000.0,DI Yogyakarta,2026-08-30T10:03:35.195323+00:00,DI Yogyakarta,140000.0,0.0,,False,,,,False
2026-03-03,Daging Sapi Kualitas 1,2,1,125000.0,DI Yogyakarta,2026-08-30T11:38:26.756565+00:00,DI Yogyakarta,,,,False,,,,False
2026-03-04,Daging Sapi Kualitas 1,2,1,125000.0,DI Yogyakarta,2026-08-30T11:38:26.756565+00:00,DI Yogyakarta,,,,False,,,,False
2026-03-05,Daging Sapi Kualitas 1,2,1,125000.0,DI Yogyakarta,2026-08-30T11:38:26.756565+00:00,DI Yogyakarta,,,,False,,,,False
2026-03-06,Daging Sapi Kualitas 1,2,1,125000.0,DI Yogyakarta,2026-08-30T11:38:26.756565+00:00,DI Yogyakarta,,,,False,,,,False
2026-03-09,Daging Sapi Kualitas 1,2,1,125000.0,DI Yogyakarta,2026-08-30T11:38:26.756565+00:00,DI Yogyakarta,125000.0,0.0,,False,,,,False
2026-03-10,Daging Sapi Kualitas 1,2,1,125000.0,DI Yogyakarta,2026-08-30T11:38:26.756565+00:00,DI Yogyakarta,125000.0,0.0,,False,,,,False
2026-03-11,Daging Sapi Kualitas 1,2,1,125000.0,DI Yogyakarta,2026-08-30T11:38:26.756565+00:00,DI Yogyakarta,125000.0,0.0,,False,,,,False
2026-03-12,Daging Sapi Kualitas 1,2,1,125000.0,DI Yogyakarta,2026-08-30T11:38:26.756565+00:00,DI Yogyakarta,125000.0,0.0,,False,,,,False
2026-03-13,Daging Sapi Kualitas 1,2,1,125000.0,DI Yogyakarta,2026-08-30T11:38:26.756565+00:00,DI Yogyakarta,125000.0,0.0,,False,,,,False
2026-03-16,Daging Sapi Kualitas 1,2,1,125000.0,DI Yogyakarta,2026-08-30T11:38:23.606628+00:00,DI Yogyakarta,125000.0,0.0,,False,,,,False
2026-03-17,Daging Sapi Kualitas 1,2,1,125000.0,DI Yogyakarta,2026-08-30T11:38:23.606628+00:00,DI Yogyakarta,125000.0,0.0,,False,,,,False
2026-03-18,Daging Sapi Kualitas 1,2,1,125000.0,DI Yogyakarta,2026-08-30T11:38:23.606628+00:00,DI Yogyakarta,125000.0,0.0,,False,,,,False
2026-03-19,Daging Sapi Kualitas 1,2,1,125000.0,DI Yogyakarta,2026-08-30T11:38:23.606628+00:00,DI Yogyakarta,125000.0,0.0,,False,,,,False
2026-03-20,Daging Sapi Kualitas 1,2,1,125000.0,DI Yogyakarta,2026-08-30T11:38:23.606628+00:00,DI Yogyakarta,125000.0,0.0,,False,,,,False
2026-03-23,Daging Sapi Kualitas 1,2,1,125000.0,DI Yogyakarta,2026-08-30T11:38:23.606628+00:00,DI Yogyakarta,125000.0,0.0,,False,,,,False
2026-03-24,Daging Sapi Kualitas 1,2,1,125000.0,DI Yogyakarta,2026-08-30T11:38:23.606628+00:00,DI Yogyakarta,125000.0,0.0,,False,,,,False
2026-03-25,Daging Sapi Kualitas 1,2,1,130000.0,DI Yogyakarta,2026-08-30T11:38:23.606628+00:00,DI Yogyakarta,125357.14285714286,1336.3062095621221,3.474396144861518,True,,,,False
2026-03-26,Daging Sapi Kualitas 1,2,1,130000.0,DI Yogyakarta,2026-08-30T11:38:23.606628+00:00,DI Yogyakarta,125714.28571428571,1815.6825980064086,2.36038737740833,True,,,,False
2026-03-27,Daging Sapi Kualitas 1,2,1,130000.0,DI Yogyakarta,2026-08-30T11:38:23.606628+00:00,DI Yogyakarta,126071.42857142857,2129.0765681316025,1.8451996923807215,False,,,,False
2026-03-30,Daging Sapi Kualitas 1,2,1,130000.0,DI Yogyakarta,2026-08-30T11:38:23.606628+00:00,DI Yogyakarta,126428.57142857143,2344.0361546924805,1.5236235005501053,False,,,,False
2026-03-31,Daging Sapi Kualitas 1,2,1,130000.0,DI Yogyakarta,2026-08-30T11:38:23.606628+00:00,DI Yogyakarta,126785.71428571429,2486.225790494239,1.292837411056998,False,,,,False
2026-04-01,Daging Sapi Kualitas 1,2,1,130000.0,DI Yogyakarta,2026-08-30T11:38:23.606628+00:00,DI Yogyakarta,127142.85714285714,2567.7629550654838,1.1126972805283701,False,,,,False
2026-04-02,Daging Sapi Kualitas 1,2,1,130000.0,DI Yogyakarta,2026-08-30T11:38:23.606628+00:00,DI Yogyakarta,127500.0,2594.372608313862,0.9636241116594285,False,,,,False
2026-04-03,Daging Sapi Kualitas 1,2,1,130000.0,DI Yogyakarta,2026-08-30T11:38:23.606628+00:00,DI Yogyakarta,127857.14285714286,2567.762955065488,0.8345229603962776,False,,,,False
2026-04-06,Daging Sapi Kualitas 1,2,1,130000.0,DI Yogyakarta,2026-08-30T11:38:23.606628+00:00,DI Yogyakarta,128214.28571428571,2486.2257904942476,0.7182430061427768,False,,,,False
2026-04-07,Daging Sapi Kualitas 1,2,1,130000.0,DI Yogyakarta,2026-08-30T11:38:23.606628+00:00,DI Yogyakarta,128571.42857142857,2344.0361546924946,0.6094494002200421,False,,,,False
2026-04-08,Daging Sapi Kualitas 1,2,1,130000.0,DI Yogyakarta,2026-08-30T11:38:23.606628+00:00,DI Yogyakarta,128928.57142857143,2129.0765681316225,0.5032362797401883,False,,,,False
2026-04-09,Daging Sapi Kualitas 1,2,1,130000.0,DI Yogyakarta,2026-08-30T11:38:23.606628+00:00,DI Yogyakarta,129285.71428571429,1815.6825980064355,0.39339789623471316,False,,,,False
2026-04-10,Daging Sapi Kualitas 1,2,1,130000.0,DI Yogyakarta,2026-08-30T11:38:23.606628+00:00,DI Yogyakarta,129642.85714285714,1336.3062095621626,0.2672612419124147,False,,,,False
2026-04-13,Daging Sapi Kualitas 1,2,1,130000.0,DI Yogyakarta,2026-08-30T11:38:23.606628+00:00,DI Yogyakarta,130000.0,0.0,,False,,,,False
2026-04-14,Daging Sapi Kualitas 1,2,1,130000.0,DI Yogyakarta,2026-08-30T11:38:23.606628+00:00,DI Yogyakarta,130000.0,0.0,,False,,,,False
2026-04-15,Daging Sapi Kualitas 1,2,1,130000.0,DI Yogyakarta,2026-08-30T11:38:23.606628+00:00,DI Yogyakarta,130000.0,0.0,,False,,,,False
2026-04-16,Daging Sapi Kualitas 1,2,1,130000.0,DI Yogyakarta,2026-08-30T11:38:23.606628+00:00,DI Yogyakarta,130000.0,0.0,,False,,,,False
2026-04-17,Daging Sapi Kualitas 1,2,1,130000.0,DI Yogyakarta,2026-08-30T11:38:23.606628+00:00,DI Yogyakarta,130000.0,0.0,,False,,,,False
2026-04-20,Daging Sapi Kualitas 1,2,1,130000.0,DI Yogyakarta,2026-08-30T11:38:23.606628+00:00,DI Yogyakarta,130000.0,0.0,,False,,,,False
2026-04-21,Daging Sapi Kualitas 1,2,1,130000.0,DI Yogyakarta,2026-08-30T11:38:23.606628+00:00,DI Yogyakarta,130000.0,0.0,,False,,,,False
2026-04-22,Daging Sapi Kualitas 1,2,1,130000.0,DI Yogyakarta,2026-08-30T11:38:23.606628+00:00,DI Yogyakarta,130000.0,0.0,,False,,,,False
2026-04-23,Daging Sapi Kualitas 1,2,1,130000.0,DI Yogyakarta,2026-08-30T11:38:23.606628+00:00,DI Yogyakarta,130000.0,0.0,,False,,,,False
2026-04-24,Daging Sapi Kualitas 1,2,1,130000.0,DI Yogyakarta,2026-08-30T11:38:23.606628+00:00,DI Yogyakarta,130000.0,0.0,,False,,,,False
2026-04-27,Daging Sapi Kualitas 1,2,1,130000.0,DI Yogyakarta,2026-08-30T11:38:23.606628+00:00,DI Yogyakarta,130000.0,0.0,,False,,,,False
2026-04-28,Daging Sapi Kualitas 1,2,1,130000.0,DI Yogyakarta,2026-08-30T11:38:23.606628+00:00,DI Yogyakarta,130000.0,0.0,,False,,,,False
2026-04-29,Daging Sapi Kualitas 1,2,1,130000.0,DI Yogyakarta,2026-08-30T11:38:23.606628+00:00,DI Yogyakarta,130000.0,0.0,,False,,,,False
2026-04-30,Daging Sapi Kualitas 1,2,1,130000.0,DI Yogyakarta,2026-08-30T11:38:23.606628+00:00,DI Yogyakarta,130000.0,0.0,,False,,,,False
2026-05-01,Daging Sapi Kualitas 1,2,1,130000.0,DI Yogyakarta,2026-08-30T11:38:23.606628+00:00,DI Yogyakarta,130000.0,0.0,,False,,,,False
2026-05-04,Daging Sapi Kualitas 1,2,1,130000.0,DI Yogyakarta,2026-08-30T11:38:23.606628+00:00,DI Yogyakarta,130000.0,0.0,,False,,,,False
2026-05-05,Daging Sapi Kualitas 1,2,1,130000.0,DI Yogyakarta,2026-08-30T11:38:23.606628+00:00,DI Yogyakarta,130000.0,0.0,,False,,,,False
2026-05-06,Daging Sapi Kualitas 1,2,1,130000.0,DI Yogyakarta,2026-08-30T11:38:23.606628+00:00,DI Yogyakarta,130000.0,0.0,,False,,,,False
2026-05-07,Daging Sapi Kualitas 1,2,1,130000.0,DI Yogyakarta,2026-08-30T11:38:23.606628+00:00,DI Yogyakarta,130000.0,0.0,,False,,,,False
2026-05-08,Daging Sapi Kualitas 1,2,1,130000.0,DI Yogyakarta,2026-08-30T11:38:23.606628+00:00,DI Yogyakarta,130000.0,0.0,,False,,,,False
2026-05-11,Daging Sapi Kualitas 1,2,1,130000.0,DI Yogyakarta,2026-08-30T11:38:18.765381+00:00,DI Yogyakarta,130000.0,0.0,,False,,,,False
2026-05-12,Daging Sapi Kualitas 1,2,1,130000.0,DI Yogyakarta,2026-08-30T11:38:18.765381+00:00,DI Yogyakarta,130000.0,0.0,,False,,,,False
2026-05-13,Daging Sapi Kualitas 1,2,1,130000.0,DI Yogyakarta,2026-08-30T11:38:18.765381+00:00,DI Yogyakarta,130000.0,0.0,,False,,,,False
2026-05-14,Daging Sapi Kualitas 1,2,1,130000.0,DI Yogyakarta,2026-08-30T11:38:18.765381+00:00,DI Yogyakarta,130000.0,0.0,,False,,,,False
2026-05-15,Daging Sapi Kualitas 1,2,1,130000.0,DI Yogyakarta,2026-08-30T11:38:18.765381+00:00,DI Yogyakarta,130000.0,0.0,,False,,,,False
2026-05-18,Daging Sapi Kualitas 1,2,1,130000.0,DI Yogyakarta,2026-08-30T11:38:18.765381+00:00,DI Yogyakarta,130000.0,0.0,,False,,,,False
2026-05-19,Daging Sapi Kualitas 1,2,1,130000.0,DI Yogyakarta,2026-08-30T11:38:18.765381+00:00,DI Yogyakarta,130000.0,0.0,,False,,,,False
2026-05-20,Daging Sapi Kualitas 1,2,1,130000.0,DI Yogyakarta,2026-08-30T11:38:18.765381+00:00,DI Yogyakarta,130000.0,0.0,,False,,,,False
2026-05-21,Daging Sapi Kualitas 1,2,1,130000.0,DI Yogyakarta,2026-08-30T11:38:18.765381+00:00,DI Yogyakarta,130000.0,0.0,,False,,,,False
2026-05-22,Daging Sapi Kualitas 1,2,1,130000.0,DI Yogyakarta,2026-08-30T11:38:18.765381+00:00,DI Yogyakarta,130000.0,0.0,,False,,,,False
2026-05-25,Daging Sapi Kualitas 1,2,1,130000.0,DI Yogyakarta,2026-08-30T11:38:18.765381+00:00,DI Yogyakarta,130000.0,0.0,,False,,,,False
2026-05-26,Daging Sapi Kualitas 1,2,1,130000.0,DI Yogyakarta,2026-08-30T11:38:18.765381+00:00,DI Yogyakarta,130000.0,0.0,,False,,,,False
2026-05-27,Daging Sapi Kualitas 1,2,1,130000.0,DI Yogyakarta,2026-08-30T11:38:18.765381+00:00,DI Yogyakarta,130000.0,0.0,,False,,,,False
2026-05-28,Daging Sapi Kualitas 1,2,1,130000.0,DI Yogyakarta,2026-08-30T11:38:18.765381+00:00,DI Yogyakarta,130000.0,0.0,,False,,,,False
2026-05-29,Daging Sapi Kualitas 1,2,1,130000.0,DI Yogyakarta,2026-08-30T11:38:18.765381+00:00,DI Yogyakarta,130000.0,0.0,,False,,,,False
2026-06-01,Daging Sapi Kualitas 1,2,1,130000.0,DI Yogyakarta,2026-08-30T11:38:18.765381+00:00,DI Yogyakarta,130000.0,0.0,,False,,,,False
2026-06-02,Daging Sapi Kualitas 1,2,1,130000.0,DI Yogyakarta,2026-08-30T11:38:18.765381+00:00,DI Yogyakarta,130000.0,0.0,,False,,,,False
2026-06-03,Daging Sapi Kualitas 1,2,1,130000.0,DI Yogyakarta,2026-08-30T11:38:18.765381+00:00,DI Yogyakarta,130000.0,0.0,,False,,,,False
2026-06-04,Daging Sapi Kualitas 1,2,1,130000.0,DI Yogyakarta,2026-08-30T11:38:18.765381+00:00,DI Yogyakarta,130000.0,0.0,,False,,,,False
2026-06-05,Daging Sapi Kualitas 1,2,1,130000.0,DI Yogyakarta,2026-08-30T11:38:18.765381+00:00,DI Yogyakarta,130000.0,0.0,,False,,,,False
2026-06-08,Daging Sapi Kualitas 1,2,1,130000.0,DI Yogyakarta,2026-08-30T11:38:18.765381+00:00,DI Yogyakarta,130000.0,0.0,,False,,,,False
2026-06-09,Daging Sapi Kualitas 1,2,1,130000.0,DI Yogyakarta,2026-08-30T11:38:18.765381+00:00,DI Yogyakarta,130000.0,0.0,,False,,,,False
2026-06-10,Daging Sapi Kualitas 1,2,1,130000.0,DI Yogyakarta,2026-08-30T11:38:18.765381+00:00,DI Yogyakarta,130000.0,0.0,,False,,,,False
2026-06-11,Daging Sapi Kualitas 1,2,1,130000.0,DI Yogyakarta,2026-08-30T11:38:18.765381+00:00,DI Yogyakarta,130000.0,0.0,,False,,,,False
2026-06-12,Daging Sapi Kualitas 1,2,1,130000.0,DI Yogyakarta,2026-08-30T11:38:18.765381+00:00,DI Yogyakarta,130000.0,0.0,,False,,,,False
2026-06-15,Daging Sapi Kualitas 1,2,1,130000.0,DI Yogyakarta,2026-08-30T11:38:18.765381+00:00,DI Yogyakarta,130000.0,0.0,,False,,,,False
2026-06-16,Daging Sapi Kualitas 1,2,1,130000.0,DI Yogyakarta,2026-08-30T11:38:18.765381+00:00,DI Yogyakarta,130000.0,0.0,,False,,,,False
2026-06-17,Daging Sapi Kualitas 1,2,1,130000.0,DI Yogyakarta,2026-08-30T11:38:18.765381+00:00,DI Yogyakarta,130000.0,0.0,,False,,,,False
2026-06-18,Daging Sapi Kualitas 1,2,1,130000.0,DI Yogyakarta,2026-08-30T11:38:18.765381+00:00,DI Yogyakarta,130000.0,0.0,,False,,,,False
2026-06-19,Daging Sapi Kualitas 1,2,1,130000.0,DI Yogyakarta,2026-08-30T11:38:18.765381+00:00,DI Yogyakarta,130000.0,0.0,,False,,,,False
2026-06-22,Daging Sapi Kualitas 1,2,1,130000.0,DI Yogyakarta,2026-08-30T11:38:18.765381+00:00,DI Yogyakarta,130000.0,0.0,,False,,,,False
2026-06-23,Daging Sapi Kualitas 1,2,1,130000.0,DI Yogyakarta,2026-08-30T11:38:18.765381+00:00,DI Yogyakarta,130000.0,0.0,,False,,,,False
2026-06-24,Daging Sapi Kualitas 1,2,1,130000.0,DI Yogyakarta,2026-08-30T11:38:18.765381+00:00,DI Yogyakarta,130000.0,0.0,,False,,,,False
2026-06-25,Daging Sapi Kualitas 1,2,1,140000.0,DI Yogyakarta,2026-08-30T11:38:18.765381+00:00,DI Yogyakarta,130714.28571428571,2672.6124191242443,3.474396144861518,True,,,,False
2026-06-26,Daging Sapi Kualitas 1,2,1,140000.0,DI Yogyakarta,2026-08-30T11:38:18.765381+00:00,DI Yogyakarta,131428.57142857142,3631.365196012816,2.360387377408331,True,,,,False
2026-06-29,Daging Sapi Kualitas 1,2,1,140000.0,DI Yogyakarta,2026-08-30T11:38:18.765381+00:00,DI Yogyakarta,132142.85714285713,4258.153136263204,1.8451996923807217,False,,,,False
2026-06-30,Daging Sapi Kualitas 1,2,1,140000.0,DI Yogyakarta,2026-08-30T11:38:18.765381+00:00,DI Yogyakarta,132857.14285714287,4688.07230938496,1.5236235005501055,False,,,,False
2026-07-01,Daging Sapi Kualitas 1,2,1,140000.0,DI Yogyakarta,2026-08-30T11:38:18.765381+00:00,DI Yogyakarta,133571.42857142858,4972.451580988477,1.2928374110569982,False,,,,False
2026-07-02,Daging Sapi Kualitas 1,2,1,140000.0,DI Yogyakarta,2026-08-30T11:38:18.765381+00:00,DI Yogyakarta,134285.7142857143,5135.525910130967,1.1126972805283704,False,,,,False
2026-07-03,Daging Sapi Kualitas 1,2,1,140000.0,DI Yogyakarta,2026-08-30T11:38:18.765381+00:00,DI Yogyakarta,135000.0,5188.7452166277235,0.9636241116594287,False,,,,False
2026-07-06,Daging Sapi Kualitas 1,2,1,140000.0,DI Yogyakarta,2026-08-30T11:38:13.847136+00:00,DI Yogyakarta,135714.2857142857,5135.525910130976,0.8345229603962776,False,,,,False
2026-07-07,Daging Sapi Kualitas 1,2,1,140000.0,DI Yogyakarta,2026-08-30T11:38:13.847136+00:00,DI Yogyakarta,136428.57142857142,4972.451580988494,0.7182430061427769,False,,,,False
2026-07-08,Daging Sapi Kualitas 1,2,1,140000.0,DI Yogyakarta,2026-08-30T11:38:13.847136+00:00,DI Yogyakarta,137142.85714285713,4688.072309384988,0.6094494002200422,False,,,,False
2026-07-09,Daging Sapi Kualitas 1,2,1,140000.0,DI Yogyakarta,2026-08-30T11:38:13.847136+00:00,DI Yogyakarta,137857.14285714287,4258.153136263244,0.5032362797401884,False,,,,False
2026-07-10,Daging Sapi Kualitas 1,2,1,140000.0,DI Yogyakarta,2026-08-30T11:38:13.847136+00:00,DI Yogyakarta,138571.42857142858,3631.36519601287,0.3933978962347133,False,,,,False
2026-07-13,Daging Sapi Kualitas 1,2,1,140000.0,DI Yogyakarta,2026-08-30T11:38:13.847136+00:00,DI Yogyakarta,139285.7142857143,2672.6124191243234,0.26726124191241485,False,,,,False
2026-07-14,Daging Sapi Kualitas 1,2,1,140000.0,DI Yogyakarta,2026-08-30T11:38:13.847136+00:00,DI Yogyakarta,140000.0,0.0,,False,,,,False
2026-07-15,Daging Sapi Kualitas 1,2,1,140000.0,DI Yogyakarta,2026-08-30T11:38:13.847136+00:00,DI Yogyakarta,140000.0,0.0,,False,,,,False
2026-07-16,Daging Sapi Kualitas 1,2,1,140000.0,DI Yogyakarta,2026-08-30T11:38:13.847136+00:00,DI Yogyakarta,140000.0,0.0,,False,,,,False
2026-07-17,Daging Sapi Kualitas 1,2,1,140000.0,DI Yogyakarta,2026-08-30T11:38:13.847136+00:00,DI Yogyakarta,140000.0,0.0,,False,,,,False
2026-07-20,Daging Sapi Kualitas 1,2,1,140000.0,DI Yogyakarta,2026-08-30T11:38:13.847136+00:00,DI Yogyakarta,140000.0,0.0,,False,,,,False
2026-07-21,Daging Sapi Kualitas 1,2,1,140000.0,DI Yogyakarta,2026-08-30T11:38:13.847136+00:00,DI Yogyakarta,140000.0,0.0,,False,,,,False
2026-07-22,Daging Sapi Kualitas 1,2,1,140000.0,DI Yogyakarta,2026-08-30T11:38:13.847136+00:00,DI Yogyakarta,140000.0,0.0,,False,,,,False
2026-07-23,Daging Sapi Kualitas 1,2,1,140000.0,DI Yogyakarta,2026-08-30T11:38:13.847136+00:00,DI Yogyakarta,140000.0,0.0,,False,,,,False
2026-07-24,Daging Sapi Kualitas 1,2,1,140000.0,DI Yogyakarta,2026-08-30T11:38:13.847136+00:00,DI Yogyakarta,140000.0,0.0,,False,,,,False
2026-07-27,Daging Sapi Kualitas 1,2,1,140000.0,DI Yogyakarta,2026-08-30T11:38:13.847136+00:00,DI Yogyakarta,140000.0,0.0,,False,,,,False
2026-07-28,Daging Sapi Kualitas 1,2,1,140000.0,DI Yogyakarta,2026-08-30T11:38:13.847136+00:00,DI Yogyakarta,140000.0,0.0,,False,,,,False
2026-07-29,Daging Sapi Kualitas 1,2,1,140000.0,DI Yogyakarta,2026-08-30T11:38:13.847136+00:00,DI Yogyakarta,140000.0,0.0,,False,,,,False
2026-07-30,Daging Sapi Kualitas 1,2,1,140000.0,DI Yogyakarta,2026-08-30T11:38:13.847136+00:00,DI Yogyakarta,140000.0,0.0,,False,,,,False
2026-07-31,Daging Sapi Kualitas 1,2,1,140000.0,DI Yogyakarta,2026-08-30T11:38:13.847136+00:00,DI Yogyakarta,140000.0,0.0,,False,,,,False
2026-08-03,Daging Sapi Kualitas 1,2,1,140000.0,DI Yogyakarta,2026-08-30T11:38:13.847136+00:00,DI Yogyakarta,140000.0,0.0,,False,,,,False
2026-08-04,Daging Sapi Kualitas 1,2,1,140000.0,DI Yogyakarta,2026-08-30T11:38:13.847136+00:00,DI Yogyakarta,140000.0,0.0,,False,,,,False
2026-08-05,Daging Sapi Kualitas 1,2,1,140000.0,DI Yogyakarta,2026-08-30T11:38:13.847136+00:00,DI Yogyakarta,140000.0,0.0,,False,,,,False
2026-08-06,Daging Sapi Kualitas 1,2,1,140000.0,DI Yogyakarta,2026-08-30T11:38:13.847136+00:00,DI Yogyakarta,140000.0,0.0,,False,,,,False
2026-08-07,Daging Sapi Kualitas 1,2,1,140000.0,DI Yogyakarta,2026-08-30T11:38:13.847136+00:00,DI Yogyakarta,140000.0,0.0,,False,,,,False
2026-08-10,Daging Sapi Kualitas 1,2,1,140000.0,DI Yogyakarta,2026-08-30T11:38:13.847136+00:00,DI Yogyakarta,140000.0,0.0,,False,,,,False
2026-08-11,Daging Sapi Kualitas 1,2,1,140000.0,DI Yogyakarta,2026-08-30T11:38:13.847136+00:00,DI Yogyakarta,140000.0,0.0,,False,,,,False
2026-08-12,Daging Sapi Kualitas 1,2,1,140000.0,DI Yogyakarta,2026-08-30T11:38:13.847136+00:00,DI Yogyakarta,140000.0,0.0,,False,,,,False
2026-08-13,Daging Sapi Kualitas 1,2,1,140000.0,DI Yogyakarta,2026-08-30T11:38:13.847136+00:00,DI Yogyakarta,140000.0,0.0,,False,,,,False
2026-08-14,Daging Sapi Kualitas 1,2,1,140000.0,DI Yogyakarta,2026-08-30T11:38:13.847136+00:00,DI Yogyakarta,140000.0,0.0,,False,,,,False
2026-08-17,Daging Sapi Kualitas 1,2,1,140000.0,DI Yogyakarta,2026-08-30T10:03:35.195323+00:00,DI Yogyakarta,140000.0,0.0,,False,,,,False
2026-08-18,Daging Sapi Kualitas 1,2,1,140000.0,DI Yogyakarta,2026-08-30T10:03:35.195323+00:00,DI Yogyakarta,140000.0,0.0,,False,,,,False
2026-08-19,Daging Sapi Kualitas 1,2,1,140000.0,DI Yogyakarta,2026-08-30T10:03:35.195323+00:00,DI Yogyakarta,140000.0,0.0,,False,,,,False
2026-08-20,Daging Sapi Kualitas 1,2,1,140000.0,DI Yogyakarta,2026-08-30T10:03:35.195323+00:00,DI Yogyakarta,140000.0,0.0,,False,,,,False
2026-08-21,Daging Sapi Kualitas 1,2,1,140000.0,DI Yogyakarta,2026-08-30T10:03:35.195323+00:00,DI Yogyakarta,140000.0,0.0,,False,,,,False
2026-08-24,Daging Sapi Kualitas 1,2,1,140000.0,DI Yogyakarta,2026-08-30T10:03:35.195323+00:00,DI Yogyakarta,140000.0,0.0,,False,,,,False
2026-08-25,Daging Sapi Kualitas 1,2,1,140000.0,DI Yogyakarta,2026-08-30T10:03:35.195323+00:00,DI Yogyakarta,140000.0,0.0,,False,,,,False
2026-08-26,Daging Sapi Kualitas 1,2,1,140000.0,DI Yogyakarta,2026-08-30T10:03:35.195323+00:00,DI Yogyakarta,140000.0,0.0,,False,,,,False
2026-08-27,Daging Sapi Kualitas 1,2,1,140000.0,DI Yogyakarta,2026-08-30T10:03:35.195323+00:00,DI Yogyakarta,140000.0,0.0,,False,,,,False
2026-08-28,Daging Sapi Kualitas 1,2,1,140000.0,DI Yogyakarta,2026-08-30T10:03:35.195323+00:00,DI Yogyakarta,140000.0,0.0,,False,,,,False
2026-03-03,Gula Pasir,1,VIII,15500.0,DI Yogyakarta,2026-08-30T11:38:26.756565+00:00,DI Yogyakarta,,,,False,,,,False
2026-03-04,Gula Pasir,1,VIII,15500.0,DI Yogyakarta,2026-08-30T11:38:26.756565+00:00,DI Yogyakarta,,,,False,,,,False
2026-03-05,Gula Pasir,1,VIII,15500.0,DI Yogyakarta,2026-08-30T11:38:26.756565+00:00,DI Yogyakarta,,,,False,,,,False
2026-03-06,Gula Pasir,1,VIII,15500.0,DI Yogyakarta,2026-08-30T11:38:26.756565+00:00,DI Yogyakarta,,,,False,,,,False
2026-03-09,Gula Pasir,1,VIII,15500.0,DI Yogyakarta,2026-08-30T11:38:26.756565+00:00,DI Yogyakarta,15500.0,0.0,,False,,,,False
2026-03-10,Gula Pasir,1,VIII,15500.0,DI Yogyakarta,2026-08-30T11:38:26.756565+00:00,DI Yogyakarta,15500.0,0.0,,False,,,,False
2026-03-11,Gula Pasir,1,VIII,15500.0,DI Yogyakarta,2026-08-30T11:38:26.756565+00:00,DI Yogyakarta,15500.0,0.0,,False,,,,False
2026-03-12,Gula Pasir,1,VIII,15500.0,DI Yogyakarta,2026-08-30T11:38:26.756565+00:00,DI Yogyakarta,15500.0,0.0,,False,,,,False
2026-03-13,Gula Pasir,1,VIII,15500.0,DI Yogyakarta,2026-08-30T11:38:26.756565+00:00,DI Yogyakarta,15500.0,0.0,,False,,,,False
2026-03-16,Gula Pasir,1,VIII,15500.0,DI Yogyakarta,2026-08-30T11:38:23.606628+00:00,DI Yogyakarta,15500.0,0.0,,False,,,,False
2026-03-17,Gula Pasir,1,VIII,15500.0,DI Yogyakarta,2026-08-30T11:38:23.606628+00:00,DI Yogyakarta,15500.0,0.0,,False,,,,False
2026-03-18,Gula Pasir,1,VIII,15500.0,DI Yogyakarta,2026-08-30T11:38:23.606628+00:00,DI Yogyakarta,15500.0,0.0,,False,,,,False
2026-03-19,Gula Pasir,1,VIII,15500.0,DI Yogyakarta,2026-08-30T11:38:23.606628+00:00,DI Yogyakarta,15500.0,0.0,,False,,,,False
2026-03-20,Gula Pasir,1,VIII,15500.0,DI Yogyakarta,2026-08-30T11:38:23.606628+00:00,DI Yogyakarta,15500.0,0.0,,False,,,,False
2026-03-23,Gula Pasir,1,VIII,15500.0,DI Yogyakarta,2026-08-30T11:38:23.606628+00:00,DI Yogyakarta,15500.0,0.0,,False,,,,False
2026-03-24,Gula Pasir,1,VIII,15500.0,DI Yogyakarta,2026-08-30T11:38:23.606628+00:00,DI Yogyakarta,15500.0,0.0,,False,,,,False
2026-03-25,Gula Pasir,1,VIII,15800.0,DI Yogyakarta,2026-08-30T11:38:23.606628+00:00,DI Yogyakarta,15521.42857142857,80.17837257372743,3.474396144861522,True,,,,False
2026-03-26,Gula Pasir,1,VIII,15800.0,DI Yogyakarta,2026-08-30T11:38:23.606628+00:00,DI Yogyakarta,15542.857142857143,108.94095588038479,2.3603873774083195,True,,,,False
2026-03-27,Gula Pasir,1,VIII,15800.0,DI Yogyakarta,2026-08-30T11:38:23.606628+00:00,DI Yogyakarta,15564.285714285714,127.7445940878967,1.8451996923807146,False,,,,False
2026-03-30,Gula Pasir,1,VIII,15800.0,DI Yogyakarta,2026-08-30T11:38:23.606628+00:00,DI Yogyakarta,15585.714285714286,140.64216928154974,1.5236235005500944,False,,,,False
2026-03-31,Gula Pasir,1,VIII,15800.0,DI Yogyakarta,2026-08-30T11:38:23.606628+00:00,DI Yogyakarta,15607.142857142857,149.1735474296555,1.2928374110569911,False,,,,False
2026-04-01,Gula Pasir,1,VIII,15800.0,DI Yogyakarta,2026-08-30T11:38:23.606628+00:00,DI Yogyakarta,15628.57142857143,154.0657773039303,1.1126972805283566,False,,,,False
2026-04-02,Gula Pasir,1,VIII,15800.0,DI Yogyakarta,2026-08-30T11:38:23.606628+00:00,DI Yogyakarta,15650.0,155.66235649883308,0.9636241116594202,False,,,,False
2026-04-03,Gula Pasir,1,VIII,15800.0,DI Yogyakarta,2026-08-30T11:38:23.606628+00:00,DI Yogyakarta,15671.42857142857,154.06577730393082,0.8345229603962735,False,,,,False
2026-04-06,Gula Pasir,1,VIII,15800.0,DI Yogyakarta,2026-08-30T11:38:23.606628+00:00,DI Yogyakarta,15692.857142857143,149.17354742965676,0.7182430061427642,False,,,,False
2026-04-07,Gula Pasir,1,VIII,15800.0,DI Yogyakarta,2026-08-30T11:38:23.606628+00:00,DI Yogyakarta,15714.285714285714,140.64216928155196,0.6094494002200334,False,,,,False
2026-04-08,Gula Pasir,1,VIII,15800.0,DI Yogyakarta,2026-08-30T11:38:23.606628+00:00,DI Yogyakarta,15735.714285714286,127.74459408790007,0.5032362797401764,False,,,,False
2026-04-09,Gula Pasir,1,VIII,15800.0,DI Yogyakarta,2026-08-30T11:38:23.606628+00:00,DI Yogyakarta,15757.142857142857,108.94095588038947,0.3933978962347058,False,,,,False
2026-04-10,Gula Pasir,1,VIII,15800.0,DI Yogyakarta,2026-08-30T11:38:23.606628+00:00,DI Yogyakarta,15778.57142857143,80.17837257373479,0.26726124191238976,False,,,,False
2026-04-13,Gula Pasir,1,VIII,15800.0,DI Yogyakarta,2026-08-30T11:38:23.606628+00:00,DI Yogyakarta,15800.0,0.0,,False,,,,False
2026-04-14,Gula Pasir,1,VIII,15800.0,DI Yogyakarta,2026-08-30T11:38:23.606628+00:00,DI Yogyakarta,15800.0,0.0,,False,,,,False
2026-04-15,Gula Pasir,1,VIII,15800.0,DI Yogyakarta,2026-08-30T11:38:23.606628+00:00,DI Yogyakarta,15800.0,0.0,,False,,,,False
2026-04-16,Gula Pasir,1,VIII,15800.0,DI Yogyakarta,2026-08-30T11:38:23.606628+00:00,DI Yogyakarta,15800.0,0.0,,False,,,,False
2026-04-17,Gula Pasir,1,VIII,15800.0,DI Yogyakarta,2026-08-30T11:38:23.606628+00:00,DI Yogyakarta,15800.0,0.0,,False,,,,False
2026-04-20,Gula Pasir,1,VIII,15800.0,DI Yogyakarta,2026-08-30T11:38:23.606628+00:00,DI Yogyakarta,15800.0,0.0,,False,,,,False
2026-04-21,Gula Pasir,1,VIII,15800.0,DI Yogyakarta,2026-08-30T11:38:23.606628+00:00,DI Yogyakarta,15800.0,0.0,,False,,,,False
2026-04-22,Gula Pasir,1,VIII,15800.0,DI Yogyakarta,2026-08-30T11:38:23.606628+00:00,DI Yogyakarta,15800.0,0.0,,False,,,,False
2026-04-23,Gula Pasir,1,VIII,15800.0,DI Yogyakarta,2026-08-30T11:38:23.606628+00:00,DI Yogyakarta,15800.0,0.0,,False,,,,False
2026-04-24,Gula Pasir,1,VIII,15800.0,DI Yogyakarta,2026-08-30T11:38:23.606628+00:00,DI Yogyakarta,15800.0,0.0,,False,,,,False
2026-04-27,Gula Pasir,1,VIII,16000.0,DI Yogyakarta,2026-08-30T11:38:23.606628+00:00,DI Yogyakarta,15814.285714285714,53.45224838248495,3.474396144861522,True,,,,False
2026-04-28,Gula Pasir,1,VIII,16000.0,DI Yogyakarta,2026-08-30T11:38:23.606628+00:00,DI Yogyakarta,15828.57142857143,72.62730392025647,2.360387377408313,True,,,,False
2026-04-29,Gula Pasir,1,VIII,16000.0,DI Yogyakarta,2026-08-30T11:38:23.606628+00:00,DI Yogyakarta,15842.857142857143,85.16306272526418,1.8451996923807135,False,,,,False
2026-04-30,Gula Pasir,1,VIII,16000.0,DI Yogyakarta,2026-08-30T11:38:23.606628+00:00,DI Yogyakarta,15857.142857142857,93.76144618769928,1.5236235005501098,False,,,,False
2026-05-01,Gula Pasir,1,VIII,16000.0,DI Yogyakarta,2026-08-30T11:38:23.606628+00:00,DI Yogyakarta,15871.42857142857,99.44903161976966,1.2928374110570062,False,,,,False
2026-05-04,Gula Pasir,1,VIII,16000.0,DI Yogyakarta,2026-08-30T11:38:23.606628+00:00,DI Yogyakarta,15885.714285714286,102.7105182026195,1.1126972805283641,False,,,,False
2026-05-05,Gula Pasir,1,VIII,16000.0,DI Yogyakarta,2026-08-30T11:38:23.606628+00:00,DI Yogyakarta,15900.0,103.77490433255466,0.963624111659427,False,,,,False
2026-05-06,Gula Pasir,1,VIII,16000.0,DI Yogyakarta,2026-08-30T11:38:23.606628+00:00,DI Yogyakarta,15914.285714285714,102.7105182026195,0.834522960396282,False,,,,False
2026-05-07,Gula Pasir,1,VIII,16000.0,DI Yogyakarta,2026-08-30T11:38:23.606628+00:00,DI Yogyakarta,15928.57142857143,99.44903161976966,0.718243006142769,False,,,,False
2026-05-08,Gula Pasir,1,VIII,16000.0,DI Yogyakarta,2026-08-30T11:38:23.606628+00:00,DI Yogyakarta,15942.857142857143,93.76144618769928,0.60944940022004,False,,,,False
2026-05-11,Gula Pasir,1,VIII,16000.0,DI Yogyakarta,2026-08-30T11:38:18.765381+00:00,DI Yogyakarta,15957.142857142857,85.16306272526418,0.5032362797401985,False,,,,False
2026-05-12,Gula Pasir,1,VIII,16000.0,DI Yogyakarta,2026-08-30T11:38:18.765381+00:00,DI Yogyakarta,15971.42857142857,72.62730392025647,0.39339789623473137,False,,,,False
2026-05-13,Gula Pasir,1,VIII,16000.0,DI Yogyakarta,2026-08-30T11:38:18.765381+00:00,DI Yogyakarta,15985.714285714286,53.45224838248469,0.26726124191241557,False,,,,False
2026-05-14,Gula Pasir,1,VIII,16000.0,DI Yogyakarta,2026-08-30T11:38:18.765381+00:00,DI Yogyakarta,16000.0,0.0,,False,,,,False
2026-05-15,Gula Pasir,1,VIII,16000.0,DI Yogyakarta,2026-08-30T11:38:18.765381+00:00,DI Yogyakarta,16000.0,0.0,,False,,,,False
2026-05-18,Gula Pasir,1,VIII,16000.0,DI Yogyakarta,2026-08-30T11:38:18.765381+00:00,DI Yogyakarta,16000.0,0.0,,False,,,,False
2026-05-19,Gula Pasir,1,VIII,16000.0,DI Yogyakarta,2026-08-30T11:38:18.765381+00:00,DI Yogyakarta,16000.0,0.0,,False,,,,False
2026-05-20,Gula Pasir,1,VIII,16000.0,DI Yogyakarta,2026-08-30T11:38:18.765381+00:00,DI Yogyakarta,16000.0,0.0,,False,,,,False
2026-05-21,Gula Pasir,1,VIII,16000.0,DI Yogyakarta,2026-08-30T11:38:18.765381+00:00,DI Yogyakarta,16000.0,0.0,,False,,,,False
2026-05-22,Gula Pasir,1,VIII,16000.0,DI Yogyakarta,2026-08-30T11:38:18.765381+00:00,DI Yogyakarta,16000.0,0.0,,False,,,,False
2026-05-25,Gula Pasir,1,VIII,15800.0,DI Yogyakarta,2026-08-30T11:38:18.765381+00:00,DI Yogyakarta,15985.714285714286,53.45224838248495,-3.474396144861522,True,,,,False
2026-05-26,Gula Pasir,1,VIII,15800.0,DI Yogyakarta,2026-08-30T11:38:18.765381+00:00,DI Yogyakarta,15971.42857142857,72.62730392025647,-2.360387377408313,True,,,,False
2026-05-27,Gula Pasir,1,VIII,15800.0,DI Yogyakarta,2026-08-30T11:38:18.765381+00:00,DI Yogyakarta,15957.142857142857,85.16306272526418,-1.8451996923807135,False,,,,False
2026-05-28,Gula Pasir,1,VIII,15800.0,DI Yogyakarta,2026-08-30T11:38:18.765381+00:00,DI Yogyakarta,15942.857142857143,93.76144618769928,-1.5236235005501098,False,,,,False
2026-05-29,Gula Pasir,1,VIII,15800.0,DI Yogyakarta,2026-08-30T11:38:18.765381+00:00,DI Yogyakarta,15928.57142857143,99.44903161976966,-1.2928374110570062,False,,,,False
2026-06-01,Gula Pasir,1,VIII,15800.0,DI Yogyakarta,2026-08-30T11:38:18.765381+00:00,DI Yogyakarta,15914.285714285714,102.7105182026195,-1.1126972805283641,False,,,,False
2026-06-02,Gula Pasir,1,VIII,15800.0,DI Yogyakarta,2026-08-30T11:38:18.765381+00:00,DI Yogyakarta,15900.0,103.77490433255466,-0.963624111659427,False,,,,False
2026-06-03,Gula Pasir,1,VIII,15800.0,DI Yogyakarta,2026-08-30T11:38:18.765381+00:00,DI Yogyakarta,15885.714285714286,102.7105182026195,-0.834522960396282,False,,,,False
2026-06-04,Gula Pasir,1,VIII,15800.0,DI Yogyakarta,2026-08-30T11:38:18.765381+00:00,DI Yogyakarta,15871.42857142857,99.44903161976966,-0.718243006142769,False,,,,False
2026-06-05,Gula Pasir,1,VIII,15800.0,DI Yogyakarta,2026-08-30T11:38:18.765381+00:00,DI Yogyakarta,15857.142857142857,93.76144618769928,-0.60944940022004,False,,,,False
2026-06-08,Gula Pasir,1,VIII,15800.0,DI Yogyakarta,2026-08-30T11:38:18.765381+00:00,DI Yogyakarta,15842.857142857143,85.16306272526418,-0.5032362797401985,False,,,,False
2026-06-09,Gula Pasir,1,VIII,15800.0,DI Yogyakarta,2026-08-30T11:38:18.765381+00:00,DI Yogyakarta,15828.57142857143,72.62730392025647,-0.39339789623473137,False,,,,False
2026-06-10,Gula Pasir,1,VIII,15800.0,DI Yogyakarta,2026-08-30T11:38:18.765381+00:00,DI Yogyakarta,15814.285714285714,53.45224838248469,-0.26726124191241557,False,,,,False
2026-06-11,Gula Pasir,1,VIII,15800.0,DI Yogyakarta,2026-08-30T11:38:18.765381+00:00,DI Yogyakarta,15800.0,0.0,,False,,,,False
2026-06-12,Gula Pasir,1,VIII,15800.0,DI Yogyakarta,2026-08-30T11:38:18.765381+00:00,DI Yogyakarta,15800.0,0.0,,False,,,,False
2026-06-15,Gula Pasir,1,VIII,15800.0,DI Yogyakarta,2026-08-30T11:38:18.765381+00:00,DI Yogyakarta,15800.0,0.0,,False,,,,False
2026-06-16,Gula Pasir,1,VIII,15800.0,DI Yogyakarta,2026-08-30T11:38:18.765381+00:00,DI Yogyakarta,15800.0,0.0,,False,,,,False
2026-06-17,Gula Pasir,1,VIII,15800.0,DI Yogyakarta,2026-08-30T11:38:18.765381+00:00,DI Yogyakarta,15800.0,0.0,,False,,,,False
2026-06-18,Gula Pasir,1,VIII,15800.0,DI Yogyakarta,2026-08-30T11:38:18.765381+00:00,DI Yogyakarta,15800.0,0.0,,False,,,,False
2026-06-19,Gula Pasir,1,VIII,15800.0,DI Yogyakarta,2026-08-30T11:38:18.765381+00:00,DI Yogyakarta,15800.0,0.0,,False,,,,False
2026-06-22,Gula Pasir,1,VIII,15800.0,DI Yogyakarta,2026-08-30T11:38:18.765381+00:00,DI Yogyakarta,15800.0,0.0,,False,,,,False
2026-06-23,Gula Pasir,1,VIII,15800.0,DI Yogyakarta,2026-08-30T11:38:18.765381+00:00,DI Yogyakarta,15800.0,0.0,,False,,,,False
2026-06-24,Gula Pasir,1,VIII,15800.0,DI Yogyakarta,2026-08-30T11:38:18.765381+00:00,DI Yogyakarta,15800.0,0.0,,False,,,,False
2026-06-25,Gula Pasir,1,VIII,16000.0,DI Yogyakarta,2026-08-30T11:38:18.765381+00:00,DI Yogyakarta,15814.285714285714,53.45224838248495,3.474396144861522,True,,,,False
2026-06-26,Gula Pasir,1,VIII,16000.0,DI Yogyakarta,2026-08-30T11:38:18.765381+00:00,DI Yogyakarta,15828.57142857143,72.62730392025647,2.360387377408313,True,,,,False
2026-06-29,Gula Pasir,1,VIII,16000.0,DI Yogyakarta,2026-08-30T11:38:18.765381+00:00,DI Yogyakarta,15842.857142857143,85.16306272526418,1.8451996923807135,False,,,,False
2026-06-30,Gula Pasir,1,VIII,16000.0,DI Yogyakarta,2026-08-30T11:38:18.765381+00:00,DI Yogyakarta,15857.142857142857,93.76144618769928,1.5236235005501098,False,,,,False
2026-07-01,Gula Pasir,1,VIII,16000.0,DI Yogyakarta,2026-08-30T11:38:18.765381+00:00,DI Yogyakarta,15871.42857142857,99.44903161976966,1.2928374110570062,False,,,,False
2026-07-02,Gula Pasir,1,VIII,16000.0,DI Yogyakarta,2026-08-30T11:38:18.765381+00:00,DI Yogyakarta,15885.714285714286,102.7105182026195,1.1126972805283641,False,,,,False
2026-07-03,Gula Pasir,1,VIII,16000.0,DI Yogyakarta,2026-08-30T11:38:18.765381+00:00,DI Yogyakarta,15900.0,103.77490433255466,0.963624111659427,False,,,,False
2026-07-06,Gula Pasir,1,VIII,16000.0,DI Yogyakarta,2026-08-30T11:38:13.847136+00:00,DI Yogyakarta,15914.285714285714,102.7105182026195,0.834522960396282,False,,,,False
2026-07-07,Gula Pasir,1,VIII,16000.0,DI Yogyakarta,2026-08-30T11:38:13.847136+00:00,DI Yogyakarta,15928.57142857143,99.44903161976966,0.718243006142769,False,,,,False
2026-07-08,Gula Pasir,1,VIII,16000.0,DI Yogyakarta,2026-08-30T11:38:13.847136+00:00,DI Yogyakarta,15942.857142857143,93.76144618769928,0.60944940022004,False,,,,False
2026-07-09,Gula Pasir,1,VIII,16000.0,DI Yogyakarta,2026-08-30T11:38:13.847136+00:00,DI Yogyakarta,15957.142857142857,85.16306272526418,0.5032362797401985,False,,,,False
2026-07-10,Gula Pasir,1,VIII,16000.0,DI Yogyakarta,2026-08-30T11:38:13.847136+00:00,DI Yogyakarta,15971.42857142857,72.62730392025647,0.39339789623473137,False,,,,False
2026-07-13,Gula Pasir,1,VIII,16000.0,DI Yogyakarta,2026-08-30T11:38:13.847136+00:00,DI Yogyakarta,15985.714285714286,53.45224838248469,0.26726124191241557,False,,,,False
2026-07-14,Gula Pasir,1,VIII,16000.0,DI Yogyakarta,2026-08-30T11:38:13.847136+00:00,DI Yogyakarta,16000.0,0.0,,False,,,,False
2026-07-15,Gula Pasir,1,VIII,16000.0,DI Yogyakarta,2026-08-30T11:38:13.847136+00:00,DI Yogyakarta,16000.0,0.0,,False,,,,False
2026-07-16,Gula Pasir,1,VIII,16000.0,DI Yogyakarta,2026-08-30T11:38:13.847136+00:00,DI Yogyakarta,16000.0,0.0,,False,,,,False
2026-07-17,Gula Pasir,1,VIII,16000.0,DI Yogyakarta,2026-08-30T11:38:13.847136+00:00,DI Yogyakarta,16000.0,0.0,,False,,,,False
2026-07-20,Gula Pasir,1,VIII,16000.0,DI Yogyakarta,2026-08-30T11:38:13.847136+00:00,DI Yogyakarta,16000.0,0.0,,False,,,,False
2026-07-21,Gula Pasir,1,VIII,16000.0,DI Yogyakarta,2026-08-30T11:38:13.847136+00:00,DI Yogyakarta,16000.0,0.0,,False,,,,False
2026-07-22,Gula Pasir,1,VIII,16000.0,DI Yogyakarta,2026-08-30T11:38:13.847136+00:00,DI Yogyakarta,16000.0,0.0,,False,,,,False
2026-07-23,Gula Pasir,1,VIII,16000.0,DI Yogyakarta,2026-08-30T11:38:13.847136+00:00,DI Yogyakarta,16000.0,0.0,,False,,,,False
2026-07-24,Gula Pasir,1,VIII,16000.0,DI Yogyakarta,2026-08-30T11:38:13.847136+00:00,DI Yogyakarta,16000.0,0.0,,False,,,,False
2026-07-27,Gula Pasir,1,VIII,16000.0,DI Yogyakarta,2026-08-30T11:38:13.847136+00:00,DI Yogyakarta,16000.0,0.0,,False,,,,False
2026-07-28,Gula Pasir,1,VIII,16000.0,DI Yogyakarta,2026-08-30T11:38:13.847136+00:00,DI Yogyakarta,16000.0,0.0,,False,,,,False
2026-07-29,Gula Pasir,1,VIII,16000.0,DI Yogyakarta,2026-08-30T11:38:13.847136+00:00,DI Yogyakarta,16000.0,0.0,,False,,,,False
2026-07-30,Gula Pasir,1,VIII,16000.0,DI Yogyakarta,2026-08-30T11:38:13.847136+00:00,DI Yogyakarta,16000.0,0.0,,False,,,,False
2026-07-31,Gula Pasir,1,VIII,16000.0,DI Yogyakarta,2026-08-30T11:38:13.847136+00:00,DI Yogyakarta,16000.0,0.0,,False,,,,False
2026-08-03,Gula Pasir,1,VIII,16000.0,DI Yogyakarta,2026-08-30T11:38:13.847136+00:00,DI Yogyakarta,16000.0,0.0,,False,,,,False
2026-08-04,Gula Pasir,1,VIII,16000.0,DI Yogyakarta,2026-08-30T11:38:13.847136+00:00,DI Yogyakarta,16000.0,0.0,,False,,,,False
2026-08-05,Gula Pasir,1,VIII,16000.0,DI Yogyakarta,2026-08-30T11:38:13.847136+00:00,DI Yogyakarta,16000.0,0.0,,False,,,,False
2026-08-06,Gula Pasir,1,VIII,16000.0,DI Yogyakarta,2026-08-30T11:38:13.847136+00:00,DI Yogyakarta,16000.0,0.0,,False,,,,False
2026-08-07,Gula Pasir,1,VIII,16000.0,DI Yogyakarta,2026-08-30T11:38:13.847136+00:00,DI Yogyakarta,16000.0,0.0,,False,,,,False
2026-08-10,Gula Pasir,1,VIII,16000.0,DI Yogyakarta,2026-08-30T11:38:13.847136+00:00,DI Yogyakarta,16000.0,0.0,,False,,,,False
2026-08-11,Gula Pasir,1,VIII,16000.0,DI Yogyakarta,2026-08-30T11:38:13.847136+00:00,DI Yogyakarta,16000.0,0.0,,False,,,,False
2026-08-12,Gula Pasir,1,VIII,16000.0,DI Yogyakarta,2026-08-30T11:38:13.847136+00:00,DI Yogyakarta,16000.0,0.0,,False,,,,False
2026-08-13,Gula Pasir,1,VIII,16000.0,DI Yogyakarta,2026-08-30T11:38:13.847136+00:00,DI Yogyakarta,16000.0,0.0,,False,,,,False
2026-08-14,Gula Pasir,1,VIII,16000.0,DI Yogyakarta,2026-08-30T11:38:13.847136+00:00,DI Yogyakarta,16000.0,0.0,,False,,,,False
2026-08-17,Gula Pasir,1,VIII,16000.0,DI Yogyakarta,2026-08-30T10:03:35.195323+00:00,DI Yogyakarta,16000.0,0.0,,False,,,,False
2026-08-18,Gula Pasir,1,VIII,16000.0,DI Yogyakarta,2026-08-30T10:03:35.195323+00:00,DI Yogyakarta,16000.0,0.0,,False,,,,False
2026-08-19,Gula Pasir,1,VIII,16000.0,DI Yogyakarta,2026-08-30T10:03:35.195323+00:00,DI Yogyakarta,16000.0,0.0,,False,,,,False
2026-08-20,Gula Pasir,1,VIII,16000.0,DI Yogyakarta,2026-08-30T10:03:35.195323+00:00,DI Yogyakarta,16000.0,0.0,,False,,,,False
2026-08-21,Gula Pasir,1,VIII,16000.0,DI Yogyakarta,2026-08-30T10:03:35.195323+00:00,DI Yogyakarta,16000.0,0.0,,False,,,,False
2026-08-24,Gula Pasir,1,VIII,16000.0,DI Yogyakarta,2026-08-30T10:03:35.195323+00:00,DI Yogyakarta,16000.0,0.0,,False,,,,False
2026-08-25,Gula Pasir,1,VIII,16000.0,DI Yogyakarta,2026-08-30T10:03:35.195323+00:00,DI Yogyakarta,16000.0,0.0,,False,,,,False
2026-08-26,Gula Pasir,1,VIII,16000.0,DI Yogyakarta,2026-08-30T10:03:35.195323+00:00,DI Yogyakarta,16000.0,0.0,,False,,,,False
2026-08-27,Gula Pasir,1,VIII,16000.0,DI Yogyakarta,2026-08-30T10:03:35.195323+00:00,DI Yogyakarta,16000.0,0.0,,False,,,,False
2026-08-28,Gula Pasir,1,VIII,16000.0,DI Yogyakarta,2026-08-30T10:03:35.195323+00:00,DI Yogyakarta,16000.0,0.0,,False,,,,False
2026-03-03,Gula Pasir Kualitas Premium,2,1,15500.0,DI Yogyakarta,2026-08-30T11:38:26.756565+00:00,DI Yogyakarta,,,,False,,,,False
2026-03-04,Gula Pasir Kualitas Premium,2,1,15500.0,DI Yogyakarta,2026-08-30T11:38:26.756565+00:00,DI Yogyakarta,,,,False,,,,False
2026-03-05,Gula Pasir Kualitas Premium,2,1,15500.0,DI Yogyakarta,2026-08-30T11:38:26.756565+00:00,DI Yogyakarta,,,,False,,,,False
2026-03-06,Gula Pasir Kualitas Premium,2,1,15500.0,DI Yogyakarta,2026-08-30T11:38:26.756565+00:00,DI Yogyakarta,,,,False,,,,False
2026-03-09,Gula Pasir Kualitas Premium,2,1,15500.0,DI Yogyakarta,2026-08-30T11:38:26.756565+00:00,DI Yogyakarta,15500.0,0.0,,False,,,,False
2026-03-10,Gula Pasir Kualitas Premium,2,1,15500.0,DI Yogyakarta,2026-08-30T11:38:26.756565+00:00,DI Yogyakarta,15500.0,0.0,,False,,,,False
2026-03-11,Gula Pasir Kualitas Premium,2,1,15500.0,DI Yogyakarta,2026-08-30T11:38:26.756565+00:00,DI Yogyakarta,15500.0,0.0,,False,,,,False
2026-03-12,Gula Pasir Kualitas Premium,2,1,15500.0,DI Yogyakarta,2026-08-30T11:38:26.756565+00:00,DI Yogyakarta,15500.0,0.0,,False,,,,False
2026-03-13,Gula Pasir Kualitas Premium,2,1,15500.0,DI Yogyakarta,2026-08-30T11:38:26.756565+00:00,DI Yogyakarta,15500.0,0.0,,False,,,,False
2026-03-16,Gula Pasir Kualitas Premium,2,1,15500.0,DI Yogyakarta,2026-08-30T11:38:23.606628+00:00,DI Yogyakarta,15500.0,0.0,,False,,,,False
2026-03-17,Gula Pasir Kualitas Premium,2,1,15500.0,DI Yogyakarta,2026-08-30T11:38:23.606628+00:00,DI Yogyakarta,15500.0,0.0,,False,,,,False
2026-03-18,Gula Pasir Kualitas Premium,2,1,15500.0,DI Yogyakarta,2026-08-30T11:38:23.606628+00:00,DI Yogyakarta,15500.0,0.0,,False,,,,False
2026-03-19,Gula Pasir Kualitas Premium,2,1,15500.0,DI Yogyakarta,2026-08-30T11:38:23.606628+00:00,DI Yogyakarta,15500.0,0.0,,False,,,,False
2026-03-20,Gula Pasir Kualitas Premium,2,1,15500.0,DI Yogyakarta,2026-08-30T11:38:23.606628+00:00,DI Yogyakarta,15500.0,0.0,,False,,,,False
2026-03-23,Gula Pasir Kualitas Premium,2,1,15500.0,DI Yogyakarta,2026-08-30T11:38:23.606628+00:00,DI Yogyakarta,15500.0,0.0,,False,,,,False
2026-03-24,Gula Pasir Kualitas Premium,2,1,15500.0,DI Yogyakarta,2026-08-30T11:38:23.606628+00:00,DI Yogyakarta,15500.0,0.0,,False,,,,False
2026-03-25,Gula Pasir Kualitas Premium,2,1,15800.0,DI Yogyakarta,2026-08-30T11:38:23.606628+00:00,DI Yogyakarta,15521.42857142857,80.17837257372743,3.474396144861522,True,,,,False
2026-03-26,Gula Pasir Kualitas Premium,2,1,15800.0,DI Yogyakarta,2026-08-30T11:38:23.606628+00:00,DI Yogyakarta,15542.857142857143,108.94095588038479,2.3603873774083195,True,,,,False
2026-03-27,Gula Pasir Kualitas Premium,2,1,15800.0,DI Yogyakarta,2026-08-30T11:38:23.606628+00:00,DI Yogyakarta,15564.285714285714,127.7445940878967,1.8451996923807146,False,,,,False
2026-03-30,Gula Pasir Kualitas Premium,2,1,15800.0,DI Yogyakarta,2026-08-30T11:38:23.606628+00:00,DI Yogyakarta,15585.714285714286,140.64216928154974,1.5236235005500944,False,,,,False
2026-03-31,Gula Pasir Kualitas Premium,2,1,15800.0,DI Yogyakarta,2026-08-30T11:38:23.606628+00:00,DI Yogyakarta,15607.142857142857,149.1735474296555,1.2928374110569911,False,,,,False
2026-04-01,Gula Pasir Kualitas Premium,2,1,15800.0,DI Yogyakarta,2026-08-30T11:38:23.606628+00:00,DI Yogyakarta,15628.57142857143,154.0657773039303,1.1126972805283566,False,,,,False
2026-04-02,Gula Pasir Kualitas Premium,2,1,15800.0,DI Yogyakarta,2026-08-30T11:38:23.606628+00:00,DI Yogyakarta,15650.0,155.66235649883308,0.9636241116594202,False,,,,False
2026-04-03,Gula Pasir Kualitas Premium,2,1,15800.0,DI Yogyakarta,2026-08-30T11:38:23.606628+00:00,DI Yogyakarta,15671.42857142857,154.06577730393082,0.8345229603962735,False,,,,False
2026-04-06,Gula Pasir Kualitas Premium,2,1,15800.0,DI Yogyakarta,2026-08-30T11:38:23.606628+00:00,DI Yogyakarta,15692.857142857143,149.17354742965676,0.7182430061427642,False,,,,False
2026-04-07,Gula Pasir Kualitas Premium,2,1,15800.0,DI Yogyakarta,2026-08-30T11:38:23.606628+00:00,DI Yogyakarta,15714.285714285714,140.64216928155196,0.6094494002200334,False,,,,False
2026-04-08,Gula Pasir Kualitas Premium,2,1,15800.0,DI Yogyakarta,2026-08-30T11:38:23.606628+00:00,DI Yogyakarta,15735.714285714286,127.74459408790007,0.5032362797401764,False,,,,False
2026-04-09,Gula Pasir Kualitas Premium,2,1,15800.0,DI Yogyakarta,2026-08-30T11:38:23.606628+00:00,DI Yogyakarta,15757.142857142857,108.94095588038947,0.3933978962347058,False,,,,False
2026-04-10,Gula Pasir Kualitas Premium,2,1,15800.0,DI Yogyakarta,2026-08-30T11:38:23.606628+00:00,DI Yogyakarta,15778.57142857143,80.17837257373479,0.26726124191238976,False,,,,False
2026-04-13,Gula Pasir Kualitas Premium,2,1,15800.0,DI Yogyakarta,2026-08-30T11:38:23.606628+00:00,DI Yogyakarta,15800.0,0.0,,False,,,,False
2026-04-14,Gula Pasir Kualitas Premium,2,1,15800.0,DI Yogyakarta,2026-08-30T11:38:23.606628+00:00,DI Yogyakarta,15800.0,0.0,,False,,,,False
2026-04-15,Gula Pasir Kualitas Premium,2,1,15800.0,DI Yogyakarta,2026-08-30T11:38:23.606628+00:00,DI Yogyakarta,15800.0,0.0,,False,,,,False
2026-04-16,Gula Pasir Kualitas Premium,2,1,15800.0,DI Yogyakarta,2026-08-30T11:38:23.606628+00:00,DI Yogyakarta,15800.0,0.0,,False,,,,False
2026-04-17,Gula Pasir Kualitas Premium,2,1,15800.0,DI Yogyakarta,2026-08-30T11:38:23.606628+00:00,DI Yogyakarta,15800.0,0.0,,False,,,,False
2026-04-20,Gula Pasir Kualitas Premium,2,1,15800.0,DI Yogyakarta,2026-08-30T11:38:23.606628+00:00,DI Yogyakarta,15800.0,0.0,,False,,,,False
2026-04-21,Gula Pasir Kualitas Premium,2,1,15800.0,DI Yogyakarta,2026-08-30T11:38:23.606628+00:00,DI Yogyakarta,15800.0,0.0,,False,,,,False
2026-04-22,Gula Pasir Kualitas Premium,2,1,15800.0,DI Yogyakarta,2026-08-30T11:38:23.606628+00:00,DI Yogyakarta,15800.0,0.0,,False,,,,False
2026-04-23,Gula Pasir Kualitas Premium,2,1,15800.0,DI Yogyakarta,2026-08-30T11:38:23.606628+00:00,DI Yogyakarta,15800.0,0.0,,False,,,,False
2026-04-24,Gula Pasir Kualitas Premium,2,1,15800.0,DI Yogyakarta,2026-08-30T11:38:23.606628+00:00,DI Yogyakarta,15800.0,0.0,,False,,,,False
2026-04-27,Gula Pasir Kualitas Premium,2,1,16000.0,DI Yogyakarta,2026-08-30T11:38:23.606628+00:00,DI Yogyakarta,15814.285714285714,53.45224838248495,3.474396144861522,True,,,,False
2026-04-28,Gula Pasir Kualitas Premium,2,1,16000.0,DI Yogyakarta,2026-08-30T11:38:23.606628+00:00,DI Yogyakarta,15828.57142857143,72.62730392025647,2.360387377408313,True,,,,False
2026-04-29,Gula Pasir Kualitas Premium,2,1,16000.0,DI Yogyakarta,2026-08-30T11:38:23.606628+00:00,DI Yogyakarta,15842.857142857143,85.16306272526418,1.8451996923807135,False,,,,False
2026-04-30,Gula Pasir Kualitas Premium,2,1,16000.0,DI Yogyakarta,2026-08-30T11:38:23.606628+00:00,DI Yogyakarta,15857.142857142857,93.76144618769928,1.5236235005501098,False,,,,False
2026-05-01,Gula Pasir Kualitas Premium,2,1,16000.0,DI Yogyakarta,2026-08-30T11:38:23.606628+00:00,DI Yogyakarta,15871.42857142857,99.44903161976966,1.2928374110570062,False,,,,False
2026-05-04,Gula Pasir Kualitas Premium,2,1,16000.0,DI Yogyakarta,2026-08-30T11:38:23.606628+00:00,DI Yogyakarta,15885.714285714286,102.7105182026195,1.1126972805283641,False,,,,False
2026-05-05,Gula Pasir Kualitas Premium,2,1,16000.0,DI Yogyakarta,2026-08-30T11:38:23.606628+00:00,DI Yogyakarta,15900.0,103.77490433255466,0.963624111659427,False,,,,False
2026-05-06,Gula Pasir Kualitas Premium,2,1,16000.0,DI Yogyakarta,2026-08-30T11:38:23.606628+00:00,DI Yogyakarta,15914.285714285714,102.7105182026195,0.834522960396282,False,,,,False
2026-05-07,Gula Pasir Kualitas Premium,2,1,16000.0,DI Yogyakarta,2026-08-30T11:38:23.606628+00:00,DI Yogyakarta,15928.57142857143,99.44903161976966,0.718243006142769,False,,,,False
2026-05-08,Gula Pasir Kualitas Premium,2,1,16000.0,DI Yogyakarta,2026-08-30T11:38:23.606628+00:00,DI Yogyakarta,15942.857142857143,93.76144618769928,0.60944940022004,False,,,,False
2026-05-11,Gula Pasir Kualitas Premium,2,1,16000.0,DI Yogyakarta,2026-08-30T11:38:18.765381+00:00,DI Yogyakarta,15957.142857142857,85.16306272526418,0.5032362797401985,False,,,,False
2026-05-12,Gula Pasir Kualitas Premium,2,1,16000.0,DI Yogyakarta,2026-08-30T11:38:18.765381+00:00,DI Yogyakarta,15971.42857142857,72.62730392025647,0.39339789623473137,False,,,,False
2026-05-13,Gula Pasir Kualitas Premium,2,1,16000.0,DI Yogyakarta,2026-08-30T11:38:18.765381+00:00,DI Yogyakarta,15985.714285714286,53.45224838248469,0.26726124191241557,False,,,,False
2026-05-14,Gula Pasir Kualitas Premium,2,1,16000.0,DI Yogyakarta,2026-08-30T11:38:18.765381+00:00,DI Yogyakarta,16000.0,0.0,,False,,,,False
2026-05-15,Gula Pasir Kualitas Premium,2,1,16000.0,DI Yogyakarta,2026-08-30T11:38:18.765381+00:00,DI Yogyakarta,16000.0,0.0,,False,,,,False
2026-05-18,Gula Pasir Kualitas Premium,2,1,16000.0,DI Yogyakarta,2026-08-30T11:38:18.765381+00:00,DI Yogyakarta,16000.0,0.0,,False,,,,False
2026-05-19,Gula Pasir Kualitas Premium,2,1,16000.0,DI Yogyakarta,2026-08-30T11:38:18.765381+00:00,DI Yogyakarta,16000.0,0.0,,False,,,,False
2026-05-20,Gula Pasir Kualitas Premium,2,1,16000.0,DI Yogyakarta,2026-08-30T11:38:18.765381+00:00,DI Yogyakarta,16000.0,0.0,,False,,,,False
2026-05-21,Gula Pasir Kualitas Premium,2,1,16000.0,DI Yogyakarta,2026-08-30T11:38:18.765381+00:00,DI Yogyakarta,16000.0,0.0,,False,,,,False
2026-05-22,Gula Pasir Kualitas Premium,2,1,16000.0,DI Yogyakarta,2026-08-30T11:38:18.765381+00:00,DI Yogyakarta,16000.0,0.0,,False,,,,False
2026-05-25,Gula Pasir Kualitas Premium,2,1,15800.0,DI Yogyakarta,2026-08-30T11:38:18.765381+00:00,DI Yogyakarta,15985.714285714286,53.45224838248495,-3.474396144861522,True,,,,False
2026-05-26,Gula Pasir Kualitas Premium,2,1,15800.0,DI Yogyakarta,2026-08-30T11:38:18.765381+00:00,DI Yogyakarta,15971.42857142857,72.62730392025647,-2.360387377408313,True,,,,False
2026-05-27,Gula Pasir Kualitas Premium,2,1,15800.0,DI Yogyakarta,2026-08-30T11:38:18.765381+00:00,DI Yogyakarta,15957.142857142857,85.16306272526418,-1.8451996923807135,False,,,,False
2026-05-28,Gula Pasir Kualitas Premium,2,1,15800.0,DI Yogyakarta,2026-08-30T11:38:18.765381+00:00,DI Yogyakarta,15942.857142857143,93.76144618769928,-1.5236235005501098,False,,,,False
2026-05-29,Gula Pasir Kualitas Premium,2,1,15800.0,DI Yogyakarta,2026-08-30T11:38:18.765381+00:00,DI Yogyakarta,15928.57142857143,99.44903161976966,-1.2928374110570062,False,,,,False
2026-06-01,Gula Pasir Kualitas Premium,2,1,15800.0,DI Yogyakarta,2026-08-30T11:38:18.765381+00:00,DI Yogyakarta,15914.285714285714,102.7105182026195,-1.1126972805283641,False,,,,False
2026-06-02,Gula Pasir Kualitas Premium,2,1,15800.0,DI Yogyakarta,2026-08-30T11:38:18.765381+00:00,DI Yogyakarta,15900.0,103.77490433255466,-0.963624111659427,False,,,,False
2026-06-03,Gula Pasir Kualitas Premium,2,1,15800.0,DI Yogyakarta,2026-08-30T11:38:18.765381+00:00,DI Yogyakarta,15885.714285714286,102.7105182026195,-0.834522960396282,False,,,,False
2026-06-04,Gula Pasir Kualitas Premium,2,1,15800.0,DI Yogyakarta,2026-08-30T11:38:18.765381+00:00,DI Yogyakarta,15871.42857142857,99.44903161976966,-0.718243006142769,False,,,,False
2026-06-05,Gula Pasir Kualitas Premium,2,1,15800.0,DI Yogyakarta,2026-08-30T11:38:18.765381+00:00,DI Yogyakarta,15857.142857142857,93.76144618769928,-0.60944940022004,False,,,,False
2026-06-08,Gula Pasir Kualitas Premium,2,1,15800.0,DI Yogyakarta,2026-08-30T11:38:18.765381+00:00,DI Yogyakarta,15842.857142857143,85.16306272526418,-0.5032362797401985,False,,,,False
2026-06-09,Gula Pasir Kualitas Premium,2,1,15800.0,DI Yogyakarta,2026-08-30T11:38:18.765381+00:00,DI Yogyakarta,15828.57142857143,72.62730392025647,-0.39339789623473137,False,,,,False
2026-06-10,Gula Pasir Kualitas Premium,2,1,15800.0,DI Yogyakarta,2026-08-30T11:38:18.765381+00:00,DI Yogyakarta,15814.285714285714,53.45224838248469,-0.26726124191241557,False,,,,False
2026-06-11,Gula Pasir Kualitas Premium,2,1,15800.0,DI Yogyakarta,2026-08-30T11:38:18.765381+00:00,DI Yogyakarta,15800.0,0.0,,False,,,,False
2026-06-12,Gula Pasir Kualitas Premium,2,1,15800.0,DI Yogyakarta,2026-08-30T11:38:18.765381+00:00,DI Yogyakarta,15800.0,0.0,,False,,,,False
2026-06-15,Gula Pasir Kualitas Premium,2,1,15800.0,DI Yogyakarta,2026-08-30T11:38:18.765381+00:00,DI Yogyakarta,15800.0,0.0,,False,,,,False
2026-06-16,Gula Pasir Kualitas Premium,2,1,15800.0,DI Yogyakarta,2026-08-30T11:38:18.765381+00:00,DI Yogyakarta,15800.0,0.0,,False,,,,False
2026-06-17,Gula Pasir Kualitas Premium,2,1,15800.0,DI Yogyakarta,2026-08-30T11:38:18.765381+00:00,DI Yogyakarta,15800.0,0.0,,False,,,,False
2026-06-18,Gula Pasir Kualitas Premium,2,1,15800.0,DI Yogyakarta,2026-08-30T11:38:18.765381+00:00,DI Yogyakarta,15800.0,0.0,,False,,,,False
2026-06-19,Gula Pasir Kualitas Premium,2,1,15800.0,DI Yogyakarta,2026-08-30T11:38:18.765381+00:00,DI Yogyakarta,15800.0,0.0,,False,,,,False
2026-06-22,Gula Pasir Kualitas Premium,2,1,15800.0,DI Yogyakarta,2026-08-30T11:38:18.765381+00:00,DI Yogyakarta,15800.0,0.0,,False,,,,False
2026-06-23,Gula Pasir Kualitas Premium,2,1,15800.0,DI Yogyakarta,2026-08-30T11:38:18.765381+00:00,DI Yogyakarta,15800.0,0.0,,False,,,,False
2026-06-24,Gula Pasir Kualitas Premium,2,1,15800.0,DI Yogyakarta,2026-08-30T11:38:18.765381+00:00,DI Yogyakarta,15800.0,0.0,,False,,,,False
2026-06-25,Gula Pasir Kualitas Premium,2,1,16000.0,DI Yogyakarta,2026-08-30T11:38:18.765381+00:00,DI Yogyakarta,15814.285714285714,53.45224838248495,3.474396144861522,True,,,,False
2026-06-26,Gula Pasir Kualitas Premium,2,1,16000.0,DI Yogyakarta,2026-08-30T11:38:18.765381+00:00,DI Yogyakarta,15828.57142857143,72.62730392025647,2.360387377408313,True,,,,False
2026-06-29,Gula Pasir Kualitas Premium,2,1,16000.0,DI Yogyakarta,2026-08-30T11:38:18.765381+00:00,DI Yogyakarta,15842.857142857143,85.16306272526418,1.8451996923807135,False,,,,False
2026-06-30,Gula Pasir Kualitas Premium,2,1,16000.0,DI Yogyakarta,2026-08-30T11:38:18.765381+00:00,DI Yogyakarta,15857.142857142857,93.76144618769928,1.5236235005501098,False,,,,False
2026-07-01,Gula Pasir Kualitas Premium,2,1,16000.0,DI Yogyakarta,2026-08-30T11:38:18.765381+00:00,DI Yogyakarta,15871.42857142857,99.44903161976966,1.2928374110570062,False,,,,False
2026-07-02,Gula Pasir Kualitas Premium,2,1,16000.0,DI Yogyakarta,2026-08-30T11:38:18.765381+00:00,DI Yogyakarta,15885.714285714286,102.7105182026195,1.1126972805283641,False,,,,False
2026-07-03,Gula Pasir Kualitas Premium,2,1,16000.0,DI Yogyakarta,2026-08-30T11:38:18.765381+00:00,DI Yogyakarta,15900.0,103.77490433255466,0.963624111659427,False,,,,False
2026-07-06,Gula Pasir Kualitas Premium,2,1,16000.0,DI Yogyakarta,2026-08-30T11:38:13.847136+00:00,DI Yogyakarta,15914.285714285714,102.7105182026195,0.834522960396282,False,,,,False
2026-07-07,Gula Pasir Kualitas Premium,2,1,16000.0,DI Yogyakarta,2026-08-30T11:38:13.847136+00:00,DI Yogyakarta,15928.57142857143,99.44903161976966,0.718243006142769,False,,,,False
2026-07-08,Gula Pasir Kualitas Premium,2,1,16000.0,DI Yogyakarta,2026-08-30T11:38:13.847136+00:00,DI Yogyakarta,15942.857142857143,93.76144618769928,0.60944940022004,False,,,,False
2026-07-09,Gula Pasir Kualitas Premium,2,1,16000.0,DI Yogyakarta,2026-08-30T11:38:13.847136+00:00,DI Yogyakarta,15957.142857142857,85.16306272526418,0.5032362797401985,False,,,,False
2026-07-10,Gula Pasir Kualitas Premium,2,1,16000.0,DI Yogyakarta,2026-08-30T11:38:13.847136+00:00,DI Yogyakarta,15971.42857142857,72.62730392025647,0.39339789623473137,False,,,,False
2026-07-13,Gula Pasir Kualitas Premium,2,1,16000.0,DI Yogyakarta,2026-08-30T11:38:13.847136+00:00,DI Yogyakarta,15985.714285714286,53.45224838248469,0.26726124191241557,False,,,,False
2026-07-14,Gula Pasir Kualitas Premium,2,1,16000.0,DI Yogyakarta,2026-08-30T11:38:13.847136+00:00,DI Yogyakarta,16000.0,0.0,,False,,,,False
2026-07-15,Gula Pasir Kualitas Premium,2,1,16000.0,DI Yogyakarta,2026-08-30T11:38:13.847136+00:00,DI Yogyakarta,16000.0,0.0,,False,,,,False
2026-07-16,Gula Pasir Kualitas Premium,2,1,16000.0,DI Yogyakarta,2026-08-30T11:38:13.847136+00:00,DI Yogyakarta,16000.0,0.0,,False,,,,False
2026-07-17,Gula Pasir Kualitas Premium,2,1,16000.0,DI Yogyakarta,2026-08-30T11:38:13.847136+00:00,DI Yogyakarta,16000.0,0.0,,False,,,,False
2026-07-20,Gula Pasir Kualitas Premium,2,1,16000.0,DI Yogyakarta,2026-08-30T11:38:13.847136+00:00,DI Yogyakarta,16000.0,0.0,,False,,,,False
2026-07-21,Gula Pasir Kualitas Premium,2,1,16000.0,DI Yogyakarta,2026-08-30T11:38:13.847136+00:00,DI Yogyakarta,16000.0,0.0,,False,,,,False
2026-07-22,Gula Pasir Kualitas Premium,2,1,16000.0,DI Yogyakarta,2026-08-30T11:38:13.847136+00:00,DI Yogyakarta,16000.0,0.0,,False,,,,False
2026-07-23,Gula Pasir Kualitas Premium,2,1,16000.0,DI Yogyakarta,2026-08-30T11:38:13.847136+00:00,DI Yogyakarta,16000.0,0.0,,False,,,,False
2026-07-24,Gula Pasir Kualitas Premium,2,1,16000.0,DI Yogyakarta,2026-08-30T11:38:13.847136+00:00,DI Yogyakarta,16000.0,0.0,,False,,,,False
2026-07-27,Gula Pasir Kualitas Premium,2,1,16000.0,DI Yogyakarta,2026-08-30T11:38:13.847136+00:00,DI Yogyakarta,16000.0,0.0,,False,,,,False
2026-07-28,Gula Pasir Kualitas Premium,2,1,16000.0,DI Yogyakarta,2026-08-30T11:38:13.847136+00:00,DI Yogyakarta,16000.0,0.0,,False,,,,False
2026-07-29,Gula Pasir Kualitas Premium,2,1,16000.0,DI Yogyakarta,2026-08-30T11:38:13.847136+00:00,DI Yogyakarta,16000.0,0.0,,False,,,,False
2026-07-30,Gula Pasir Kualitas Premium,2,1,16000.0,DI Yogyakarta,2026-08-30T11:38:13.847136+00:00,DI Yogyakarta,16000.0,0.0,,False,,,,False
2026-07-31,Gula Pasir Kualitas Premium,2,1,16000.0,DI Yogyakarta,2026-08-30T11:38:13.847136+00:00,DI Yogyakarta,16000.0,0.0,,False,,,,False
2026-08-03,Gula Pasir Kualitas Premium,2,1,16000.0,DI Yogyakarta,2026-08-30T11:38:13.847136+00:00,DI Yogyakarta,16000.0,0.0,,False,,,,False
2026-08-04,Gula Pasir Kualitas Premium,2,1,16000.0,DI Yogyakarta,2026-08-30T11:38:13.847136+00:00,DI Yogyakarta,16000.0,0.0,,False,,,,False
2026-08-05,Gula Pasir Kualitas Premium,2,1,16000.0,DI Yogyakarta,2026-08-30T11:38:13.847136+00:00,DI Yogyakarta,16000.0,0.0,,False,,,,False
2026-08-06,Gula Pasir Kualitas Premium,2,1,16000.0,DI Yogyakarta,2026-08-30T11:38:13.847136+00:00,DI Yogyakarta,16000.0,0.0,,False,,,,False
2026-08-07,Gula Pasir Kualitas Premium,2,1,16000.0,DI Yogyakarta,2026-08-30T11:38:13.847136+00:00,DI Yogyakarta,16000.0,0.0,,False,,,,False
2026-08-10,Gula Pasir Kualitas Premium,2,1,16000.0,DI Yogyakarta,2026-08-30T11:38:13.847136+00:00,DI Yogyakarta,16000.0,0.0,,False,,,,False
2026-08-11,Gula Pasir Kualitas Premium,2,1,16000.0,DI Yogyakarta,2026-08-30T11:38:13.847136+00:00,DI Yogyakarta,16000.0,0.0,,False,,,,False
2026-08-12,Gula Pasir Kualitas Premium,2,1,16000.0,DI Yogyakarta,2026-08-30T11:38:13.847136+00:00,DI Yogyakarta,16000.0,0.0,,False,,,,False
2026-08-13,Gula Pasir Kualitas Premium,2,1,16000.0,DI Yogyakarta,2026-08-30T11:38:13.847136+00:00,DI Yogyakarta,16000.0,0.0,,False,,,,False
2026-08-14,Gula Pasir Kualitas Premium,2,1,16000.0,DI Yogyakarta,2026-08-30T11:38:13.847136+00:00,DI Yogyakarta,16000.0,0.0,,False,,,,False
2026-08-17,Gula Pasir Kualitas Premium,2,1,16000.0,DI Yogyakarta,2026-08-30T10:03:35.195323+00:00,DI Yogyakarta,16000.0,0.0,,False,,,,False
2026-08-18,Gula Pasir Kualitas Premium,2,1,16000.0,DI Yogyakarta,2026-08-30T10:03:35.195323+00:00,DI Yogyakarta,16000.0,0.0,,False,,,,False
2026-08-19,Gula Pasir Kualitas Premium,2,1,16000.0,DI Yogyakarta,2026-08-30T10:03:35.195323+00:00,DI Yogyakarta,16000.0,0.0,,False,,,,False
2026-08-20,Gula Pasir Kualitas Premium,2,1,16000.0,DI Yogyakarta,2026-08-30T10:03:35.195323+00:00,DI Yogyakarta,16000.0,0.0,,False,,,,False
2026-08-21,Gula Pasir Kualitas Premium,2,1,16000.0,DI Yogyakarta,2026-08-30T10:03:35.195323+00:00,DI Yogyakarta,16000.0,0.0,,False,,,,False
2026-08-24,Gula Pasir Kualitas Premium,2,1,16000.0,DI Yogyakarta,2026-08-30T10:03:35.195323+00:00,DI Yogyakarta,16000.0,0.0,,False,,,,False
2026-08-25,Gula Pasir Kualitas Premium,2,1,16000.0,DI Yogyakarta,2026-08-30T10:03:35.195323+00:00,DI Yogyakarta,16000.0,0.0,,False,,,,False
2026-08-26,Gula Pasir Kualitas Premium,2,1,16000.0,DI Yogyakarta,2026-08-30T10:03:35.195323+00:00,DI Yogyakarta,16000.0,0.0,,False,,,,False
2026-08-27,Gula Pasir Kualitas Premium,2,1,16000.0,DI Yogyakarta,2026-08-30T10:03:35.195323+00:00,DI Yogyakarta,16000.0,0.0,,False,,,,False
2026-08-28,Gula Pasir Kualitas Premium,2,1,16000.0,DI Yogyakarta,2026-08-30T10:03:35.195323+00:00,DI Yogyakarta,16000.0,0.0,,False,,,,False
2026-03-03,Telur Ayam,1,IV,28650.0,DI Yogyakarta,2026-08-30T11:38:26.756565+00:00,DI Yogyakarta,,,,False,,,,False
2026-03-04,Telur Ayam,1,IV,28650.0,DI Yogyakarta,2026-08-30T11:38:26.756565+00:00,DI Yogyakarta,,,,False,,,,False
2026-03-05,Telur Ayam,1,IV,28650.0,DI Yogyakarta,2026-08-30T11:38:26.756565+00:00,DI Yogyakarta,,,,False,,,,False
2026-03-06,Telur Ayam,1,IV,28650.0,DI Yogyakarta,2026-08-30T11:38:26.756565+00:00,DI Yogyakarta,,,,False,,,,False
2026-03-09,Telur Ayam,1,IV,28650.0,DI Yogyakarta,2026-08-30T11:38:26.756565+00:00,DI Yogyakarta,28650.0,0.0,,False,,,,False
2026-03-10,Telur Ayam,1,IV,28650.0,DI Yogyakarta,2026-08-30T11:38:26.756565+00:00,DI Yogyakarta,28650.0,0.0,,False,,,,False
2026-03-11,Telur Ayam,1,IV,28650.0,DI Yogyakarta,2026-08-30T11:38:26.756565+00:00,DI Yogyakarta,28650.0,0.0,,False,,,,False
2026-03-12,Telur Ayam,1,IV,28650.0,DI Yogyakarta,2026-08-30T11:38:26.756565+00:00,DI Yogyakarta,28650.0,0.0,,False,,,,False
2026-03-13,Telur Ayam,1,IV,28650.0,DI Yogyakarta,2026-08-30T11:38:26.756565+00:00,DI Yogyakarta,28650.0,0.0,,False,,,,False
2026-03-16,Telur Ayam,1,IV,28650.0,DI Yogyakarta,2026-08-30T11:38:23.606628+00:00,DI Yogyakarta,28650.0,0.0,,False,,,,False
2026-03-17,Telur Ayam,1,IV,28650.0,DI Yogyakarta,2026-08-30T11:38:23.606628+00:00,DI Yogyakarta,28650.0,0.0,,False,,,,False
2026-03-18,Telur Ayam,1,IV,28650.0,DI Yogyakarta,2026-08-30T11:38:23.606628+00:00,DI Yogyakarta,28650.0,0.0,,False,,,,False
2026-03-19,Telur Ayam,1,IV,28650.0,DI Yogyakarta,2026-08-30T11:38:23.606628+00:00,DI Yogyakarta,28650.0,0.0,,False,,,,False
2026-03-20,Telur Ayam,1,IV,28650.0,DI Yogyakarta,2026-08-30T11:38:23.606628+00:00,DI Yogyakarta,28650.0,0.0,,False,,,,False
2026-03-23,Telur Ayam,1,IV,28650.0,DI Yogyakarta,2026-08-30T11:38:23.606628+00:00,DI Yogyakarta,28650.0,0.0,,False,,,,False
2026-03-24,Telur Ayam,1,IV,28650.0,DI Yogyakarta,2026-08-30T11:38:23.606628+00:00,DI Yogyakarta,28650.0,0.0,,False,,,,False
2026-03-25,Telur Ayam,1,IV,28650.0,DI Yogyakarta,2026-08-30T11:38:23.606628+00:00,DI Yogyakarta,28650.0,0.0,,False,,,,False
2026-03-26,Telur Ayam,1,IV,28650.0,DI Yogyakarta,2026-08-30T11:38:23.606628+00:00,DI Yogyakarta,28650.0,0.0,,False,,,,False
2026-03-27,Telur Ayam,1,IV,28650.0,DI Yogyakarta,2026-08-30T11:38:23.606628+00:00,DI Yogyakarta,28650.0,0.0,,False,,,,False
2026-03-30,Telur Ayam,1,IV,28650.0,DI Yogyakarta,2026-08-30T11:38:23.606628+00:00,DI Yogyakarta,28650.0,0.0,,False,,,,False
2026-03-31,Telur Ayam,1,IV,28650.0,DI Yogyakarta,2026-08-30T11:38:23.606628+00:00,DI Yogyakarta,28650.0,0.0,,False,,,,False
2026-04-01,Telur Ayam,1,IV,28650.0,DI Yogyakarta,2026-08-30T11:38:23.606628+00:00,DI Yogyakarta,28650.0,0.0,,False,,,,False
2026-04-02,Telur Ayam,1,IV,28650.0,DI Yogyakarta,2026-08-30T11:38:23.606628+00:00,DI Yogyakarta,28650.0,0.0,,False,,,,False
2026-04-03,Telur Ayam,1,IV,28650.0,DI Yogyakarta,2026-08-30T11:38:23.606628+00:00,DI Yogyakarta,28650.0,0.0,,False,,,,False
2026-04-06,Telur Ayam,1,IV,28650.0,DI Yogyakarta,2026-08-30T11:38:23.606628+00:00,DI Yogyakarta,28650.0,0.0,,False,,,,False
2026-04-07,Telur Ayam,1,IV,28650.0,DI Yogyakarta,2026-08-30T11:38:23.606628+00:00,DI Yogyakarta,28650.0,0.0,,False,,,,False
2026-04-08,Telur Ayam,1,IV,28650.0,DI Yogyakarta,2026-08-30T11:38:23.606628+00:00,DI Yogyakarta,28650.0,0.0,,False,,,,False
2026-04-09,Telur Ayam,1,IV,28650.0,DI Yogyakarta,2026-08-30T11:38:23.606628+00:00,DI Yogyakarta,28650.0,0.0,,False,,,,False
2026-04-10,Telur Ayam,1,IV,28650.0,DI Yogyakarta,2026-08-30T11:38:23.606628+00:00,DI Yogyakarta,28650.0,0.0,,False,,,,False
2026-04-13,Telur Ayam,1,IV,28650.0,DI Yogyakarta,2026-08-30T11:38:23.606628+00:00,DI Yogyakarta,28650.0,0.0,,False,,,,False
2026-04-14,Telur Ayam,1,IV,28650.0,DI Yogyakarta,2026-08-30T11:38:23.606628+00:00,DI Yogyakarta,28650.0,0.0,,False,,,,False
2026-04-15,Telur Ayam,1,IV,28650.0,DI Yogyakarta,2026-08-30T11:38:23.606628+00:00,DI Yogyakarta,28650.0,0.0,,False,,,,False
2026-04-16,Telur Ayam,1,IV,28650.0,DI Yogyakarta,2026-08-30T11:38:23.606628+00:00,DI Yogyakarta,28650.0,0.0,,False,,,,False
2026-04-17,Telur Ayam,1,IV,28650.0,DI Yogyakarta,2026-08-30T11:38:23.606628+00:00,DI Yogyakarta,28650.0,0.0,,False,,,,False
2026-04-20,Telur Ayam,1,IV,28650.0,DI Yogyakarta,2026-08-30T11:38:23.606628+00:00,DI Yogyakarta,28650.0,0.0,,False,,,,False
2026-04-21,Telur Ayam,1,IV,28650.0,DI Yogyakarta,2026-08-30T11:38:23.606628+00:00,DI Yogyakarta,28650.0,0.0,,False,,,,False
2026-04-22,Telur Ayam,1,IV,28650.0,DI Yogyakarta,2026-08-30T11:38:23.606628+00:00,DI Yogyakarta,28650.0,0.0,,False,,,,False
2026-04-23,Telur Ayam,1,IV,28650.0,DI Yogyakarta,2026-08-30T11:38:23.606628+00:00,DI Yogyakarta,28650.0,0.0,,False,,,,False
2026-04-24,Telur Ayam,1,IV,28650.0,DI Yogyakarta,2026-08-30T11:38:23.606628+00:00,DI Yogyakarta,28650.0,0.0,,False,,,,False
2026-04-27,Telur Ayam,1,IV,25850.0,DI Yogyakarta,2026-08-30T11:38:23.606628+00:00,DI Yogyakarta,28450.0,748.3314773547883,-3.474396144861517,True,,,,False
2026-04-28,Telur Ayam,1,IV,25850.0,DI Yogyakarta,2026-08-30T11:38:23.606628+00:00,DI Yogyakarta,28250.0,1016.7822548835879,-2.3603873774083297,True,,,,False
2026-04-29,Telur Ayam,1,IV,25850.0,DI Yogyakarta,2026-08-30T11:38:23.606628+00:00,DI Yogyakarta,28050.0,1192.2828781536962,-1.8451996923807203,False,,,,False
2026-04-30,Telur Ayam,1,IV,25850.0,DI Yogyakarta,2026-08-30T11:38:23.606628+00:00,DI Yogyakarta,27850.0,1312.660246627787,-1.5236235005501102,False,,,,False
2026-05-01,Telur Ayam,1,IV,25850.0,DI Yogyakarta,2026-08-30T11:38:23.606628+00:00,DI Yogyakarta,27650.0,1392.2864426767712,-1.292837411057002,False,,,,False
2026-05-04,Telur Ayam,1,IV,25850.0,DI Yogyakarta,2026-08-30T11:38:23.606628+00:00,DI Yogyakarta,27450.0,1437.9472548366673,-1.1126972805283737,False,,,,False
2026-05-05,Telur Ayam,1,IV,25850.0,DI Yogyakarta,2026-08-30T11:38:23.606628+00:00,DI Yogyakarta,27250.0,1452.8486606557583,-0.9636241116594315,False,,,,False
2026-05-06,Telur Ayam,1,IV,25850.0,DI Yogyakarta,2026-08-30T11:38:23.606628+00:00,DI Yogyakarta,27050.0,1437.9472548366673,-0.8345229603962803,False,,,,False
2026-05-07,Telur Ayam,1,IV,25850.0,DI Yogyakarta,2026-08-30T11:38:23.606628+00:00,DI Yogyakarta,26850.0,1392.2864426767712,-0.7182430061427789,False,,,,False
2026-05-08,Telur Ayam,1,IV,25850.0,DI Yogyakarta,2026-08-30T11:38:23.606628+00:00,DI Yogyakarta,26650.0,1312.660246627787,-0.6094494002200441,False,,,,False
2026-05-11,Telur Ayam,1,IV,25850.0,DI Yogyakarta,2026-08-30T11:38:18.765381+00:00,DI Yogyakarta,26450.0,1192.2828781536962,-0.5032362797401965,False,,,,False
2026-05-12,Telur Ayam,1,IV,25850.0,DI Yogyakarta,2026-08-30T11:38:18.765381+00:00,DI Yogyakarta,26250.0,1016.782254883588,-0.3933978962347216,False,,,,False
2026-05-13,Telur Ayam,1,IV,25850.0,DI Yogyakarta,2026-08-30T11:38:18.765381+00:00,DI Yogyakarta,26050.0,748.3314773547884,-0.26726124191242434,False,,,,False
2026-05-14,Telur Ayam,1,IV,25850.0,DI Yogyakarta,2026-08-30T11:38:18.765381+00:00,DI Yogyakarta,25850.0,0.0,,False,,,,False
2026-05-15,Telur Ayam,1,IV,25850.0,DI Yogyakarta,2026-08-30T11:38:18.765381+00:00,DI Yogyakarta,25850.0,0.0,,False,,,,False
2026-05-18,Telur Ayam,1,IV,25850.0,DI Yogyakarta,2026-08-30T11:38:18.765381+00:00,DI Yogyakarta,25850.0,0.0,,False,,,,False
2026-05-19,Telur Ayam,1,IV,25850.0,DI Yogyakarta,2026-08-30T11:38:18.765381+00:00,DI Yogyakarta,25850.0,0.0,,False,,,,False
2026-05-20,Telur Ayam,1,IV,25850.0,DI Yogyakarta,2026-08-30T11:38:18.765381+00:00,DI Yogyakarta,25850.0,0.0,,False,,,,False
2026-05-21,Telur Ayam,1,IV,25850.0,DI Yogyakarta,2026-08-30T11:38:18.765381+00:00,DI Yogyakarta,25850.0,0.0,,False,,,,False
2026-05-22,Telur Ayam,1,IV,25850.0,DI Yogyakarta,2026-08-30T11:38:18.765381+00:00,DI Yogyakarta,25850.0,0.0,,False,,,,False
2026-05-25,Telur Ayam,1,IV,23050.0,DI Yogyakarta,2026-08-30T11:38:18.765381+00:00,DI Yogyakarta,25650.0,748.3314773547883,-3.474396144861517,True,,,,False
2026-05-26,Telur Ayam,1,IV,23050.0,DI Yogyakarta,2026-08-30T11:38:18.765381+00:00,DI Yogyakarta,25450.0,1016.7822548835879,-2.3603873774083297,True,,,,False
2026-05-27,Telur Ayam,1,IV,23050.0,DI Yogyakarta,2026-08-30T11:38:18.765381+00:00,DI Yogyakarta,25250.0,1192.2828781536962,-1.8451996923807203,False,,,,False
2026-05-28,Telur Ayam,1,IV,23050.0,DI Yogyakarta,2026-08-30T11:38:18.765381+00:00,DI Yogyakarta,25050.0,1312.660246627787,-1.5236235005501102,False,,,,False
2026-05-29,Telur Ayam,1,IV,23050.0,DI Yogyakarta,2026-08-30T11:38:18.765381+00:00,DI Yogyakarta,24850.0,1392.2864426767712,-1.292837411057002,False,,,,False
2026-06-01,Telur Ayam,1,IV,23050.0,DI Yogyakarta,2026-08-30T11:38:18.765381+00:00,DI Yogyakarta,24650.0,1437.9472548366673,-1.1126972805283737,False,,,,False
2026-06-02,Telur Ayam,1,IV,23050.0,DI Yogyakarta,2026-08-30T11:38:18.765381+00:00,DI Yogyakarta,24450.0,1452.8486606557583,-0.9636241116594315,False,,,,False
2026-06-03,Telur Ayam,1,IV,23050.0,DI Yogyakarta,2026-08-30T11:38:18.765381+00:00,DI Yogyakarta,24250.0,1437.9472548366673,-0.8345229603962803,False,,,,False
2026-06-04,Telur Ayam,1,IV,23050.0,DI Yogyakarta,2026-08-30T11:38:18.765381+00:00,DI Yogyakarta,24050.0,1392.2864426767712,-0.7182430061427789,False,,,,False
2026-06-05,Telur Ayam,1,IV,23050.0,DI Yogyakarta,2026-08-30T11:38:18.765381+00:00,DI Yogyakarta,23850.0,1312.660246627787,-0.6094494002200441,False,,,,False
2026-06-08,Telur Ayam,1,IV,23050.0,DI Yogyakarta,2026-08-30T11:38:18.765381+00:00,DI Yogyakarta,23650.0,1192.2828781536962,-0.5032362797401965,False,,,,False
2026-06-09,Telur Ayam,1,IV,23050.0,DI Yogyakarta,2026-08-30T11:38:18.765381+00:00,DI Yogyakarta,23450.0,1016.782254883588,-0.3933978962347216,False,,,,False
2026-06-10,Telur Ayam,1,IV,23050.0,DI Yogyakarta,2026-08-30T11:38:18.765381+00:00,DI Yogyakarta,23250.0,748.3314773547884,-0.26726124191242434,False,,,,False
2026-06-11,Telur Ayam,1,IV,23050.0,DI Yogyakarta,2026-08-30T11:38:18.765381+00:00,DI Yogyakarta,23050.0,0.0,,False,,,,False
2026-06-12,Telur Ayam,1,IV,23050.0,DI Yogyakarta,2026-08-30T11:38:18.765381+00:00,DI Yogyakarta,23050.0,0.0,,False,,,,False
2026-06-15,Telur Ayam,1,IV,23050.0,DI Yogyakarta,2026-08-30T11:38:18.765381+00:00,DI Yogyakarta,23050.0,0.0,,False,,,,False
2026-06-16,Telur Ayam,1,IV,23050.0,DI Yogyakarta,2026-08-30T11:38:18.765381+00:00,DI Yogyakarta,23050.0,0.0,,False,,,,False
2026-06-17,Telur Ayam,1,IV,23050.0,DI Yogyakarta,2026-08-30T11:38:18.765381+00:00,DI Yogyakarta,23050.0,0.0,,False,,,,False
2026-06-18,Telur Ayam,1,IV,23050.0,DI Yogyakarta,2026-08-30T11:38:18.765381+00:00,DI Yogyakarta,23050.0,0.0,,False,,,,False
2026-06-19,Telur Ayam,1,IV,23050.0,DI Yogyakarta,2026-08-30T11:38:18.765381+00:00,DI Yogyakarta,23050.0,0.0,,False,,,,False
2026-06-22,Telur Ayam,1,IV,23050.0,DI Yogyakarta,2026-08-30T11:38:18.765381+00:00,DI Yogyakarta,23050.0,0.0,,False,,,,False
2026-06-23,Telur Ayam,1,IV,23050.0,DI Yogyakarta,2026-08-30T11:38:18.765381+00:00,DI Yogyakarta,23050.0,0.0,,False,,,,False
2026-06-24,Telur Ayam,1,IV,23050.0,DI Yogyakarta,2026-08-30T11:38:18.765381+00:00,DI Yogyakarta,23050.0,0.0,,False,,,,False
2026-06-25,Telur Ayam,1,IV,23000.0,DI Yogyakarta,2026-08-30T11:38:18.765381+00:00,DI Yogyakarta,23046.428571428572,13.363062095621368,-3.474396144861556,True,,,,False
2026-06-26,Telur Ayam,1,IV,23000.0,DI Yogyakarta,2026-08-30T11:38:18.765381+00:00,DI Yogyakarta,23042.85714285714,18.156825980064532,-2.3603873774081836,True,,,,False
2026-06-29,Telur Ayam,1,IV,23000.0,DI Yogyakarta,2026-08-30T11:38:18.765381+00:00,DI Yogyakarta,23039.285714285714,21.290765681316895,-1.8451996923806187,False,,,,False
2026-06-30,Telur Ayam,1,IV,23000.0,DI Yogyakarta,2026-08-30T11:38:18.765381+00:00,DI Yogyakarta,23035.714285714286,23.440361546926226,-1.5236235005500378,False,,,,False
2026-07-01,Telur Ayam,1,IV,23000.0,DI Yogyakarta,2026-08-30T11:38:18.765381+00:00,DI Yogyakarta,23032.14285714286,24.862257904944496,-1.292837411056953,False,,,,False
2026-07-02,Telur Ayam,1,IV,23000.0,DI Yogyakarta,2026-08-30T11:38:18.765381+00:00,DI Yogyakarta,23028.571428571428,25.67762955065778,-1.112697280528203,False,,,,False
2026-07-03,Telur Ayam,1,IV,23000.0,DI Yogyakarta,2026-08-30T11:38:18.765381+00:00,DI Yogyakarta,23025.0,25.943726083142597,-0.9636241116592809,False,,,,False
2026-07-06,Telur Ayam,1,IV,23000.0,DI Yogyakarta,2026-08-30T11:38:13.847136+00:00,DI Yogyakarta,23021.428571428572,25.677629550659756,-0.8345229603961588,False,,,,False
2026-07-07,Telur Ayam,1,IV,23000.0,DI Yogyakarta,2026-08-30T11:38:13.847136+00:00,DI Yogyakarta,23017.85714285714,24.862257904948052,-0.7182430061425513,False,,,,False
2026-07-08,Telur Ayam,1,IV,23000.0,DI Yogyakarta,2026-08-30T11:38:13.847136+00:00,DI Yogyakarta,23014.285714285714,23.44036154693115,-0.609449400219856,False,,,,False
2026-07-09,Telur Ayam,1,IV,23000.0,DI Yogyakarta,2026-08-30T11:38:13.847136+00:00,DI Yogyakarta,23010.714285714286,21.290765681323588,-0.5032362797400416,False,,,,False
2026-07-10,Telur Ayam,1,IV,23000.0,DI Yogyakarta,2026-08-30T11:38:13.847136+00:00,DI Yogyakarta,23007.14285714286,18.156825980073865,-0.39339789623459526,False,,,,False
2026-07-13,Telur Ayam,1,IV,23000.0,DI Yogyakarta,2026-08-30T11:38:13.847136+00:00,DI Yogyakarta,23003.571428571428,13.363062095636067,-0.26726124191204964,False,,,,False
2026-07-14,Telur Ayam,1,IV,23000.0,DI Yogyakarta,2026-08-30T11:38:13.847136+00:00,DI Yogyakarta,23000.0,2.1137804108484907e-05,0.0,False,,,,False
2026-07-15,Telur Ayam,1,IV,23000.0,DI Yogyakarta,2026-08-30T11:38:13.847136+00:00,DI Yogyakarta,23000.0,2.1137804108484907e-05,0.0,False,,,,False
2026-07-16,Telur Ayam,1,IV,23000.0,DI Yogyakarta,2026-08-30T11:38:13.847136+00:00,DI Yogyakarta,23000.0,2.1137804108484907e-05,0.0,False,,,,False
2026-07-17,Telur Ayam,1,IV,23000.0,DI Yogyakarta,2026-08-30T11:38:13.847136+00:00,DI Yogyakarta,23000.0,2.1137804108484907e-05,0.0,False,,,,False
2026-07-20,Telur Ayam,1,IV,23000.0,DI Yogyakarta,2026-08-30T11:38:13.847136+00:00,DI Yogyakarta,23000.0,2.1137804108484907e-05,0.0,False,,,,False
2026-07-21,Telur Ayam,1,IV,23000.0,DI Yogyakarta,2026-08-30T11:38:13.847136+00:00,DI Yogyakarta,23000.0,2.1137804108484907e-05,0.0,False,,,,False
2026-07-22,Telur Ayam,1,IV,23000.0,DI Yogyakarta,2026-08-30T11:38:13.847136+00:00,DI Yogyakarta,23000.0,2.1137804108484907e-05,0.0,False,,,,False
2026-07-23,Telur Ayam,1,IV,23000.0,DI Yogyakarta,2026-08-30T11:38:13.847136+00:00,DI Yogyakarta,23000.0,2.1137804108484907e-05,0.0,False,,,,False
2026-07-24,Telur Ayam,1,IV,23000.0,DI Yogyakarta,2026-08-30T11:38:13.847136+00:00,DI Yogyakarta,23000.0,2.1137804108484907e-05,0.0,False,,,,False
2026-07-27,Telur Ayam,1,IV,23000.0,DI Yogyakarta,2026-08-30T11:38:13.847136+00:00,DI Yogyakarta,23000.0,2.1137804108484907e-05,0.0,False,,,,False
2026-07-28,Telur Ayam,1,IV,23000.0,DI Yogyakarta,2026-08-30T11:38:13.847136+00:00,DI Yogyakarta,23000.0,2.1137804108484907e-05,0.0,False,,,,False
2026-07-29,Telur Ayam,1,IV,23000.0,DI Yogyakarta,2026-08-30T11:38:13.847136+00:00,DI Yogyakarta,23000.0,2.1137804108484907e-05,0.0,False,,,,False
2026-07-30,Telur Ayam,1,IV,23000.0,DI Yogyakarta,2026-08-30T11:38:13.847136+00:00,DI Yogyakarta,23000.0,2.1137804108484907e-05,0.0,False,,,,False
2026-07-31,Telur Ayam,1,IV,23000.0,DI Yogyakarta,2026-08-30T11:38:13.847136+00:00,DI Yogyakarta,23000.0,2.1137804108484907e-05,0.0,False,,,,False
2026-08-03,Telur Ayam,1,IV,23000.0,DI Yogyakarta,2026-08-30T11:38:13.847136+00:00,DI Yogyakarta,23000.0,2.1137804108484907e-05,0.0,False,,,,False
2026-08-04,Telur Ayam,1,IV,23000.0,DI Yogyakarta,2026-08-30T11:38:13.847136+00:00,DI Yogyakarta,23000.0,2.1137804108484907e-05,0.0,False,,,,False
2026-08-05,Telur Ayam,1,IV,23000.0,DI Yogyakarta,2026-08-30T11:38:13.847136+00:00,DI Yogyakarta,23000.0,2.1137804108484907e-05,0.0,False,,,,False
2026-08-06,Telur Ayam,1,IV,23000.0,DI Yogyakarta,2026-08-30T11:38:13.847136+00:00,DI Yogyakarta,23000.0,2.1137804108484907e-05,0.0,False,,,,False
2026-08-07,Telur Ayam,1,IV,23000.0,DI Yogyakarta,2026-08-30T11:38:13.847136+00:00,DI Yogyakarta,23000.0,2.1137804108484907e-05,0.0,False,,,,False
2026-08-10,Telur Ayam,1,IV,23000.0,DI Yogyakarta,2026-08-30T11:38:13.847136+00:00,DI Yogyakarta,23000.0,2.1137804108484907e-05,0.0,False,,,,False
2026-08-11,Telur Ayam,1,IV,23000.0,DI Yogyakarta,2026-08-30T11:38:13.847136+00:00,DI Yogyakarta,23000.0,2.1137804108484907e-05,0.0,False,,,,False
2026-08-12,Telur Ayam,1,IV,23000.0,DI Yogyakarta,2026-08-30T11:38:13.847136+00:00,DI Yogyakarta,23000.0,2.1137804108484907e-05,0.0,False,,,,False
2026-08-13,Telur Ayam,1,IV,23000.0,DI Yogyakarta,2026-08-30T11:38:13.847136+00:00,DI Yogyakarta,23000.0,2.1137804108484907e-05,0.0,False,,,,False
2026-08-14,Telur Ayam,1,IV,23000.0,DI Yogyakarta,2026-08-30T11:38:13.847136+00:00,DI Yogyakarta,23000.0,2.1137804108484907e-05,0.0,False,,,,False
2026-08-17,Telur Ayam,1,IV,23000.0,DI Yogyakarta,2026-08-30T10:03:35.195323+00:00,DI Yogyakarta,23000.0,2.1137804108484907e-05,0.0,False,,,,False
2026-08-18,Telur Ayam,1,IV,23000.0,DI Yogyakarta,2026-08-30T10:03:35.195323+00:00,DI Yogyakarta,23000.0,2.1137804108484907e-05,0.0,False,,,,False
2026-08-19,Telur Ayam,1,IV,23000.0,DI Yogyakarta,2026-08-30T10:03:35.195323+00:00,DI Yogyakarta,23000.0,2.1137804108484907e-05,0.0,False,,,,False
2026-08-20,Telur Ayam,1,IV,23000.0,DI Yogyakarta,2026-08-30T10:03:35.195323+00:00,DI Yogyakarta,23000.0,2.1137804108484907e-05,0.0,False,,,,False
2026-08-21,Telur Ayam,1,IV,23000.0,DI Yogyakarta,2026-08-30T10:03:35.195323+00:00,DI Yogyakarta,23000.0,2.1137804108484907e-05,0.0,False,,,,False
2026-08-24,Telur Ayam,1,IV,23000.0,DI Yogyakarta,2026-08-30T10:03:35.195323+00:00,DI Yogyakarta,23000.0,2.1137804108484907e-05,0.0,False,,,,False
2026-08-25,Telur Ayam,1,IV,19750.0,DI Yogyakarta,2026-08-30T10:03:35.195323+00:00,DI Yogyakarta,22767.85714285714,868.5990362153813,-3.4743961448615073,True,,,,False
2026-08-26,Telur Ayam,1,IV,19750.0,DI Yogyakarta,2026-08-30T10:03:35.195323+00:00,DI Yogyakarta,22535.714285714286,1180.193688704168,-2.3603873774083235,True,,,,False
2026-08-27,Telur Ayam,1,IV,19750.0,DI Yogyakarta,2026-08-30T10:03:35.195323+00:00,DI Yogyakarta,22303.571428571428,1383.8997692855442,-1.8451996923807144,False,,,,False
2026-08-28,Telur Ayam,1,IV,19750.0,DI Yogyakarta,2026-08-30T10:03:35.195323+00:00,DI Yogyakarta,22071.428571428572,1523.6235005501148,-1.5236235005501062,False,,,,False
2026-03-03,Telur Ayam Ras Segar,2,1,28650.0,DI Yogyakarta,2026-08-30T11:38:26.756565+00:00,DI Yogyakarta,,,,False,,,,False
2026-03-04,Telur Ayam Ras Segar,2,1,28650.0,DI Yogyakarta,2026-08-30T11:38:26.756565+00:00,DI Yogyakarta,,,,False,,,,False
2026-03-05,Telur Ayam Ras Segar,2,1,28650.0,DI Yogyakarta,2026-08-30T11:38:26.756565+00:00,DI Yogyakarta,,,,False,,,,False
2026-03-06,Telur Ayam Ras Segar,2,1,28650.0,DI Yogyakarta,2026-08-30T11:38:26.756565+00:00,DI Yogyakarta,,,,False,,,,False
2026-03-09,Telur Ayam Ras Segar,2,1,28650.0,DI Yogyakarta,2026-08-30T11:38:26.756565+00:00,DI Yogyakarta,28650.0,0.0,,False,,,,False
2026-03-10,Telur Ayam Ras Segar,2,1,28650.0,DI Yogyakarta,2026-08-30T11:38:26.756565+00:00,DI Yogyakarta,28650.0,0.0,,False,,,,False
2026-03-11,Telur Ayam Ras Segar,2,1,28650.0,DI Yogyakarta,2026-08-30T11:38:26.756565+00:00,DI Yogyakarta,28650.0,0.0,,False,,,,False
2026-03-12,Telur Ayam Ras Segar,2,1,28650.0,DI Yogyakarta,2026-08-30T11:38:26.756565+00:00,DI Yogyakarta,28650.0,0.0,,False,,,,False
2026-03-13,Telur Ayam Ras Segar,2,1,28650.0,DI Yogyakarta,2026-08-30T11:38:26.756565+00:00,DI Yogyakarta,28650.0,0.0,,False,,,,False
2026-03-16,Telur Ayam Ras Segar,2,1,28650.0,DI Yogyakarta,2026-08-30T11:38:23.606628+00:00,DI Yogyakarta,28650.0,0.0,,False,,,,False
2026-03-17,Telur Ayam Ras Segar,2,1,28650.0,DI Yogyakarta,2026-08-30T11:38:23.606628+00:00,DI Yogyakarta,28650.0,0.0,,False,,,,False
2026-03-18,Telur Ayam Ras Segar,2,1,28650.0,DI Yogyakarta,2026-08-30T11:38:23.606628+00:00,DI Yogyakarta,28650.0,0.0,,False,,,,False
2026-03-19,Telur Ayam Ras Segar,2,1,28650.0,DI Yogyakarta,2026-08-30T11:38:23.606628+00:00,DI Yogyakarta,28650.0,0.0,,False,,,,False
2026-03-20,Telur Ayam Ras Segar,2,1,28650.0,DI Yogyakarta,2026-08-30T11:38:23.606628+00:00,DI Yogyakarta,28650.0,0.0,,False,,,,False
2026-03-23,Telur Ayam Ras Segar,2,1,28650.0,DI Yogyakarta,2026-08-30T11:38:23.606628+00:00,DI Yogyakarta,28650.0,0.0,,False,,,,False
2026-03-24,Telur Ayam Ras Segar,2,1,28650.0,DI Yogyakarta,2026-08-30T11:38:23.606628+00:00,DI Yogyakarta,28650.0,0.0,,False,,,,False
2026-03-25,Telur Ayam Ras Segar,2,1,28650.0,DI Yogyakarta,2026-08-30T11:38:23.606628+00:00,DI Yogyakarta,28650.0,0.0,,False,,,,False
2026-03-26,Telur Ayam Ras Segar,2,1,28650.0,DI Yogyakarta,2026-08-30T11:38:23.606628+00:00,DI Yogyakarta,28650.0,0.0,,False,,,,False
2026-03-27,Telur Ayam Ras Segar,2,1,28650.0,DI Yogyakarta,2026-08-30T11:38:23.606628+00:00,DI Yogyakarta,28650.0,0.0,,False,,,,False
2026-03-30,Telur Ayam Ras Segar,2,1,28650.0,DI Yogyakarta,2026-08-30T11:38:23.606628+00:00,DI Yogyakarta,28650.0,0.0,,False,,,,False
2026-03-31,Telur Ayam Ras Segar,2,1,28650.0,DI Yogyakarta,2026-08-30T11:38:23.606628+00:00,DI Yogyakarta,28650.0,0.0,,False,,,,False
2026-04-01,Telur Ayam Ras Segar,2,1,28650.0,DI Yogyakarta,2026-08-30T11:38:23.606628+00:00,DI Yogyakarta,28650.0,0.0,,False,,,,False
2026-04-02,Telur Ayam Ras Segar,2,1,28650.0,DI Yogyakarta,2026-08-30T11:38:23.606628+00:00,DI Yogyakarta,28650.0,0.0,,False,,,,False
2026-04-03,Telur Ayam Ras Segar,2,1,28650.0,DI Yogyakarta,2026-08-30T11:38:23.606628+00:00,DI Yogyakarta,28650.0,0.0,,False,,,,False
2026-04-06,Telur Ayam Ras Segar,2,1,28650.0,DI Yogyakarta,2026-08-30T11:38:23.606628+00:00,DI Yogyakarta,28650.0,0.0,,False,,,,False
2026-04-07,Telur Ayam Ras Segar,2,1,28650.0,DI Yogyakarta,2026-08-30T11:38:23.606628+00:00,DI Yogyakarta,28650.0,0.0,,False,,,,False
2026-04-08,Telur Ayam Ras Segar,2,1,28650.0,DI Yogyakarta,2026-08-30T11:38:23.606628+00:00,DI Yogyakarta,28650.0,0.0,,False,,,,False
2026-04-09,Telur Ayam Ras Segar,2,1,28650.0,DI Yogyakarta,2026-08-30T11:38:23.606628+00:00,DI Yogyakarta,28650.0,0.0,,False,,,,False
2026-04-10,Telur Ayam Ras Segar,2,1,28650.0,DI Yogyakarta,2026-08-30T11:38:23.606628+00:00,DI Yogyakarta,28650.0,0.0,,False,,,,False
2026-04-13,Telur Ayam Ras Segar,2,1,28650.0,DI Yogyakarta,2026-08-30T11:38:23.606628+00:00,DI Yogyakarta,28650.0,0.0,,False,,,,False
2026-04-14,Telur Ayam Ras Segar,2,1,28650.0,DI Yogyakarta,2026-08-30T11:38:23.606628+00:00,DI Yogyakarta,28650.0,0.0,,False,,,,False
2026-04-15,Telur Ayam Ras Segar,2,1,28650.0,DI Yogyakarta,2026-08-30T11:38:23.606628+00:00,DI Yogyakarta,28650.0,0.0,,False,,,,False
2026-04-16,Telur Ayam Ras Segar,2,1,28650.0,DI Yogyakarta,2026-08-30T11:38:23.606628+00:00,DI Yogyakarta,28650.0,0.0,,False,,,,False
2026-04-17,Telur Ayam Ras Segar,2,1,28650.0,DI Yogyakarta,2026-08-30T11:38:23.606628+00:00,DI Yogyakarta,28650.0,0.0,,False,,,,False
2026-04-20,Telur Ayam Ras Segar,2,1,28650.0,DI Yogyakarta,2026-08-30T11:38:23.606628+00:00,DI Yogyakarta,28650.0,0.0,,False,,,,False
2026-04-21,Telur Ayam Ras Segar,2,1,28650.0,DI Yogyakarta,2026-08-30T11:38:23.606628+00:00,DI Yogyakarta,28650.0,0.0,,False,,,,False
2026-04-22,Telur Ayam Ras Segar,2,1,28650.0,DI Yogyakarta,2026-08-30T11:38:23.606628+00:00,DI Yogyakarta,28650.0,0.0,,False,,,,False
2026-04-23,Telur Ayam Ras Segar,2,1,28650.0,DI Yogyakarta,2026-08-30T11:38:23.606628+00:00,DI Yogyakarta,28650.0,0.0,,False,,,,False
2026-04-24,Telur Ayam Ras Segar,2,1,28650.0,DI Yogyakarta,2026-08-30T11:38:23.606628+00:00,DI Yogyakarta,28650.0,0.0,,False,,,,False
2026-04-27,Telur Ayam Ras Segar,2,1,25850.0,DI Yogyakarta,2026-08-30T11:38:23.606628+00:00,DI Yogyakarta,28450.0,748.3314773547883,-3.474396144861517,True,,,,False
2026-04-28,Telur Ayam Ras Segar,2,1,25850.0,DI Yogyakarta,2026-08-30T11:38:23.606628+00:00,DI Yogyakarta,28250.0,1016.7822548835879,-2.3603873774083297,True,,,,False
2026-04-29,Telur Ayam Ras Segar,2,1,25850.0,DI Yogyakarta,2026-08-30T11:38:23.606628+00:00,DI Yogyakarta,28050.0,1192.2828781536962,-1.8451996923807203,False,,,,False
2026-04-30,Telur Ayam Ras Segar,2,1,25850.0,DI Yogyakarta,2026-08-30T11:38:23.606628+00:00,DI Yogyakarta,27850.0,1312.660246627787,-1.5236235005501102,False,,,,False
2026-05-01,Telur Ayam Ras Segar,2,1,25850.0,DI Yogyakarta,2026-08-30T11:38:23.606628+00:00,DI Yogyakarta,27650.0,1392.2864426767712,-1.292837411057002,False,,,,False
2026-05-04,Telur Ayam Ras Segar,2,1,25850.0,DI Yogyakarta,2026-08-30T11:38:23.606628+00:00,DI Yogyakarta,27450.0,1437.9472548366673,-1.1126972805283737,False,,,,False
2026-05-05,Telur Ayam Ras Segar,2,1,25850.0,DI Yogyakarta,2026-08-30T11:38:23.606628+00:00,DI Yogyakarta,27250.0,1452.8486606557583,-0.9636241116594315,False,,,,False
2026-05-06,Telur Ayam Ras Segar,2,1,25850.0,DI Yogyakarta,2026-08-30T11:38:23.606628+00:00,DI Yogyakarta,27050.0,1437.9472548366673,-0.8345229603962803,False,,,,False
2026-05-07,Telur Ayam Ras Segar,2,1,25850.0,DI Yogyakarta,2026-08-30T11:38:23.606628+00:00,DI Yogyakarta,26850.0,1392.2864426767712,-0.7182430061427789,False,,,,False
2026-05-08,Telur Ayam Ras Segar,2,1,25850.0,DI Yogyakarta,2026-08-30T11:38:23.606628+00:00,DI Yogyakarta,26650.0,1312.660246627787,-0.6094494002200441,False,,,,False
2026-05-11,Telur Ayam Ras Segar,2,1,25850.0,DI Yogyakarta,2026-08-30T11:38:18.765381+00:00,DI Yogyakarta,26450.0,1192.2828781536962,-0.5032362797401965,False,,,,False
2026-05-12,Telur Ayam Ras Segar,2,1,25850.0,DI Yogyakarta,2026-08-30T11:38:18.765381+00:00,DI Yogyakarta,26250.0,1016.782254883588,-0.3933978962347216,False,,,,False
2026-05-13,Telur Ayam Ras Segar,2,1,25850.0,DI Yogyakarta,2026-08-30T11:38:18.765381+00:00,DI Yogyakarta,26050.0,748.3314773547884,-0.26726124191242434,False,,,,False
2026-05-14,Telur Ayam Ras Segar,2,1,25850.0,DI Yogyakarta,2026-08-30T11:38:18.765381+00:00,DI Yogyakarta,25850.0,0.0,,False,,,,False
2026-05-15,Telur Ayam Ras Segar,2,1,25850.0,DI Yogyakarta,2026-08-30T11:38:18.765381+00:00,DI Yogyakarta,25850.0,0.0,,False,,,,False
2026-05-18,Telur Ayam Ras Segar,2,1,25850.0,DI Yogyakarta,2026-08-30T11:38:18.765381+00:00,DI Yogyakarta,25850.0,0.0,,False,,,,False
2026-05-19,Telur Ayam Ras Segar,2,1,25850.0,DI Yogyakarta,2026-08-30T11:38:18.765381+00:00,DI Yogyakarta,25850.0,0.0,,False,,,,False
2026-05-20,Telur Ayam Ras Segar,2,1,25850.0,DI Yogyakarta,2026-08-30T11:38:18.765381+00:00,DI Yogyakarta,25850.0,0.0,,False,,,,False
2026-05-21,Telur Ayam Ras Segar,2,1,25850.0,DI Yogyakarta,2026-08-30T11:38:18.765381+00:00,DI Yogyakarta,25850.0,0.0,,False,,,,False
2026-05-22,Telur Ayam Ras Segar,2,1,25850.0,DI Yogyakarta,2026-08-30T11:38:18.765381+00:00,DI Yogyakarta,25850.0,0.0,,False,,,,False
2026-05-25,Telur Ayam Ras Segar,2,1,23050.0,DI Yogyakarta,2026-08-30T11:38:18.765381+00:00,DI Yogyakarta,25650.0,748.3314773547883,-3.474396144861517,True,,,,False
2026-05-26,Telur Ayam Ras Segar,2,1,23050.0,DI Yogyakarta,2026-08-30T11:38:18.765381+00:00,DI Yogyakarta,25450.0,1016.7822548835879,-2.3603873774083297,True,,,,False
2026-05-27,Telur Ayam Ras Segar,2,1,23050.0,DI Yogyakarta,2026-08-30T11:38:18.765381+00:00,DI Yogyakarta,25250.0,1192.2828781536962,-1.8451996923807203,False,,,,False
2026-05-28,Telur Ayam Ras Segar,2,1,23050.0,DI Yogyakarta,2026-08-30T11:38:18.765381+00:00,DI Yogyakarta,25050.0,1312.660246627787,-1.5236235005501102,False,,,,False
2026-05-29,Telur Ayam Ras Segar,2,1,23050.0,DI Yogyakarta,2026-08-30T11:38:18.765381+00:00,DI Yogyakarta,24850.0,1392.2864426767712,-1.292837411057002,False,,,,False
2026-06-01,Telur Ayam Ras Segar,2,1,23050.0,DI Yogyakarta,2026-08-30T11:38:18.765381+00:00,DI Yogyakarta,24650.0,1437.9472548366673,-1.1126972805283737,False,,,,False
2026-06-02,Telur Ayam Ras Segar,2,1,23050.0,DI Yogyakarta,2026-08-30T11:38:18.765381+00:00,DI Yogyakarta,24450.0,1452.8486606557583,-0.9636241116594315,False,,,,False
2026-06-03,Telur Ayam Ras Segar,2,1,23050.0,DI Yogyakarta,2026-08-30T11:38:18.765381+00:00,DI Yogyakarta,24250.0,1437.9472548366673,-0.8345229603962803,False,,,,False
2026-06-04,Telur Ayam Ras Segar,2,1,23050.0,DI Yogyakarta,2026-08-30T11:38:18.765381+00:00,DI Yogyakarta,24050.0,1392.2864426767712,-0.7182430061427789,False,,,,False
2026-06-05,Telur Ayam Ras Segar,2,1,23050.0,DI Yogyakarta,2026-08-30T11:38:18.765381+00:00,DI Yogyakarta,23850.0,1312.660246627787,-0.6094494002200441,False,,,,False
2026-06-08,Telur Ayam Ras Segar,2,1,23050.0,DI Yogyakarta,2026-08-30T11:38:18.765381+00:00,DI Yogyakarta,23650.0,1192.2828781536962,-0.5032362797401965,False,,,,False
2026-06-09,Telur Ayam Ras Segar,2,1,23050.0,DI Yogyakarta,2026-08-30T11:38:18.765381+00:00,DI Yogyakarta,23450.0,1016.782254883588,-0.3933978962347216,False,,,,False
2026-06-10,Telur Ayam Ras Segar,2,1,23050.0,DI Yogyakarta,2026-08-30T11:38:18.765381+00:00,DI Yogyakarta,23250.0,748.3314773547884,-0.26726124191242434,False,,,,False
2026-06-11,Telur Ayam Ras Segar,2,1,23050.0,DI Yogyakarta,2026-08-30T11:38:18.765381+00:00,DI Yogyakarta,23050.0,0.0,,False,,,,False
2026-06-12,Telur Ayam Ras Segar,2,1,23050.0,DI Yogyakarta,2026-08-30T11:38:18.765381+00:00,DI Yogyakarta,23050.0,0.0,,False,,,,False
2026-06-15,Telur Ayam Ras Segar,2,1,23050.0,DI Yogyakarta,2026-08-30T11:38:18.765381+00:00,DI Yogyakarta,23050.0,0.0,,False,,,,False
2026-06-16,Telur Ayam Ras Segar,2,1,23050.0,DI Yogyakarta,2026-08-30T11:38:18.765381+00:00,DI Yogyakarta,23050.0,0.0,,False,,,,False
2026-06-17,Telur Ayam Ras Segar,2,1,23050.0,DI Yogyakarta,2026-08-30T11:38:18.765381+00:00,DI Yogyakarta,23050.0,0.0,,False,,,,False
2026-06-18,Telur Ayam Ras Segar,2,1,23050.0,DI Yogyakarta,2026-08-30T11:38:18.765381+00:00,DI Yogyakarta,23050.0,0.0,,False,,,,False
2026-06-19,Telur Ayam Ras Segar,2,1,23050.0,DI Yogyakarta,2026-08-30T11:38:18.765381+00:00,DI Yogyakarta,23050.0,0.0,,False,,,,False
2026-06-22,Telur Ayam Ras Segar,2,1,23050.0,DI Yogyakarta,2026-08-30T11:38:18.765381+00:00,DI Yogyakarta,23050.0,0.0,,False,,,,False
2026-06-23,Telur Ayam Ras Segar,2,1,23050.0,DI Yogyakarta,2026-08-30T11:38:18.765381+00:00,DI Yogyakarta,23050.0,0.0,,False,,,,False
2026-06-24,Telur Ayam Ras Segar,2,1,23050.0,DI Yogyakarta,2026-08-30T11:38:18.765381+00:00,DI Yogyakarta,23050.0,0.0,,False,,,,False
2026-06-25,Telur Ayam Ras Segar,2,1,23000.0,DI Yogyakarta,2026-08-30T11:38:18.765381+00:00,DI Yogyakarta,23046.428571428572,13.363062095621368,-3.474396144861556,True,,,,False
2026-06-26,Telur Ayam Ras Segar,2,1,23000.0,DI Yogyakarta,2026-08-30T11:38:18.765381+00:00,DI Yogyakarta,23042.85714285714,18.156825980064532,-2.3603873774081836,True,,,,False
2026-06-29,Telur Ayam Ras Segar,2,1,23000.0,DI Yogyakarta,2026-08-30T11:38:18.765381+00:00,DI Yogyakarta,23039.285714285714,21.290765681316895,-1.8451996923806187,False,,,,False
2026-06-30,Telur Ayam Ras Segar,2,1,23000.0,DI Yogyakarta,2026-08-30T11:38:18.765381+00:00,DI Yogyakarta,23035.714285714286,23.440361546926226,-1.5236235005500378,False,,,,False
2026-07-01,Telur Ayam Ras Segar,2,1,23000.0,DI Yogyakarta,2026-08-30T11:38:18.765381+00:00,DI Yogyakarta,23032.14285714286,24.862257904944496,-1.292837411056953,False,,,,False
2026-07-02,Telur Ayam Ras Segar,2,1,23000.0,DI Yogyakarta,2026-08-30T11:38:18.765381+00:00,DI Yogyakarta,23028.571428571428,25.67762955065778,-1.112697280528203,False,,,,False
2026-07-03,Telur Ayam Ras Segar,2,1,23000.0,DI Yogyakarta,2026-08-30T11:38:18.765381+00:00,DI Yogyakarta,23025.0,25.943726083142597,-0.9636241116592809,False,,,,False
2026-07-06,Telur Ayam Ras Segar,2,1,23000.0,DI Yogyakarta,2026-08-30T11:38:13.847136+00:00,DI Yogyakarta,23021.428571428572,25.677629550659756,-0.8345229603961588,False,,,,False
2026-07-07,Telur Ayam Ras Segar,2,1,23000.0,DI Yogyakarta,2026-08-30T11:38:13.847136+00:00,DI Yogyakarta,23017.85714285714,24.862257904948052,-0.7182430061425513,False,,,,False
2026-07-08,Telur Ayam Ras Segar,2,1,23000.0,DI Yogyakarta,2026-08-30T11:38:13.847136+00:00,DI Yogyakarta,23014.285714285714,23.44036154693115,-0.609449400219856,False,,,,False
2026-07-09,Telur Ayam Ras Segar,2,1,23000.0,DI Yogyakarta,2026-08-30T11:38:13.847136+00:00,DI Yogyakarta,23010.714285714286,21.290765681323588,-0.5032362797400416,False,,,,False
2026-07-10,Telur Ayam Ras Segar,2,1,23000.0,DI Yogyakarta,2026-08-30T11:38:13.847136+00:00,DI Yogyakarta,23007.14285714286,18.156825980073865,-0.39339789623459526,False,,,,False
2026-07-13,Telur Ayam Ras Segar,2,1,23000.0,DI Yogyakarta,2026-08-30T11:38:13.847136+00:00,DI Yogyakarta,23003.571428571428,13.363062095636067,-0.26726124191204964,False,,,,False
2026-07-14,Telur Ayam Ras Segar,2,1,23000.0,DI Yogyakarta,2026-08-30T11:38:13.847136+00:00,DI Yogyakarta,23000.0,2.1137804108484907e-05,0.0,False,,,,False
2026-07-15,Telur Ayam Ras Segar,2,1,23000.0,DI Yogyakarta,2026-08-30T11:38:13.847136+00:00,DI Yogyakarta,23000.0,2.1137804108484907e-05,0.0,False,,,,False
2026-07-16,Telur Ayam Ras Segar,2,1,23000.0,DI Yogyakarta,2026-08-30T11:38:13.847136+00:00,DI Yogyakarta,23000.0,2.1137804108484907e-05,0.0,False,,,,False
2026-07-17,Telur Ayam Ras Segar,2,1,23000.0,DI Yogyakarta,2026-08-30T11:38:13.847136+00:00,DI Yogyakarta,23000.0,2.1137804108484907e-05,0.0,False,,,,False
2026-07-20,Telur Ayam Ras Segar,2,1,23000.0,DI Yogyakarta,2026-08-30T11:38:13.847136+00:00,DI Yogyakarta,23000.0,2.1137804108484907e-05,0.0,False,,,,False
2026-07-21,Telur Ayam Ras Segar,2,1,23000.0,DI Yogyakarta,2026-08-30T11:38:13.847136+00:00,DI Yogyakarta,23000.0,2.1137804108484907e-05,0.0,False,,,,False
2026-07-22,Telur Ayam Ras Segar,2,1,23000.0,DI Yogyakarta,2026-08-30T11:38:13.847136+00:00,DI Yogyakarta,23000.0,2.1137804108484907e-05,0.0,False,,,,False
2026-07-23,Telur Ayam Ras Segar,2,1,23000.0,DI Yogyakarta,2026-08-30T11:38:13.847136+00:00,DI Yogyakarta,23000.0,2.1137804108484907e-05,0.0,False,,,,False
2026-07-24,Telur Ayam Ras Segar,2,1,23000.0,DI Yogyakarta,2026-08-30T11:38:13.847136+00:00,DI Yogyakarta,23000.0,2.1137804108484907e-05,0.0,False,,,,False
2026-07-27,Telur Ayam Ras Segar,2,1,23000.0,DI Yogyakarta,2026-08-30T11:38:13.847136+00:00,DI Yogyakarta,23000.0,2.1137804108484907e-05,0.0,False,,,,False
2026-07-28,Telur Ayam Ras Segar,2,1,23000.0,DI Yogyakarta,2026-08-30T11:38:13.847136+00:00,DI Yogyakarta,23000.0,2.1137804108484907e-05,0.0,False,,,,False
2026-07-29,Telur Ayam Ras Segar,2,1,23000.0,DI Yogyakarta,2026-08-30T11:38:13.847136+00:00,DI Yogyakarta,23000.0,2.1137804108484907e-05,0.0,False,,,,False
2026-07-30,Telur Ayam Ras Segar,2,1,23000.0,DI Yogyakarta,2026-08-30T11:38:13.847136+00:00,DI Yogyakarta,23000.0,2.1137804108484907e-05,0.0,False,,,,False
2026-07-31,Telur Ayam Ras Segar,2,1,23000.0,DI Yogyakarta,2026-08-30T11:38:13.847136+00:00,DI Yogyakarta,23000.0,2.1137804108484907e-05,0.0,False,,,,False
2026-08-03,Telur Ayam Ras Segar,2,1,23000.0,DI Yogyakarta,2026-08-30T11:38:13.847136+00:00,DI Yogyakarta,23000.0,2.1137804108484907e-05,0.0,False,,,,False
2026-08-04,Telur Ayam Ras Segar,2,1,23000.0,DI Yogyakarta,2026-08-30T11:38:13.847136+00:00,DI Yogyakarta,23000.0,2.1137804108484907e-05,0.0,False,,,,False
2026-08-05,Telur Ayam Ras Segar,2,1,23000.0,DI Yogyakarta,2026-08-30T11:38:13.847136+00:00,DI Yogyakarta,23000.0,2.1137804108484907e-05,0.0,False,,,,False
2026-08-06,Telur Ayam Ras Segar,2,1,23000.0,DI Yogyakarta,2026-08-30T11:38:13.847136+00:00,DI Yogyakarta,23000.0,2.1137804108484907e-05,0.0,False,,,,False
2026-08-07,Telur Ayam Ras Segar,2,1,23000.0,DI Yogyakarta,2026-08-30T11:38:13.847136+00:00,DI Yogyakarta,23000.0,2.1137804108484907e-05,0.0,False,,,,False
2026-08-10,Telur Ayam Ras Segar,2,1,23000.0,DI Yogyakarta,2026-08-30T11:38:13.847136+00:00,DI Yogyakarta,23000.0,2.1137804108484907e-05,0.0,False,,,,False
2026-08-11,Telur Ayam Ras Segar,2,1,23000.0,DI Yogyakarta,2026-08-30T11:38:13.847136+00:00,DI Yogyakarta,23000.0,2.1137804108484907e-05,0.0,False,,,,False
2026-08-12,Telur Ayam Ras Segar,2,1,23000.0,DI Yogyakarta,2026-08-30T11:38:13.847136+00:00,DI Yogyakarta,23000.0,2.1137804108484907e-05,0.0,False,,,,False
2026-08-13,Telur Ayam Ras Segar,2,1,23000.0,DI Yogyakarta,2026-08-30T11:38:13.847136+00:00,DI Yogyakarta,23000.0,2.1137804108484907e-05,0.0,False,,,,False
2026-08-14,Telur Ayam Ras Segar,2,1,23000.0,DI Yogyakarta,2026-08-30T11:38:13.847136+00:00,DI Yogyakarta,23000.0,2.1137804108484907e-05,0.0,False,,,,False
2026-08-17,Telur Ayam Ras Segar,2,1,23000.0,DI Yogyakarta,2026-08-30T10:03:35.195323+00:00,DI Yogyakarta,23000.0,2.1137804108484907e-05,0.0,False,,,,False
2026-08-18,Telur Ayam Ras Segar,2,1,23000.0,DI Yogyakarta,2026-08-30T10:03:35.195323+00:00,DI Yogyakarta,23000.0,2.1137804108484907e-05,0.0,False,,,,False
2026-08-19,Telur Ayam Ras Segar,2,1,23000.0,DI Yogyakarta,2026-08-30T10:03:35.195323+00:00,DI Yogyakarta,23000.0,2.1137804108484907e-05,0.0,False,,,,False
2026-08-20,Telur Ayam Ras Segar,2,1,23000.0,DI Yogyakarta,2026-08-30T10:03:35.195323+00:00,DI Yogyakarta,23000.0,2.1137804108484907e-05,0.0,False,,,,False
2026-08-21,Telur Ayam Ras Segar,2,1,23000.0,DI Yogyakarta,2026-08-30T10:03:35.195323+00:00,DI Yogyakarta,23000.0,2.1137804108484907e-05,0.0,False,,,,False
2026-08-24,Telur Ayam Ras Segar,2,1,23000.0,DI Yogyakarta,2026-08-30T10:03:35.195323+00:00,DI Yogyakarta,23000.0,2.1137804108484907e-05,0.0,False,,,,False
2026-08-25,Telur Ayam Ras Segar,2,1,19750.0,DI Yogyakarta,2026-08-30T10:03:35.195323+00:00,DI Yogyakarta,22767.85714285714,868.5990362153813,-3.4743961448615073,True,,,,False
2026-08-26,Telur Ayam Ras Segar,2,1,19750.0,DI Yogyakarta,2026-08-30T10:03:35.195323+00:00,DI Yogyakarta,22535.714285714286,1180.193688704168,-2.3603873774083235,True,,,,False
2026-08-27,Telur Ayam Ras Segar,2,1,19750.0,DI Yogyakarta,2026-08-30T10:03:35.195323+00:00,DI Yogyakarta,22303.571428571428,1383.8997692855442,-1.8451996923807144,False,,,,False
2026-08-28,Telur Ayam Ras Segar,2,1,19750.0,DI Yogyakarta,2026-08-30T10:03:35.195323+00:00,DI Yogyakarta,22071.428571428572,1523.6235005501148,-1.5236235005501062,False,,,,False
