tanggal,komoditas,level,no_urut,harga_rp,provinsi,diambil_pada_utc
2026-08-17,Beras,1,I,14100.0,DI Yogyakarta,2026-08-30T10:03:35.195323+00:00
2026-08-18,Beras,1,I,14100.0,DI Yogyakarta,2026-08-30T10:03:35.195323+00:00
2026-08-19,Beras,1,I,14100.0,DI Yogyakarta,2026-08-30T10:03:35.195323+00:00
2026-08-20,Beras,1,I,14100.0,DI Yogyakarta,2026-08-30T10:03:35.195323+00:00
2026-08-21,Beras,1,I,14100.0,DI Yogyakarta,2026-08-30T10:03:35.195323+00:00
2026-08-24,Beras,1,I,14100.0,DI Yogyakarta,2026-08-30T10:03:35.195323+00:00
2026-08-25,Beras,1,I,14250.0,DI Yogyakarta,2026-08-30T10:03:35.195323+00:00
2026-08-26,Beras,1,I,14250.0,DI Yogyakarta,2026-08-30T10:03:35.195323+00:00
2026-08-27,Beras,1,I,14250.0,DI Yogyakarta,2026-08-30T10:03:35.195323+00:00
2026-08-28,Beras,1,I,14250.0,DI Yogyakarta,2026-08-30T10:03:35.195323+00:00
2026-08-17,Beras Kualitas Bawah I,2,1,12750.0,DI Yogyakarta,2026-08-30T10:03:35.195323+00:00
2026-08-18,Beras Kualitas Bawah I,2,1,12750.0,DI Yogyakarta,2026-08-30T10:03:35.195323+00:00
2026-08-19,Beras Kualitas Bawah I,2,1,12750.0,DI Yogyakarta,2026-08-30T10:03:35.195323+00:00
2026-08-20,Beras Kualitas Bawah I,2,1,12750.0,DI Yogyakarta,2026-08-30T10:03:35.195323+00:00
2026-08-21,Beras Kualitas Bawah I,2,1,12750.0,DI Yogyakarta,2026-08-30T10:03:35.195323+00:00
2026-08-24,Beras Kualitas Bawah I,2,1,12750.0,DI Yogyakarta,2026-08-30T10:03:35.195323+00:00
2026-08-25,Beras Kualitas Bawah I,2,1,13000.0,DI Yogyakarta,2026-08-30T10:03:35.195323+00:00
2026-08-26,Beras Kualitas Bawah I,2,1,13000.0,DI Yogyakarta,2026-08-30T10:03:35.195323+00:00
2026-08-27,Beras Kualitas Bawah I,2,1,13000.0,DI Yogyakarta,2026-08-30T10:03:35.195323+00:00
2026-08-28,Beras Kualitas Bawah I,2,1,13000.0,DI Yogyakarta,2026-08-30T10:03:35.195323+00:00
2026-08-17,Beras Kualitas Medium I,2,2,13600.0,DI Yogyakarta,2026-08-30T10:03:35.195323+00:00
2026-08-18,Beras Kualitas Medium I,2,2,13600.0,DI Yogyakarta,2026-08-30T10:03:35.195323+00:00
2026-08-19,Beras Kualitas Medium I,2,2,13600.0,DI Yogyakarta,2026-08-30T10:03:35.195323+00:00
2026-08-20,Beras Kualitas Medium I,2,2,13600.0,DI Yogyakarta,2026-08-30T10:03:35.195323+00:00
2026-08-21,Beras Kualitas Medium I,2,2,13600.0,DI Yogyakarta,2026-08-30T10:03:35.195323+00:00
2026-08-24,Beras Kualitas Medium I,2,2,13600.0,DI Yogyakarta,2026-08-30T10:03:35.195323+00:00
2026-08-25,Beras Kualitas Medium I,2,2,13850.0,DI Yogyakarta,2026-08-30T10:03:35.195323+00:00
2026-08-26,Beras Kualitas Medium I,2,2,13850.0,DI Yogyakarta,2026-08-30T10:03:35.195323+00:00
2026-08-27,Beras Kualitas Medium I,2,2,13850.0,DI Yogyakarta,2026-08-30T10:03:35.195323+00:00
2026-08-28,Beras Kualitas Medium I,2,2,13850.0,DI Yogyakarta,2026-08-30T10:03:35.195323+00:00
2026-08-17,Beras Kualitas Super I,2,3,15950.0,DI Yogyakarta,2026-08-30T10:03:35.195323+00:00
2026-08-18,Beras Kualitas Super I,2,3,15950.0,DI Yogyakarta,2026-08-30T10:03:35.195323+00:00
2026-08-19,Beras Kualitas Super I,2,3,15950.0,DI Yogyakarta,2026-08-30T10:03:35.195323+00:00
2026-08-20,Beras Kualitas Super I,2,3,15950.0,DI Yogyakarta,2026-08-30T10:03:35.195323+00:00
2026-08-21,Beras Kualitas Super I,2,3,15950.0,DI Yogyakarta,2026-08-30T10:03:35.195323+00:00
2026-08-24,Beras Kualitas Super I,2,3,15950.0,DI Yogyakarta,2026-08-30T10:03:35.195323+00:00
2026-08-25,Beras Kualitas Super I,2,3,15950.0,DI Yogyakarta,2026-08-30T10:03:35.195323+00:00
2026-08-26,Beras Kualitas Super I,2,3,15950.0,DI Yogyakarta,2026-08-30T10:03:35.195323+00:00
2026-08-27,Beras Kualitas Super I,2,3,15950.0,DI Yogyakarta,2026-08-30T10:03:35.195323+00:00
2026-08-28,Beras Kualitas Super I,2,3,15950.0,DI Yogyakarta,2026-08-30T10:03:35.195323+00:00
2026-08-17,Daging Ayam,1,II,23650.0,DI Yogyakarta,2026-08-30T10:03:35.195323+00:00
2026-08-18,Daging Ayam,1,II,23650.0,DI Yogyakarta,2026-08-30T10:03:35.195323+00:00
2026-08-19,Daging Ayam,1,II,23650.0,DI Yogyakarta,2026-08-30T10:03:35.195323+00:00
2026-08-20,Daging Ayam,1,II,23650.0,DI Yogyakarta,2026-08-30T10:03:35.195323+00:00
2026-08-21,Daging Ayam,1,II,23650.0,DI Yogyakarta,2026-08-30T10:03:35.195323+00:00
2026-08-24,Daging Ayam,1,II,23650.0,DI Yogyakarta,2026-08-30T10:03:35.195323+00:00
2026-08-25,Daging Ayam,1,II,28350.0,DI Yogyakarta,2026-08-30T10:03:35.195323+00:00
2026-08-26,Daging Ayam,1,II,28350.0,DI Yogyakarta,2026-08-30T10:03:35.195323+00:00
2026-08-27,Daging Ayam,1,II,28350.0,DI Yogyakarta,2026-08-30T10:03:35.195323+00:00
2026-08-28,Daging Ayam,1,II,28350.0,DI Yogyakarta,2026-08-30T10:03:35.195323+00:00
2026-08-17,Daging Ayam Ras Segar,2,1,23650.0,DI Yogyakarta,2026-08-30T10:03:35.195323+00:00
2026-08-18,Daging Ayam Ras Segar,2,1,23650.0,DI Yogyakarta,2026-08-30T10:03:35.195323+00:00
2026-08-19,Daging Ayam Ras Segar,2,1,23650.0,DI Yogyakarta,2026-08-30T10:03:35.195323+00:00
2026-08-20,Daging Ayam Ras Segar,2,1,23650.0,DI Yogyakarta,2026-08-30T10:03:35.195323+00:00
2026-08-21,Daging Ayam Ras Segar,2,1,23650.0,DI Yogyakarta,2026-08-30T10:03:35.195323+00:00
2026-08-24,Daging Ayam Ras Segar,2,1,23650.0,DI Yogyakarta,2026-08-30T10:03:35.195323+00:00
2026-08-25,Daging Ayam Ras Segar,2,1,28350.0,DI Yogyakarta,2026-08-30T10:03:35.195323+00:00
2026-08-26,Daging Ayam Ras Segar,2,1,28350.0,DI Yogyakarta,2026-08-30T10:03:35.195323+00:00
2026-08-27,Daging Ayam Ras Segar,2,1,28350.0,DI Yogyakarta,2026-08-30T10:03:35.195323+00:00
2026-08-28,Daging Ayam Ras Segar,2,1,28350.0,DI Yogyakarta,2026-08-30T10:03:35.195323+00:00
2026-08-17,Daging Sapi,1,III,140000.0,DI Yogyakarta,2026-08-30T10:03:35.195323+00:00
2026-08-18,Daging Sapi,1,III,140000.0,DI Yogyakarta,2026-08-30T10:03:35.195323+00:00
2026-08-19,Daging Sapi,1,III,140000.0,DI Yogyakarta,2026-08-30T10:03:35.195323+00:00
2026-08-20,Daging Sapi,1,III,140000.0,DI Yogyakarta,2026-08-30T10:03:35.195323+00:00
2026-08-21,Daging Sapi,1,III,140000.0,DI Yogyakarta,2026-08-30T10:03:35.195323+00:00
2026-08-24,Daging Sapi,1,III,140000.0,DI Yogyakarta,2026-08-30T10:03:35.195323+00:00
2026-08-25,Daging Sapi,1,III,140000.0,DI Yogyakarta,2026-08-30T10:03:35.195323+00:00
2026-08-26,Daging Sapi,1,III,140000.0,DI Yogyakarta,2026-08-30T10:03:35.195323+00:00
2026-08-27,Daging Sapi,1,III,140000.0,DI Yogyakarta,2026-08-30T10:03:35.195323+00:00
2026-08-28,Daging Sapi,1,III,140000.0,DI Yogyakarta,2026-08-30T10:03:35.195323+00:00
2026-08-17,Daging Sapi Kualitas 1,2,1,140000.0,DI Yogyakarta,2026-08-30T10:03:35.195323+00:00
2026-08-18,Daging Sapi Kualitas 1,2,1,140000.0,DI Yogyakarta,2026-08-30T10:03:35.195323+00:00
2026-08-19,Daging Sapi Kualitas 1,2,1,140000.0,DI Yogyakarta,2026-08-30T10:03:35.195323+00:00
2026-08-20,Daging Sapi Kualitas 1,2,1,140000.0,DI Yogyakarta,2026-08-30T10:03:35.195323+00:00
2026-08-21,Daging Sapi Kualitas 1,2,1,140000.0,DI Yogyakarta,2026-08-30T10:03:35.195323+00:00
2026-08-24,Daging Sapi Kualitas 1,2,1,140000.0,DI Yogyakarta,2026-08-30T10:03:35.195323+00:00
2026-08-25,Daging Sapi Kualitas 1,2,1,140000.0,DI Yogyakarta,2026-08-30T10:03:35.195323+00:00
2026-08-26,Daging Sapi Kualitas 1,2,1,140000.0,DI Yogyakarta,2026-08-30T10:03:35.195323+00:00
2026-08-27,Daging Sapi Kualitas 1,2,1,140000.0,DI Yogyakarta,2026-08-30T10:03:35.195323+00:00
2026-08-28,Daging Sapi Kualitas 1,2,1,140000.0,DI Yogyakarta,2026-08-30T10:03:35.195323+00:00
2026-08-17,Telur Ayam,1,IV,23000.0,DI Yogyakarta,2026-08-30T10:03:35.195323+00:00
2026-08-18,Telur Ayam,1,IV,23000.0,DI Yogyakarta,2026-08-30T10:03:35.195323+00:00
2026-08-19,Telur Ayam,1,IV,23000.0,DI Yogyakarta,2026-08-30T10:03:35.195323+00:00
2026-08-20,Telur Ayam,1,IV,23000.0,DI Yogyakarta,2026-08-30T10:03:35.195323+00:00
2026-08-21,Telur Ayam,1,IV,23000.0,DI Yogyakarta,2026-08-30T10:03:35.195323+00:00
2026-08-24,Telur Ayam,1,IV,23000.0,DI Yogyakarta,2026-08-30T10:03:35.195323+00:00
2026-08-25,Telur Ayam,1,IV,19750.0,DI Yogyakarta,2026-08-30T10:03:35.195323+00:00
2026-08-26,Telur Ayam,1,IV,19750.0,DI Yogyakarta,2026-08-30T10:03:35.195323+00:00
2026-08-27,Telur Ayam,1,IV,19750.0,DI Yogyakarta,2026-08-30T10:03:35.195323+00:00
2026-08-28,Telur Ayam,1,IV,19750.0,DI Yogyakarta,2026-08-30T10:03:35.195323+00:00
2026-08-17,Telur Ayam Ras Segar,2,1,23000.0,DI Yogyakarta,2026-08-30T10:03:35.195323+00:00
2026-08-18,Telur Ayam Ras Segar,2,1,23000.0,DI Yogyakarta,2026-08-30T10:03:35.195323+00:00
2026-08-19,Telur Ayam Ras Segar,2,1,23000.0,DI Yogyakarta,2026-08-30T10:03:35.195323+00:00
2026-08-20,Telur Ayam Ras Segar,2,1,23000.0,DI Yogyakarta,2026-08-30T10:03:35.195323+00:00
2026-08-21,Telur Ayam Ras Segar,2,1,23000.0,DI Yogyakarta,2026-08-30T10:03:35.195323+00:00
2026-08-24,Telur Ayam Ras Segar,2,1,23000.0,DI Yogyakarta,2026-08-30T10:03:35.195323+00:00
2026-08-25,Telur Ayam Ras Segar,2,1,19750.0,DI Yogyakarta,2026-08-30T10:03:35.195323+00:00
2026-08-26,Telur Ayam Ras Segar,2,1,19750.0,DI Yogyakarta,2026-08-30T10:03:35.195323+00:00
2026-08-27,Telur Ayam Ras Segar,2,1,19750.0,DI Yogyakarta,2026-08-30T10:03:35.195323+00:00
2026-08-28,Telur Ayam Ras Segar,2,1,19750.0,DI Yogyakarta,2026-08-30T10:03:35.195323+00:00
2026-08-17,Bawang Merah,1,V,28650.0,DI Yogyakarta,2026-08-30T10:03:35.195323+00:00
2026-08-18,Bawang Merah,1,V,28650.0,DI Yogyakarta,2026-08-30T10:03:35.195323+00:00
2026-08-19,Bawang Merah,1,V,28650.0,DI Yogyakarta,2026-08-30T10:03:35.195323+00:00
2026-08-20,Bawang Merah,1,V,28650.0,DI Yogyakarta,2026-08-30T10:03:35.195323+00:00
2026-08-21,Bawang Merah,1,V,28650.0,DI Yogyakarta,2026-08-30T10:03:35.195323+00:00
2026-08-24,Bawang Merah,1,V,28650.0,DI Yogyakarta,2026-08-30T10:03:35.195323+00:00
2026-08-25,Bawang Merah,1,V,24650.0,DI Yogyakarta,2026-08-30T10:03:35.195323+00:00
2026-08-26,Bawang Merah,1,V,24650.0,DI Yogyakarta,2026-08-30T10:03:35.195323+00:00
2026-08-27,Bawang Merah,1,V,24650.0,DI Yogyakarta,2026-08-30T10:03:35.195323+00:00
2026-08-28,Bawang Merah,1,V,24650.0,DI Yogyakarta,2026-08-30T10:03:35.195323+00:00
2026-08-17,Bawang Merah Ukuran Sedang,2,1,28650.0,DI Yogyakarta,2026-08-30T10:03:35.195323+00:00
2026-08-18,Bawang Merah Ukuran Sedang,2,1,28650.0,DI Yogyakarta,2026-08-30T10:03:35.195323+00:00
2026-08-19,Bawang Merah Ukuran Sedang,2,1,28650.0,DI Yogyakarta,2026-08-30T10:03:35.195323+00:00
2026-08-20,Bawang Merah Ukuran Sedang,2,1,28650.0,DI Yogyakarta,2026-08-30T10:03:35.195323+00:00
2026-08-21,Bawang Merah Ukuran Sedang,2,1,28650.0,DI Yogyakarta,2026-08-30T10:03:35.195323+00:00
2026-08-24,Bawang Merah Ukuran Sedang,2,1,28650.0,DI Yogyakarta,2026-08-30T10:03:35.195323+00:00
2026-08-25,Bawang Merah Ukuran Sedang,2,1,24650.0,DI Yogyakarta,2026-08-30T10:03:35.195323+00:00
2026-08-26,Bawang Merah Ukuran Sedang,2,1,24650.0,DI Yogyakarta,2026-08-30T10:03:35.195323+00:00
2026-08-27,Bawang Merah Ukuran Sedang,2,1,24650.0,DI Yogyakarta,2026-08-30T10:03:35.195323+00:00
2026-08-28,Bawang Merah Ukuran Sedang,2,1,24650.0,DI Yogyakarta,2026-08-30T10:03:35.195323+00:00
2026-08-17,Cabai Merah,1,VI,25850.0,DI Yogyakarta,2026-08-30T10:03:35.195323+00:00
2026-08-18,Cabai Merah,1,VI,25850.0,DI Yogyakarta,2026-08-30T10:03:35.195323+00:00
2026-08-19,Cabai Merah,1,VI,25850.0,DI Yogyakarta,2026-08-30T10:03:35.195323+00:00
2026-08-20,Cabai Merah,1,VI,25850.0,DI Yogyakarta,2026-08-30T10:03:35.195323+00:00
2026-08-21,Cabai Merah,1,VI,25850.0,DI Yogyakarta,2026-08-30T10:03:35.195323+00:00
2026-08-24,Cabai Merah,1,VI,25850.0,DI Yogyakarta,2026-08-30T10:03:35.195323+00:00
2026-08-25,Cabai Merah,1,VI,23150.0,DI Yogyakarta,2026-08-30T10:03:35.195323+00:00
2026-08-26,Cabai Merah,1,VI,23150.0,DI Yogyakarta,2026-08-30T10:03:35.195323+00:00
2026-08-27,Cabai Merah,1,VI,23150.0,DI Yogyakarta,2026-08-30T10:03:35.195323+00:00
2026-08-28,Cabai Merah,1,VI,23150.0,DI Yogyakarta,2026-08-30T10:03:35.195323+00:00
2026-08-17,Cabai Merah Besar,2,1,31650.0,DI Yogyakarta,2026-08-30T10:03:35.195323+00:00
2026-08-18,Cabai Merah Besar,2,1,31650.0,DI Yogyakarta,2026-08-30T10:03:35.195323+00:00
2026-08-19,Cabai Merah Besar,2,1,31650.0,DI Yogyakarta,2026-08-30T10:03:35.195323+00:00
2026-08-20,Cabai Merah Besar,2,1,31650.0,DI Yogyakarta,2026-08-30T10:03:35.195323+00:00
2026-08-21,Cabai Merah Besar,2,1,31650.0,DI Yogyakarta,2026-08-30T10:03:35.195323+00:00
2026-08-24,Cabai Merah Besar,2,1,31650.0,DI Yogyakarta,2026-08-30T10:03:35.195323+00:00
2026-08-25,Cabai Merah Besar,2,1,29650.0,DI Yogyakarta,2026-08-30T10:03:35.195323+00:00
2026-08-26,Cabai Merah Besar,2,1,29650.0,DI Yogyakarta,2026-08-30T10:03:35.195323+00:00
2026-08-27,Cabai Merah Besar,2,1,29650.0,DI Yogyakarta,2026-08-30T10:03:35.195323+00:00
2026-08-28,Cabai Merah Besar,2,1,29650.0,DI Yogyakarta,2026-08-30T10:03:35.195323+00:00
2026-08-17,Cabai Merah Keriting ,2,2,20000.0,DI Yogyakarta,2026-08-30T10:03:35.195323+00:00
2026-08-18,Cabai Merah Keriting ,2,2,20000.0,DI Yogyakarta,2026-08-30T10:03:35.195323+00:00
2026-08-19,Cabai Merah Keriting ,2,2,20000.0,DI Yogyakarta,2026-08-30T10:03:35.195323+00:00
2026-08-20,Cabai Merah Keriting ,2,2,20000.0,DI Yogyakarta,2026-08-30T10:03:35.195323+00:00
2026-08-21,Cabai Merah Keriting ,2,2,20000.0,DI Yogyakarta,2026-08-30T10:03:35.195323+00:00
2026-08-24,Cabai Merah Keriting ,2,2,20000.0,DI Yogyakarta,2026-08-30T10:03:35.195323+00:00
2026-08-25,Cabai Merah Keriting ,2,2,16650.0,DI Yogyakarta,2026-08-30T10:03:35.195323+00:00
2026-08-26,Cabai Merah Keriting ,2,2,16650.0,DI Yogyakarta,2026-08-30T10:03:35.195323+00:00
2026-08-27,Cabai Merah Keriting ,2,2,16650.0,DI Yogyakarta,2026-08-30T10:03:35.195323+00:00
2026-08-28,Cabai Merah Keriting ,2,2,16650.0,DI Yogyakarta,2026-08-30T10:03:35.195323+00:00
2026-08-17,Cabai Rawit,1,VII,31250.0,DI Yogyakarta,2026-08-30T10:03:35.195323+00:00
2026-08-18,Cabai Rawit,1,VII,31250.0,DI Yogyakarta,2026-08-30T10:03:35.195323+00:00
2026-08-19,Cabai Rawit,1,VII,31250.0,DI Yogyakarta,2026-08-30T10:03:35.195323+00:00
2026-08-20,Cabai Rawit,1,VII,31250.0,DI Yogyakarta,2026-08-30T10:03:35.195323+00:00
2026-08-21,Cabai Rawit,1,VII,31250.0,DI Yogyakarta,2026-08-30T10:03:35.195323+00:00
2026-08-24,Cabai Rawit,1,VII,31250.0,DI Yogyakarta,2026-08-30T10:03:35.195323+00:00
2026-08-25,Cabai Rawit,1,VII,34700.0,DI Yogyakarta,2026-08-30T10:03:35.195323+00:00
2026-08-26,Cabai Rawit,1,VII,34700.0,DI Yogyakarta,2026-08-30T10:03:35.195323+00:00
2026-08-27,Cabai Rawit,1,VII,34700.0,DI Yogyakarta,2026-08-30T10:03:35.195323+00:00
2026-08-28,Cabai Rawit,1,VII,34700.0,DI Yogyakarta,2026-08-30T10:03:35.195323+00:00
2026-08-17,Cabai Rawit Hijau,2,1,33150.0,DI Yogyakarta,2026-08-30T10:03:35.195323+00:00
2026-08-18,Cabai Rawit Hijau,2,1,33150.0,DI Yogyakarta,2026-08-30T10:03:35.195323+00:00
2026-08-19,Cabai Rawit Hijau,2,1,33150.0,DI Yogyakarta,2026-08-30T10:03:35.195323+00:00
2026-08-20,Cabai Rawit Hijau,2,1,33150.0,DI Yogyakarta,2026-08-30T10:03:35.195323+00:00
2026-08-21,Cabai Rawit Hijau,2,1,33150.0,DI Yogyakarta,2026-08-30T10:03:35.195323+00:00
2026-08-24,Cabai Rawit Hijau,2,1,33150.0,DI Yogyakarta,2026-08-30T10:03:35.195323+00:00
2026-08-25,Cabai Rawit Hijau,2,1,34350.0,DI Yogyakarta,2026-08-30T10:03:35.195323+00:00
2026-08-26,Cabai Rawit Hijau,2,1,34350.0,DI Yogyakarta,2026-08-30T10:03:35.195323+00:00
2026-08-27,Cabai Rawit Hijau,2,1,34350.0,DI Yogyakarta,2026-08-30T10:03:35.195323+00:00
2026-08-28,Cabai Rawit Hijau,2,1,34350.0,DI Yogyakarta,2026-08-30T10:03:35.195323+00:00
2026-08-17,Cabai Rawit Merah,2,2,29350.0,DI Yogyakarta,2026-08-30T10:03:35.195323+00:00
2026-08-18,Cabai Rawit Merah,2,2,29350.0,DI Yogyakarta,2026-08-30T10:03:35.195323+00:00
2026-08-19,Cabai Rawit Merah,2,2,29350.0,DI Yogyakarta,2026-08-30T10:03:35.195323+00:00
2026-08-20,Cabai Rawit Merah,2,2,29350.0,DI Yogyakarta,2026-08-30T10:03:35.195323+00:00
2026-08-21,Cabai Rawit Merah,2,2,29350.0,DI Yogyakarta,2026-08-30T10:03:35.195323+00:00
2026-08-24,Cabai Rawit Merah,2,2,29350.0,DI Yogyakarta,2026-08-30T10:03:35.195323+00:00
2026-08-25,Cabai Rawit Merah,2,2,35000.0,DI Yogyakarta,2026-08-30T10:03:35.195323+00:00
2026-08-26,Cabai Rawit Merah,2,2,35000.0,DI Yogyakarta,2026-08-30T10:03:35.195323+00:00
2026-08-27,Cabai Rawit Merah,2,2,35000.0,DI Yogyakarta,2026-08-30T10:03:35.195323+00:00
2026-08-28,Cabai Rawit Merah,2,2,35000.0,DI Yogyakarta,2026-08-30T10:03:35.195323+00:00
2026-08-17,Gula Pasir,1,VIII,16000.0,DI Yogyakarta,2026-08-30T10:03:35.195323+00:00
2026-08-18,Gula Pasir,1,VIII,16000.0,DI Yogyakarta,2026-08-30T10:03:35.195323+00:00
2026-08-19,Gula Pasir,1,VIII,16000.0,DI Yogyakarta,2026-08-30T10:03:35.195323+00:00
2026-08-20,Gula Pasir,1,VIII,16000.0,DI Yogyakarta,2026-08-30T10:03:35.195323+00:00
2026-08-21,Gula Pasir,1,VIII,16000.0,DI Yogyakarta,2026-08-30T10:03:35.195323+00:00
2026-08-24,Gula Pasir,1,VIII,16000.0,DI Yogyakarta,2026-08-30T10:03:35.195323+00:00
2026-08-25,Gula Pasir,1,VIII,16000.0,DI Yogyakarta,2026-08-30T10:03:35.195323+00:00
2026-08-26,Gula Pasir,1,VIII,16000.0,DI Yogyakarta,2026-08-30T10:03:35.195323+00:00
2026-08-27,Gula Pasir,1,VIII,16000.0,DI Yogyakarta,2026-08-30T10:03:35.195323+00:00
2026-08-28,Gula Pasir,1,VIII,16000.0,DI Yogyakarta,2026-08-30T10:03:35.195323+00:00
2026-08-17,Gula Pasir Kualitas Premium,2,1,16000.0,DI Yogyakarta,2026-08-30T10:03:35.195323+00:00
2026-08-18,Gula Pasir Kualitas Premium,2,1,16000.0,DI Yogyakarta,2026-08-30T10:03:35.195323+00:00
2026-08-19,Gula Pasir Kualitas Premium,2,1,16000.0,DI Yogyakarta,2026-08-30T10:03:35.195323+00:00
2026-08-20,Gula Pasir Kualitas Premium,2,1,16000.0,DI Yogyakarta,2026-08-30T10:03:35.195323+00:00
2026-08-21,Gula Pasir Kualitas Premium,2,1,16000.0,DI Yogyakarta,2026-08-30T10:03:35.195323+00:00
2026-08-24,Gula Pasir Kualitas Premium,2,1,16000.0,DI Yogyakarta,2026-08-30T10:03:35.195323+00:00
2026-08-25,Gula Pasir Kualitas Premium,2,1,16000.0,DI Yogyakarta,2026-08-30T10:03:35.195323+00:00
2026-08-26,Gula Pasir Kualitas Premium,2,1,16000.0,DI Yogyakarta,2026-08-30T10:03:35.195323+00:00
2026-08-27,Gula Pasir Kualitas Premium,2,1,16000.0,DI Yogyakarta,2026-08-30T10:03:35.195323+00:00
2026-08-28,Gula Pasir Kualitas Premium,2,1,16000.0,DI Yogyakarta,2026-08-30T10:03:35.195323+00:00
2026-07-06,Beras,1,I,14100.0,DI Yogyakarta,2026-08-30T11:38:13.847136+00:00
2026-07-07,Beras,1,I,14100.0,DI Yogyakarta,2026-08-30T11:38:13.847136+00:00
2026-07-08,Beras,1,I,14100.0,DI Yogyakarta,2026-08-30T11:38:13.847136+00:00
2026-07-09,Beras,1,I,14100.0,DI Yogyakarta,2026-08-30T11:38:13.847136+00:00
2026-07-10,Beras,1,I,14100.0,DI Yogyakarta,2026-08-30T11:38:13.847136+00:00
2026-07-13,Beras,1,I,14100.0,DI Yogyakarta,2026-08-30T11:38:13.847136+00:00
2026-07-14,Beras,1,I,14100.0,DI Yogyakarta,2026-08-30T11:38:13.847136+00:00
2026-07-15,Beras,1,I,14100.0,DI Yogyakarta,2026-08-30T11:38:13.847136+00:00
2026-07-16,Beras,1,I,14100.0,DI Yogyakarta,2026-08-30T11:38:13.847136+00:00
2026-07-17,Beras,1,I,14100.0,DI Yogyakarta,2026-08-30T11:38:13.847136+00:00
2026-07-20,Beras,1,I,14100.0,DI Yogyakarta,2026-08-30T11:38:13.847136+00:00
2026-07-21,Beras,1,I,14100.0,DI Yogyakarta,2026-08-30T11:38:13.847136+00:00
2026-07-22,Beras,1,I,14100.0,DI Yogyakarta,2026-08-30T11:38:13.847136+00:00
2026-07-23,Beras,1,I,14100.0,DI Yogyakarta,2026-08-30T11:38:13.847136+00:00
2026-07-24,Beras,1,I,14100.0,DI Yogyakarta,2026-08-30T11:38:13.847136+00:00
2026-07-27,Beras,1,I,14100.0,DI Yogyakarta,2026-08-30T11:38:13.847136+00:00
2026-07-28,Beras,1,I,14100.0,DI Yogyakarta,2026-08-30T11:38:13.847136+00:00
2026-07-29,Beras,1,I,14100.0,DI Yogyakarta,2026-08-30T11:38:13.847136+00:00
2026-07-30,Beras,1,I,14100.0,DI Yogyakarta,2026-08-30T11:38:13.847136+00:00
2026-07-31,Beras,1,I,14100.0,DI Yogyakarta,2026-08-30T11:38:13.847136+00:00
2026-08-03,Beras,1,I,14100.0,DI Yogyakarta,2026-08-30T11:38:13.847136+00:00
2026-08-04,Beras,1,I,14100.0,DI Yogyakarta,2026-08-30T11:38:13.847136+00:00
2026-08-05,Beras,1,I,14100.0,DI Yogyakarta,2026-08-30T11:38:13.847136+00:00
2026-08-06,Beras,1,I,14100.0,DI Yogyakarta,2026-08-30T11:38:13.847136+00:00
2026-08-07,Beras,1,I,14100.0,DI Yogyakarta,2026-08-30T11:38:13.847136+00:00
2026-08-10,Beras,1,I,14100.0,DI Yogyakarta,2026-08-30T11:38:13.847136+00:00
2026-08-11,Beras,1,I,14100.0,DI Yogyakarta,2026-08-30T11:38:13.847136+00:00
2026-08-12,Beras,1,I,14100.0,DI Yogyakarta,2026-08-30T11:38:13.847136+00:00
2026-08-13,Beras,1,I,14100.0,DI Yogyakarta,2026-08-30T11:38:13.847136+00:00
2026-08-14,Beras,1,I,14100.0,DI Yogyakarta,2026-08-30T11:38:13.847136+00:00
2026-07-06,Beras Kualitas Bawah I,2,1,12750.0,DI Yogyakarta,2026-08-30T11:38:13.847136+00:00
2026-07-07,Beras Kualitas Bawah I,2,1,12750.0,DI Yogyakarta,2026-08-30T11:38:13.847136+00:00
2026-07-08,Beras Kualitas Bawah I,2,1,12750.0,DI Yogyakarta,2026-08-30T11:38:13.847136+00:00
2026-07-09,Beras Kualitas Bawah I,2,1,12750.0,DI Yogyakarta,2026-08-30T11:38:13.847136+00:00
2026-07-10,Beras Kualitas Bawah I,2,1,12750.0,DI Yogyakarta,2026-08-30T11:38:13.847136+00:00
2026-07-13,Beras Kualitas Bawah I,2,1,12750.0,DI Yogyakarta,2026-08-30T11:38:13.847136+00:00
2026-07-14,Beras Kualitas Bawah I,2,1,12750.0,DI Yogyakarta,2026-08-30T11:38:13.847136+00:00
2026-07-15,Beras Kualitas Bawah I,2,1,12750.0,DI Yogyakarta,2026-08-30T11:38:13.847136+00:00
2026-07-16,Beras Kualitas Bawah I,2,1,12750.0,DI Yogyakarta,2026-08-30T11:38:13.847136+00:00
2026-07-17,Beras Kualitas Bawah I,2,1,12750.0,DI Yogyakarta,2026-08-30T11:38:13.847136+00:00
2026-07-20,Beras Kualitas Bawah I,2,1,12750.0,DI Yogyakarta,2026-08-30T11:38:13.847136+00:00
2026-07-21,Beras Kualitas Bawah I,2,1,12750.0,DI Yogyakarta,2026-08-30T11:38:13.847136+00:00
2026-07-22,Beras Kualitas Bawah I,2,1,12750.0,DI Yogyakarta,2026-08-30T11:38:13.847136+00:00
2026-07-23,Beras Kualitas Bawah I,2,1,12750.0,DI Yogyakarta,2026-08-30T11:38:13.847136+00:00
2026-07-24,Beras Kualitas Bawah I,2,1,12750.0,DI Yogyakarta,2026-08-30T11:38:13.847136+00:00
2026-07-27,Beras Kualitas Bawah I,2,1,12750.0,DI Yogyakarta,2026-08-30T11:38:13.847136+00:00
2026-07-28,Beras Kualitas Bawah I,2,1,12750.0,DI Yogyakarta,2026-08-30T11:38:13.847136+00:00
2026-07-29,Beras Kualitas Bawah I,2,1,12750.0,DI Yogyakarta,2026-08-30T11:38:13.847136+00:00
2026-07-30,Beras Kualitas Bawah I,2,1,12750.0,DI Yogyakarta,2026-08-30T11:38:13.847136+00:00
2026-07-31,Beras Kualitas Bawah I,2,1,12750.0,DI Yogyakarta,2026-08-30T11:38:13.847136+00:00
2026-08-03,Beras Kualitas Bawah I,2,1,12750.0,DI Yogyakarta,2026-08-30T11:38:13.847136+00:00
2026-08-04,Beras Kualitas Bawah I,2,1,12750.0,DI Yogyakarta,2026-08-30T11:38:13.847136+00:00
2026-08-05,Beras Kualitas Bawah I,2,1,12750.0,DI Yogyakarta,2026-08-30T11:38:13.847136+00:00
2026-08-06,Beras Kualitas Bawah I,2,1,12750.0,DI Yogyakarta,2026-08-30T11:38:13.847136+00:00
2026-08-07,Beras Kualitas Bawah I,2,1,12750.0,DI Yogyakarta,2026-08-30T11:38:13.847136+00:00
2026-08-10,Beras Kualitas Bawah I,2,1,12750.0,DI Yogyakarta,2026-08-30T11:38:13.847136+00:00
2026-08-11,Beras Kualitas Bawah I,2,1,12750.0,DI Yogyakarta,2026-08-30T11:38:13.847136+00:00
2026-08-12,Beras Kualitas Bawah I,2,1,12750.0,DI Yogyakarta,2026-08-30T11:38:13.847136+00:00
2026-08-13,Beras Kualitas Bawah I,2,1,12750.0,DI Yogyakarta,2026-08-30T11:38:13.847136+00:00
2026-08-14,Beras Kualitas Bawah I,2,1,12750.0,DI Yogyakarta,2026-08-30T11:38:13.847136+00:00
2026-07-06,Beras Kualitas Medium I,2,2,13600.0,DI Yogyakarta,2026-08-30T11:38:13.847136+00:00
2026-07-07,Beras Kualitas Medium I,2,2,13600.0,DI Yogyakarta,2026-08-30T11:38:13.847136+00:00
2026-07-08,Beras Kualitas Medium I,2,2,13600.0,DI Yogyakarta,2026-08-30T11:38:13.847136+00:00
2026-07-09,Beras Kualitas Medium I,2,2,13600.0,DI Yogyakarta,2026-08-30T11:38:13.847136+00:00
2026-07-10,Beras Kualitas Medium I,2,2,13600.0,DI Yogyakarta,2026-08-30T11:38:13.847136+00:00
2026-07-13,Beras Kualitas Medium I,2,2,13600.0,DI Yogyakarta,2026-08-30T11:38:13.847136+00:00
2026-07-14,Beras Kualitas Medium I,2,2,13600.0,DI Yogyakarta,2026-08-30T11:38:13.847136+00:00
2026-07-15,Beras Kualitas Medium I,2,2,13600.0,DI Yogyakarta,2026-08-30T11:38:13.847136+00:00
2026-07-16,Beras Kualitas Medium I,2,2,13600.0,DI Yogyakarta,2026-08-30T11:38:13.847136+00:00
2026-07-17,Beras Kualitas Medium I,2,2,13600.0,DI Yogyakarta,2026-08-30T11:38:13.847136+00:00
2026-07-20,Beras Kualitas Medium I,2,2,13600.0,DI Yogyakarta,2026-08-30T11:38:13.847136+00:00
2026-07-21,Beras Kualitas Medium I,2,2,13600.0,DI Yogyakarta,2026-08-30T11:38:13.847136+00:00
2026-07-22,Beras Kualitas Medium I,2,2,13600.0,DI Yogyakarta,2026-08-30T11:38:13.847136+00:00
2026-07-23,Beras Kualitas Medium I,2,2,13600.0,DI Yogyakarta,2026-08-30T11:38:13.847136+00:00
2026-07-24,Beras Kualitas Medium I,2,2,13600.0,DI Yogyakarta,2026-08-30T11:38:13.847136+00:00
2026-07-27,Beras Kualitas Medium I,2,2,13600.0,DI Yogyakarta,2026-08-30T11:38:13.847136+00:00
2026-07-28,Beras Kualitas Medium I,2,2,13600.0,DI Yogyakarta,2026-08-30T11:38:13.847136+00:00
2026-07-29,Beras Kualitas Medium I,2,2,13600.0,DI Yogyakarta,2026-08-30T11:38:13.847136+00:00
2026-07-30,Beras Kualitas Medium I,2,2,13600.0,DI Yogyakarta,2026-08-30T11:38:13.847136+00:00
2026-07-31,Beras Kualitas Medium I,2,2,13600.0,DI Yogyakarta,2026-08-30T11:38:13.847136+00:00
2026-08-03,Beras Kualitas Medium I,2,2,13600.0,DI Yogyakarta,2026-08-30T11:38:13.847136+00:00
2026-08-04,Beras Kualitas Medium I,2,2,13600.0,DI Yogyakarta,2026-08-30T11:38:13.847136+00:00
2026-08-05,Beras Kualitas Medium I,2,2,13600.0,DI Yogyakarta,2026-08-30T11:38:13.847136+00:00
2026-08-06,Beras Kualitas Medium I,2,2,13600.0,DI Yogyakarta,2026-08-30T11:38:13.847136+00:00
2026-08-07,Beras Kualitas Medium I,2,2,13600.0,DI Yogyakarta,2026-08-30T11:38:13.847136+00:00
2026-08-10,Beras Kualitas Medium I,2,2,13600.0,DI Yogyakarta,2026-08-30T11:38:13.847136+00:00
2026-08-11,Beras Kualitas Medium I,2,2,13600.0,DI Yogyakarta,2026-08-30T11:38:13.847136+00:00
2026-08-12,Beras Kualitas Medium I,2,2,13600.0,DI Yogyakarta,2026-08-30T11:38:13.847136+00:00
2026-08-13,Beras Kualitas Medium I,2,2,13600.0,DI Yogyakarta,2026-08-30T11:38:13.847136+00:00
2026-08-14,Beras Kualitas Medium I,2,2,13600.0,DI Yogyakarta,2026-08-30T11:38:13.847136+00:00
2026-07-06,Beras Kualitas Super I,2,3,15950.0,DI Yogyakarta,2026-08-30T11:38:13.847136+00:00
2026-07-07,Beras Kualitas Super I,2,3,15950.0,DI Yogyakarta,2026-08-30T11:38:13.847136+00:00
2026-07-08,Beras Kualitas Super I,2,3,15950.0,DI Yogyakarta,2026-08-30T11:38:13.847136+00:00
2026-07-09,Beras Kualitas Super I,2,3,15950.0,DI Yogyakarta,2026-08-30T11:38:13.847136+00:00
2026-07-10,Beras Kualitas Super I,2,3,15950.0,DI Yogyakarta,2026-08-30T11:38:13.847136+00:00
2026-07-13,Beras Kualitas Super I,2,3,15950.0,DI Yogyakarta,2026-08-30T11:38:13.847136+00:00
2026-07-14,Beras Kualitas Super I,2,3,15950.0,DI Yogyakarta,2026-08-30T11:38:13.847136+00:00
2026-07-15,Beras Kualitas Super I,2,3,15950.0,DI Yogyakarta,2026-08-30T11:38:13.847136+00:00
2026-07-16,Beras Kualitas Super I,2,3,15950.0,DI Yogyakarta,2026-08-30T11:38:13.847136+00:00
2026-07-17,Beras Kualitas Super I,2,3,15950.0,DI Yogyakarta,2026-08-30T11:38:13.847136+00:00
2026-07-20,Beras Kualitas Super I,2,3,15950.0,DI Yogyakarta,2026-08-30T11:38:13.847136+00:00
2026-07-21,Beras Kualitas Super I,2,3,15950.0,DI Yogyakarta,2026-08-30T11:38:13.847136+00:00
2026-07-22,Beras Kualitas Super I,2,3,15950.0,DI Yogyakarta,2026-08-30T11:38:13.847136+00:00
2026-07-23,Beras Kualitas Super I,2,3,15950.0,DI Yogyakarta,2026-08-30T11:38:13.847136+00:00
2026-07-24,Beras Kualitas Super I,2,3,15950.0,DI Yogyakarta,2026-08-30T11:38:13.847136+00:00
2026-07-27,Beras Kualitas Super I,2,3,15950.0,DI Yogyakarta,2026-08-30T11:38:13.847136+00:00
2026-07-28,Beras Kualitas Super I,2,3,15950.0,DI Yogyakarta,2026-08-30T11:38:13.847136+00:00
2026-07-29,Beras Kualitas Super I,2,3,15950.0,DI Yogyakarta,2026-08-30T11:38:13.847136+00:00
2026-07-30,Beras Kualitas Super I,2,3,15950.0,DI Yogyakarta,2026-08-30T11:38:13.847136+00:00
2026-07-31,Beras Kualitas Super I,2,3,15950.0,DI Yogyakarta,2026-08-30T11:38:13.847136+00:00
2026-08-03,Beras Kualitas Super I,2,3,15950.0,DI Yogyakarta,2026-08-30T11:38:13.847136+00:00
2026-08-04,Beras Kualitas Super I,2,3,15950.0,DI Yogyakarta,2026-08-30T11:38:13.847136+00:00
2026-08-05,Beras Kualitas Super I,2,3,15950.0,DI Yogyakarta,2026-08-30T11:38:13.847136+00:00
2026-08-06,Beras Kualitas Super I,2,3,15950.0,DI Yogyakarta,2026-08-30T11:38:13.847136+00:00
2026-08-07,Beras Kualitas Super I,2,3,15950.0,DI Yogyakarta,2026-08-30T11:38:13.847136+00:00
2026-08-10,Beras Kualitas Super I,2,3,15950.0,DI Yogyakarta,2026-08-30T11:38:13.847136+00:00
2026-08-11,Beras Kualitas Super I,2,3,15950.0,DI Yogyakarta,2026-08-30T11:38:13.847136+00:00
2026-08-12,Beras Kualitas Super I,2,3,15950.0,DI Yogyakarta,2026-08-30T11:38:13.847136+00:00
2026-08-13,Beras Kualitas Super I,2,3,15950.0,DI Yogyakarta,2026-08-30T11:38:13.847136+00:00
2026-08-14,Beras Kualitas Super I,2,3,15950.0,DI Yogyakarta,2026-08-30T11:38:13.847136+00:00
2026-07-06,Daging Ayam,1,II,23150.0,DI Yogyakarta,2026-08-30T11:38:13.847136+00:00
2026-07-07,Daging Ayam,1,II,23150.0,DI Yogyakarta,2026-08-30T11:38:13.847136+00:00
2026-07-08,Daging Ayam,1,II,23150.0,DI Yogyakarta,2026-08-30T11:38:13.847136+00:00
2026-07-09,Daging Ayam,1,II,23150.0,DI Yogyakarta,2026-08-30T11:38:13.847136+00:00
2026-07-10,Daging Ayam,1,II,23150.0,DI Yogyakarta,2026-08-30T11:38:13.847136+00:00
2026-07-13,Daging Ayam,1,II,23150.0,DI Yogyakarta,2026-08-30T11:38:13.847136+00:00
2026-07-14,Daging Ayam,1,II,23150.0,DI Yogyakarta,2026-08-30T11:38:13.847136+00:00
2026-07-15,Daging Ayam,1,II,23150.0,DI Yogyakarta,2026-08-30T11:38:13.847136+00:00
2026-07-16,Daging Ayam,1,II,23150.0,DI Yogyakarta,2026-08-30T11:38:13.847136+00:00
2026-07-17,Daging Ayam,1,II,23150.0,DI Yogyakarta,2026-08-30T11:38:13.847136+00:00
2026-07-20,Daging Ayam,1,II,23150.0,DI Yogyakarta,2026-08-30T11:38:13.847136+00:00
2026-07-21,Daging Ayam,1,II,23150.0,DI Yogyakarta,2026-08-30T11:38:13.847136+00:00
2026-07-22,Daging Ayam,1,II,23150.0,DI Yogyakarta,2026-08-30T11:38:13.847136+00:00
2026-07-23,Daging Ayam,1,II,23150.0,DI Yogyakarta,2026-08-30T11:38:13.847136+00:00
2026-07-24,Daging Ayam,1,II,23150.0,DI Yogyakarta,2026-08-30T11:38:13.847136+00:00
2026-07-27,Daging Ayam,1,II,23650.0,DI Yogyakarta,2026-08-30T11:38:13.847136+00:00
2026-07-28,Daging Ayam,1,II,23650.0,DI Yogyakarta,2026-08-30T11:38:13.847136+00:00
2026-07-29,Daging Ayam,1,II,23650.0,DI Yogyakarta,2026-08-30T11:38:13.847136+00:00
2026-07-30,Daging Ayam,1,II,23650.0,DI Yogyakarta,2026-08-30T11:38:13.847136+00:00
2026-07-31,Daging Ayam,1,II,23650.0,DI Yogyakarta,2026-08-30T11:38:13.847136+00:00
2026-08-03,Daging Ayam,1,II,23650.0,DI Yogyakarta,2026-08-30T11:38:13.847136+00:00
2026-08-04,Daging Ayam,1,II,23650.0,DI Yogyakarta,2026-08-30T11:38:13.847136+00:00
2026-08-05,Daging Ayam,1,II,23650.0,DI Yogyakarta,2026-08-30T11:38:13.847136+00:00
2026-08-06,Daging Ayam,1,II,23650.0,DI Yogyakarta,2026-08-30T11:38:13.847136+00:00
2026-08-07,Daging Ayam,1,II,23650.0,DI Yogyakarta,2026-08-30T11:38:13.847136+00:00
2026-08-10,Daging Ayam,1,II,23650.0,DI Yogyakarta,2026-08-30T11:38:13.847136+00:00
2026-08-11,Daging Ayam,1,II,23650.0,DI Yogyakarta,2026-08-30T11:38:13.847136+00:00
2026-08-12,Daging Ayam,1,II,23650.0,DI Yogyakarta,2026-08-30T11:38:13.847136+00:00
2026-08-13,Daging Ayam,1,II,23650.0,DI Yogyakarta,2026-08-30T11:38:13.847136+00:00
2026-08-14,Daging Ayam,1,II,23650.0,DI Yogyakarta,2026-08-30T11:38:13.847136+00:00
2026-07-06,Daging Ayam Ras Segar,2,1,23150.0,DI Yogyakarta,2026-08-30T11:38:13.847136+00:00
2026-07-07,Daging Ayam Ras Segar,2,1,23150.0,DI Yogyakarta,2026-08-30T11:38:13.847136+00:00
2026-07-08,Daging Ayam Ras Segar,2,1,23150.0,DI Yogyakarta,2026-08-30T11:38:13.847136+00:00
2026-07-09,Daging Ayam Ras Segar,2,1,23150.0,DI Yogyakarta,2026-08-30T11:38:13.847136+00:00
2026-07-10,Daging Ayam Ras Segar,2,1,23150.0,DI Yogyakarta,2026-08-30T11:38:13.847136+00:00
2026-07-13,Daging Ayam Ras Segar,2,1,23150.0,DI Yogyakarta,2026-08-30T11:38:13.847136+00:00
2026-07-14,Daging Ayam Ras Segar,2,1,23150.0,DI Yogyakarta,2026-08-30T11:38:13.847136+00:00
2026-07-15,Daging Ayam Ras Segar,2,1,23150.0,DI Yogyakarta,2026-08-30T11:38:13.847136+00:00
2026-07-16,Daging Ayam Ras Segar,2,1,23150.0,DI Yogyakarta,2026-08-30T11:38:13.847136+00:00
2026-07-17,Daging Ayam Ras Segar,2,1,23150.0,DI Yogyakarta,2026-08-30T11:38:13.847136+00:00
2026-07-20,Daging Ayam Ras Segar,2,1,23150.0,DI Yogyakarta,2026-08-30T11:38:13.847136+00:00
2026-07-21,Daging Ayam Ras Segar,2,1,23150.0,DI Yogyakarta,2026-08-30T11:38:13.847136+00:00
2026-07-22,Daging Ayam Ras Segar,2,1,23150.0,DI Yogyakarta,2026-08-30T11:38:13.847136+00:00
2026-07-23,Daging Ayam Ras Segar,2,1,23150.0,DI Yogyakarta,2026-08-30T11:38:13.847136+00:00
2026-07-24,Daging Ayam Ras Segar,2,1,23150.0,DI Yogyakarta,2026-08-30T11:38:13.847136+00:00
2026-07-27,Daging Ayam Ras Segar,2,1,23650.0,DI Yogyakarta,2026-08-30T11:38:13.847136+00:00
2026-07-28,Daging Ayam Ras Segar,2,1,23650.0,DI Yogyakarta,2026-08-30T11:38:13.847136+00:00
2026-07-29,Daging Ayam Ras Segar,2,1,23650.0,DI Yogyakarta,2026-08-30T11:38:13.847136+00:00
2026-07-30,Daging Ayam Ras Segar,2,1,23650.0,DI Yogyakarta,2026-08-30T11:38:13.847136+00:00
2026-07-31,Daging Ayam Ras Segar,2,1,23650.0,DI Yogyakarta,2026-08-30T11:38:13.847136+00:00
2026-08-03,Daging Ayam Ras Segar,2,1,23650.0,DI Yogyakarta,2026-08-30T11:38:13.847136+00:00
2026-08-04,Daging Ayam Ras Segar,2,1,23650.0,DI Yogyakarta,2026-08-30T11:38:13.847136+00:00
2026-08-05,Daging Ayam Ras Segar,2,1,23650.0,DI Yogyakarta,2026-08-30T11:38:13.847136+00:00
2026-08-06,Daging Ayam Ras Segar,2,1,23650.0,DI Yogyakarta,2026-08-30T11:38:13.847136+00:00
2026-08-07,Daging Ayam Ras Segar,2,1,23650.0,DI Yogyakarta,2026-08-30T11:38:13.847136+00:00
2026-08-10,Daging Ayam Ras Segar,2,1,23650.0,DI Yogyakarta,2026-08-30T11:38:13.847136+00:00
2026-08-11,Daging Ayam Ras Segar,2,1,23650.0,DI Yogyakarta,2026-08-30T11:38:13.847136+00:00
2026-08-12,Daging Ayam Ras Segar,2,1,23650.0,DI Yogyakarta,2026-08-30T11:38:13.847136+00:00
2026-08-13,Daging Ayam Ras Segar,2,1,23650.0,DI Yogyakarta,2026-08-30T11:38:13.847136+00:00
2026-08-14,Daging Ayam Ras Segar,2,1,23650.0,DI Yogyakarta,2026-08-30T11:38:13.847136+00:00
2026-07-06,Daging Sapi,1,III,140000.0,DI Yogyakarta,2026-08-30T11:38:13.847136+00:00
2026-07-07,Daging Sapi,1,III,140000.0,DI Yogyakarta,2026-08-30T11:38:13.847136+00:00
2026-07-08,Daging Sapi,1,III,140000.0,DI Yogyakarta,2026-08-30T11:38:13.847136+00:00
2026-07-09,Daging Sapi,1,III,140000.0,DI Yogyakarta,2026-08-30T11:38:13.847136+00:00
2026-07-10,Daging Sapi,1,III,140000.0,DI Yogyakarta,2026-08-30T11:38:13.847136+00:00
2026-07-13,Daging Sapi,1,III,140000.0,DI Yogyakarta,2026-08-30T11:38:13.847136+00:00
2026-07-14,Daging Sapi,1,III,140000.0,DI Yogyakarta,2026-08-30T11:38:13.847136+00:00
2026-07-15,Daging Sapi,1,III,140000.0,DI Yogyakarta,2026-08-30T11:38:13.847136+00:00
2026-07-16,Daging Sapi,1,III,140000.0,DI Yogyakarta,2026-08-30T11:38:13.847136+00:00
2026-07-17,Daging Sapi,1,III,140000.0,DI Yogyakarta,2026-08-30T11:38:13.847136+00:00
2026-07-20,Daging Sapi,1,III,140000.0,DI Yogyakarta,2026-08-30T11:38:13.847136+00:00
2026-07-21,Daging Sapi,1,III,140000.0,DI Yogyakarta,2026-08-30T11:38:13.847136+00:00
2026-07-22,Daging Sapi,1,III,140000.0,DI Yogyakarta,2026-08-30T11:38:13.847136+00:00
2026-07-23,Daging Sapi,1,III,140000.0,DI Yogyakarta,2026-08-30T11:38:13.847136+00:00
2026-07-24,Daging Sapi,1,III,140000.0,DI Yogyakarta,2026-08-30T11:38:13.847136+00:00
2026-07-27,Daging Sapi,1,III,140000.0,DI Yogyakarta,2026-08-30T11:38:13.847136+00:00
2026-07-28,Daging Sapi,1,III,140000.0,DI Yogyakarta,2026-08-30T11:38:13.847136+00:00
2026-07-29,Daging Sapi,1,III,140000.0,DI Yogyakarta,2026-08-30T11:38:13.847136+00:00
2026-07-30,Daging Sapi,1,III,140000.0,DI Yogyakarta,2026-08-30T11:38:13.847136+00:00
2026-07-31,Daging Sapi,1,III,140000.0,DI Yogyakarta,2026-08-30T11:38:13.847136+00:00
2026-08-03,Daging Sapi,1,III,140000.0,DI Yogyakarta,2026-08-30T11:38:13.847136+00:00
2026-08-04,Daging Sapi,1,III,140000.0,DI Yogyakarta,2026-08-30T11:38:13.847136+00:00
2026-08-05,Daging Sapi,1,III,140000.0,DI Yogyakarta,2026-08-30T11:38:13.847136+00:00
2026-08-06,Daging Sapi,1,III,140000.0,DI Yogyakarta,2026-08-30T11:38:13.847136+00:00
2026-08-07,Daging Sapi,1,III,140000.0,DI Yogyakarta,2026-08-30T11:38:13.847136+00:00
2026-08-10,Daging Sapi,1,III,140000.0,DI Yogyakarta,2026-08-30T11:38:13.847136+00:00
2026-08-11,Daging Sapi,1,III,140000.0,DI Yogyakarta,2026-08-30T11:38:13.847136+00:00
2026-08-12,Daging Sapi,1,III,140000.0,DI Yogyakarta,2026-08-30T11:38:13.847136+00:00
2026-08-13,Daging Sapi,1,III,140000.0,DI Yogyakarta,2026-08-30T11:38:13.847136+00:00
2026-08-14,Daging Sapi,1,III,140000.0,DI Yogyakarta,2026-08-30T11:38:13.847136+00:00
2026-07-06,Daging Sapi Kualitas 1,2,1,140000.0,DI Yogyakarta,2026-08-30T11:38:13.847136+00:00
2026-07-07,Daging Sapi Kualitas 1,2,1,140000.0,DI Yogyakarta,2026-08-30T11:38:13.847136+00:00
2026-07-08,Daging Sapi Kualitas 1,2,1,140000.0,DI Yogyakarta,2026-08-30T11:38:13.847136+00:00
2026-07-09,Daging Sapi Kualitas 1,2,1,140000.0,DI Yogyakarta,2026-08-30T11:38:13.847136+00:00
2026-07-10,Daging Sapi Kualitas 1,2,1,140000.0,DI Yogyakarta,2026-08-30T11:38:13.847136+00:00
2026-07-13,Daging Sapi Kualitas 1,2,1,140000.0,DI Yogyakarta,2026-08-30T11:38:13.847136+00:00
2026-07-14,Daging Sapi Kualitas 1,2,1,140000.0,DI Yogyakarta,2026-08-30T11:38:13.847136+00:00
2026-07-15,Daging Sapi Kualitas 1,2,1,140000.0,DI Yogyakarta,2026-08-30T11:38:13.847136+00:00
2026-07-16,Daging Sapi Kualitas 1,2,1,140000.0,DI Yogyakarta,2026-08-30T11:38:13.847136+00:00
2026-07-17,Daging Sapi Kualitas 1,2,1,140000.0,DI Yogyakarta,2026-08-30T11:38:13.847136+00:00
2026-07-20,Daging Sapi Kualitas 1,2,1,140000.0,DI Yogyakarta,2026-08-30T11:38:13.847136+00:00
2026-07-21,Daging Sapi Kualitas 1,2,1,140000.0,DI Yogyakarta,2026-08-30T11:38:13.847136+00:00
2026-07-22,Daging Sapi Kualitas 1,2,1,140000.0,DI Yogyakarta,2026-08-30T11:38:13.847136+00:00
2026-07-23,Daging Sapi Kualitas 1,2,1,140000.0,DI Yogyakarta,2026-08-30T11:38:13.847136+00:00
2026-07-24,Daging Sapi Kualitas 1,2,1,140000.0,DI Yogyakarta,2026-08-30T11:38:13.847136+00:00
2026-07-27,Daging Sapi Kualitas 1,2,1,140000.0,DI Yogyakarta,2026-08-30T11:38:13.847136+00:00
2026-07-28,Daging Sapi Kualitas 1,2,1,140000.0,DI Yogyakarta,2026-08-30T11:38:13.847136+00:00
2026-07-29,Daging Sapi Kualitas 1,2,1,140000.0,DI Yogyakarta,2026-08-30T11:38:13.847136+00:00
2026-07-30,Daging Sapi Kualitas 1,2,1,140000.0,DI Yogyakarta,2026-08-30T11:38:13.847136+00:00
2026-07-31,Daging Sapi Kualitas 1,2,1,140000.0,DI Yogyakarta,2026-08-30T11:38:13.847136+00:00
2026-08-03,Daging Sapi Kualitas 1,2,1,140000.0,DI Yogyakarta,2026-08-30T11:38:13.847136+00:00
2026-08-04,Daging Sapi Kualitas 1,2,1,140000.0,DI Yogyakarta,2026-08-30T11:38:13.847136+00:00
2026-08-05,Daging Sapi Kualitas 1,2,1,140000.0,DI Yogyakarta,2026-08-30T11:38:13.847136+00:00
2026-08-06,Daging Sapi Kualitas 1,2,1,140000.0,DI Yogyakarta,2026-08-30T11:38:13.847136+00:00
2026-08-07,Daging Sapi Kualitas 1,2,1,140000.0,DI Yogyakarta,2026-08-30T11:38:13.847136+00:00
2026-08-10,Daging Sapi Kualitas 1,2,1,140000.0,DI Yogyakarta,2026-08-30T11:38:13.847136+00:00
2026-08-11,Daging Sapi Kualitas 1,2,1,140000.0,DI Yogyakarta,2026-08-30T11:38:13.847136+00:00
2026-08-12,Daging Sapi Kualitas 1,2,1,140000.0,DI Yogyakarta,2026-08-30T11:38:13.847136+00:00
2026-08-13,Daging Sapi Kualitas 1,2,1,140000.0,DI Yogyakarta,2026-08-30T11:38:13.847136+00:00
2026-08-14,Daging Sapi Kualitas 1,2,1,140000.0,DI Yogyakarta,2026-08-30T11:38:13.847136+00:00
2026-07-06,Telur Ayam,1,IV,23000.0,DI Yogyakarta,2026-08-30T11:38:13.847136+00:00
2026-07-07,Telur Ayam,1,IV,23000.0,DI Yogyakarta,2026-08-30T11:38:13.847136+00:00
2026-07-08,Telur Ayam,1,IV,23000.0,DI Yogyakarta,2026-08-30T11:38:13.847136+00:00
2026-07-09,Telur Ayam,1,IV,23000.0,DI Yogyakarta,2026-08-30T11:38:13.847136+00:00
2026-07-10,Telur Ayam,1,IV,23000.0,DI Yogyakarta,2026-08-30T11:38:13.847136+00:00
2026-07-13,Telur Ayam,1,IV,23000.0,DI Yogyakarta,2026-08-30T11:38:13.847136+00:00
2026-07-14,Telur Ayam,1,IV,23000.0,DI Yogyakarta,2026-08-30T11:38:13.847136+00:00
2026-07-15,Telur Ayam,1,IV,23000.0,DI Yogyakarta,2026-08-30T11:38:13.847136+00:00
2026-07-16,Telur Ayam,1,IV,23000.0,DI Yogyakarta,2026-08-30T11:38:13.847136+00:00
2026-07-17,Telur Ayam,1,IV,23000.0,DI Yogyakarta,2026-08-30T11:38:13.847136+00:00
2026-07-20,Telur Ayam,1,IV,23000.0,DI Yogyakarta,2026-08-30T11:38:13.847136+00:00
2026-07-21,Telur Ayam,1,IV,23000.0,DI Yogyakarta,2026-08-30T11:38:13.847136+00:00
2026-07-22,Telur Ayam,1,IV,23000.0,DI Yogyakarta,2026-08-30T11:38:13.847136+00:00
2026-07-23,Telur Ayam,1,IV,23000.0,DI Yogyakarta,2026-08-30T11:38:13.847136+00:00
2026-07-24,Telur Ayam,1,IV,23000.0,DI Yogyakarta,2026-08-30T11:38:13.847136+00:00
2026-07-27,Telur Ayam,1,IV,23000.0,DI Yogyakarta,2026-08-30T11:38:13.847136+00:00
2026-07-28,Telur Ayam,1,IV,23000.0,DI Yogyakarta,2026-08-30T11:38:13.847136+00:00
2026-07-29,Telur Ayam,1,IV,23000.0,DI Yogyakarta,2026-08-30T11:38:13.847136+00:00
2026-07-30,Telur Ayam,1,IV,23000.0,DI Yogyakarta,2026-08-30T11:38:13.847136+00:00
2026-07-31,Telur Ayam,1,IV,23000.0,DI Yogyakarta,2026-08-30T11:38:13.847136+00:00
2026-08-03,Telur Ayam,1,IV,23000.0,DI Yogyakarta,2026-08-30T11:38:13.847136+00:00
2026-08-04,Telur Ayam,1,IV,23000.0,DI Yogyakarta,2026-08-30T11:38:13.847136+00:00
2026-08-05,Telur Ayam,1,IV,23000.0,DI Yogyakarta,2026-08-30T11:38:13.847136+00:00
2026-08-06,Telur Ayam,1,IV,23000.0,DI Yogyakarta,2026-08-30T11:38:13.847136+00:00
2026-08-07,Telur Ayam,1,IV,23000.0,DI Yogyakarta,2026-08-30T11:38:13.847136+00:00
2026-08-10,Telur Ayam,1,IV,23000.0,DI Yogyakarta,2026-08-30T11:38:13.847136+00:00
2026-08-11,Telur Ayam,1,IV,23000.0,DI Yogyakarta,2026-08-30T11:38:13.847136+00:00
2026-08-12,Telur Ayam,1,IV,23000.0,DI Yogyakarta,2026-08-30T11:38:13.847136+00:00
2026-08-13,Telur Ayam,1,IV,23000.0,DI Yogyakarta,2026-08-30T11:38:13.847136+00:00
2026-08-14,Telur Ayam,1,IV,23000.0,DI Yogyakarta,2026-08-30T11:38:13.847136+00:00
2026-07-06,Telur Ayam Ras Segar,2,1,23000.0,DI Yogyakarta,2026-08-30T11:38:13.847136+00:00
2026-07-07,Telur Ayam Ras Segar,2,1,23000.0,DI Yogyakarta,2026-08-30T11:38:13.847136+00:00
2026-07-08,Telur Ayam Ras Segar,2,1,23000.0,DI Yogyakarta,2026-08-30T11:38:13.847136+00:00
2026-07-09,Telur Ayam Ras Segar,2,1,23000.0,DI Yogyakarta,2026-08-30T11:38:13.847136+00:00
2026-07-10,Telur Ayam Ras Segar,2,1,23000.0,DI Yogyakarta,2026-08-30T11:38:13.847136+00:00
2026-07-13,Telur Ayam Ras Segar,2,1,23000.0,DI Yogyakarta,2026-08-30T11:38:13.847136+00:00
2026-07-14,Telur Ayam Ras Segar,2,1,23000.0,DI Yogyakarta,2026-08-30T11:38:13.847136+00:00
2026-07-15,Telur Ayam Ras Segar,2,1,23000.0,DI Yogyakarta,2026-08-30T11:38:13.847136+00:00
2026-07-16,Telur Ayam Ras Segar,2,1,23000.0,DI Yogyakarta,2026-08-30T11:38:13.847136+00:00
2026-07-17,Telur Ayam Ras Segar,2,1,23000.0,DI Yogyakarta,2026-08-30T11:38:13.847136+00:00
2026-07-20,Telur Ayam Ras Segar,2,1,23000.0,DI Yogyakarta,2026-08-30T11:38:13.847136+00:00
2026-07-21,Telur Ayam Ras Segar,2,1,23000.0,DI Yogyakarta,2026-08-30T11:38:13.847136+00:00
2026-07-22,Telur Ayam Ras Segar,2,1,23000.0,DI Yogyakarta,2026-08-30T11:38:13.847136+00:00
2026-07-23,Telur Ayam Ras Segar,2,1,23000.0,DI Yogyakarta,2026-08-30T11:38:13.847136+00:00
2026-07-24,Telur Ayam Ras Segar,2,1,23000.0,DI Yogyakarta,2026-08-30T11:38:13.847136+00:00
2026-07-27,Telur Ayam Ras Segar,2,1,23000.0,DI Yogyakarta,2026-08-30T11:38:13.847136+00:00
2026-07-28,Telur Ayam Ras Segar,2,1,23000.0,DI Yogyakarta,2026-08-30T11:38:13.847136+00:00
2026-07-29,Telur Ayam Ras Segar,2,1,23000.0,DI Yogyakarta,2026-08-30T11:38:13.847136+00:00
2026-07-30,Telur Ayam Ras Segar,2,1,23000.0,DI Yogyakarta,2026-08-30T11:38:13.847136+00:00
2026-07-31,Telur Ayam Ras Segar,2,1,23000.0,DI Yogyakarta,2026-08-30T11:38:13.847136+00:00
2026-08-03,Telur Ayam Ras Segar,2,1,23000.0,DI Yogyakarta,2026-08-30T11:38:13.847136+00:00
2026-08-04,Telur Ayam Ras Segar,2,1,23000.0,DI Yogyakarta,2026-08-30T11:38:13.847136+00:00
2026-08-05,Telur Ayam Ras Segar,2,1,23000.0,DI Yogyakarta,2026-08-30T11:38:13.847136+00:00
2026-08-06,Telur Ayam Ras Segar,2,1,23000.0,DI Yogyakarta,2026-08-30T11:38:13.847136+00:00
2026-08-07,Telur Ayam Ras Segar,2,1,23000.0,DI Yogyakarta,2026-08-30T11:38:13.847136+00:00
2026-08-10,Telur Ayam Ras Segar,2,1,23000.0,DI Yogyakarta,2026-08-30T11:38:13.847136+00:00
2026-08-11,Telur Ayam Ras Segar,2,1,23000.0,DI Yogyakarta,2026-08-30T11:38:13.847136+00:00
2026-08-12,Telur Ayam Ras Segar,2,1,23000.0,DI Yogyakarta,2026-08-30T11:38:13.847136+00:00
2026-08-13,Telur Ayam Ras Segar,2,1,23000.0,DI Yogyakarta,2026-08-30T11:38:13.847136+00:00
2026-08-14,Telur Ayam Ras Segar,2,1,23000.0,DI Yogyakarta,2026-08-30T11:38:13.847136+00:00
2026-07-06,Bawang Merah,1,V,34500.0,DI Yogyakarta,2026-08-30T11:38:13.847136+00:00
2026-07-07,Bawang Merah,1,V,34500.0,DI Yogyakarta,2026-08-30T11:38:13.847136+00:00
2026-07-08,Bawang Merah,1,V,34500.0,DI Yogyakarta,2026-08-30T11:38:13.847136+00:00
2026-07-09,Bawang Merah,1,V,34500.0,DI Yogyakarta,2026-08-30T11:38:13.847136+00:00
2026-07-10,Bawang Merah,1,V,34500.0,DI Yogyakarta,2026-08-30T11:38:13.847136+00:00
2026-07-13,Bawang Merah,1,V,34500.0,DI Yogyakarta,2026-08-30T11:38:13.847136+00:00
2026-07-14,Bawang Merah,1,V,34500.0,DI Yogyakarta,2026-08-30T11:38:13.847136+00:00
2026-07-15,Bawang Merah,1,V,34500.0,DI Yogyakarta,2026-08-30T11:38:13.847136+00:00
2026-07-16,Bawang Merah,1,V,34500.0,DI Yogyakarta,2026-08-30T11:38:13.847136+00:00
2026-07-17,Bawang Merah,1,V,34500.0,DI Yogyakarta,2026-08-30T11:38:13.847136+00:00
2026-07-20,Bawang Merah,1,V,34500.0,DI Yogyakarta,2026-08-30T11:38:13.847136+00:00
2026-07-21,Bawang Merah,1,V,34500.0,DI Yogyakarta,2026-08-30T11:38:13.847136+00:00
2026-07-22,Bawang Merah,1,V,34500.0,DI Yogyakarta,2026-08-30T11:38:13.847136+00:00
2026-07-23,Bawang Merah,1,V,34500.0,DI Yogyakarta,2026-08-30T11:38:13.847136+00:00
2026-07-24,Bawang Merah,1,V,34500.0,DI Yogyakarta,2026-08-30T11:38:13.847136+00:00
2026-07-27,Bawang Merah,1,V,28650.0,DI Yogyakarta,2026-08-30T11:38:13.847136+00:00
2026-07-28,Bawang Merah,1,V,28650.0,DI Yogyakarta,2026-08-30T11:38:13.847136+00:00
2026-07-29,Bawang Merah,1,V,28650.0,DI Yogyakarta,2026-08-30T11:38:13.847136+00:00
2026-07-30,Bawang Merah,1,V,28650.0,DI Yogyakarta,2026-08-30T11:38:13.847136+00:00
2026-07-31,Bawang Merah,1,V,28650.0,DI Yogyakarta,2026-08-30T11:38:13.847136+00:00
2026-08-03,Bawang Merah,1,V,28650.0,DI Yogyakarta,2026-08-30T11:38:13.847136+00:00
2026-08-04,Bawang Merah,1,V,28650.0,DI Yogyakarta,2026-08-30T11:38:13.847136+00:00
2026-08-05,Bawang Merah,1,V,28650.0,DI Yogyakarta,2026-08-30T11:38:13.847136+00:00
2026-08-06,Bawang Merah,1,V,28650.0,DI Yogyakarta,2026-08-30T11:38:13.847136+00:00
2026-08-07,Bawang Merah,1,V,28650.0,DI Yogyakarta,2026-08-30T11:38:13.847136+00:00
2026-08-10,Bawang Merah,1,V,28650.0,DI Yogyakarta,2026-08-30T11:38:13.847136+00:00
2026-08-11,Bawang Merah,1,V,28650.0,DI Yogyakarta,2026-08-30T11:38:13.847136+00:00
2026-08-12,Bawang Merah,1,V,28650.0,DI Yogyakarta,2026-08-30T11:38:13.847136+00:00
2026-08-13,Bawang Merah,1,V,28650.0,DI Yogyakarta,2026-08-30T11:38:13.847136+00:00
2026-08-14,Bawang Merah,1,V,28650.0,DI Yogyakarta,2026-08-30T11:38:13.847136+00:00
2026-07-06,Bawang Merah Ukuran Sedang,2,1,34500.0,DI Yogyakarta,2026-08-30T11:38:13.847136+00:00
2026-07-07,Bawang Merah Ukuran Sedang,2,1,34500.0,DI Yogyakarta,2026-08-30T11:38:13.847136+00:00
2026-07-08,Bawang Merah Ukuran Sedang,2,1,34500.0,DI Yogyakarta,2026-08-30T11:38:13.847136+00:00
2026-07-09,Bawang Merah Ukuran Sedang,2,1,34500.0,DI Yogyakarta,2026-08-30T11:38:13.847136+00:00
2026-07-10,Bawang Merah Ukuran Sedang,2,1,34500.0,DI Yogyakarta,2026-08-30T11:38:13.847136+00:00
2026-07-13,Bawang Merah Ukuran Sedang,2,1,34500.0,DI Yogyakarta,2026-08-30T11:38:13.847136+00:00
2026-07-14,Bawang Merah Ukuran Sedang,2,1,34500.0,DI Yogyakarta,2026-08-30T11:38:13.847136+00:00
2026-07-15,Bawang Merah Ukuran Sedang,2,1,34500.0,DI Yogyakarta,2026-08-30T11:38:13.847136+00:00
2026-07-16,Bawang Merah Ukuran Sedang,2,1,34500.0,DI Yogyakarta,2026-08-30T11:38:13.847136+00:00
2026-07-17,Bawang Merah Ukuran Sedang,2,1,34500.0,DI Yogyakarta,2026-08-30T11:38:13.847136+00:00
2026-07-20,Bawang Merah Ukuran Sedang,2,1,34500.0,DI Yogyakarta,2026-08-30T11:38:13.847136+00:00
2026-07-21,Bawang Merah Ukuran Sedang,2,1,34500.0,DI Yogyakarta,2026-08-30T11:38:13.847136+00:00
2026-07-22,Bawang Merah Ukuran Sedang,2,1,34500.0,DI Yogyakarta,2026-08-30T11:38:13.847136+00:00
2026-07-23,Bawang Merah Ukuran Sedang,2,1,34500.0,DI Yogyakarta,2026-08-30T11:38:13.847136+00:00
2026-07-24,Bawang Merah Ukuran Sedang,2,1,34500.0,DI Yogyakarta,2026-08-30T11:38:13.847136+00:00
2026-07-27,Bawang Merah Ukuran Sedang,2,1,28650.0,DI Yogyakarta,2026-08-30T11:38:13.847136+00:00
2026-07-28,Bawang Merah Ukuran Sedang,2,1,28650.0,DI Yogyakarta,2026-08-30T11:38:13.847136+00:00
2026-07-29,Bawang Merah Ukuran Sedang,2,1,28650.0,DI Yogyakarta,2026-08-30T11:38:13.847136+00:00
2026-07-30,Bawang Merah Ukuran Sedang,2,1,28650.0,DI Yogyakarta,2026-08-30T11:38:13.847136+00:00
2026-07-31,Bawang Merah Ukuran Sedang,2,1,28650.0,DI Yogyakarta,2026-08-30T11:38:13.847136+00:00
2026-08-03,Bawang Merah Ukuran Sedang,2,1,28650.0,DI Yogyakarta,2026-08-30T11:38:13.847136+00:00
2026-08-04,Bawang Merah Ukuran Sedang,2,1,28650.0,DI Yogyakarta,2026-08-30T11:38:13.847136+00:00
2026-08-05,Bawang Merah Ukuran Sedang,2,1,28650.0,DI Yogyakarta,2026-08-30T11:38:13.847136+00:00
2026-08-06,Bawang Merah Ukuran Sedang,2,1,28650.0,DI Yogyakarta,2026-08-30T11:38:13.847136+00:00
2026-08-07,Bawang Merah Ukuran Sedang,2,1,28650.0,DI Yogyakarta,2026-08-30T11:38:13.847136+00:00
2026-08-10,Bawang Merah Ukuran Sedang,2,1,28650.0,DI Yogyakarta,2026-08-30T11:38:13.847136+00:00
2026-08-11,Bawang Merah Ukuran Sedang,2,1,28650.0,DI Yogyakarta,2026-08-30T11:38:13.847136+00:00
2026-08-12,Bawang Merah Ukuran Sedang,2,1,28650.0,DI Yogyakarta,2026-08-30T11:38:13.847136+00:00
2026-08-13,Bawang Merah Ukuran Sedang,2,1,28650.0,DI Yogyakarta,2026-08-30T11:38:13.847136+00:00
2026-08-14,Bawang Merah Ukuran Sedang,2,1,28650.0,DI Yogyakarta,2026-08-30T11:38:13.847136+00:00
2026-07-06,Cabai Merah,1,VI,30350.0,DI Yogyakarta,2026-08-30T11:38:13.847136+00:00
2026-07-07,Cabai Merah,1,VI,30350.0,DI Yogyakarta,2026-08-30T11:38:13.847136+00:00
2026-07-08,Cabai Merah,1,VI,30350.0,DI Yogyakarta,2026-08-30T11:38:13.847136+00:00
2026-07-09,Cabai Merah,1,VI,30350.0,DI Yogyakarta,2026-08-30T11:38:13.847136+00:00
2026-07-10,Cabai Merah,1,VI,30350.0,DI Yogyakarta,2026-08-30T11:38:13.847136+00:00
2026-07-13,Cabai Merah,1,VI,30350.0,DI Yogyakarta,2026-08-30T11:38:13.847136+00:00
2026-07-14,Cabai Merah,1,VI,30350.0,DI Yogyakarta,2026-08-30T11:38:13.847136+00:00
2026-07-15,Cabai Merah,1,VI,30350.0,DI Yogyakarta,2026-08-30T11:38:13.847136+00:00
2026-07-16,Cabai Merah,1,VI,30350.0,DI Yogyakarta,2026-08-30T11:38:13.847136+00:00
2026-07-17,Cabai Merah,1,VI,30350.0,DI Yogyakarta,2026-08-30T11:38:13.847136+00:00
2026-07-20,Cabai Merah,1,VI,30350.0,DI Yogyakarta,2026-08-30T11:38:13.847136+00:00
2026-07-21,Cabai Merah,1,VI,30350.0,DI Yogyakarta,2026-08-30T11:38:13.847136+00:00
2026-07-22,Cabai Merah,1,VI,30350.0,DI Yogyakarta,2026-08-30T11:38:13.847136+00:00
2026-07-23,Cabai Merah,1,VI,30350.0,DI Yogyakarta,2026-08-30T11:38:13.847136+00:00
2026-07-24,Cabai Merah,1,VI,30350.0,DI Yogyakarta,2026-08-30T11:38:13.847136+00:00
2026-07-27,Cabai Merah,1,VI,25850.0,DI Yogyakarta,2026-08-30T11:38:13.847136+00:00
2026-07-28,Cabai Merah,1,VI,25850.0,DI Yogyakarta,2026-08-30T11:38:13.847136+00:00
2026-07-29,Cabai Merah,1,VI,25850.0,DI Yogyakarta,2026-08-30T11:38:13.847136+00:00
2026-07-30,Cabai Merah,1,VI,25850.0,DI Yogyakarta,2026-08-30T11:38:13.847136+00:00
2026-07-31,Cabai Merah,1,VI,25850.0,DI Yogyakarta,2026-08-30T11:38:13.847136+00:00
2026-08-03,Cabai Merah,1,VI,25850.0,DI Yogyakarta,2026-08-30T11:38:13.847136+00:00
2026-08-04,Cabai Merah,1,VI,25850.0,DI Yogyakarta,2026-08-30T11:38:13.847136+00:00
2026-08-05,Cabai Merah,1,VI,25850.0,DI Yogyakarta,2026-08-30T11:38:13.847136+00:00
2026-08-06,Cabai Merah,1,VI,25850.0,DI Yogyakarta,2026-08-30T11:38:13.847136+00:00
2026-08-07,Cabai Merah,1,VI,25850.0,DI Yogyakarta,2026-08-30T11:38:13.847136+00:00
2026-08-10,Cabai Merah,1,VI,25850.0,DI Yogyakarta,2026-08-30T11:38:13.847136+00:00
2026-08-11,Cabai Merah,1,VI,25850.0,DI Yogyakarta,2026-08-30T11:38:13.847136+00:00
2026-08-12,Cabai Merah,1,VI,25850.0,DI Yogyakarta,2026-08-30T11:38:13.847136+00:00
2026-08-13,Cabai Merah,1,VI,25850.0,DI Yogyakarta,2026-08-30T11:38:13.847136+00:00
2026-08-14,Cabai Merah,1,VI,25850.0,DI Yogyakarta,2026-08-30T11:38:13.847136+00:00
2026-07-06,Cabai Merah Besar,2,1,37350.0,DI Yogyakarta,2026-08-30T11:38:13.847136+00:00
2026-07-07,Cabai Merah Besar,2,1,37350.0,DI Yogyakarta,2026-08-30T11:38:13.847136+00:00
2026-07-08,Cabai Merah Besar,2,1,37350.0,DI Yogyakarta,2026-08-30T11:38:13.847136+00:00
2026-07-09,Cabai Merah Besar,2,1,37350.0,DI Yogyakarta,2026-08-30T11:38:13.847136+00:00
2026-07-10,Cabai Merah Besar,2,1,37350.0,DI Yogyakarta,2026-08-30T11:38:13.847136+00:00
2026-07-13,Cabai Merah Besar,2,1,37350.0,DI Yogyakarta,2026-08-30T11:38:13.847136+00:00
2026-07-14,Cabai Merah Besar,2,1,37350.0,DI Yogyakarta,2026-08-30T11:38:13.847136+00:00
2026-07-15,Cabai Merah Besar,2,1,37350.0,DI Yogyakarta,2026-08-30T11:38:13.847136+00:00
2026-07-16,Cabai Merah Besar,2,1,37350.0,DI Yogyakarta,2026-08-30T11:38:13.847136+00:00
2026-07-17,Cabai Merah Besar,2,1,37350.0,DI Yogyakarta,2026-08-30T11:38:13.847136+00:00
2026-07-20,Cabai Merah Besar,2,1,37350.0,DI Yogyakarta,2026-08-30T11:38:13.847136+00:00
2026-07-21,Cabai Merah Besar,2,1,37350.0,DI Yogyakarta,2026-08-30T11:38:13.847136+00:00
2026-07-22,Cabai Merah Besar,2,1,37350.0,DI Yogyakarta,2026-08-30T11:38:13.847136+00:00
2026-07-23,Cabai Merah Besar,2,1,37350.0,DI Yogyakarta,2026-08-30T11:38:13.847136+00:00
2026-07-24,Cabai Merah Besar,2,1,37350.0,DI Yogyakarta,2026-08-30T11:38:13.847136+00:00
2026-07-27,Cabai Merah Besar,2,1,31650.0,DI Yogyakarta,2026-08-30T11:38:13.847136+00:00
2026-07-28,Cabai Merah Besar,2,1,31650.0,DI Yogyakarta,2026-08-30T11:38:13.847136+00:00
2026-07-29,Cabai Merah Besar,2,1,31650.0,DI Yogyakarta,2026-08-30T11:38:13.847136+00:00
2026-07-30,Cabai Merah Besar,2,1,31650.0,DI Yogyakarta,2026-08-30T11:38:13.847136+00:00
2026-07-31,Cabai Merah Besar,2,1,31650.0,DI Yogyakarta,2026-08-30T11:38:13.847136+00:00
2026-08-03,Cabai Merah Besar,2,1,31650.0,DI Yogyakarta,2026-08-30T11:38:13.847136+00:00
2026-08-04,Cabai Merah Besar,2,1,31650.0,DI Yogyakarta,2026-08-30T11:38:13.847136+00:00
2026-08-05,Cabai Merah Besar,2,1,31650.0,DI Yogyakarta,2026-08-30T11:38:13.847136+00:00
2026-08-06,Cabai Merah Besar,2,1,31650.0,DI Yogyakarta,2026-08-30T11:38:13.847136+00:00
2026-08-07,Cabai Merah Besar,2,1,31650.0,DI Yogyakarta,2026-08-30T11:38:13.847136+00:00
2026-08-10,Cabai Merah Besar,2,1,31650.0,DI Yogyakarta,2026-08-30T11:38:13.847136+00:00
2026-08-11,Cabai Merah Besar,2,1,31650.0,DI Yogyakarta,2026-08-30T11:38:13.847136+00:00
2026-08-12,Cabai Merah Besar,2,1,31650.0,DI Yogyakarta,2026-08-30T11:38:13.847136+00:00
2026-08-13,Cabai Merah Besar,2,1,31650.0,DI Yogyakarta,2026-08-30T11:38:13.847136+00:00
2026-08-14,Cabai Merah Besar,2,1,31650.0,DI Yogyakarta,2026-08-30T11:38:13.847136+00:00
2026-07-06,Cabai Merah Keriting ,2,2,23350.0,DI Yogyakarta,2026-08-30T11:38:13.847136+00:00
2026-07-07,Cabai Merah Keriting ,2,2,23350.0,DI Yogyakarta,2026-08-30T11:38:13.847136+00:00
2026-07-08,Cabai Merah Keriting ,2,2,23350.0,DI Yogyakarta,2026-08-30T11:38:13.847136+00:00
2026-07-09,Cabai Merah Keriting ,2,2,23350.0,DI Yogyakarta,2026-08-30T11:38:13.847136+00:00
2026-07-10,Cabai Merah Keriting ,2,2,23350.0,DI Yogyakarta,2026-08-30T11:38:13.847136+00:00
2026-07-13,Cabai Merah Keriting ,2,2,23350.0,DI Yogyakarta,2026-08-30T11:38:13.847136+00:00
2026-07-14,Cabai Merah Keriting ,2,2,23350.0,DI Yogyakarta,2026-08-30T11:38:13.847136+00:00
2026-07-15,Cabai Merah Keriting ,2,2,23350.0,DI Yogyakarta,2026-08-30T11:38:13.847136+00:00
2026-07-16,Cabai Merah Keriting ,2,2,23350.0,DI Yogyakarta,2026-08-30T11:38:13.847136+00:00
2026-07-17,Cabai Merah Keriting ,2,2,23350.0,DI Yogyakarta,2026-08-30T11:38:13.847136+00:00
2026-07-20,Cabai Merah Keriting ,2,2,23350.0,DI Yogyakarta,2026-08-30T11:38:13.847136+00:00
2026-07-21,Cabai Merah Keriting ,2,2,23350.0,DI Yogyakarta,2026-08-30T11:38:13.847136+00:00
2026-07-22,Cabai Merah Keriting ,2,2,23350.0,DI Yogyakarta,2026-08-30T11:38:13.847136+00:00
2026-07-23,Cabai Merah Keriting ,2,2,23350.0,DI Yogyakarta,2026-08-30T11:38:13.847136+00:00
2026-07-24,Cabai Merah Keriting ,2,2,23350.0,DI Yogyakarta,2026-08-30T11:38:13.847136+00:00
2026-07-27,Cabai Merah Keriting ,2,2,20000.0,DI Yogyakarta,2026-08-30T11:38:13.847136+00:00
2026-07-28,Cabai Merah Keriting ,2,2,20000.0,DI Yogyakarta,2026-08-30T11:38:13.847136+00:00
2026-07-29,Cabai Merah Keriting ,2,2,20000.0,DI Yogyakarta,2026-08-30T11:38:13.847136+00:00
2026-07-30,Cabai Merah Keriting ,2,2,20000.0,DI Yogyakarta,2026-08-30T11:38:13.847136+00:00
2026-07-31,Cabai Merah Keriting ,2,2,20000.0,DI Yogyakarta,2026-08-30T11:38:13.847136+00:00
2026-08-03,Cabai Merah Keriting ,2,2,20000.0,DI Yogyakarta,2026-08-30T11:38:13.847136+00:00
2026-08-04,Cabai Merah Keriting ,2,2,20000.0,DI Yogyakarta,2026-08-30T11:38:13.847136+00:00
2026-08-05,Cabai Merah Keriting ,2,2,20000.0,DI Yogyakarta,2026-08-30T11:38:13.847136+00:00
2026-08-06,Cabai Merah Keriting ,2,2,20000.0,DI Yogyakarta,2026-08-30T11:38:13.847136+00:00
2026-08-07,Cabai Merah Keriting ,2,2,20000.0,DI Yogyakarta,2026-08-30T11:38:13.847136+00:00
2026-08-10,Cabai Merah Keriting ,2,2,20000.0,DI Yogyakarta,2026-08-30T11:38:13.847136+00:00
2026-08-11,Cabai Merah Keriting ,2,2,20000.0,DI Yogyakarta,2026-08-30T11:38:13.847136+00:00
2026-08-12,Cabai Merah Keriting ,2,2,20000.0,DI Yogyakarta,2026-08-30T11:38:13.847136+00:00
2026-08-13,Cabai Merah Keriting ,2,2,20000.0,DI Yogyakarta,2026-08-30T11:38:13.847136+00:00
2026-08-14,Cabai Merah Keriting ,2,2,20000.0,DI Yogyakarta,2026-08-30T11:38:13.847136+00:00
2026-07-06,Cabai Rawit,1,VII,45350.0,DI Yogyakarta,2026-08-30T11:38:13.847136+00:00
2026-07-07,Cabai Rawit,1,VII,45350.0,DI Yogyakarta,2026-08-30T11:38:13.847136+00:00
2026-07-08,Cabai Rawit,1,VII,45350.0,DI Yogyakarta,2026-08-30T11:38:13.847136+00:00
2026-07-09,Cabai Rawit,1,VII,45350.0,DI Yogyakarta,2026-08-30T11:38:13.847136+00:00
2026-07-10,Cabai Rawit,1,VII,45350.0,DI Yogyakarta,2026-08-30T11:38:13.847136+00:00
2026-07-13,Cabai Rawit,1,VII,45350.0,DI Yogyakarta,2026-08-30T11:38:13.847136+00:00
2026-07-14,Cabai Rawit,1,VII,45350.0,DI Yogyakarta,2026-08-30T11:38:13.847136+00:00
2026-07-15,Cabai Rawit,1,VII,45350.0,DI Yogyakarta,2026-08-30T11:38:13.847136+00:00
2026-07-16,Cabai Rawit,1,VII,45350.0,DI Yogyakarta,2026-08-30T11:38:13.847136+00:00
2026-07-17,Cabai Rawit,1,VII,45350.0,DI Yogyakarta,2026-08-30T11:38:13.847136+00:00
2026-07-20,Cabai Rawit,1,VII,45350.0,DI Yogyakarta,2026-08-30T11:38:13.847136+00:00
2026-07-21,Cabai Rawit,1,VII,45350.0,DI Yogyakarta,2026-08-30T11:38:13.847136+00:00
2026-07-22,Cabai Rawit,1,VII,45350.0,DI Yogyakarta,2026-08-30T11:38:13.847136+00:00
2026-07-23,Cabai Rawit,1,VII,45350.0,DI Yogyakarta,2026-08-30T11:38:13.847136+00:00
2026-07-24,Cabai Rawit,1,VII,45350.0,DI Yogyakarta,2026-08-30T11:38:13.847136+00:00
2026-07-27,Cabai Rawit,1,VII,31250.0,DI Yogyakarta,2026-08-30T11:38:13.847136+00:00
2026-07-28,Cabai Rawit,1,VII,31250.0,DI Yogyakarta,2026-08-30T11:38:13.847136+00:00
2026-07-29,Cabai Rawit,1,VII,31250.0,DI Yogyakarta,2026-08-30T11:38:13.847136+00:00
2026-07-30,Cabai Rawit,1,VII,31250.0,DI Yogyakarta,2026-08-30T11:38:13.847136+00:00
2026-07-31,Cabai Rawit,1,VII,31250.0,DI Yogyakarta,2026-08-30T11:38:13.847136+00:00
2026-08-03,Cabai Rawit,1,VII,31250.0,DI Yogyakarta,2026-08-30T11:38:13.847136+00:00
2026-08-04,Cabai Rawit,1,VII,31250.0,DI Yogyakarta,2026-08-30T11:38:13.847136+00:00
2026-08-05,Cabai Rawit,1,VII,31250.0,DI Yogyakarta,2026-08-30T11:38:13.847136+00:00
2026-08-06,Cabai Rawit,1,VII,31250.0,DI Yogyakarta,2026-08-30T11:38:13.847136+00:00
2026-08-07,Cabai Rawit,1,VII,31250.0,DI Yogyakarta,2026-08-30T11:38:13.847136+00:00
2026-08-10,Cabai Rawit,1,VII,31250.0,DI Yogyakarta,2026-08-30T11:38:13.847136+00:00
2026-08-11,Cabai Rawit,1,VII,31250.0,DI Yogyakarta,2026-08-30T11:38:13.847136+00:00
2026-08-12,Cabai Rawit,1,VII,31250.0,DI Yogyakarta,2026-08-30T11:38:13.847136+00:00
2026-08-13,Cabai Rawit,1,VII,31250.0,DI Yogyakarta,2026-08-30T11:38:13.847136+00:00
2026-08-14,Cabai Rawit,1,VII,31250.0,DI Yogyakarta,2026-08-30T11:38:13.847136+00:00
2026-07-06,Cabai Rawit Hijau,2,1,43650.0,DI Yogyakarta,2026-08-30T11:38:13.847136+00:00
2026-07-07,Cabai Rawit Hijau,2,1,43650.0,DI Yogyakarta,2026-08-30T11:38:13.847136+00:00
2026-07-08,Cabai Rawit Hijau,2,1,43650.0,DI Yogyakarta,2026-08-30T11:38:13.847136+00:00
2026-07-09,Cabai Rawit Hijau,2,1,43650.0,DI Yogyakarta,2026-08-30T11:38:13.847136+00:00
2026-07-10,Cabai Rawit Hijau,2,1,43650.0,DI Yogyakarta,2026-08-30T11:38:13.847136+00:00
2026-07-13,Cabai Rawit Hijau,2,1,43650.0,DI Yogyakarta,2026-08-30T11:38:13.847136+00:00
2026-07-14,Cabai Rawit Hijau,2,1,43650.0,DI Yogyakarta,2026-08-30T11:38:13.847136+00:00
2026-07-15,Cabai Rawit Hijau,2,1,43650.0,DI Yogyakarta,2026-08-30T11:38:13.847136+00:00
2026-07-16,Cabai Rawit Hijau,2,1,43650.0,DI Yogyakarta,2026-08-30T11:38:13.847136+00:00
2026-07-17,Cabai Rawit Hijau,2,1,43650.0,DI Yogyakarta,2026-08-30T11:38:13.847136+00:00
2026-07-20,Cabai Rawit Hijau,2,1,43650.0,DI Yogyakarta,2026-08-30T11:38:13.847136+00:00
2026-07-21,Cabai Rawit Hijau,2,1,43650.0,DI Yogyakarta,2026-08-30T11:38:13.847136+00:00
2026-07-22,Cabai Rawit Hijau,2,1,43650.0,DI Yogyakarta,2026-08-30T11:38:13.847136+00:00
2026-07-23,Cabai Rawit Hijau,2,1,43650.0,DI Yogyakarta,2026-08-30T11:38:13.847136+00:00
2026-07-24,Cabai Rawit Hijau,2,1,43650.0,DI Yogyakarta,2026-08-30T11:38:13.847136+00:00
2026-07-27,Cabai Rawit Hijau,2,1,33150.0,DI Yogyakarta,2026-08-30T11:38:13.847136+00:00
2026-07-28,Cabai Rawit Hijau,2,1,33150.0,DI Yogyakarta,2026-08-30T11:38:13.847136+00:00
2026-07-29,Cabai Rawit Hijau,2,1,33150.0,DI Yogyakarta,2026-08-30T11:38:13.847136+00:00
2026-07-30,Cabai Rawit Hijau,2,1,33150.0,DI Yogyakarta,2026-08-30T11:38:13.847136+00:00
2026-07-31,Cabai Rawit Hijau,2,1,33150.0,DI Yogyakarta,2026-08-30T11:38:13.847136+00:00
2026-08-03,Cabai Rawit Hijau,2,1,33150.0,DI Yogyakarta,2026-08-30T11:38:13.847136+00:00
2026-08-04,Cabai Rawit Hijau,2,1,33150.0,DI Yogyakarta,2026-08-30T11:38:13.847136+00:00
2026-08-05,Cabai Rawit Hijau,2,1,33150.0,DI Yogyakarta,2026-08-30T11:38:13.847136+00:00
2026-08-06,Cabai Rawit Hijau,2,1,33150.0,DI Yogyakarta,2026-08-30T11:38:13.847136+00:00
2026-08-07,Cabai Rawit Hijau,2,1,33150.0,DI Yogyakarta,2026-08-30T11:38:13.847136+00:00
2026-08-10,Cabai Rawit Hijau,2,1,33150.0,DI Yogyakarta,2026-08-30T11:38:13.847136+00:00
2026-08-11,Cabai Rawit Hijau,2,1,33150.0,DI Yogyakarta,2026-08-30T11:38:13.847136+00:00
2026-08-12,Cabai Rawit Hijau,2,1,33150.0,DI Yogyakarta,2026-08-30T11:38:13.847136+00:00
2026-08-13,Cabai Rawit Hijau,2,1,33150.0,DI Yogyakarta,2026-08-30T11:38:13.847136+00:00
2026-08-14,Cabai Rawit Hijau,2,1,33150.0,DI Yogyakarta,2026-08-30T11:38:13.847136+00:00
2026-07-06,Cabai Rawit Merah,2,2,47000.0,DI Yogyakarta,2026-08-30T11:38:13.847136+00:00
2026-07-07,Cabai Rawit Merah,2,2,47000.0,DI Yogyakarta,2026-08-30T11:38:13.847136+00:00
2026-07-08,Cabai Rawit Merah,2,2,47000.0,DI Yogyakarta,2026-08-30T11:38:13.847136+00:00
2026-07-09,Cabai Rawit Merah,2,2,47000.0,DI Yogyakarta,2026-08-30T11:38:13.847136+00:00
2026-07-10,Cabai Rawit Merah,2,2,47000.0,DI Yogyakarta,2026-08-30T11:38:13.847136+00:00
2026-07-13,Cabai Rawit Merah,2,2,47000.0,DI Yogyakarta,2026-08-30T11:38:13.847136+00:00
2026-07-14,Cabai Rawit Merah,2,2,47000.0,DI Yogyakarta,2026-08-30T11:38:13.847136+00:00
2026-07-15,Cabai Rawit Merah,2,2,47000.0,DI Yogyakarta,2026-08-30T11:38:13.847136+00:00
2026-07-16,Cabai Rawit Merah,2,2,47000.0,DI Yogyakarta,2026-08-30T11:38:13.847136+00:00
2026-07-17,Cabai Rawit Merah,2,2,47000.0,DI Yogyakarta,2026-08-30T11:38:13.847136+00:00
2026-07-20,Cabai Rawit Merah,2,2,47000.0,DI Yogyakarta,2026-08-30T11:38:13.847136+00:00
2026-07-21,Cabai Rawit Merah,2,2,47000.0,DI Yogyakarta,2026-08-30T11:38:13.847136+00:00
2026-07-22,Cabai Rawit Merah,2,2,47000.0,DI Yogyakarta,2026-08-30T11:38:13.847136+00:00
2026-07-23,Cabai Rawit Merah,2,2,47000.0,DI Yogyakarta,2026-08-30T11:38:13.847136+00:00
2026-07-24,Cabai Rawit Merah,2,2,47000.0,DI Yogyakarta,2026-08-30T11:38:13.847136+00:00
2026-07-27,Cabai Rawit Merah,2,2,29350.0,DI Yogyakarta,2026-08-30T11:38:13.847136+00:00
2026-07-28,Cabai Rawit Merah,2,2,29350.0,DI Yogyakarta,2026-08-30T11:38:13.847136+00:00
2026-07-29,Cabai Rawit Merah,2,2,29350.0,DI Yogyakarta,2026-08-30T11:38:13.847136+00:00
2026-07-30,Cabai Rawit Merah,2,2,29350.0,DI Yogyakarta,2026-08-30T11:38:13.847136+00:00
2026-07-31,Cabai Rawit Merah,2,2,29350.0,DI Yogyakarta,2026-08-30T11:38:13.847136+00:00
2026-08-03,Cabai Rawit Merah,2,2,29350.0,DI Yogyakarta,2026-08-30T11:38:13.847136+00:00
2026-08-04,Cabai Rawit Merah,2,2,29350.0,DI Yogyakarta,2026-08-30T11:38:13.847136+00:00
2026-08-05,Cabai Rawit Merah,2,2,29350.0,DI Yogyakarta,2026-08-30T11:38:13.847136+00:00
2026-08-06,Cabai Rawit Merah,2,2,29350.0,DI Yogyakarta,2026-08-30T11:38:13.847136+00:00
2026-08-07,Cabai Rawit Merah,2,2,29350.0,DI Yogyakarta,2026-08-30T11:38:13.847136+00:00
2026-08-10,Cabai Rawit Merah,2,2,29350.0,DI Yogyakarta,2026-08-30T11:38:13.847136+00:00
2026-08-11,Cabai Rawit Merah,2,2,29350.0,DI Yogyakarta,2026-08-30T11:38:13.847136+00:00
2026-08-12,Cabai Rawit Merah,2,2,29350.0,DI Yogyakarta,2026-08-30T11:38:13.847136+00:00
2026-08-13,Cabai Rawit Merah,2,2,29350.0,DI Yogyakarta,2026-08-30T11:38:13.847136+00:00
2026-08-14,Cabai Rawit Merah,2,2,29350.0,DI Yogyakarta,2026-08-30T11:38:13.847136+00:00
2026-07-06,Gula Pasir,1,VIII,16000.0,DI Yogyakarta,2026-08-30T11:38:13.847136+00:00
2026-07-07,Gula Pasir,1,VIII,16000.0,DI Yogyakarta,2026-08-30T11:38:13.847136+00:00
2026-07-08,Gula Pasir,1,VIII,16000.0,DI Yogyakarta,2026-08-30T11:38:13.847136+00:00
2026-07-09,Gula Pasir,1,VIII,16000.0,DI Yogyakarta,2026-08-30T11:38:13.847136+00:00
2026-07-10,Gula Pasir,1,VIII,16000.0,DI Yogyakarta,2026-08-30T11:38:13.847136+00:00
2026-07-13,Gula Pasir,1,VIII,16000.0,DI Yogyakarta,2026-08-30T11:38:13.847136+00:00
2026-07-14,Gula Pasir,1,VIII,16000.0,DI Yogyakarta,2026-08-30T11:38:13.847136+00:00
2026-07-15,Gula Pasir,1,VIII,16000.0,DI Yogyakarta,2026-08-30T11:38:13.847136+00:00
2026-07-16,Gula Pasir,1,VIII,16000.0,DI Yogyakarta,2026-08-30T11:38:13.847136+00:00
2026-07-17,Gula Pasir,1,VIII,16000.0,DI Yogyakarta,2026-08-30T11:38:13.847136+00:00
2026-07-20,Gula Pasir,1,VIII,16000.0,DI Yogyakarta,2026-08-30T11:38:13.847136+00:00
2026-07-21,Gula Pasir,1,VIII,16000.0,DI Yogyakarta,2026-08-30T11:38:13.847136+00:00
2026-07-22,Gula Pasir,1,VIII,16000.0,DI Yogyakarta,2026-08-30T11:38:13.847136+00:00
2026-07-23,Gula Pasir,1,VIII,16000.0,DI Yogyakarta,2026-08-30T11:38:13.847136+00:00
2026-07-24,Gula Pasir,1,VIII,16000.0,DI Yogyakarta,2026-08-30T11:38:13.847136+00:00
2026-07-27,Gula Pasir,1,VIII,16000.0,DI Yogyakarta,2026-08-30T11:38:13.847136+00:00
2026-07-28,Gula Pasir,1,VIII,16000.0,DI Yogyakarta,2026-08-30T11:38:13.847136+00:00
2026-07-29,Gula Pasir,1,VIII,16000.0,DI Yogyakarta,2026-08-30T11:38:13.847136+00:00
2026-07-30,Gula Pasir,1,VIII,16000.0,DI Yogyakarta,2026-08-30T11:38:13.847136+00:00
2026-07-31,Gula Pasir,1,VIII,16000.0,DI Yogyakarta,2026-08-30T11:38:13.847136+00:00
2026-08-03,Gula Pasir,1,VIII,16000.0,DI Yogyakarta,2026-08-30T11:38:13.847136+00:00
2026-08-04,Gula Pasir,1,VIII,16000.0,DI Yogyakarta,2026-08-30T11:38:13.847136+00:00
2026-08-05,Gula Pasir,1,VIII,16000.0,DI Yogyakarta,2026-08-30T11:38:13.847136+00:00
2026-08-06,Gula Pasir,1,VIII,16000.0,DI Yogyakarta,2026-08-30T11:38:13.847136+00:00
2026-08-07,Gula Pasir,1,VIII,16000.0,DI Yogyakarta,2026-08-30T11:38:13.847136+00:00
2026-08-10,Gula Pasir,1,VIII,16000.0,DI Yogyakarta,2026-08-30T11:38:13.847136+00:00
2026-08-11,Gula Pasir,1,VIII,16000.0,DI Yogyakarta,2026-08-30T11:38:13.847136+00:00
2026-08-12,Gula Pasir,1,VIII,16000.0,DI Yogyakarta,2026-08-30T11:38:13.847136+00:00
2026-08-13,Gula Pasir,1,VIII,16000.0,DI Yogyakarta,2026-08-30T11:38:13.847136+00:00
2026-08-14,Gula Pasir,1,VIII,16000.0,DI Yogyakarta,2026-08-30T11:38:13.847136+00:00
2026-07-06,Gula Pasir Kualitas Premium,2,1,16000.0,DI Yogyakarta,2026-08-30T11:38:13.847136+00:00
2026-07-07,Gula Pasir Kualitas Premium,2,1,16000.0,DI Yogyakarta,2026-08-30T11:38:13.847136+00:00
2026-07-08,Gula Pasir Kualitas Premium,2,1,16000.0,DI Yogyakarta,2026-08-30T11:38:13.847136+00:00
2026-07-09,Gula Pasir Kualitas Premium,2,1,16000.0,DI Yogyakarta,2026-08-30T11:38:13.847136+00:00
2026-07-10,Gula Pasir Kualitas Premium,2,1,16000.0,DI Yogyakarta,2026-08-30T11:38:13.847136+00:00
2026-07-13,Gula Pasir Kualitas Premium,2,1,16000.0,DI Yogyakarta,2026-08-30T11:38:13.847136+00:00
2026-07-14,Gula Pasir Kualitas Premium,2,1,16000.0,DI Yogyakarta,2026-08-30T11:38:13.847136+00:00
2026-07-15,Gula Pasir Kualitas Premium,2,1,16000.0,DI Yogyakarta,2026-08-30T11:38:13.847136+00:00
2026-07-16,Gula Pasir Kualitas Premium,2,1,16000.0,DI Yogyakarta,2026-08-30T11:38:13.847136+00:00
2026-07-17,Gula Pasir Kualitas Premium,2,1,16000.0,DI Yogyakarta,2026-08-30T11:38:13.847136+00:00
2026-07-20,Gula Pasir Kualitas Premium,2,1,16000.0,DI Yogyakarta,2026-08-30T11:38:13.847136+00:00
2026-07-21,Gula Pasir Kualitas Premium,2,1,16000.0,DI Yogyakarta,2026-08-30T11:38:13.847136+00:00
2026-07-22,Gula Pasir Kualitas Premium,2,1,16000.0,DI Yogyakarta,2026-08-30T11:38:13.847136+00:00
2026-07-23,Gula Pasir Kualitas Premium,2,1,16000.0,DI Yogyakarta,2026-08-30T11:38:13.847136+00:00
2026-07-24,Gula Pasir Kualitas Premium,2,1,16000.0,DI Yogyakarta,2026-08-30T11:38:13.847136+00:00
2026-07-27,Gula Pasir Kualitas Premium,2,1,16000.0,DI Yogyakarta,2026-08-30T11:38:13.847136+00:00
2026-07-28,Gula Pasir Kualitas Premium,2,1,16000.0,DI Yogyakarta,2026-08-30T11:38:13.847136+00:00
2026-07-29,Gula Pasir Kualitas Premium,2,1,16000.0,DI Yogyakarta,2026-08-30T11:38:13.847136+00:00
2026-07-30,Gula Pasir Kualitas Premium,2,1,16000.0,DI Yogyakarta,2026-08-30T11:38:13.847136+00:00
2026-07-31,Gula Pasir Kualitas Premium,2,1,16000.0,DI Yogyakarta,2026-08-30T11:38:13.847136+00:00
2026-08-03,Gula Pasir Kualitas Premium,2,1,16000.0,DI Yogyakarta,2026-08-30T11:38:13.847136+00:00
2026-08-04,Gula Pasir Kualitas Premium,2,1,16000.0,DI Yogyakarta,2026-08-30T11:38:13.847136+00:00
2026-08-05,Gula Pasir Kualitas Premium,2,1,16000.0,DI Yogyakarta,2026-08-30T11:38:13.847136+00:00
2026-08-06,Gula Pasir Kualitas Premium,2,1,16000.0,DI Yogyakarta,2026-08-30T11:38:13.847136+00:00
2026-08-07,Gula Pasir Kualitas Premium,2,1,16000.0,DI Yogyakarta,2026-08-30T11:38:13.847136+00:00
2026-08-10,Gula Pasir Kualitas Premium,2,1,16000.0,DI Yogyakarta,2026-08-30T11:38:13.847136+00:00
2026-08-11,Gula Pasir Kualitas Premium,2,1,16000.0,DI Yogyakarta,2026-08-30T11:38:13.847136+00:00
2026-08-12,Gula Pasir Kualitas Premium,2,1,16000.0,DI Yogyakarta,2026-08-30T11:38:13.847136+00:00
2026-08-13,Gula Pasir Kualitas Premium,2,1,16000.0,DI Yogyakarta,2026-08-30T11:38:13.847136+00:00
2026-08-14,Gula Pasir Kualitas Premium,2,1,16000.0,DI Yogyakarta,2026-08-30T11:38:13.847136+00:00
2026-05-11,Beras,1,I,14000.0,DI Yogyakarta,2026-08-30T11:38:18.765381+00:00
2026-05-12,Beras,1,I,14000.0,DI Yogyakarta,2026-08-30T11:38:18.765381+00:00
2026-05-13,Beras,1,I,14000.0,DI Yogyakarta,2026-08-30T11:38:18.765381+00:00
2026-05-14,Beras,1,I,14000.0,DI Yogyakarta,2026-08-30T11:38:18.765381+00:00
2026-05-15,Beras,1,I,14000.0,DI Yogyakarta,2026-08-30T11:38:18.765381+00:00
2026-05-18,Beras,1,I,14000.0,DI Yogyakarta,2026-08-30T11:38:18.765381+00:00
2026-05-19,Beras,1,I,14000.0,DI Yogyakarta,2026-08-30T11:38:18.765381+00:00
2026-05-20,Beras,1,I,14000.0,DI Yogyakarta,2026-08-30T11:38:18.765381+00:00
2026-05-21,Beras,1,I,14000.0,DI Yogyakarta,2026-08-30T11:38:18.765381+00:00
2026-05-22,Beras,1,I,14000.0,DI Yogyakarta,2026-08-30T11:38:18.765381+00:00
2026-05-25,Beras,1,I,14000.0,DI Yogyakarta,2026-08-30T11:38:18.765381+00:00
2026-05-26,Beras,1,I,14000.0,DI Yogyakarta,2026-08-30T11:38:18.765381+00:00
2026-05-27,Beras,1,I,14000.0,DI Yogyakarta,2026-08-30T11:38:18.765381+00:00
2026-05-28,Beras,1,I,14000.0,DI Yogyakarta,2026-08-30T11:38:18.765381+00:00
2026-05-29,Beras,1,I,14000.0,DI Yogyakarta,2026-08-30T11:38:18.765381+00:00
2026-06-01,Beras,1,I,14000.0,DI Yogyakarta,2026-08-30T11:38:18.765381+00:00
2026-06-02,Beras,1,I,14000.0,DI Yogyakarta,2026-08-30T11:38:18.765381+00:00
2026-06-03,Beras,1,I,14000.0,DI Yogyakarta,2026-08-30T11:38:18.765381+00:00
2026-06-04,Beras,1,I,14000.0,DI Yogyakarta,2026-08-30T11:38:18.765381+00:00
2026-06-05,Beras,1,I,14000.0,DI Yogyakarta,2026-08-30T11:38:18.765381+00:00
2026-06-08,Beras,1,I,14000.0,DI Yogyakarta,2026-08-30T11:38:18.765381+00:00
2026-06-09,Beras,1,I,14000.0,DI Yogyakarta,2026-08-30T11:38:18.765381+00:00
2026-06-10,Beras,1,I,14000.0,DI Yogyakarta,2026-08-30T11:38:18.765381+00:00
2026-06-11,Beras,1,I,14000.0,DI Yogyakarta,2026-08-30T11:38:18.765381+00:00
2026-06-12,Beras,1,I,14000.0,DI Yogyakarta,2026-08-30T11:38:18.765381+00:00
2026-06-15,Beras,1,I,14000.0,DI Yogyakarta,2026-08-30T11:38:18.765381+00:00
2026-06-16,Beras,1,I,14000.0,DI Yogyakarta,2026-08-30T11:38:18.765381+00:00
2026-06-17,Beras,1,I,14000.0,DI Yogyakarta,2026-08-30T11:38:18.765381+00:00
2026-06-18,Beras,1,I,14000.0,DI Yogyakarta,2026-08-30T11:38:18.765381+00:00
2026-06-19,Beras,1,I,14000.0,DI Yogyakarta,2026-08-30T11:38:18.765381+00:00
2026-06-22,Beras,1,I,14000.0,DI Yogyakarta,2026-08-30T11:38:18.765381+00:00
2026-06-23,Beras,1,I,14000.0,DI Yogyakarta,2026-08-30T11:38:18.765381+00:00
2026-06-24,Beras,1,I,14000.0,DI Yogyakarta,2026-08-30T11:38:18.765381+00:00
2026-06-25,Beras,1,I,14100.0,DI Yogyakarta,2026-08-30T11:38:18.765381+00:00
2026-06-26,Beras,1,I,14100.0,DI Yogyakarta,2026-08-30T11:38:18.765381+00:00
2026-06-29,Beras,1,I,14100.0,DI Yogyakarta,2026-08-30T11:38:18.765381+00:00
2026-06-30,Beras,1,I,14100.0,DI Yogyakarta,2026-08-30T11:38:18.765381+00:00
2026-07-01,Beras,1,I,14100.0,DI Yogyakarta,2026-08-30T11:38:18.765381+00:00
2026-07-02,Beras,1,I,14100.0,DI Yogyakarta,2026-08-30T11:38:18.765381+00:00
2026-07-03,Beras,1,I,14100.0,DI Yogyakarta,2026-08-30T11:38:18.765381+00:00
2026-05-11,Beras Kualitas Bawah I,2,1,12500.0,DI Yogyakarta,2026-08-30T11:38:18.765381+00:00
2026-05-12,Beras Kualitas Bawah I,2,1,12500.0,DI Yogyakarta,2026-08-30T11:38:18.765381+00:00
2026-05-13,Beras Kualitas Bawah I,2,1,12500.0,DI Yogyakarta,2026-08-30T11:38:18.765381+00:00
2026-05-14,Beras Kualitas Bawah I,2,1,12500.0,DI Yogyakarta,2026-08-30T11:38:18.765381+00:00
2026-05-15,Beras Kualitas Bawah I,2,1,12500.0,DI Yogyakarta,2026-08-30T11:38:18.765381+00:00
2026-05-18,Beras Kualitas Bawah I,2,1,12500.0,DI Yogyakarta,2026-08-30T11:38:18.765381+00:00
2026-05-19,Beras Kualitas Bawah I,2,1,12500.0,DI Yogyakarta,2026-08-30T11:38:18.765381+00:00
2026-05-20,Beras Kualitas Bawah I,2,1,12500.0,DI Yogyakarta,2026-08-30T11:38:18.765381+00:00
2026-05-21,Beras Kualitas Bawah I,2,1,12500.0,DI Yogyakarta,2026-08-30T11:38:18.765381+00:00
2026-05-22,Beras Kualitas Bawah I,2,1,12500.0,DI Yogyakarta,2026-08-30T11:38:18.765381+00:00
2026-05-25,Beras Kualitas Bawah I,2,1,12500.0,DI Yogyakarta,2026-08-30T11:38:18.765381+00:00
2026-05-26,Beras Kualitas Bawah I,2,1,12500.0,DI Yogyakarta,2026-08-30T11:38:18.765381+00:00
2026-05-27,Beras Kualitas Bawah I,2,1,12500.0,DI Yogyakarta,2026-08-30T11:38:18.765381+00:00
2026-05-28,Beras Kualitas Bawah I,2,1,12500.0,DI Yogyakarta,2026-08-30T11:38:18.765381+00:00
2026-05-29,Beras Kualitas Bawah I,2,1,12500.0,DI Yogyakarta,2026-08-30T11:38:18.765381+00:00
2026-06-01,Beras Kualitas Bawah I,2,1,12500.0,DI Yogyakarta,2026-08-30T11:38:18.765381+00:00
2026-06-02,Beras Kualitas Bawah I,2,1,12500.0,DI Yogyakarta,2026-08-30T11:38:18.765381+00:00
2026-06-03,Beras Kualitas Bawah I,2,1,12500.0,DI Yogyakarta,2026-08-30T11:38:18.765381+00:00
2026-06-04,Beras Kualitas Bawah I,2,1,12500.0,DI Yogyakarta,2026-08-30T11:38:18.765381+00:00
2026-06-05,Beras Kualitas Bawah I,2,1,12500.0,DI Yogyakarta,2026-08-30T11:38:18.765381+00:00
2026-06-08,Beras Kualitas Bawah I,2,1,12500.0,DI Yogyakarta,2026-08-30T11:38:18.765381+00:00
2026-06-09,Beras Kualitas Bawah I,2,1,12500.0,DI Yogyakarta,2026-08-30T11:38:18.765381+00:00
2026-06-10,Beras Kualitas Bawah I,2,1,12500.0,DI Yogyakarta,2026-08-30T11:38:18.765381+00:00
2026-06-11,Beras Kualitas Bawah I,2,1,12500.0,DI Yogyakarta,2026-08-30T11:38:18.765381+00:00
2026-06-12,Beras Kualitas Bawah I,2,1,12500.0,DI Yogyakarta,2026-08-30T11:38:18.765381+00:00
2026-06-15,Beras Kualitas Bawah I,2,1,12500.0,DI Yogyakarta,2026-08-30T11:38:18.765381+00:00
2026-06-16,Beras Kualitas Bawah I,2,1,12500.0,DI Yogyakarta,2026-08-30T11:38:18.765381+00:00
2026-06-17,Beras Kualitas Bawah I,2,1,12500.0,DI Yogyakarta,2026-08-30T11:38:18.765381+00:00
2026-06-18,Beras Kualitas Bawah I,2,1,12500.0,DI Yogyakarta,2026-08-30T11:38:18.765381+00:00
2026-06-19,Beras Kualitas Bawah I,2,1,12500.0,DI Yogyakarta,2026-08-30T11:38:18.765381+00:00
2026-06-22,Beras Kualitas Bawah I,2,1,12500.0,DI Yogyakarta,2026-08-30T11:38:18.765381+00:00
2026-06-23,Beras Kualitas Bawah I,2,1,12500.0,DI Yogyakarta,2026-08-30T11:38:18.765381+00:00
2026-06-24,Beras Kualitas Bawah I,2,1,12500.0,DI Yogyakarta,2026-08-30T11:38:18.765381+00:00
2026-06-25,Beras Kualitas Bawah I,2,1,12750.0,DI Yogyakarta,2026-08-30T11:38:18.765381+00:00
2026-06-26,Beras Kualitas Bawah I,2,1,12750.0,DI Yogyakarta,2026-08-30T11:38:18.765381+00:00
2026-06-29,Beras Kualitas Bawah I,2,1,12750.0,DI Yogyakarta,2026-08-30T11:38:18.765381+00:00
2026-06-30,Beras Kualitas Bawah I,2,1,12750.0,DI Yogyakarta,2026-08-30T11:38:18.765381+00:00
2026-07-01,Beras Kualitas Bawah I,2,1,12750.0,DI Yogyakarta,2026-08-30T11:38:18.765381+00:00
2026-07-02,Beras Kualitas Bawah I,2,1,12750.0,DI Yogyakarta,2026-08-30T11:38:18.765381+00:00
2026-07-03,Beras Kualitas Bawah I,2,1,12750.0,DI Yogyakarta,2026-08-30T11:38:18.765381+00:00
2026-05-11,Beras Kualitas Medium I,2,2,13500.0,DI Yogyakarta,2026-08-30T11:38:18.765381+00:00
2026-05-12,Beras Kualitas Medium I,2,2,13500.0,DI Yogyakarta,2026-08-30T11:38:18.765381+00:00
2026-05-13,Beras Kualitas Medium I,2,2,13500.0,DI Yogyakarta,2026-08-30T11:38:18.765381+00:00
2026-05-14,Beras Kualitas Medium I,2,2,13500.0,DI Yogyakarta,2026-08-30T11:38:18.765381+00:00
2026-05-15,Beras Kualitas Medium I,2,2,13500.0,DI Yogyakarta,2026-08-30T11:38:18.765381+00:00
2026-05-18,Beras Kualitas Medium I,2,2,13500.0,DI Yogyakarta,2026-08-30T11:38:18.765381+00:00
2026-05-19,Beras Kualitas Medium I,2,2,13500.0,DI Yogyakarta,2026-08-30T11:38:18.765381+00:00
2026-05-20,Beras Kualitas Medium I,2,2,13500.0,DI Yogyakarta,2026-08-30T11:38:18.765381+00:00
2026-05-21,Beras Kualitas Medium I,2,2,13500.0,DI Yogyakarta,2026-08-30T11:38:18.765381+00:00
2026-05-22,Beras Kualitas Medium I,2,2,13500.0,DI Yogyakarta,2026-08-30T11:38:18.765381+00:00
2026-05-25,Beras Kualitas Medium I,2,2,13600.0,DI Yogyakarta,2026-08-30T11:38:18.765381+00:00
2026-05-26,Beras Kualitas Medium I,2,2,13600.0,DI Yogyakarta,2026-08-30T11:38:18.765381+00:00
2026-05-27,Beras Kualitas Medium I,2,2,13600.0,DI Yogyakarta,2026-08-30T11:38:18.765381+00:00
2026-05-28,Beras Kualitas Medium I,2,2,13600.0,DI Yogyakarta,2026-08-30T11:38:18.765381+00:00
2026-05-29,Beras Kualitas Medium I,2,2,13600.0,DI Yogyakarta,2026-08-30T11:38:18.765381+00:00
2026-06-01,Beras Kualitas Medium I,2,2,13600.0,DI Yogyakarta,2026-08-30T11:38:18.765381+00:00
2026-06-02,Beras Kualitas Medium I,2,2,13600.0,DI Yogyakarta,2026-08-30T11:38:18.765381+00:00
2026-06-03,Beras Kualitas Medium I,2,2,13600.0,DI Yogyakarta,2026-08-30T11:38:18.765381+00:00
2026-06-04,Beras Kualitas Medium I,2,2,13600.0,DI Yogyakarta,2026-08-30T11:38:18.765381+00:00
2026-06-05,Beras Kualitas Medium I,2,2,13600.0,DI Yogyakarta,2026-08-30T11:38:18.765381+00:00
2026-06-08,Beras Kualitas Medium I,2,2,13600.0,DI Yogyakarta,2026-08-30T11:38:18.765381+00:00
2026-06-09,Beras Kualitas Medium I,2,2,13600.0,DI Yogyakarta,2026-08-30T11:38:18.765381+00:00
2026-06-10,Beras Kualitas Medium I,2,2,13600.0,DI Yogyakarta,2026-08-30T11:38:18.765381+00:00
2026-06-11,Beras Kualitas Medium I,2,2,13600.0,DI Yogyakarta,2026-08-30T11:38:18.765381+00:00
2026-06-12,Beras Kualitas Medium I,2,2,13600.0,DI Yogyakarta,2026-08-30T11:38:18.765381+00:00
2026-06-15,Beras Kualitas Medium I,2,2,13600.0,DI Yogyakarta,2026-08-30T11:38:18.765381+00:00
2026-06-16,Beras Kualitas Medium I,2,2,13600.0,DI Yogyakarta,2026-08-30T11:38:18.765381+00:00
2026-06-17,Beras Kualitas Medium I,2,2,13600.0,DI Yogyakarta,2026-08-30T11:38:18.765381+00:00
2026-06-18,Beras Kualitas Medium I,2,2,13600.0,DI Yogyakarta,2026-08-30T11:38:18.765381+00:00
2026-06-19,Beras Kualitas Medium I,2,2,13600.0,DI Yogyakarta,2026-08-30T11:38:18.765381+00:00
2026-06-22,Beras Kualitas Medium I,2,2,13600.0,DI Yogyakarta,2026-08-30T11:38:18.765381+00:00
2026-06-23,Beras Kualitas Medium I,2,2,13600.0,DI Yogyakarta,2026-08-30T11:38:18.765381+00:00
2026-06-24,Beras Kualitas Medium I,2,2,13600.0,DI Yogyakarta,2026-08-30T11:38:18.765381+00:00
2026-06-25,Beras Kualitas Medium I,2,2,13600.0,DI Yogyakarta,2026-08-30T11:38:18.765381+00:00
2026-06-26,Beras Kualitas Medium I,2,2,13600.0,DI Yogyakarta,2026-08-30T11:38:18.765381+00:00
2026-06-29,Beras Kualitas Medium I,2,2,13600.0,DI Yogyakarta,2026-08-30T11:38:18.765381+00:00
2026-06-30,Beras Kualitas Medium I,2,2,13600.0,DI Yogyakarta,2026-08-30T11:38:18.765381+00:00
2026-07-01,Beras Kualitas Medium I,2,2,13600.0,DI Yogyakarta,2026-08-30T11:38:18.765381+00:00
2026-07-02,Beras Kualitas Medium I,2,2,13600.0,DI Yogyakarta,2026-08-30T11:38:18.765381+00:00
2026-07-03,Beras Kualitas Medium I,2,2,13600.0,DI Yogyakarta,2026-08-30T11:38:18.765381+00:00
2026-05-11,Beras Kualitas Super I,2,3,15950.0,DI Yogyakarta,2026-08-30T11:38:18.765381+00:00
2026-05-12,Beras Kualitas Super I,2,3,15950.0,DI Yogyakarta,2026-08-30T11:38:18.765381+00:00
2026-05-13,Beras Kualitas Super I,2,3,15950.0,DI Yogyakarta,2026-08-30T11:38:18.765381+00:00
2026-05-14,Beras Kualitas Super I,2,3,15950.0,DI Yogyakarta,2026-08-30T11:38:18.765381+00:00
2026-05-15,Beras Kualitas Super I,2,3,15950.0,DI Yogyakarta,2026-08-30T11:38:18.765381+00:00
2026-05-18,Beras Kualitas Super I,2,3,15950.0,DI Yogyakarta,2026-08-30T11:38:18.765381+00:00
2026-05-19,Beras Kualitas Super I,2,3,15950.0,DI Yogyakarta,2026-08-30T11:38:18.765381+00:00
2026-05-20,Beras Kualitas Super I,2,3,15950.0,DI Yogyakarta,2026-08-30T11:38:18.765381+00:00
2026-05-21,Beras Kualitas Super I,2,3,15950.0,DI Yogyakarta,2026-08-30T11:38:18.765381+00:00
2026-05-22,Beras Kualitas Super I,2,3,15950.0,DI Yogyakarta,2026-08-30T11:38:18.765381+00:00
2026-05-25,Beras Kualitas Super I,2,3,15950.0,DI Yogyakarta,2026-08-30T11:38:18.765381+00:00
2026-05-26,Beras Kualitas Super I,2,3,15950.0,DI Yogyakarta,2026-08-30T11:38:18.765381+00:00
2026-05-27,Beras Kualitas Super I,2,3,15950.0,DI Yogyakarta,2026-08-30T11:38:18.765381+00:00
2026-05-28,Beras Kualitas Super I,2,3,15950.0,DI Yogyakarta,2026-08-30T11:38:18.765381+00:00
2026-05-29,Beras Kualitas Super I,2,3,15950.0,DI Yogyakarta,2026-08-30T11:38:18.765381+00:00
2026-06-01,Beras Kualitas Super I,2,3,15950.0,DI Yogyakarta,2026-08-30T11:38:18.765381+00:00
2026-06-02,Beras Kualitas Super I,2,3,15950.0,DI Yogyakarta,2026-08-30T11:38:18.765381+00:00
2026-06-03,Beras Kualitas Super I,2,3,15950.0,DI Yogyakarta,2026-08-30T11:38:18.765381+00:00
2026-06-04,Beras Kualitas Super I,2,3,15950.0,DI Yogyakarta,2026-08-30T11:38:18.765381+00:00
2026-06-05,Beras Kualitas Super I,2,3,15950.0,DI Yogyakarta,2026-08-30T11:38:18.765381+00:00
2026-06-08,Beras Kualitas Super I,2,3,15950.0,DI Yogyakarta,2026-08-30T11:38:18.765381+00:00
2026-06-09,Beras Kualitas Super I,2,3,15950.0,DI Yogyakarta,2026-08-30T11:38:18.765381+00:00
2026-06-10,Beras Kualitas Super I,2,3,15950.0,DI Yogyakarta,2026-08-30T11:38:18.765381+00:00
2026-06-11,Beras Kualitas Super I,2,3,15950.0,DI Yogyakarta,2026-08-30T11:38:18.765381+00:00
2026-06-12,Beras Kualitas Super I,2,3,15950.0,DI Yogyakarta,2026-08-30T11:38:18.765381+00:00
2026-06-15,Beras Kualitas Super I,2,3,15950.0,DI Yogyakarta,2026-08-30T11:38:18.765381+00:00
2026-06-16,Beras Kualitas Super I,2,3,15950.0,DI Yogyakarta,2026-08-30T11:38:18.765381+00:00
2026-06-17,Beras Kualitas Super I,2,3,15950.0,DI Yogyakarta,2026-08-30T11:38:18.765381+00:00
2026-06-18,Beras Kualitas Super I,2,3,15950.0,DI Yogyakarta,2026-08-30T11:38:18.765381+00:00
2026-06-19,Beras Kualitas Super I,2,3,15950.0,DI Yogyakarta,2026-08-30T11:38:18.765381+00:00
2026-06-22,Beras Kualitas Super I,2,3,15950.0,DI Yogyakarta,2026-08-30T11:38:18.765381+00:00
2026-06-23,Beras Kualitas Super I,2,3,15950.0,DI Yogyakarta,2026-08-30T11:38:18.765381+00:00
2026-06-24,Beras Kualitas Super I,2,3,15950.0,DI Yogyakarta,2026-08-30T11:38:18.765381+00:00
2026-06-25,Beras Kualitas Super I,2,3,15950.0,DI Yogyakarta,2026-08-30T11:38:18.765381+00:00
2026-06-26,Beras Kualitas Super I,2,3,15950.0,DI Yogyakarta,2026-08-30T11:38:18.765381+00:00
2026-06-29,Beras Kualitas Super I,2,3,15950.0,DI Yogyakarta,2026-08-30T11:38:18.765381+00:00
2026-06-30,Beras Kualitas Super I,2,3,15950.0,DI Yogyakarta,2026-08-30T11:38:18.765381+00:00
2026-07-01,Beras Kualitas Super I,2,3,15950.0,DI Yogyakarta,2026-08-30T11:38:18.765381+00:00
2026-07-02,Beras Kualitas Super I,2,3,15950.0,DI Yogyakarta,2026-08-30T11:38:18.765381+00:00
2026-07-03,Beras Kualitas Super I,2,3,15950.0,DI Yogyakarta,2026-08-30T11:38:18.765381+00:00
2026-05-11,Daging Ayam,1,II,23350.0,DI Yogyakarta,2026-08-30T11:38:18.765381+00:00
2026-05-12,Daging Ayam,1,II,23350.0,DI Yogyakarta,2026-08-30T11:38:18.765381+00:00
2026-05-13,Daging Ayam,1,II,23350.0,DI Yogyakarta,2026-08-30T11:38:18.765381+00:00
2026-05-14,Daging Ayam,1,II,23350.0,DI Yogyakarta,2026-08-30T11:38:18.765381+00:00
2026-05-15,Daging Ayam,1,II,23350.0,DI Yogyakarta,2026-08-30T11:38:18.765381+00:00
2026-05-18,Daging Ayam,1,II,23350.0,DI Yogyakarta,2026-08-30T11:38:18.765381+00:00
2026-05-19,Daging Ayam,1,II,23350.0,DI Yogyakarta,2026-08-30T11:38:18.765381+00:00
2026-05-20,Daging Ayam,1,II,23350.0,DI Yogyakarta,2026-08-30T11:38:18.765381+00:00
2026-05-21,Daging Ayam,1,II,23350.0,DI Yogyakarta,2026-08-30T11:38:18.765381+00:00
2026-05-22,Daging Ayam,1,II,23350.0,DI Yogyakarta,2026-08-30T11:38:18.765381+00:00
2026-05-25,Daging Ayam,1,II,22500.0,DI Yogyakarta,2026-08-30T11:38:18.765381+00:00
2026-05-26,Daging Ayam,1,II,22500.0,DI Yogyakarta,2026-08-30T11:38:18.765381+00:00
2026-05-27,Daging Ayam,1,II,22500.0,DI Yogyakarta,2026-08-30T11:38:18.765381+00:00
2026-05-28,Daging Ayam,1,II,22500.0,DI Yogyakarta,2026-08-30T11:38:18.765381+00:00
2026-05-29,Daging Ayam,1,II,22500.0,DI Yogyakarta,2026-08-30T11:38:18.765381+00:00
2026-06-01,Daging Ayam,1,II,22500.0,DI Yogyakarta,2026-08-30T11:38:18.765381+00:00
2026-06-02,Daging Ayam,1,II,22500.0,DI Yogyakarta,2026-08-30T11:38:18.765381+00:00
2026-06-03,Daging Ayam,1,II,22500.0,DI Yogyakarta,2026-08-30T11:38:18.765381+00:00
2026-06-04,Daging Ayam,1,II,22500.0,DI Yogyakarta,2026-08-30T11:38:18.765381+00:00
2026-06-05,Daging Ayam,1,II,22500.0,DI Yogyakarta,2026-08-30T11:38:18.765381+00:00
2026-06-08,Daging Ayam,1,II,22500.0,DI Yogyakarta,2026-08-30T11:38:18.765381+00:00
2026-06-09,Daging Ayam,1,II,22500.0,DI Yogyakarta,2026-08-30T11:38:18.765381+00:00
2026-06-10,Daging Ayam,1,II,22500.0,DI Yogyakarta,2026-08-30T11:38:18.765381+00:00
2026-06-11,Daging Ayam,1,II,22500.0,DI Yogyakarta,2026-08-30T11:38:18.765381+00:00
2026-06-12,Daging Ayam,1,II,22500.0,DI Yogyakarta,2026-08-30T11:38:18.765381+00:00
2026-06-15,Daging Ayam,1,II,22500.0,DI Yogyakarta,2026-08-30T11:38:18.765381+00:00
2026-06-16,Daging Ayam,1,II,22500.0,DI Yogyakarta,2026-08-30T11:38:18.765381+00:00
2026-06-17,Daging Ayam,1,II,22500.0,DI Yogyakarta,2026-08-30T11:38:18.765381+00:00
2026-06-18,Daging Ayam,1,II,22500.0,DI Yogyakarta,2026-08-30T11:38:18.765381+00:00
2026-06-19,Daging Ayam,1,II,22500.0,DI Yogyakarta,2026-08-30T11:38:18.765381+00:00
2026-06-22,Daging Ayam,1,II,22500.0,DI Yogyakarta,2026-08-30T11:38:18.765381+00:00
2026-06-23,Daging Ayam,1,II,22500.0,DI Yogyakarta,2026-08-30T11:38:18.765381+00:00
2026-06-24,Daging Ayam,1,II,22500.0,DI Yogyakarta,2026-08-30T11:38:18.765381+00:00
2026-06-25,Daging Ayam,1,II,23150.0,DI Yogyakarta,2026-08-30T11:38:18.765381+00:00
2026-06-26,Daging Ayam,1,II,23150.0,DI Yogyakarta,2026-08-30T11:38:18.765381+00:00
2026-06-29,Daging Ayam,1,II,23150.0,DI Yogyakarta,2026-08-30T11:38:18.765381+00:00
2026-06-30,Daging Ayam,1,II,23150.0,DI Yogyakarta,2026-08-30T11:38:18.765381+00:00
2026-07-01,Daging Ayam,1,II,23150.0,DI Yogyakarta,2026-08-30T11:38:18.765381+00:00
2026-07-02,Daging Ayam,1,II,23150.0,DI Yogyakarta,2026-08-30T11:38:18.765381+00:00
2026-07-03,Daging Ayam,1,II,23150.0,DI Yogyakarta,2026-08-30T11:38:18.765381+00:00
2026-05-11,Daging Ayam Ras Segar,2,1,23350.0,DI Yogyakarta,2026-08-30T11:38:18.765381+00:00
2026-05-12,Daging Ayam Ras Segar,2,1,23350.0,DI Yogyakarta,2026-08-30T11:38:18.765381+00:00
2026-05-13,Daging Ayam Ras Segar,2,1,23350.0,DI Yogyakarta,2026-08-30T11:38:18.765381+00:00
2026-05-14,Daging Ayam Ras Segar,2,1,23350.0,DI Yogyakarta,2026-08-30T11:38:18.765381+00:00
2026-05-15,Daging Ayam Ras Segar,2,1,23350.0,DI Yogyakarta,2026-08-30T11:38:18.765381+00:00
2026-05-18,Daging Ayam Ras Segar,2,1,23350.0,DI Yogyakarta,2026-08-30T11:38:18.765381+00:00
2026-05-19,Daging Ayam Ras Segar,2,1,23350.0,DI Yogyakarta,2026-08-30T11:38:18.765381+00:00
2026-05-20,Daging Ayam Ras Segar,2,1,23350.0,DI Yogyakarta,2026-08-30T11:38:18.765381+00:00
2026-05-21,Daging Ayam Ras Segar,2,1,23350.0,DI Yogyakarta,2026-08-30T11:38:18.765381+00:00
2026-05-22,Daging Ayam Ras Segar,2,1,23350.0,DI Yogyakarta,2026-08-30T11:38:18.765381+00:00
2026-05-25,Daging Ayam Ras Segar,2,1,22500.0,DI Yogyakarta,2026-08-30T11:38:18.765381+00:00
2026-05-26,Daging Ayam Ras Segar,2,1,22500.0,DI Yogyakarta,2026-08-30T11:38:18.765381+00:00
2026-05-27,Daging Ayam Ras Segar,2,1,22500.0,DI Yogyakarta,2026-08-30T11:38:18.765381+00:00
2026-05-28,Daging Ayam Ras Segar,2,1,22500.0,DI Yogyakarta,2026-08-30T11:38:18.765381+00:00
2026-05-29,Daging Ayam Ras Segar,2,1,22500.0,DI Yogyakarta,2026-08-30T11:38:18.765381+00:00
2026-06-01,Daging Ayam Ras Segar,2,1,22500.0,DI Yogyakarta,2026-08-30T11:38:18.765381+00:00
2026-06-02,Daging Ayam Ras Segar,2,1,22500.0,DI Yogyakarta,2026-08-30T11:38:18.765381+00:00
2026-06-03,Daging Ayam Ras Segar,2,1,22500.0,DI Yogyakarta,2026-08-30T11:38:18.765381+00:00
2026-06-04,Daging Ayam Ras Segar,2,1,22500.0,DI Yogyakarta,2026-08-30T11:38:18.765381+00:00
2026-06-05,Daging Ayam Ras Segar,2,1,22500.0,DI Yogyakarta,2026-08-30T11:38:18.765381+00:00
2026-06-08,Daging Ayam Ras Segar,2,1,22500.0,DI Yogyakarta,2026-08-30T11:38:18.765381+00:00
2026-06-09,Daging Ayam Ras Segar,2,1,22500.0,DI Yogyakarta,2026-08-30T11:38:18.765381+00:00
2026-06-10,Daging Ayam Ras Segar,2,1,22500.0,DI Yogyakarta,2026-08-30T11:38:18.765381+00:00
2026-06-11,Daging Ayam Ras Segar,2,1,22500.0,DI Yogyakarta,2026-08-30T11:38:18.765381+00:00
2026-06-12,Daging Ayam Ras Segar,2,1,22500.0,DI Yogyakarta,2026-08-30T11:38:18.765381+00:00
2026-06-15,Daging Ayam Ras Segar,2,1,22500.0,DI Yogyakarta,2026-08-30T11:38:18.765381+00:00
2026-06-16,Daging Ayam Ras Segar,2,1,22500.0,DI Yogyakarta,2026-08-30T11:38:18.765381+00:00
2026-06-17,Daging Ayam Ras Segar,2,1,22500.0,DI Yogyakarta,2026-08-30T11:38:18.765381+00:00
2026-06-18,Daging Ayam Ras Segar,2,1,22500.0,DI Yogyakarta,2026-08-30T11:38:18.765381+00:00
2026-06-19,Daging Ayam Ras Segar,2,1,22500.0,DI Yogyakarta,2026-08-30T11:38:18.765381+00:00
2026-06-22,Daging Ayam Ras Segar,2,1,22500.0,DI Yogyakarta,2026-08-30T11:38:18.765381+00:00
2026-06-23,Daging Ayam Ras Segar,2,1,22500.0,DI Yogyakarta,2026-08-30T11:38:18.765381+00:00
2026-06-24,Daging Ayam Ras Segar,2,1,22500.0,DI Yogyakarta,2026-08-30T11:38:18.765381+00:00
2026-06-25,Daging Ayam Ras Segar,2,1,23150.0,DI Yogyakarta,2026-08-30T11:38:18.765381+00:00
2026-06-26,Daging Ayam Ras Segar,2,1,23150.0,DI Yogyakarta,2026-08-30T11:38:18.765381+00:00
2026-06-29,Daging Ayam Ras Segar,2,1,23150.0,DI Yogyakarta,2026-08-30T11:38:18.765381+00:00
2026-06-30,Daging Ayam Ras Segar,2,1,23150.0,DI Yogyakarta,2026-08-30T11:38:18.765381+00:00
2026-07-01,Daging Ayam Ras Segar,2,1,23150.0,DI Yogyakarta,2026-08-30T11:38:18.765381+00:00
2026-07-02,Daging Ayam Ras Segar,2,1,23150.0,DI Yogyakarta,2026-08-30T11:38:18.765381+00:00
2026-07-03,Daging Ayam Ras Segar,2,1,23150.0,DI Yogyakarta,2026-08-30T11:38:18.765381+00:00
2026-05-11,Daging Sapi,1,III,130000.0,DI Yogyakarta,2026-08-30T11:38:18.765381+00:00
2026-05-12,Daging Sapi,1,III,130000.0,DI Yogyakarta,2026-08-30T11:38:18.765381+00:00
2026-05-13,Daging Sapi,1,III,130000.0,DI Yogyakarta,2026-08-30T11:38:18.765381+00:00
2026-05-14,Daging Sapi,1,III,130000.0,DI Yogyakarta,2026-08-30T11:38:18.765381+00:00
2026-05-15,Daging Sapi,1,III,130000.0,DI Yogyakarta,2026-08-30T11:38:18.765381+00:00
2026-05-18,Daging Sapi,1,III,130000.0,DI Yogyakarta,2026-08-30T11:38:18.765381+00:00
2026-05-19,Daging Sapi,1,III,130000.0,DI Yogyakarta,2026-08-30T11:38:18.765381+00:00
2026-05-20,Daging Sapi,1,III,130000.0,DI Yogyakarta,2026-08-30T11:38:18.765381+00:00
2026-05-21,Daging Sapi,1,III,130000.0,DI Yogyakarta,2026-08-30T11:38:18.765381+00:00
2026-05-22,Daging Sapi,1,III,130000.0,DI Yogyakarta,2026-08-30T11:38:18.765381+00:00
2026-05-25,Daging Sapi,1,III,130000.0,DI Yogyakarta,2026-08-30T11:38:18.765381+00:00
2026-05-26,Daging Sapi,1,III,130000.0,DI Yogyakarta,2026-08-30T11:38:18.765381+00:00
2026-05-27,Daging Sapi,1,III,130000.0,DI Yogyakarta,2026-08-30T11:38:18.765381+00:00
2026-05-28,Daging Sapi,1,III,130000.0,DI Yogyakarta,2026-08-30T11:38:18.765381+00:00
2026-05-29,Daging Sapi,1,III,130000.0,DI Yogyakarta,2026-08-30T11:38:18.765381+00:00
2026-06-01,Daging Sapi,1,III,130000.0,DI Yogyakarta,2026-08-30T11:38:18.765381+00:00
2026-06-02,Daging Sapi,1,III,130000.0,DI Yogyakarta,2026-08-30T11:38:18.765381+00:00
2026-06-03,Daging Sapi,1,III,130000.0,DI Yogyakarta,2026-08-30T11:38:18.765381+00:00
2026-06-04,Daging Sapi,1,III,130000.0,DI Yogyakarta,2026-08-30T11:38:18.765381+00:00
2026-06-05,Daging Sapi,1,III,130000.0,DI Yogyakarta,2026-08-30T11:38:18.765381+00:00
2026-06-08,Daging Sapi,1,III,130000.0,DI Yogyakarta,2026-08-30T11:38:18.765381+00:00
2026-06-09,Daging Sapi,1,III,130000.0,DI Yogyakarta,2026-08-30T11:38:18.765381+00:00
2026-06-10,Daging Sapi,1,III,130000.0,DI Yogyakarta,2026-08-30T11:38:18.765381+00:00
2026-06-11,Daging Sapi,1,III,130000.0,DI Yogyakarta,2026-08-30T11:38:18.765381+00:00
2026-06-12,Daging Sapi,1,III,130000.0,DI Yogyakarta,2026-08-30T11:38:18.765381+00:00
2026-06-15,Daging Sapi,1,III,130000.0,DI Yogyakarta,2026-08-30T11:38:18.765381+00:00
2026-06-16,Daging Sapi,1,III,130000.0,DI Yogyakarta,2026-08-30T11:38:18.765381+00:00
2026-06-17,Daging Sapi,1,III,130000.0,DI Yogyakarta,2026-08-30T11:38:18.765381+00:00
2026-06-18,Daging Sapi,1,III,130000.0,DI Yogyakarta,2026-08-30T11:38:18.765381+00:00
2026-06-19,Daging Sapi,1,III,130000.0,DI Yogyakarta,2026-08-30T11:38:18.765381+00:00
2026-06-22,Daging Sapi,1,III,130000.0,DI Yogyakarta,2026-08-30T11:38:18.765381+00:00
2026-06-23,Daging Sapi,1,III,130000.0,DI Yogyakarta,2026-08-30T11:38:18.765381+00:00
2026-06-24,Daging Sapi,1,III,130000.0,DI Yogyakarta,2026-08-30T11:38:18.765381+00:00
2026-06-25,Daging Sapi,1,III,140000.0,DI Yogyakarta,2026-08-30T11:38:18.765381+00:00
2026-06-26,Daging Sapi,1,III,140000.0,DI Yogyakarta,2026-08-30T11:38:18.765381+00:00
2026-06-29,Daging Sapi,1,III,140000.0,DI Yogyakarta,2026-08-30T11:38:18.765381+00:00
2026-06-30,Daging Sapi,1,III,140000.0,DI Yogyakarta,2026-08-30T11:38:18.765381+00:00
2026-07-01,Daging Sapi,1,III,140000.0,DI Yogyakarta,2026-08-30T11:38:18.765381+00:00
2026-07-02,Daging Sapi,1,III,140000.0,DI Yogyakarta,2026-08-30T11:38:18.765381+00:00
2026-07-03,Daging Sapi,1,III,140000.0,DI Yogyakarta,2026-08-30T11:38:18.765381+00:00
2026-05-11,Daging Sapi Kualitas 1,2,1,130000.0,DI Yogyakarta,2026-08-30T11:38:18.765381+00:00
2026-05-12,Daging Sapi Kualitas 1,2,1,130000.0,DI Yogyakarta,2026-08-30T11:38:18.765381+00:00
2026-05-13,Daging Sapi Kualitas 1,2,1,130000.0,DI Yogyakarta,2026-08-30T11:38:18.765381+00:00
2026-05-14,Daging Sapi Kualitas 1,2,1,130000.0,DI Yogyakarta,2026-08-30T11:38:18.765381+00:00
2026-05-15,Daging Sapi Kualitas 1,2,1,130000.0,DI Yogyakarta,2026-08-30T11:38:18.765381+00:00
2026-05-18,Daging Sapi Kualitas 1,2,1,130000.0,DI Yogyakarta,2026-08-30T11:38:18.765381+00:00
2026-05-19,Daging Sapi Kualitas 1,2,1,130000.0,DI Yogyakarta,2026-08-30T11:38:18.765381+00:00
2026-05-20,Daging Sapi Kualitas 1,2,1,130000.0,DI Yogyakarta,2026-08-30T11:38:18.765381+00:00
2026-05-21,Daging Sapi Kualitas 1,2,1,130000.0,DI Yogyakarta,2026-08-30T11:38:18.765381+00:00
2026-05-22,Daging Sapi Kualitas 1,2,1,130000.0,DI Yogyakarta,2026-08-30T11:38:18.765381+00:00
2026-05-25,Daging Sapi Kualitas 1,2,1,130000.0,DI Yogyakarta,2026-08-30T11:38:18.765381+00:00
2026-05-26,Daging Sapi Kualitas 1,2,1,130000.0,DI Yogyakarta,2026-08-30T11:38:18.765381+00:00
2026-05-27,Daging Sapi Kualitas 1,2,1,130000.0,DI Yogyakarta,2026-08-30T11:38:18.765381+00:00
2026-05-28,Daging Sapi Kualitas 1,2,1,130000.0,DI Yogyakarta,2026-08-30T11:38:18.765381+00:00
2026-05-29,Daging Sapi Kualitas 1,2,1,130000.0,DI Yogyakarta,2026-08-30T11:38:18.765381+00:00
2026-06-01,Daging Sapi Kualitas 1,2,1,130000.0,DI Yogyakarta,2026-08-30T11:38:18.765381+00:00
2026-06-02,Daging Sapi Kualitas 1,2,1,130000.0,DI Yogyakarta,2026-08-30T11:38:18.765381+00:00
2026-06-03,Daging Sapi Kualitas 1,2,1,130000.0,DI Yogyakarta,2026-08-30T11:38:18.765381+00:00
2026-06-04,Daging Sapi Kualitas 1,2,1,130000.0,DI Yogyakarta,2026-08-30T11:38:18.765381+00:00
2026-06-05,Daging Sapi Kualitas 1,2,1,130000.0,DI Yogyakarta,2026-08-30T11:38:18.765381+00:00
2026-06-08,Daging Sapi Kualitas 1,2,1,130000.0,DI Yogyakarta,2026-08-30T11:38:18.765381+00:00
2026-06-09,Daging Sapi Kualitas 1,2,1,130000.0,DI Yogyakarta,2026-08-30T11:38:18.765381+00:00
2026-06-10,Daging Sapi Kualitas 1,2,1,130000.0,DI Yogyakarta,2026-08-30T11:38:18.765381+00:00
2026-06-11,Daging Sapi Kualitas 1,2,1,130000.0,DI Yogyakarta,2026-08-30T11:38:18.765381+00:00
2026-06-12,Daging Sapi Kualitas 1,2,1,130000.0,DI Yogyakarta,2026-08-30T11:38:18.765381+00:00
2026-06-15,Daging Sapi Kualitas 1,2,1,130000.0,DI Yogyakarta,2026-08-30T11:38:18.765381+00:00
2026-06-16,Daging Sapi Kualitas 1,2,1,130000.0,DI Yogyakarta,2026-08-30T11:38:18.765381+00:00
2026-06-17,Daging Sapi Kualitas 1,2,1,130000.0,DI Yogyakarta,2026-08-30T11:38:18.765381+00:00
2026-06-18,Daging Sapi Kualitas 1,2,1,130000.0,DI Yogyakarta,2026-08-30T11:38:18.765381+00:00
2026-06-19,Daging Sapi Kualitas 1,2,1,130000.0,DI Yogyakarta,2026-08-30T11:38:18.765381+00:00
2026-06-22,Daging Sapi Kualitas 1,2,1,130000.0,DI Yogyakarta,2026-08-30T11:38:18.765381+00:00
2026-06-23,Daging Sapi Kualitas 1,2,1,130000.0,DI Yogyakarta,2026-08-30T11:38:18.765381+00:00
2026-06-24,Daging Sapi Kualitas 1,2,1,130000.0,DI Yogyakarta,2026-08-30T11:38:18.765381+00:00
2026-06-25,Daging Sapi Kualitas 1,2,1,140000.0,DI Yogyakarta,2026-08-30T11:38:18.765381+00:00
2026-06-26,Daging Sapi Kualitas 1,2,1,140000.0,DI Yogyakarta,2026-08-30T11:38:18.765381+00:00
2026-06-29,Daging Sapi Kualitas 1,2,1,140000.0,DI Yogyakarta,2026-08-30T11:38:18.765381+00:00
2026-06-30,Daging Sapi Kualitas 1,2,1,140000.0,DI Yogyakarta,2026-08-30T11:38:18.765381+00:00
2026-07-01,Daging Sapi Kualitas 1,2,1,140000.0,DI Yogyakarta,2026-08-30T11:38:18.765381+00:00
2026-07-02,Daging Sapi Kualitas 1,2,1,140000.0,DI Yogyakarta,2026-08-30T11:38:18.765381+00:00
2026-07-03,Daging Sapi Kualitas 1,2,1,140000.0,DI Yogyakarta,2026-08-30T11:38:18.765381+00:00
2026-05-11,Telur Ayam,1,IV,25850.0,DI Yogyakarta,2026-08-30T11:38:18.765381+00:00
2026-05-12,Telur Ayam,1,IV,25850.0,DI Yogyakarta,2026-08-30T11:38:18.765381+00:00
2026-05-13,Telur Ayam,1,IV,25850.0,DI Yogyakarta,2026-08-30T11:38:18.765381+00:00
2026-05-14,Telur Ayam,1,IV,25850.0,DI Yogyakarta,2026-08-30T11:38:18.765381+00:00
2026-05-15,Telur Ayam,1,IV,25850.0,DI Yogyakarta,2026-08-30T11:38:18.765381+00:00
2026-05-18,Telur Ayam,1,IV,25850.0,DI Yogyakarta,2026-08-30T11:38:18.765381+00:00
2026-05-19,Telur Ayam,1,IV,25850.0,DI Yogyakarta,2026-08-30T11:38:18.765381+00:00
2026-05-20,Telur Ayam,1,IV,25850.0,DI Yogyakarta,2026-08-30T11:38:18.765381+00:00
2026-05-21,Telur Ayam,1,IV,25850.0,DI Yogyakarta,2026-08-30T11:38:18.765381+00:00
2026-05-22,Telur Ayam,1,IV,25850.0,DI Yogyakarta,2026-08-30T11:38:18.765381+00:00
2026-05-25,Telur Ayam,1,IV,23050.0,DI Yogyakarta,2026-08-30T11:38:18.765381+00:00
2026-05-26,Telur Ayam,1,IV,23050.0,DI Yogyakarta,2026-08-30T11:38:18.765381+00:00
2026-05-27,Telur Ayam,1,IV,23050.0,DI Yogyakarta,2026-08-30T11:38:18.765381+00:00
2026-05-28,Telur Ayam,1,IV,23050.0,DI Yogyakarta,2026-08-30T11:38:18.765381+00:00
2026-05-29,Telur Ayam,1,IV,23050.0,DI Yogyakarta,2026-08-30T11:38:18.765381+00:00
2026-06-01,Telur Ayam,1,IV,23050.0,DI Yogyakarta,2026-08-30T11:38:18.765381+00:00
2026-06-02,Telur Ayam,1,IV,23050.0,DI Yogyakarta,2026-08-30T11:38:18.765381+00:00
2026-06-03,Telur Ayam,1,IV,23050.0,DI Yogyakarta,2026-08-30T11:38:18.765381+00:00
2026-06-04,Telur Ayam,1,IV,23050.0,DI Yogyakarta,2026-08-30T11:38:18.765381+00:00
2026-06-05,Telur Ayam,1,IV,23050.0,DI Yogyakarta,2026-08-30T11:38:18.765381+00:00
2026-06-08,Telur Ayam,1,IV,23050.0,DI Yogyakarta,2026-08-30T11:38:18.765381+00:00
2026-06-09,Telur Ayam,1,IV,23050.0,DI Yogyakarta,2026-08-30T11:38:18.765381+00:00
2026-06-10,Telur Ayam,1,IV,23050.0,DI Yogyakarta,2026-08-30T11:38:18.765381+00:00
2026-06-11,Telur Ayam,1,IV,23050.0,DI Yogyakarta,2026-08-30T11:38:18.765381+00:00
2026-06-12,Telur Ayam,1,IV,23050.0,DI Yogyakarta,2026-08-30T11:38:18.765381+00:00
2026-06-15,Telur Ayam,1,IV,23050.0,DI Yogyakarta,2026-08-30T11:38:18.765381+00:00
2026-06-16,Telur Ayam,1,IV,23050.0,DI Yogyakarta,2026-08-30T11:38:18.765381+00:00
2026-06-17,Telur Ayam,1,IV,23050.0,DI Yogyakarta,2026-08-30T11:38:18.765381+00:00
2026-06-18,Telur Ayam,1,IV,23050.0,DI Yogyakarta,2026-08-30T11:38:18.765381+00:00
2026-06-19,Telur Ayam,1,IV,23050.0,DI Yogyakarta,2026-08-30T11:38:18.765381+00:00
2026-06-22,Telur Ayam,1,IV,23050.0,DI Yogyakarta,2026-08-30T11:38:18.765381+00:00
2026-06-23,Telur Ayam,1,IV,23050.0,DI Yogyakarta,2026-08-30T11:38:18.765381+00:00
2026-06-24,Telur Ayam,1,IV,23050.0,DI Yogyakarta,2026-08-30T11:38:18.765381+00:00
2026-06-25,Telur Ayam,1,IV,23000.0,DI Yogyakarta,2026-08-30T11:38:18.765381+00:00
2026-06-26,Telur Ayam,1,IV,23000.0,DI Yogyakarta,2026-08-30T11:38:18.765381+00:00
2026-06-29,Telur Ayam,1,IV,23000.0,DI Yogyakarta,2026-08-30T11:38:18.765381+00:00
2026-06-30,Telur Ayam,1,IV,23000.0,DI Yogyakarta,2026-08-30T11:38:18.765381+00:00
2026-07-01,Telur Ayam,1,IV,23000.0,DI Yogyakarta,2026-08-30T11:38:18.765381+00:00
2026-07-02,Telur Ayam,1,IV,23000.0,DI Yogyakarta,2026-08-30T11:38:18.765381+00:00
2026-07-03,Telur Ayam,1,IV,23000.0,DI Yogyakarta,2026-08-30T11:38:18.765381+00:00
2026-05-11,Telur Ayam Ras Segar,2,1,25850.0,DI Yogyakarta,2026-08-30T11:38:18.765381+00:00
2026-05-12,Telur Ayam Ras Segar,2,1,25850.0,DI Yogyakarta,2026-08-30T11:38:18.765381+00:00
2026-05-13,Telur Ayam Ras Segar,2,1,25850.0,DI Yogyakarta,2026-08-30T11:38:18.765381+00:00
2026-05-14,Telur Ayam Ras Segar,2,1,25850.0,DI Yogyakarta,2026-08-30T11:38:18.765381+00:00
2026-05-15,Telur Ayam Ras Segar,2,1,25850.0,DI Yogyakarta,2026-08-30T11:38:18.765381+00:00
2026-05-18,Telur Ayam Ras Segar,2,1,25850.0,DI Yogyakarta,2026-08-30T11:38:18.765381+00:00
2026-05-19,Telur Ayam Ras Segar,2,1,25850.0,DI Yogyakarta,2026-08-30T11:38:18.765381+00:00
2026-05-20,Telur Ayam Ras Segar,2,1,25850.0,DI Yogyakarta,2026-08-30T11:38:18.765381+00:00
2026-05-21,Telur Ayam Ras Segar,2,1,25850.0,DI Yogyakarta,2026-08-30T11:38:18.765381+00:00
2026-05-22,Telur Ayam Ras Segar,2,1,25850.0,DI Yogyakarta,2026-08-30T11:38:18.765381+00:00
2026-05-25,Telur Ayam Ras Segar,2,1,23050.0,DI Yogyakarta,2026-08-30T11:38:18.765381+00:00
2026-05-26,Telur Ayam Ras Segar,2,1,23050.0,DI Yogyakarta,2026-08-30T11:38:18.765381+00:00
2026-05-27,Telur Ayam Ras Segar,2,1,23050.0,DI Yogyakarta,2026-08-30T11:38:18.765381+00:00
2026-05-28,Telur Ayam Ras Segar,2,1,23050.0,DI Yogyakarta,2026-08-30T11:38:18.765381+00:00
2026-05-29,Telur Ayam Ras Segar,2,1,23050.0,DI Yogyakarta,2026-08-30T11:38:18.765381+00:00
2026-06-01,Telur Ayam Ras Segar,2,1,23050.0,DI Yogyakarta,2026-08-30T11:38:18.765381+00:00
2026-06-02,Telur Ayam Ras Segar,2,1,23050.0,DI Yogyakarta,2026-08-30T11:38:18.765381+00:00
2026-06-03,Telur Ayam Ras Segar,2,1,23050.0,DI Yogyakarta,2026-08-30T11:38:18.765381+00:00
2026-06-04,Telur Ayam Ras Segar,2,1,23050.0,DI Yogyakarta,2026-08-30T11:38:18.765381+00:00
2026-06-05,Telur Ayam Ras Segar,2,1,23050.0,DI Yogyakarta,2026-08-30T11:38:18.765381+00:00
2026-06-08,Telur Ayam Ras Segar,2,1,23050.0,DI Yogyakarta,2026-08-30T11:38:18.765381+00:00
2026-06-09,Telur Ayam Ras Segar,2,1,23050.0,DI Yogyakarta,2026-08-30T11:38:18.765381+00:00
2026-06-10,Telur Ayam Ras Segar,2,1,23050.0,DI Yogyakarta,2026-08-30T11:38:18.765381+00:00
2026-06-11,Telur Ayam Ras Segar,2,1,23050.0,DI Yogyakarta,2026-08-30T11:38:18.765381+00:00
2026-06-12,Telur Ayam Ras Segar,2,1,23050.0,DI Yogyakarta,2026-08-30T11:38:18.765381+00:00
2026-06-15,Telur Ayam Ras Segar,2,1,23050.0,DI Yogyakarta,2026-08-30T11:38:18.765381+00:00
2026-06-16,Telur Ayam Ras Segar,2,1,23050.0,DI Yogyakarta,2026-08-30T11:38:18.765381+00:00
2026-06-17,Telur Ayam Ras Segar,2,1,23050.0,DI Yogyakarta,2026-08-30T11:38:18.765381+00:00
2026-06-18,Telur Ayam Ras Segar,2,1,23050.0,DI Yogyakarta,2026-08-30T11:38:18.765381+00:00
2026-06-19,Telur Ayam Ras Segar,2,1,23050.0,DI Yogyakarta,2026-08-30T11:38:18.765381+00:00
2026-06-22,Telur Ayam Ras Segar,2,1,23050.0,DI Yogyakarta,2026-08-30T11:38:18.765381+00:00
2026-06-23,Telur Ayam Ras Segar,2,1,23050.0,DI Yogyakarta,2026-08-30T11:38:18.765381+00:00
2026-06-24,Telur Ayam Ras Segar,2,1,23050.0,DI Yogyakarta,2026-08-30T11:38:18.765381+00:00
2026-06-25,Telur Ayam Ras Segar,2,1,23000.0,DI Yogyakarta,2026-08-30T11:38:18.765381+00:00
2026-06-26,Telur Ayam Ras Segar,2,1,23000.0,DI Yogyakarta,2026-08-30T11:38:18.765381+00:00
2026-06-29,Telur Ayam Ras Segar,2,1,23000.0,DI Yogyakarta,2026-08-30T11:38:18.765381+00:00
2026-06-30,Telur Ayam Ras Segar,2,1,23000.0,DI Yogyakarta,2026-08-30T11:38:18.765381+00:00
2026-07-01,Telur Ayam Ras Segar,2,1,23000.0,DI Yogyakarta,2026-08-30T11:38:18.765381+00:00
2026-07-02,Telur Ayam Ras Segar,2,1,23000.0,DI Yogyakarta,2026-08-30T11:38:18.765381+00:00
2026-07-03,Telur Ayam Ras Segar,2,1,23000.0,DI Yogyakarta,2026-08-30T11:38:18.765381+00:00
2026-05-11,Bawang Merah,1,V,38150.0,DI Yogyakarta,2026-08-30T11:38:18.765381+00:00
2026-05-12,Bawang Merah,1,V,38150.0,DI Yogyakarta,2026-08-30T11:38:18.765381+00:00
2026-05-13,Bawang Merah,1,V,38150.0,DI Yogyakarta,2026-08-30T11:38:18.765381+00:00
2026-05-14,Bawang Merah,1,V,38150.0,DI Yogyakarta,2026-08-30T11:38:18.765381+00:00
2026-05-15,Bawang Merah,1,V,38150.0,DI Yogyakarta,2026-08-30T11:38:18.765381+00:00
2026-05-18,Bawang Merah,1,V,38150.0,DI Yogyakarta,2026-08-30T11:38:18.765381+00:00
2026-05-19,Bawang Merah,1,V,38150.0,DI Yogyakarta,2026-08-30T11:38:18.765381+00:00
2026-05-20,Bawang Merah,1,V,38150.0,DI Yogyakarta,2026-08-30T11:38:18.765381+00:00
2026-05-21,Bawang Merah,1,V,38150.0,DI Yogyakarta,2026-08-30T11:38:18.765381+00:00
2026-05-22,Bawang Merah,1,V,38150.0,DI Yogyakarta,2026-08-30T11:38:18.765381+00:00
2026-05-25,Bawang Merah,1,V,36850.0,DI Yogyakarta,2026-08-30T11:38:18.765381+00:00
2026-05-26,Bawang Merah,1,V,36850.0,DI Yogyakarta,2026-08-30T11:38:18.765381+00:00
2026-05-27,Bawang Merah,1,V,36850.0,DI Yogyakarta,2026-08-30T11:38:18.765381+00:00
2026-05-28,Bawang Merah,1,V,36850.0,DI Yogyakarta,2026-08-30T11:38:18.765381+00:00
2026-05-29,Bawang Merah,1,V,36850.0,DI Yogyakarta,2026-08-30T11:38:18.765381+00:00
2026-06-01,Bawang Merah,1,V,36850.0,DI Yogyakarta,2026-08-30T11:38:18.765381+00:00
2026-06-02,Bawang Merah,1,V,36850.0,DI Yogyakarta,2026-08-30T11:38:18.765381+00:00
2026-06-03,Bawang Merah,1,V,36850.0,DI Yogyakarta,2026-08-30T11:38:18.765381+00:00
2026-06-04,Bawang Merah,1,V,36850.0,DI Yogyakarta,2026-08-30T11:38:18.765381+00:00
2026-06-05,Bawang Merah,1,V,36850.0,DI Yogyakarta,2026-08-30T11:38:18.765381+00:00
2026-06-08,Bawang Merah,1,V,36850.0,DI Yogyakarta,2026-08-30T11:38:18.765381+00:00
2026-06-09,Bawang Merah,1,V,36850.0,DI Yogyakarta,2026-08-30T11:38:18.765381+00:00
2026-06-10,Bawang Merah,1,V,36850.0,DI Yogyakarta,2026-08-30T11:38:18.765381+00:00
2026-06-11,Bawang Merah,1,V,36850.0,DI Yogyakarta,2026-08-30T11:38:18.765381+00:00
2026-06-12,Bawang Merah,1,V,36850.0,DI Yogyakarta,2026-08-30T11:38:18.765381+00:00
2026-06-15,Bawang Merah,1,V,36850.0,DI Yogyakarta,2026-08-30T11:38:18.765381+00:00
2026-06-16,Bawang Merah,1,V,36850.0,DI Yogyakarta,2026-08-30T11:38:18.765381+00:00
2026-06-17,Bawang Merah,1,V,36850.0,DI Yogyakarta,2026-08-30T11:38:18.765381+00:00
2026-06-18,Bawang Merah,1,V,36850.0,DI Yogyakarta,2026-08-30T11:38:18.765381+00:00
2026-06-19,Bawang Merah,1,V,36850.0,DI Yogyakarta,2026-08-30T11:38:18.765381+00:00
2026-06-22,Bawang Merah,1,V,36850.0,DI Yogyakarta,2026-08-30T11:38:18.765381+00:00
2026-06-23,Bawang Merah,1,V,36850.0,DI Yogyakarta,2026-08-30T11:38:18.765381+00:00
2026-06-24,Bawang Merah,1,V,36850.0,DI Yogyakarta,2026-08-30T11:38:18.765381+00:00
2026-06-25,Bawang Merah,1,V,34500.0,DI Yogyakarta,2026-08-30T11:38:18.765381+00:00
2026-06-26,Bawang Merah,1,V,34500.0,DI Yogyakarta,2026-08-30T11:38:18.765381+00:00
2026-06-29,Bawang Merah,1,V,34500.0,DI Yogyakarta,2026-08-30T11:38:18.765381+00:00
2026-06-30,Bawang Merah,1,V,34500.0,DI Yogyakarta,2026-08-30T11:38:18.765381+00:00
2026-07-01,Bawang Merah,1,V,34500.0,DI Yogyakarta,2026-08-30T11:38:18.765381+00:00
2026-07-02,Bawang Merah,1,V,34500.0,DI Yogyakarta,2026-08-30T11:38:18.765381+00:00
2026-07-03,Bawang Merah,1,V,34500.0,DI Yogyakarta,2026-08-30T11:38:18.765381+00:00
2026-05-11,Bawang Merah Ukuran Sedang,2,1,38150.0,DI Yogyakarta,2026-08-30T11:38:18.765381+00:00
2026-05-12,Bawang Merah Ukuran Sedang,2,1,38150.0,DI Yogyakarta,2026-08-30T11:38:18.765381+00:00
2026-05-13,Bawang Merah Ukuran Sedang,2,1,38150.0,DI Yogyakarta,2026-08-30T11:38:18.765381+00:00
2026-05-14,Bawang Merah Ukuran Sedang,2,1,38150.0,DI Yogyakarta,2026-08-30T11:38:18.765381+00:00
2026-05-15,Bawang Merah Ukuran Sedang,2,1,38150.0,DI Yogyakarta,2026-08-30T11:38:18.765381+00:00
2026-05-18,Bawang Merah Ukuran Sedang,2,1,38150.0,DI Yogyakarta,2026-08-30T11:38:18.765381+00:00
2026-05-19,Bawang Merah Ukuran Sedang,2,1,38150.0,DI Yogyakarta,2026-08-30T11:38:18.765381+00:00
2026-05-20,Bawang Merah Ukuran Sedang,2,1,38150.0,DI Yogyakarta,2026-08-30T11:38:18.765381+00:00
2026-05-21,Bawang Merah Ukuran Sedang,2,1,38150.0,DI Yogyakarta,2026-08-30T11:38:18.765381+00:00
2026-05-22,Bawang Merah Ukuran Sedang,2,1,38150.0,DI Yogyakarta,2026-08-30T11:38:18.765381+00:00
2026-05-25,Bawang Merah Ukuran Sedang,2,1,36850.0,DI Yogyakarta,2026-08-30T11:38:18.765381+00:00
2026-05-26,Bawang Merah Ukuran Sedang,2,1,36850.0,DI Yogyakarta,2026-08-30T11:38:18.765381+00:00
2026-05-27,Bawang Merah Ukuran Sedang,2,1,36850.0,DI Yogyakarta,2026-08-30T11:38:18.765381+00:00
2026-05-28,Bawang Merah Ukuran Sedang,2,1,36850.0,DI Yogyakarta,2026-08-30T11:38:18.765381+00:00
2026-05-29,Bawang Merah Ukuran Sedang,2,1,36850.0,DI Yogyakarta,2026-08-30T11:38:18.765381+00:00
2026-06-01,Bawang Merah Ukuran Sedang,2,1,36850.0,DI Yogyakarta,2026-08-30T11:38:18.765381+00:00
2026-06-02,Bawang Merah Ukuran Sedang,2,1,36850.0,DI Yogyakarta,2026-08-30T11:38:18.765381+00:00
2026-06-03,Bawang Merah Ukuran Sedang,2,1,36850.0,DI Yogyakarta,2026-08-30T11:38:18.765381+00:00
2026-06-04,Bawang Merah Ukuran Sedang,2,1,36850.0,DI Yogyakarta,2026-08-30T11:38:18.765381+00:00
2026-06-05,Bawang Merah Ukuran Sedang,2,1,36850.0,DI Yogyakarta,2026-08-30T11:38:18.765381+00:00
2026-06-08,Bawang Merah Ukuran Sedang,2,1,36850.0,DI Yogyakarta,2026-08-30T11:38:18.765381+00:00
2026-06-09,Bawang Merah Ukuran Sedang,2,1,36850.0,DI Yogyakarta,2026-08-30T11:38:18.765381+00:00
2026-06-10,Bawang Merah Ukuran Sedang,2,1,36850.0,DI Yogyakarta,2026-08-30T11:38:18.765381+00:00
2026-06-11,Bawang Merah Ukuran Sedang,2,1,36850.0,DI Yogyakarta,2026-08-30T11:38:18.765381+00:00
2026-06-12,Bawang Merah Ukuran Sedang,2,1,36850.0,DI Yogyakarta,2026-08-30T11:38:18.765381+00:00
2026-06-15,Bawang Merah Ukuran Sedang,2,1,36850.0,DI Yogyakarta,2026-08-30T11:38:18.765381+00:00
2026-06-16,Bawang Merah Ukuran Sedang,2,1,36850.0,DI Yogyakarta,2026-08-30T11:38:18.765381+00:00
2026-06-17,Bawang Merah Ukuran Sedang,2,1,36850.0,DI Yogyakarta,2026-08-30T11:38:18.765381+00:00
2026-06-18,Bawang Merah Ukuran Sedang,2,1,36850.0,DI Yogyakarta,2026-08-30T11:38:18.765381+00:00
2026-06-19,Bawang Merah Ukuran Sedang,2,1,36850.0,DI Yogyakarta,2026-08-30T11:38:18.765381+00:00
2026-06-22,Bawang Merah Ukuran Sedang,2,1,36850.0,DI Yogyakarta,2026-08-30T11:38:18.765381+00:00
2026-06-23,Bawang Merah Ukuran Sedang,2,1,36850.0,DI Yogyakarta,2026-08-30T11:38:18.765381+00:00
2026-06-24,Bawang Merah Ukuran Sedang,2,1,36850.0,DI Yogyakarta,2026-08-30T11:38:18.765381+00:00
2026-06-25,Bawang Merah Ukuran Sedang,2,1,34500.0,DI Yogyakarta,2026-08-30T11:38:18.765381+00:00
2026-06-26,Bawang Merah Ukuran Sedang,2,1,34500.0,DI Yogyakarta,2026-08-30T11:38:18.765381+00:00
2026-06-29,Bawang Merah Ukuran Sedang,2,1,34500.0,DI Yogyakarta,2026-08-30T11:38:18.765381+00:00
2026-06-30,Bawang Merah Ukuran Sedang,2,1,34500.0,DI Yogyakarta,2026-08-30T11:38:18.765381+00:00
2026-07-01,Bawang Merah Ukuran Sedang,2,1,34500.0,DI Yogyakarta,2026-08-30T11:38:18.765381+00:00
2026-07-02,Bawang Merah Ukuran Sedang,2,1,34500.0,DI Yogyakarta,2026-08-30T11:38:18.765381+00:00
2026-07-03,Bawang Merah Ukuran Sedang,2,1,34500.0,DI Yogyakarta,2026-08-30T11:38:18.765381+00:00
2026-05-11,Cabai Merah,1,VI,28200.0,DI Yogyakarta,2026-08-30T11:38:18.765381+00:00
2026-05-12,Cabai Merah,1,VI,28200.0,DI Yogyakarta,2026-08-30T11:38:18.765381+00:00
2026-05-13,Cabai Merah,1,VI,28200.0,DI Yogyakarta,2026-08-30T11:38:18.765381+00:00
2026-05-14,Cabai Merah,1,VI,28200.0,DI Yogyakarta,2026-08-30T11:38:18.765381+00:00
2026-05-15,Cabai Merah,1,VI,28200.0,DI Yogyakarta,2026-08-30T11:38:18.765381+00:00
2026-05-18,Cabai Merah,1,VI,28200.0,DI Yogyakarta,2026-08-30T11:38:18.765381+00:00
2026-05-19,Cabai Merah,1,VI,28200.0,DI Yogyakarta,2026-08-30T11:38:18.765381+00:00
2026-05-20,Cabai Merah,1,VI,28200.0,DI Yogyakarta,2026-08-30T11:38:18.765381+00:00
2026-05-21,Cabai Merah,1,VI,28200.0,DI Yogyakarta,2026-08-30T11:38:18.765381+00:00
2026-05-22,Cabai Merah,1,VI,28200.0,DI Yogyakarta,2026-08-30T11:38:18.765381+00:00
2026-05-25,Cabai Merah,1,VI,35700.0,DI Yogyakarta,2026-08-30T11:38:18.765381+00:00
2026-05-26,Cabai Merah,1,VI,35700.0,DI Yogyakarta,2026-08-30T11:38:18.765381+00:00
2026-05-27,Cabai Merah,1,VI,35700.0,DI Yogyakarta,2026-08-30T11:38:18.765381+00:00
2026-05-28,Cabai Merah,1,VI,35700.0,DI Yogyakarta,2026-08-30T11:38:18.765381+00:00
2026-05-29,Cabai Merah,1,VI,35700.0,DI Yogyakarta,2026-08-30T11:38:18.765381+00:00
2026-06-01,Cabai Merah,1,VI,35700.0,DI Yogyakarta,2026-08-30T11:38:18.765381+00:00
2026-06-02,Cabai Merah,1,VI,35700.0,DI Yogyakarta,2026-08-30T11:38:18.765381+00:00
2026-06-03,Cabai Merah,1,VI,35700.0,DI Yogyakarta,2026-08-30T11:38:18.765381+00:00
2026-06-04,Cabai Merah,1,VI,35700.0,DI Yogyakarta,2026-08-30T11:38:18.765381+00:00
2026-06-05,Cabai Merah,1,VI,35700.0,DI Yogyakarta,2026-08-30T11:38:18.765381+00:00
2026-06-08,Cabai Merah,1,VI,35700.0,DI Yogyakarta,2026-08-30T11:38:18.765381+00:00
2026-06-09,Cabai Merah,1,VI,35700.0,DI Yogyakarta,2026-08-30T11:38:18.765381+00:00
2026-06-10,Cabai Merah,1,VI,35700.0,DI Yogyakarta,2026-08-30T11:38:18.765381+00:00
2026-06-11,Cabai Merah,1,VI,35700.0,DI Yogyakarta,2026-08-30T11:38:18.765381+00:00
2026-06-12,Cabai Merah,1,VI,35700.0,DI Yogyakarta,2026-08-30T11:38:18.765381+00:00
2026-06-15,Cabai Merah,1,VI,35700.0,DI Yogyakarta,2026-08-30T11:38:18.765381+00:00
2026-06-16,Cabai Merah,1,VI,35700.0,DI Yogyakarta,2026-08-30T11:38:18.765381+00:00
2026-06-17,Cabai Merah,1,VI,35700.0,DI Yogyakarta,2026-08-30T11:38:18.765381+00:00
2026-06-18,Cabai Merah,1,VI,35700.0,DI Yogyakarta,2026-08-30T11:38:18.765381+00:00
2026-06-19,Cabai Merah,1,VI,35700.0,DI Yogyakarta,2026-08-30T11:38:18.765381+00:00
2026-06-22,Cabai Merah,1,VI,35700.0,DI Yogyakarta,2026-08-30T11:38:18.765381+00:00
2026-06-23,Cabai Merah,1,VI,35700.0,DI Yogyakarta,2026-08-30T11:38:18.765381+00:00
2026-06-24,Cabai Merah,1,VI,35700.0,DI Yogyakarta,2026-08-30T11:38:18.765381+00:00
2026-06-25,Cabai Merah,1,VI,30350.0,DI Yogyakarta,2026-08-30T11:38:18.765381+00:00
2026-06-26,Cabai Merah,1,VI,30350.0,DI Yogyakarta,2026-08-30T11:38:18.765381+00:00
2026-06-29,Cabai Merah,1,VI,30350.0,DI Yogyakarta,2026-08-30T11:38:18.765381+00:00
2026-06-30,Cabai Merah,1,VI,30350.0,DI Yogyakarta,2026-08-30T11:38:18.765381+00:00
2026-07-01,Cabai Merah,1,VI,30350.0,DI Yogyakarta,2026-08-30T11:38:18.765381+00:00
2026-07-02,Cabai Merah,1,VI,30350.0,DI Yogyakarta,2026-08-30T11:38:18.765381+00:00
2026-07-03,Cabai Merah,1,VI,30350.0,DI Yogyakarta,2026-08-30T11:38:18.765381+00:00
2026-05-11,Cabai Merah Besar,2,1,29350.0,DI Yogyakarta,2026-08-30T11:38:18.765381+00:00
2026-05-12,Cabai Merah Besar,2,1,29350.0,DI Yogyakarta,2026-08-30T11:38:18.765381+00:00
2026-05-13,Cabai Merah Besar,2,1,29350.0,DI Yogyakarta,2026-08-30T11:38:18.765381+00:00
2026-05-14,Cabai Merah Besar,2,1,29350.0,DI Yogyakarta,2026-08-30T11:38:18.765381+00:00
2026-05-15,Cabai Merah Besar,2,1,29350.0,DI Yogyakarta,2026-08-30T11:38:18.765381+00:00
2026-05-18,Cabai Merah Besar,2,1,29350.0,DI Yogyakarta,2026-08-30T11:38:18.765381+00:00
2026-05-19,Cabai Merah Besar,2,1,29350.0,DI Yogyakarta,2026-08-30T11:38:18.765381+00:00
2026-05-20,Cabai Merah Besar,2,1,29350.0,DI Yogyakarta,2026-08-30T11:38:18.765381+00:00
2026-05-21,Cabai Merah Besar,2,1,29350.0,DI Yogyakarta,2026-08-30T11:38:18.765381+00:00
2026-05-22,Cabai Merah Besar,2,1,29350.0,DI Yogyakarta,2026-08-30T11:38:18.765381+00:00
2026-05-25,Cabai Merah Besar,2,1,39000.0,DI Yogyakarta,2026-08-30T11:38:18.765381+00:00
2026-05-26,Cabai Merah Besar,2,1,39000.0,DI Yogyakarta,2026-08-30T11:38:18.765381+00:00
2026-05-27,Cabai Merah Besar,2,1,39000.0,DI Yogyakarta,2026-08-30T11:38:18.765381+00:00
2026-05-28,Cabai Merah Besar,2,1,39000.0,DI Yogyakarta,2026-08-30T11:38:18.765381+00:00
2026-05-29,Cabai Merah Besar,2,1,39000.0,DI Yogyakarta,2026-08-30T11:38:18.765381+00:00
2026-06-01,Cabai Merah Besar,2,1,39000.0,DI Yogyakarta,2026-08-30T11:38:18.765381+00:00
2026-06-02,Cabai Merah Besar,2,1,39000.0,DI Yogyakarta,2026-08-30T11:38:18.765381+00:00
2026-06-03,Cabai Merah Besar,2,1,39000.0,DI Yogyakarta,2026-08-30T11:38:18.765381+00:00
2026-06-04,Cabai Merah Besar,2,1,39000.0,DI Yogyakarta,2026-08-30T11:38:18.765381+00:00
2026-06-05,Cabai Merah Besar,2,1,39000.0,DI Yogyakarta,2026-08-30T11:38:18.765381+00:00
2026-06-08,Cabai Merah Besar,2,1,39000.0,DI Yogyakarta,2026-08-30T11:38:18.765381+00:00
2026-06-09,Cabai Merah Besar,2,1,39000.0,DI Yogyakarta,2026-08-30T11:38:18.765381+00:00
2026-06-10,Cabai Merah Besar,2,1,39000.0,DI Yogyakarta,2026-08-30T11:38:18.765381+00:00
2026-06-11,Cabai Merah Besar,2,1,39000.0,DI Yogyakarta,2026-08-30T11:38:18.765381+00:00
2026-06-12,Cabai Merah Besar,2,1,39000.0,DI Yogyakarta,2026-08-30T11:38:18.765381+00:00
2026-06-15,Cabai Merah Besar,2,1,39000.0,DI Yogyakarta,2026-08-30T11:38:18.765381+00:00
2026-06-16,Cabai Merah Besar,2,1,39000.0,DI Yogyakarta,2026-08-30T11:38:18.765381+00:00
2026-06-17,Cabai Merah Besar,2,1,39000.0,DI Yogyakarta,2026-08-30T11:38:18.765381+00:00
2026-06-18,Cabai Merah Besar,2,1,39000.0,DI Yogyakarta,2026-08-30T11:38:18.765381+00:00
2026-06-19,Cabai Merah Besar,2,1,39000.0,DI Yogyakarta,2026-08-30T11:38:18.765381+00:00
2026-06-22,Cabai Merah Besar,2,1,39000.0,DI Yogyakarta,2026-08-30T11:38:18.765381+00:00
2026-06-23,Cabai Merah Besar,2,1,39000.0,DI Yogyakarta,2026-08-30T11:38:18.765381+00:00
2026-06-24,Cabai Merah Besar,2,1,39000.0,DI Yogyakarta,2026-08-30T11:38:18.765381+00:00
2026-06-25,Cabai Merah Besar,2,1,37350.0,DI Yogyakarta,2026-08-30T11:38:18.765381+00:00
2026-06-26,Cabai Merah Besar,2,1,37350.0,DI Yogyakarta,2026-08-30T11:38:18.765381+00:00
2026-06-29,Cabai Merah Besar,2,1,37350.0,DI Yogyakarta,2026-08-30T11:38:18.765381+00:00
2026-06-30,Cabai Merah Besar,2,1,37350.0,DI Yogyakarta,2026-08-30T11:38:18.765381+00:00
2026-07-01,Cabai Merah Besar,2,1,37350.0,DI Yogyakarta,2026-08-30T11:38:18.765381+00:00
2026-07-02,Cabai Merah Besar,2,1,37350.0,DI Yogyakarta,2026-08-30T11:38:18.765381+00:00
2026-07-03,Cabai Merah Besar,2,1,37350.0,DI Yogyakarta,2026-08-30T11:38:18.765381+00:00
2026-05-11,Cabai Merah Keriting ,2,2,27000.0,DI Yogyakarta,2026-08-30T11:38:18.765381+00:00
2026-05-12,Cabai Merah Keriting ,2,2,27000.0,DI Yogyakarta,2026-08-30T11:38:18.765381+00:00
2026-05-13,Cabai Merah Keriting ,2,2,27000.0,DI Yogyakarta,2026-08-30T11:38:18.765381+00:00
2026-05-14,Cabai Merah Keriting ,2,2,27000.0,DI Yogyakarta,2026-08-30T11:38:18.765381+00:00
2026-05-15,Cabai Merah Keriting ,2,2,27000.0,DI Yogyakarta,2026-08-30T11:38:18.765381+00:00
2026-05-18,Cabai Merah Keriting ,2,2,27000.0,DI Yogyakarta,2026-08-30T11:38:18.765381+00:00
2026-05-19,Cabai Merah Keriting ,2,2,27000.0,DI Yogyakarta,2026-08-30T11:38:18.765381+00:00
2026-05-20,Cabai Merah Keriting ,2,2,27000.0,DI Yogyakarta,2026-08-30T11:38:18.765381+00:00
2026-05-21,Cabai Merah Keriting ,2,2,27000.0,DI Yogyakarta,2026-08-30T11:38:18.765381+00:00
2026-05-22,Cabai Merah Keriting ,2,2,27000.0,DI Yogyakarta,2026-08-30T11:38:18.765381+00:00
2026-05-25,Cabai Merah Keriting ,2,2,32350.0,DI Yogyakarta,2026-08-30T11:38:18.765381+00:00
2026-05-26,Cabai Merah Keriting ,2,2,32350.0,DI Yogyakarta,2026-08-30T11:38:18.765381+00:00
2026-05-27,Cabai Merah Keriting ,2,2,32350.0,DI Yogyakarta,2026-08-30T11:38:18.765381+00:00
2026-05-28,Cabai Merah Keriting ,2,2,32350.0,DI Yogyakarta,2026-08-30T11:38:18.765381+00:00
2026-05-29,Cabai Merah Keriting ,2,2,32350.0,DI Yogyakarta,2026-08-30T11:38:18.765381+00:00
2026-06-01,Cabai Merah Keriting ,2,2,32350.0,DI Yogyakarta,2026-08-30T11:38:18.765381+00:00
2026-06-02,Cabai Merah Keriting ,2,2,32350.0,DI Yogyakarta,2026-08-30T11:38:18.765381+00:00
2026-06-03,Cabai Merah Keriting ,2,2,32350.0,DI Yogyakarta,2026-08-30T11:38:18.765381+00:00
2026-06-04,Cabai Merah Keriting ,2,2,32350.0,DI Yogyakarta,2026-08-30T11:38:18.765381+00:00
2026-06-05,Cabai Merah Keriting ,2,2,32350.0,DI Yogyakarta,2026-08-30T11:38:18.765381+00:00
2026-06-08,Cabai Merah Keriting ,2,2,32350.0,DI Yogyakarta,2026-08-30T11:38:18.765381+00:00
2026-06-09,Cabai Merah Keriting ,2,2,32350.0,DI Yogyakarta,2026-08-30T11:38:18.765381+00:00
2026-06-10,Cabai Merah Keriting ,2,2,32350.0,DI Yogyakarta,2026-08-30T11:38:18.765381+00:00
2026-06-11,Cabai Merah Keriting ,2,2,32350.0,DI Yogyakarta,2026-08-30T11:38:18.765381+00:00
2026-06-12,Cabai Merah Keriting ,2,2,32350.0,DI Yogyakarta,2026-08-30T11:38:18.765381+00:00
2026-06-15,Cabai Merah Keriting ,2,2,32350.0,DI Yogyakarta,2026-08-30T11:38:18.765381+00:00
2026-06-16,Cabai Merah Keriting ,2,2,32350.0,DI Yogyakarta,2026-08-30T11:38:18.765381+00:00
2026-06-17,Cabai Merah Keriting ,2,2,32350.0,DI Yogyakarta,2026-08-30T11:38:18.765381+00:00
2026-06-18,Cabai Merah Keriting ,2,2,32350.0,DI Yogyakarta,2026-08-30T11:38:18.765381+00:00
2026-06-19,Cabai Merah Keriting ,2,2,32350.0,DI Yogyakarta,2026-08-30T11:38:18.765381+00:00
2026-06-22,Cabai Merah Keriting ,2,2,32350.0,DI Yogyakarta,2026-08-30T11:38:18.765381+00:00
2026-06-23,Cabai Merah Keriting ,2,2,32350.0,DI Yogyakarta,2026-08-30T11:38:18.765381+00:00
2026-06-24,Cabai Merah Keriting ,2,2,32350.0,DI Yogyakarta,2026-08-30T11:38:18.765381+00:00
2026-06-25,Cabai Merah Keriting ,2,2,23350.0,DI Yogyakarta,2026-08-30T11:38:18.765381+00:00
2026-06-26,Cabai Merah Keriting ,2,2,23350.0,DI Yogyakarta,2026-08-30T11:38:18.765381+00:00
2026-06-29,Cabai Merah Keriting ,2,2,23350.0,DI Yogyakarta,2026-08-30T11:38:18.765381+00:00
2026-06-30,Cabai Merah Keriting ,2,2,23350.0,DI Yogyakarta,2026-08-30T11:38:18.765381+00:00
2026-07-01,Cabai Merah Keriting ,2,2,23350.0,DI Yogyakarta,2026-08-30T11:38:18.765381+00:00
2026-07-02,Cabai Merah Keriting ,2,2,23350.0,DI Yogyakarta,2026-08-30T11:38:18.765381+00:00
2026-07-03,Cabai Merah Keriting ,2,2,23350.0,DI Yogyakarta,2026-08-30T11:38:18.765381+00:00
2026-05-11,Cabai Rawit,1,VII,40350.0,DI Yogyakarta,2026-08-30T11:38:18.765381+00:00
2026-05-12,Cabai Rawit,1,VII,40350.0,DI Yogyakarta,2026-08-30T11:38:18.765381+00:00
2026-05-13,Cabai Rawit,1,VII,40350.0,DI Yogyakarta,2026-08-30T11:38:18.765381+00:00
2026-05-14,Cabai Rawit,1,VII,40350.0,DI Yogyakarta,2026-08-30T11:38:18.765381+00:00
2026-05-15,Cabai Rawit,1,VII,40350.0,DI Yogyakarta,2026-08-30T11:38:18.765381+00:00
2026-05-18,Cabai Rawit,1,VII,40350.0,DI Yogyakarta,2026-08-30T11:38:18.765381+00:00
2026-05-19,Cabai Rawit,1,VII,40350.0,DI Yogyakarta,2026-08-30T11:38:18.765381+00:00
2026-05-20,Cabai Rawit,1,VII,40350.0,DI Yogyakarta,2026-08-30T11:38:18.765381+00:00
2026-05-21,Cabai Rawit,1,VII,40350.0,DI Yogyakarta,2026-08-30T11:38:18.765381+00:00
2026-05-22,Cabai Rawit,1,VII,40350.0,DI Yogyakarta,2026-08-30T11:38:18.765381+00:00
2026-05-25,Cabai Rawit,1,VII,57000.0,DI Yogyakarta,2026-08-30T11:38:18.765381+00:00
2026-05-26,Cabai Rawit,1,VII,57000.0,DI Yogyakarta,2026-08-30T11:38:18.765381+00:00
2026-05-27,Cabai Rawit,1,VII,57000.0,DI Yogyakarta,2026-08-30T11:38:18.765381+00:00
2026-05-28,Cabai Rawit,1,VII,57000.0,DI Yogyakarta,2026-08-30T11:38:18.765381+00:00
2026-05-29,Cabai Rawit,1,VII,57000.0,DI Yogyakarta,2026-08-30T11:38:18.765381+00:00
2026-06-01,Cabai Rawit,1,VII,57000.0,DI Yogyakarta,2026-08-30T11:38:18.765381+00:00
2026-06-02,Cabai Rawit,1,VII,57000.0,DI Yogyakarta,2026-08-30T11:38:18.765381+00:00
2026-06-03,Cabai Rawit,1,VII,57000.0,DI Yogyakarta,2026-08-30T11:38:18.765381+00:00
2026-06-04,Cabai Rawit,1,VII,57000.0,DI Yogyakarta,2026-08-30T11:38:18.765381+00:00
2026-06-05,Cabai Rawit,1,VII,57000.0,DI Yogyakarta,2026-08-30T11:38:18.765381+00:00
2026-06-08,Cabai Rawit,1,VII,57000.0,DI Yogyakarta,2026-08-30T11:38:18.765381+00:00
2026-06-09,Cabai Rawit,1,VII,57000.0,DI Yogyakarta,2026-08-30T11:38:18.765381+00:00
2026-06-10,Cabai Rawit,1,VII,57000.0,DI Yogyakarta,2026-08-30T11:38:18.765381+00:00
2026-06-11,Cabai Rawit,1,VII,57000.0,DI Yogyakarta,2026-08-30T11:38:18.765381+00:00
2026-06-12,Cabai Rawit,1,VII,57000.0,DI Yogyakarta,2026-08-30T11:38:18.765381+00:00
2026-06-15,Cabai Rawit,1,VII,57000.0,DI Yogyakarta,2026-08-30T11:38:18.765381+00:00
2026-06-16,Cabai Rawit,1,VII,57000.0,DI Yogyakarta,2026-08-30T11:38:18.765381+00:00
2026-06-17,Cabai Rawit,1,VII,57000.0,DI Yogyakarta,2026-08-30T11:38:18.765381+00:00
2026-06-18,Cabai Rawit,1,VII,57000.0,DI Yogyakarta,2026-08-30T11:38:18.765381+00:00
2026-06-19,Cabai Rawit,1,VII,57000.0,DI Yogyakarta,2026-08-30T11:38:18.765381+00:00
2026-06-22,Cabai Rawit,1,VII,57000.0,DI Yogyakarta,2026-08-30T11:38:18.765381+00:00
2026-06-23,Cabai Rawit,1,VII,57000.0,DI Yogyakarta,2026-08-30T11:38:18.765381+00:00
2026-06-24,Cabai Rawit,1,VII,57000.0,DI Yogyakarta,2026-08-30T11:38:18.765381+00:00
2026-06-25,Cabai Rawit,1,VII,45350.0,DI Yogyakarta,2026-08-30T11:38:18.765381+00:00
2026-06-26,Cabai Rawit,1,VII,45350.0,DI Yogyakarta,2026-08-30T11:38:18.765381+00:00
2026-06-29,Cabai Rawit,1,VII,45350.0,DI Yogyakarta,2026-08-30T11:38:18.765381+00:00
2026-06-30,Cabai Rawit,1,VII,45350.0,DI Yogyakarta,2026-08-30T11:38:18.765381+00:00
2026-07-01,Cabai Rawit,1,VII,45350.0,DI Yogyakarta,2026-08-30T11:38:18.765381+00:00
2026-07-02,Cabai Rawit,1,VII,45350.0,DI Yogyakarta,2026-08-30T11:38:18.765381+00:00
2026-07-03,Cabai Rawit,1,VII,45350.0,DI Yogyakarta,2026-08-30T11:38:18.765381+00:00
2026-05-11,Cabai Rawit Hijau,2,1,38650.0,DI Yogyakarta,2026-08-30T11:38:18.765381+00:00
2026-05-12,Cabai Rawit Hijau,2,1,38650.0,DI Yogyakarta,2026-08-30T11:38:18.765381+00:00
2026-05-13,Cabai Rawit Hijau,2,1,38650.0,DI Yogyakarta,2026-08-30T11:38:18.765381+00:00
2026-05-14,Cabai Rawit Hijau,2,1,38650.0,DI Yogyakarta,2026-08-30T11:38:18.765381+00:00
2026-05-15,Cabai Rawit Hijau,2,1,38650.0,DI Yogyakarta,2026-08-30T11:38:18.765381+00:00
2026-05-18,Cabai Rawit Hijau,2,1,38650.0,DI Yogyakarta,2026-08-30T11:38:18.765381+00:00
2026-05-19,Cabai Rawit Hijau,2,1,38650.0,DI Yogyakarta,2026-08-30T11:38:18.765381+00:00
2026-05-20,Cabai Rawit Hijau,2,1,38650.0,DI Yogyakarta,2026-08-30T11:38:18.765381+00:00
2026-05-21,Cabai Rawit Hijau,2,1,38650.0,DI Yogyakarta,2026-08-30T11:38:18.765381+00:00
2026-05-22,Cabai Rawit Hijau,2,1,38650.0,DI Yogyakarta,2026-08-30T11:38:18.765381+00:00
2026-05-25,Cabai Rawit Hijau,2,1,49000.0,DI Yogyakarta,2026-08-30T11:38:18.765381+00:00
2026-05-26,Cabai Rawit Hijau,2,1,49000.0,DI Yogyakarta,2026-08-30T11:38:18.765381+00:00
2026-05-27,Cabai Rawit Hijau,2,1,49000.0,DI Yogyakarta,2026-08-30T11:38:18.765381+00:00
2026-05-28,Cabai Rawit Hijau,2,1,49000.0,DI Yogyakarta,2026-08-30T11:38:18.765381+00:00
2026-05-29,Cabai Rawit Hijau,2,1,49000.0,DI Yogyakarta,2026-08-30T11:38:18.765381+00:00
2026-06-01,Cabai Rawit Hijau,2,1,49000.0,DI Yogyakarta,2026-08-30T11:38:18.765381+00:00
2026-06-02,Cabai Rawit Hijau,2,1,49000.0,DI Yogyakarta,2026-08-30T11:38:18.765381+00:00
2026-06-03,Cabai Rawit Hijau,2,1,49000.0,DI Yogyakarta,2026-08-30T11:38:18.765381+00:00
2026-06-04,Cabai Rawit Hijau,2,1,49000.0,DI Yogyakarta,2026-08-30T11:38:18.765381+00:00
2026-06-05,Cabai Rawit Hijau,2,1,49000.0,DI Yogyakarta,2026-08-30T11:38:18.765381+00:00
2026-06-08,Cabai Rawit Hijau,2,1,49000.0,DI Yogyakarta,2026-08-30T11:38:18.765381+00:00
2026-06-09,Cabai Rawit Hijau,2,1,49000.0,DI Yogyakarta,2026-08-30T11:38:18.765381+00:00
2026-06-10,Cabai Rawit Hijau,2,1,49000.0,DI Yogyakarta,2026-08-30T11:38:18.765381+00:00
2026-06-11,Cabai Rawit Hijau,2,1,49000.0,DI Yogyakarta,2026-08-30T11:38:18.765381+00:00
2026-06-12,Cabai Rawit Hijau,2,1,49000.0,DI Yogyakarta,2026-08-30T11:38:18.765381+00:00
2026-06-15,Cabai Rawit Hijau,2,1,49000.0,DI Yogyakarta,2026-08-30T11:38:18.765381+00:00
2026-06-16,Cabai Rawit Hijau,2,1,49000.0,DI Yogyakarta,2026-08-30T11:38:18.765381+00:00
2026-06-17,Cabai Rawit Hijau,2,1,49000.0,DI Yogyakarta,2026-08-30T11:38:18.765381+00:00
2026-06-18,Cabai Rawit Hijau,2,1,49000.0,DI Yogyakarta,2026-08-30T11:38:18.765381+00:00
2026-06-19,Cabai Rawit Hijau,2,1,49000.0,DI Yogyakarta,2026-08-30T11:38:18.765381+00:00
2026-06-22,Cabai Rawit Hijau,2,1,49000.0,DI Yogyakarta,2026-08-30T11:38:18.765381+00:00
2026-06-23,Cabai Rawit Hijau,2,1,49000.0,DI Yogyakarta,2026-08-30T11:38:18.765381+00:00
2026-06-24,Cabai Rawit Hijau,2,1,49000.0,DI Yogyakarta,2026-08-30T11:38:18.765381+00:00
2026-06-25,Cabai Rawit Hijau,2,1,43650.0,DI Yogyakarta,2026-08-30T11:38:18.765381+00:00
2026-06-26,Cabai Rawit Hijau,2,1,43650.0,DI Yogyakarta,2026-08-30T11:38:18.765381+00:00
2026-06-29,Cabai Rawit Hijau,2,1,43650.0,DI Yogyakarta,2026-08-30T11:38:18.765381+00:00
2026-06-30,Cabai Rawit Hijau,2,1,43650.0,DI Yogyakarta,2026-08-30T11:38:18.765381+00:00
2026-07-01,Cabai Rawit Hijau,2,1,43650.0,DI Yogyakarta,2026-08-30T11:38:18.765381+00:00
2026-07-02,Cabai Rawit Hijau,2,1,43650.0,DI Yogyakarta,2026-08-30T11:38:18.765381+00:00
2026-07-03,Cabai Rawit Hijau,2,1,43650.0,DI Yogyakarta,2026-08-30T11:38:18.765381+00:00
2026-05-11,Cabai Rawit Merah,2,2,42000.0,DI Yogyakarta,2026-08-30T11:38:18.765381+00:00
2026-05-12,Cabai Rawit Merah,2,2,42000.0,DI Yogyakarta,2026-08-30T11:38:18.765381+00:00
2026-05-13,Cabai Rawit Merah,2,2,42000.0,DI Yogyakarta,2026-08-30T11:38:18.765381+00:00
2026-05-14,Cabai Rawit Merah,2,2,42000.0,DI Yogyakarta,2026-08-30T11:38:18.765381+00:00
2026-05-15,Cabai Rawit Merah,2,2,42000.0,DI Yogyakarta,2026-08-30T11:38:18.765381+00:00
2026-05-18,Cabai Rawit Merah,2,2,42000.0,DI Yogyakarta,2026-08-30T11:38:18.765381+00:00
2026-05-19,Cabai Rawit Merah,2,2,42000.0,DI Yogyakarta,2026-08-30T11:38:18.765381+00:00
2026-05-20,Cabai Rawit Merah,2,2,42000.0,DI Yogyakarta,2026-08-30T11:38:18.765381+00:00
2026-05-21,Cabai Rawit Merah,2,2,42000.0,DI Yogyakarta,2026-08-30T11:38:18.765381+00:00
2026-05-22,Cabai Rawit Merah,2,2,42000.0,DI Yogyakarta,2026-08-30T11:38:18.765381+00:00
2026-05-25,Cabai Rawit Merah,2,2,65000.0,DI Yogyakarta,2026-08-30T11:38:18.765381+00:00
2026-05-26,Cabai Rawit Merah,2,2,65000.0,DI Yogyakarta,2026-08-30T11:38:18.765381+00:00
2026-05-27,Cabai Rawit Merah,2,2,65000.0,DI Yogyakarta,2026-08-30T11:38:18.765381+00:00
2026-05-28,Cabai Rawit Merah,2,2,65000.0,DI Yogyakarta,2026-08-30T11:38:18.765381+00:00
2026-05-29,Cabai Rawit Merah,2,2,65000.0,DI Yogyakarta,2026-08-30T11:38:18.765381+00:00
2026-06-01,Cabai Rawit Merah,2,2,65000.0,DI Yogyakarta,2026-08-30T11:38:18.765381+00:00
2026-06-02,Cabai Rawit Merah,2,2,65000.0,DI Yogyakarta,2026-08-30T11:38:18.765381+00:00
2026-06-03,Cabai Rawit Merah,2,2,65000.0,DI Yogyakarta,2026-08-30T11:38:18.765381+00:00
2026-06-04,Cabai Rawit Merah,2,2,65000.0,DI Yogyakarta,2026-08-30T11:38:18.765381+00:00
2026-06-05,Cabai Rawit Merah,2,2,65000.0,DI Yogyakarta,2026-08-30T11:38:18.765381+00:00
2026-06-08,Cabai Rawit Merah,2,2,65000.0,DI Yogyakarta,2026-08-30T11:38:18.765381+00:00
2026-06-09,Cabai Rawit Merah,2,2,65000.0,DI Yogyakarta,2026-08-30T11:38:18.765381+00:00
2026-06-10,Cabai Rawit Merah,2,2,65000.0,DI Yogyakarta,2026-08-30T11:38:18.765381+00:00
2026-06-11,Cabai Rawit Merah,2,2,65000.0,DI Yogyakarta,2026-08-30T11:38:18.765381+00:00
2026-06-12,Cabai Rawit Merah,2,2,65000.0,DI Yogyakarta,2026-08-30T11:38:18.765381+00:00
2026-06-15,Cabai Rawit Merah,2,2,65000.0,DI Yogyakarta,2026-08-30T11:38:18.765381+00:00
2026-06-16,Cabai Rawit Merah,2,2,65000.0,DI Yogyakarta,2026-08-30T11:38:18.765381+00:00
2026-06-17,Cabai Rawit Merah,2,2,65000.0,DI Yogyakarta,2026-08-30T11:38:18.765381+00:00
2026-06-18,Cabai Rawit Merah,2,2,65000.0,DI Yogyakarta,2026-08-30T11:38:18.765381+00:00
2026-06-19,Cabai Rawit Merah,2,2,65000.0,DI Yogyakarta,2026-08-30T11:38:18.765381+00:00
2026-06-22,Cabai Rawit Merah,2,2,65000.0,DI Yogyakarta,2026-08-30T11:38:18.765381+00:00
2026-06-23,Cabai Rawit Merah,2,2,65000.0,DI Yogyakarta,2026-08-30T11:38:18.765381+00:00
2026-06-24,Cabai Rawit Merah,2,2,65000.0,DI Yogyakarta,2026-08-30T11:38:18.765381+00:00
2026-06-25,Cabai Rawit Merah,2,2,47000.0,DI Yogyakarta,2026-08-30T11:38:18.765381+00:00
2026-06-26,Cabai Rawit Merah,2,2,47000.0,DI Yogyakarta,2026-08-30T11:38:18.765381+00:00
2026-06-29,Cabai Rawit Merah,2,2,47000.0,DI Yogyakarta,2026-08-30T11:38:18.765381+00:00
2026-06-30,Cabai Rawit Merah,2,2,47000.0,DI Yogyakarta,2026-08-30T11:38:18.765381+00:00
2026-07-01,Cabai Rawit Merah,2,2,47000.0,DI Yogyakarta,2026-08-30T11:38:18.765381+00:00
2026-07-02,Cabai Rawit Merah,2,2,47000.0,DI Yogyakarta,2026-08-30T11:38:18.765381+00:00
2026-07-03,Cabai Rawit Merah,2,2,47000.0,DI Yogyakarta,2026-08-30T11:38:18.765381+00:00
2026-05-11,Gula Pasir,1,VIII,16000.0,DI Yogyakarta,2026-08-30T11:38:18.765381+00:00
2026-05-12,Gula Pasir,1,VIII,16000.0,DI Yogyakarta,2026-08-30T11:38:18.765381+00:00
2026-05-13,Gula Pasir,1,VIII,16000.0,DI Yogyakarta,2026-08-30T11:38:18.765381+00:00
2026-05-14,Gula Pasir,1,VIII,16000.0,DI Yogyakarta,2026-08-30T11:38:18.765381+00:00
2026-05-15,Gula Pasir,1,VIII,16000.0,DI Yogyakarta,2026-08-30T11:38:18.765381+00:00
2026-05-18,Gula Pasir,1,VIII,16000.0,DI Yogyakarta,2026-08-30T11:38:18.765381+00:00
2026-05-19,Gula Pasir,1,VIII,16000.0,DI Yogyakarta,2026-08-30T11:38:18.765381+00:00
2026-05-20,Gula Pasir,1,VIII,16000.0,DI Yogyakarta,2026-08-30T11:38:18.765381+00:00
2026-05-21,Gula Pasir,1,VIII,16000.0,DI Yogyakarta,2026-08-30T11:38:18.765381+00:00
2026-05-22,Gula Pasir,1,VIII,16000.0,DI Yogyakarta,2026-08-30T11:38:18.765381+00:00
2026-05-25,Gula Pasir,1,VIII,15800.0,DI Yogyakarta,2026-08-30T11:38:18.765381+00:00
2026-05-26,Gula Pasir,1,VIII,15800.0,DI Yogyakarta,2026-08-30T11:38:18.765381+00:00
2026-05-27,Gula Pasir,1,VIII,15800.0,DI Yogyakarta,2026-08-30T11:38:18.765381+00:00
2026-05-28,Gula Pasir,1,VIII,15800.0,DI Yogyakarta,2026-08-30T11:38:18.765381+00:00
2026-05-29,Gula Pasir,1,VIII,15800.0,DI Yogyakarta,2026-08-30T11:38:18.765381+00:00
2026-06-01,Gula Pasir,1,VIII,15800.0,DI Yogyakarta,2026-08-30T11:38:18.765381+00:00
2026-06-02,Gula Pasir,1,VIII,15800.0,DI Yogyakarta,2026-08-30T11:38:18.765381+00:00
2026-06-03,Gula Pasir,1,VIII,15800.0,DI Yogyakarta,2026-08-30T11:38:18.765381+00:00
2026-06-04,Gula Pasir,1,VIII,15800.0,DI Yogyakarta,2026-08-30T11:38:18.765381+00:00
2026-06-05,Gula Pasir,1,VIII,15800.0,DI Yogyakarta,2026-08-30T11:38:18.765381+00:00
2026-06-08,Gula Pasir,1,VIII,15800.0,DI Yogyakarta,2026-08-30T11:38:18.765381+00:00
2026-06-09,Gula Pasir,1,VIII,15800.0,DI Yogyakarta,2026-08-30T11:38:18.765381+00:00
2026-06-10,Gula Pasir,1,VIII,15800.0,DI Yogyakarta,2026-08-30T11:38:18.765381+00:00
2026-06-11,Gula Pasir,1,VIII,15800.0,DI Yogyakarta,2026-08-30T11:38:18.765381+00:00
2026-06-12,Gula Pasir,1,VIII,15800.0,DI Yogyakarta,2026-08-30T11:38:18.765381+00:00
2026-06-15,Gula Pasir,1,VIII,15800.0,DI Yogyakarta,2026-08-30T11:38:18.765381+00:00
2026-06-16,Gula Pasir,1,VIII,15800.0,DI Yogyakarta,2026-08-30T11:38:18.765381+00:00
2026-06-17,Gula Pasir,1,VIII,15800.0,DI Yogyakarta,2026-08-30T11:38:18.765381+00:00
2026-06-18,Gula Pasir,1,VIII,15800.0,DI Yogyakarta,2026-08-30T11:38:18.765381+00:00
2026-06-19,Gula Pasir,1,VIII,15800.0,DI Yogyakarta,2026-08-30T11:38:18.765381+00:00
2026-06-22,Gula Pasir,1,VIII,15800.0,DI Yogyakarta,2026-08-30T11:38:18.765381+00:00
2026-06-23,Gula Pasir,1,VIII,15800.0,DI Yogyakarta,2026-08-30T11:38:18.765381+00:00
2026-06-24,Gula Pasir,1,VIII,15800.0,DI Yogyakarta,2026-08-30T11:38:18.765381+00:00
2026-06-25,Gula Pasir,1,VIII,16000.0,DI Yogyakarta,2026-08-30T11:38:18.765381+00:00
2026-06-26,Gula Pasir,1,VIII,16000.0,DI Yogyakarta,2026-08-30T11:38:18.765381+00:00
2026-06-29,Gula Pasir,1,VIII,16000.0,DI Yogyakarta,2026-08-30T11:38:18.765381+00:00
2026-06-30,Gula Pasir,1,VIII,16000.0,DI Yogyakarta,2026-08-30T11:38:18.765381+00:00
2026-07-01,Gula Pasir,1,VIII,16000.0,DI Yogyakarta,2026-08-30T11:38:18.765381+00:00
2026-07-02,Gula Pasir,1,VIII,16000.0,DI Yogyakarta,2026-08-30T11:38:18.765381+00:00
2026-07-03,Gula Pasir,1,VIII,16000.0,DI Yogyakarta,2026-08-30T11:38:18.765381+00:00
2026-05-11,Gula Pasir Kualitas Premium,2,1,16000.0,DI Yogyakarta,2026-08-30T11:38:18.765381+00:00
2026-05-12,Gula Pasir Kualitas Premium,2,1,16000.0,DI Yogyakarta,2026-08-30T11:38:18.765381+00:00
2026-05-13,Gula Pasir Kualitas Premium,2,1,16000.0,DI Yogyakarta,2026-08-30T11:38:18.765381+00:00
2026-05-14,Gula Pasir Kualitas Premium,2,1,16000.0,DI Yogyakarta,2026-08-30T11:38:18.765381+00:00
2026-05-15,Gula Pasir Kualitas Premium,2,1,16000.0,DI Yogyakarta,2026-08-30T11:38:18.765381+00:00
2026-05-18,Gula Pasir Kualitas Premium,2,1,16000.0,DI Yogyakarta,2026-08-30T11:38:18.765381+00:00
2026-05-19,Gula Pasir Kualitas Premium,2,1,16000.0,DI Yogyakarta,2026-08-30T11:38:18.765381+00:00
2026-05-20,Gula Pasir Kualitas Premium,2,1,16000.0,DI Yogyakarta,2026-08-30T11:38:18.765381+00:00
2026-05-21,Gula Pasir Kualitas Premium,2,1,16000.0,DI Yogyakarta,2026-08-30T11:38:18.765381+00:00
2026-05-22,Gula Pasir Kualitas Premium,2,1,16000.0,DI Yogyakarta,2026-08-30T11:38:18.765381+00:00
2026-05-25,Gula Pasir Kualitas Premium,2,1,15800.0,DI Yogyakarta,2026-08-30T11:38:18.765381+00:00
2026-05-26,Gula Pasir Kualitas Premium,2,1,15800.0,DI Yogyakarta,2026-08-30T11:38:18.765381+00:00
2026-05-27,Gula Pasir Kualitas Premium,2,1,15800.0,DI Yogyakarta,2026-08-30T11:38:18.765381+00:00
2026-05-28,Gula Pasir Kualitas Premium,2,1,15800.0,DI Yogyakarta,2026-08-30T11:38:18.765381+00:00
2026-05-29,Gula Pasir Kualitas Premium,2,1,15800.0,DI Yogyakarta,2026-08-30T11:38:18.765381+00:00
2026-06-01,Gula Pasir Kualitas Premium,2,1,15800.0,DI Yogyakarta,2026-08-30T11:38:18.765381+00:00
2026-06-02,Gula Pasir Kualitas Premium,2,1,15800.0,DI Yogyakarta,2026-08-30T11:38:18.765381+00:00
2026-06-03,Gula Pasir Kualitas Premium,2,1,15800.0,DI Yogyakarta,2026-08-30T11:38:18.765381+00:00
2026-06-04,Gula Pasir Kualitas Premium,2,1,15800.0,DI Yogyakarta,2026-08-30T11:38:18.765381+00:00
2026-06-05,Gula Pasir Kualitas Premium,2,1,15800.0,DI Yogyakarta,2026-08-30T11:38:18.765381+00:00
2026-06-08,Gula Pasir Kualitas Premium,2,1,15800.0,DI Yogyakarta,2026-08-30T11:38:18.765381+00:00
2026-06-09,Gula Pasir Kualitas Premium,2,1,15800.0,DI Yogyakarta,2026-08-30T11:38:18.765381+00:00
2026-06-10,Gula Pasir Kualitas Premium,2,1,15800.0,DI Yogyakarta,2026-08-30T11:38:18.765381+00:00
2026-06-11,Gula Pasir Kualitas Premium,2,1,15800.0,DI Yogyakarta,2026-08-30T11:38:18.765381+00:00
2026-06-12,Gula Pasir Kualitas Premium,2,1,15800.0,DI Yogyakarta,2026-08-30T11:38:18.765381+00:00
2026-06-15,Gula Pasir Kualitas Premium,2,1,15800.0,DI Yogyakarta,2026-08-30T11:38:18.765381+00:00
2026-06-16,Gula Pasir Kualitas Premium,2,1,15800.0,DI Yogyakarta,2026-08-30T11:38:18.765381+00:00
2026-06-17,Gula Pasir Kualitas Premium,2,1,15800.0,DI Yogyakarta,2026-08-30T11:38:18.765381+00:00
2026-06-18,Gula Pasir Kualitas Premium,2,1,15800.0,DI Yogyakarta,2026-08-30T11:38:18.765381+00:00
2026-06-19,Gula Pasir Kualitas Premium,2,1,15800.0,DI Yogyakarta,2026-08-30T11:38:18.765381+00:00
2026-06-22,Gula Pasir Kualitas Premium,2,1,15800.0,DI Yogyakarta,2026-08-30T11:38:18.765381+00:00
2026-06-23,Gula Pasir Kualitas Premium,2,1,15800.0,DI Yogyakarta,2026-08-30T11:38:18.765381+00:00
2026-06-24,Gula Pasir Kualitas Premium,2,1,15800.0,DI Yogyakarta,2026-08-30T11:38:18.765381+00:00
2026-06-25,Gula Pasir Kualitas Premium,2,1,16000.0,DI Yogyakarta,2026-08-30T11:38:18.765381+00:00
2026-06-26,Gula Pasir Kualitas Premium,2,1,16000.0,DI Yogyakarta,2026-08-30T11:38:18.765381+00:00
2026-06-29,Gula Pasir Kualitas Premium,2,1,16000.0,DI Yogyakarta,2026-08-30T11:38:18.765381+00:00
2026-06-30,Gula Pasir Kualitas Premium,2,1,16000.0,DI Yogyakarta,2026-08-30T11:38:18.765381+00:00
2026-07-01,Gula Pasir Kualitas Premium,2,1,16000.0,DI Yogyakarta,2026-08-30T11:38:18.765381+00:00
2026-07-02,Gula Pasir Kualitas Premium,2,1,16000.0,DI Yogyakarta,2026-08-30T11:38:18.765381+00:00
2026-07-03,Gula Pasir Kualitas Premium,2,1,16000.0,DI Yogyakarta,2026-08-30T11:38:18.765381+00:00
2026-03-16,Beras,1,I,13900.0,DI Yogyakarta,2026-08-30T11:38:23.606628+00:00
2026-03-17,Beras,1,I,13900.0,DI Yogyakarta,2026-08-30T11:38:23.606628+00:00
2026-03-18,Beras,1,I,13900.0,DI Yogyakarta,2026-08-30T11:38:23.606628+00:00
2026-03-19,Beras,1,I,13900.0,DI Yogyakarta,2026-08-30T11:38:23.606628+00:00
2026-03-20,Beras,1,I,13900.0,DI Yogyakarta,2026-08-30T11:38:23.606628+00:00
2026-03-23,Beras,1,I,13900.0,DI Yogyakarta,2026-08-30T11:38:23.606628+00:00
2026-03-24,Beras,1,I,13900.0,DI Yogyakarta,2026-08-30T11:38:23.606628+00:00
2026-03-25,Beras,1,I,14200.0,DI Yogyakarta,2026-08-30T11:38:23.606628+00:00
2026-03-26,Beras,1,I,14200.0,DI Yogyakarta,2026-08-30T11:38:23.606628+00:00
2026-03-27,Beras,1,I,14200.0,DI Yogyakarta,2026-08-30T11:38:23.606628+00:00
2026-03-30,Beras,1,I,14200.0,DI Yogyakarta,2026-08-30T11:38:23.606628+00:00
2026-03-31,Beras,1,I,14200.0,DI Yogyakarta,2026-08-30T11:38:23.606628+00:00
2026-04-01,Beras,1,I,14200.0,DI Yogyakarta,2026-08-30T11:38:23.606628+00:00
2026-04-02,Beras,1,I,14200.0,DI Yogyakarta,2026-08-30T11:38:23.606628+00:00
2026-04-03,Beras,1,I,14200.0,DI Yogyakarta,2026-08-30T11:38:23.606628+00:00
2026-04-06,Beras,1,I,14200.0,DI Yogyakarta,2026-08-30T11:38:23.606628+00:00
2026-04-07,Beras,1,I,14200.0,DI Yogyakarta,2026-08-30T11:38:23.606628+00:00
2026-04-08,Beras,1,I,14200.0,DI Yogyakarta,2026-08-30T11:38:23.606628+00:00
2026-04-09,Beras,1,I,14200.0,DI Yogyakarta,2026-08-30T11:38:23.606628+00:00
2026-04-10,Beras,1,I,14200.0,DI Yogyakarta,2026-08-30T11:38:23.606628+00:00
2026-04-13,Beras,1,I,14200.0,DI Yogyakarta,2026-08-30T11:38:23.606628+00:00
2026-04-14,Beras,1,I,14200.0,DI Yogyakarta,2026-08-30T11:38:23.606628+00:00
2026-04-15,Beras,1,I,14200.0,DI Yogyakarta,2026-08-30T11:38:23.606628+00:00
2026-04-16,Beras,1,I,14200.0,DI Yogyakarta,2026-08-30T11:38:23.606628+00:00
2026-04-17,Beras,1,I,14200.0,DI Yogyakarta,2026-08-30T11:38:23.606628+00:00
2026-04-20,Beras,1,I,14200.0,DI Yogyakarta,2026-08-30T11:38:23.606628+00:00
2026-04-21,Beras,1,I,14200.0,DI Yogyakarta,2026-08-30T11:38:23.606628+00:00
2026-04-22,Beras,1,I,14200.0,DI Yogyakarta,2026-08-30T11:38:23.606628+00:00
2026-04-23,Beras,1,I,14200.0,DI Yogyakarta,2026-08-30T11:38:23.606628+00:00
2026-04-24,Beras,1,I,14200.0,DI Yogyakarta,2026-08-30T11:38:23.606628+00:00
2026-04-27,Beras,1,I,14000.0,DI Yogyakarta,2026-08-30T11:38:23.606628+00:00
2026-04-28,Beras,1,I,14000.0,DI Yogyakarta,2026-08-30T11:38:23.606628+00:00
2026-04-29,Beras,1,I,14000.0,DI Yogyakarta,2026-08-30T11:38:23.606628+00:00
2026-04-30,Beras,1,I,14000.0,DI Yogyakarta,2026-08-30T11:38:23.606628+00:00
2026-05-01,Beras,1,I,14000.0,DI Yogyakarta,2026-08-30T11:38:23.606628+00:00
2026-05-04,Beras,1,I,14000.0,DI Yogyakarta,2026-08-30T11:38:23.606628+00:00
2026-05-05,Beras,1,I,14000.0,DI Yogyakarta,2026-08-30T11:38:23.606628+00:00
2026-05-06,Beras,1,I,14000.0,DI Yogyakarta,2026-08-30T11:38:23.606628+00:00
2026-05-07,Beras,1,I,14000.0,DI Yogyakarta,2026-08-30T11:38:23.606628+00:00
2026-05-08,Beras,1,I,14000.0,DI Yogyakarta,2026-08-30T11:38:23.606628+00:00
2026-03-16,Beras Kualitas Bawah I,2,1,12250.0,DI Yogyakarta,2026-08-30T11:38:23.606628+00:00
2026-03-17,Beras Kualitas Bawah I,2,1,12250.0,DI Yogyakarta,2026-08-30T11:38:23.606628+00:00
2026-03-18,Beras Kualitas Bawah I,2,1,12250.0,DI Yogyakarta,2026-08-30T11:38:23.606628+00:00
2026-03-19,Beras Kualitas Bawah I,2,1,12250.0,DI Yogyakarta,2026-08-30T11:38:23.606628+00:00
2026-03-20,Beras Kualitas Bawah I,2,1,12250.0,DI Yogyakarta,2026-08-30T11:38:23.606628+00:00
2026-03-23,Beras Kualitas Bawah I,2,1,12250.0,DI Yogyakarta,2026-08-30T11:38:23.606628+00:00
2026-03-24,Beras Kualitas Bawah I,2,1,12250.0,DI Yogyakarta,2026-08-30T11:38:23.606628+00:00
2026-03-25,Beras Kualitas Bawah I,2,1,12850.0,DI Yogyakarta,2026-08-30T11:38:23.606628+00:00
2026-03-26,Beras Kualitas Bawah I,2,1,12850.0,DI Yogyakarta,2026-08-30T11:38:23.606628+00:00
2026-03-27,Beras Kualitas Bawah I,2,1,12850.0,DI Yogyakarta,2026-08-30T11:38:23.606628+00:00
2026-03-30,Beras Kualitas Bawah I,2,1,12850.0,DI Yogyakarta,2026-08-30T11:38:23.606628+00:00
2026-03-31,Beras Kualitas Bawah I,2,1,12850.0,DI Yogyakarta,2026-08-30T11:38:23.606628+00:00
2026-04-01,Beras Kualitas Bawah I,2,1,12850.0,DI Yogyakarta,2026-08-30T11:38:23.606628+00:00
2026-04-02,Beras Kualitas Bawah I,2,1,12850.0,DI Yogyakarta,2026-08-30T11:38:23.606628+00:00
2026-04-03,Beras Kualitas Bawah I,2,1,12850.0,DI Yogyakarta,2026-08-30T11:38:23.606628+00:00
2026-04-06,Beras Kualitas Bawah I,2,1,12850.0,DI Yogyakarta,2026-08-30T11:38:23.606628+00:00
2026-04-07,Beras Kualitas Bawah I,2,1,12850.0,DI Yogyakarta,2026-08-30T11:38:23.606628+00:00
2026-04-08,Beras Kualitas Bawah I,2,1,12850.0,DI Yogyakarta,2026-08-30T11:38:23.606628+00:00
2026-04-09,Beras Kualitas Bawah I,2,1,12850.0,DI Yogyakarta,2026-08-30T11:38:23.606628+00:00
2026-04-10,Beras Kualitas Bawah I,2,1,12850.0,DI Yogyakarta,2026-08-30T11:38:23.606628+00:00
2026-04-13,Beras Kualitas Bawah I,2,1,12850.0,DI Yogyakarta,2026-08-30T11:38:23.606628+00:00
2026-04-14,Beras Kualitas Bawah I,2,1,12850.0,DI Yogyakarta,2026-08-30T11:38:23.606628+00:00
2026-04-15,Beras Kualitas Bawah I,2,1,12850.0,DI Yogyakarta,2026-08-30T11:38:23.606628+00:00
2026-04-16,Beras Kualitas Bawah I,2,1,12850.0,DI Yogyakarta,2026-08-30T11:38:23.606628+00:00
2026-04-17,Beras Kualitas Bawah I,2,1,12850.0,DI Yogyakarta,2026-08-30T11:38:23.606628+00:00
2026-04-20,Beras Kualitas Bawah I,2,1,12850.0,DI Yogyakarta,2026-08-30T11:38:23.606628+00:00
2026-04-21,Beras Kualitas Bawah I,2,1,12850.0,DI Yogyakarta,2026-08-30T11:38:23.606628+00:00
2026-04-22,Beras Kualitas Bawah I,2,1,12850.0,DI Yogyakarta,2026-08-30T11:38:23.606628+00:00
2026-04-23,Beras Kualitas Bawah I,2,1,12850.0,DI Yogyakarta,2026-08-30T11:38:23.606628+00:00
2026-04-24,Beras Kualitas Bawah I,2,1,12850.0,DI Yogyakarta,2026-08-30T11:38:23.606628+00:00
2026-04-27,Beras Kualitas Bawah I,2,1,12500.0,DI Yogyakarta,2026-08-30T11:38:23.606628+00:00
2026-04-28,Beras Kualitas Bawah I,2,1,12500.0,DI Yogyakarta,2026-08-30T11:38:23.606628+00:00
2026-04-29,Beras Kualitas Bawah I,2,1,12500.0,DI Yogyakarta,2026-08-30T11:38:23.606628+00:00
2026-04-30,Beras Kualitas Bawah I,2,1,12500.0,DI Yogyakarta,2026-08-30T11:38:23.606628+00:00
2026-05-01,Beras Kualitas Bawah I,2,1,12500.0,DI Yogyakarta,2026-08-30T11:38:23.606628+00:00
2026-05-04,Beras Kualitas Bawah I,2,1,12500.0,DI Yogyakarta,2026-08-30T11:38:23.606628+00:00
2026-05-05,Beras Kualitas Bawah I,2,1,12500.0,DI Yogyakarta,2026-08-30T11:38:23.606628+00:00
2026-05-06,Beras Kualitas Bawah I,2,1,12500.0,DI Yogyakarta,2026-08-30T11:38:23.606628+00:00
2026-05-07,Beras Kualitas Bawah I,2,1,12500.0,DI Yogyakarta,2026-08-30T11:38:23.606628+00:00
2026-05-08,Beras Kualitas Bawah I,2,1,12500.0,DI Yogyakarta,2026-08-30T11:38:23.606628+00:00
2026-03-16,Beras Kualitas Medium I,2,2,13500.0,DI Yogyakarta,2026-08-30T11:38:23.606628+00:00
2026-03-17,Beras Kualitas Medium I,2,2,13500.0,DI Yogyakarta,2026-08-30T11:38:23.606628+00:00
2026-03-18,Beras Kualitas Medium I,2,2,13500.0,DI Yogyakarta,2026-08-30T11:38:23.606628+00:00
2026-03-19,Beras Kualitas Medium I,2,2,13500.0,DI Yogyakarta,2026-08-30T11:38:23.606628+00:00
2026-03-20,Beras Kualitas Medium I,2,2,13500.0,DI Yogyakarta,2026-08-30T11:38:23.606628+00:00
2026-03-23,Beras Kualitas Medium I,2,2,13500.0,DI Yogyakarta,2026-08-30T11:38:23.606628+00:00
2026-03-24,Beras Kualitas Medium I,2,2,13500.0,DI Yogyakarta,2026-08-30T11:38:23.606628+00:00
2026-03-25,Beras Kualitas Medium I,2,2,13850.0,DI Yogyakarta,2026-08-30T11:38:23.606628+00:00
2026-03-26,Beras Kualitas Medium I,2,2,13850.0,DI Yogyakarta,2026-08-30T11:38:23.606628+00:00
2026-03-27,Beras Kualitas Medium I,2,2,13850.0,DI Yogyakarta,2026-08-30T11:38:23.606628+00:00
2026-03-30,Beras Kualitas Medium I,2,2,13850.0,DI Yogyakarta,2026-08-30T11:38:23.606628+00:00
2026-03-31,Beras Kualitas Medium I,2,2,13850.0,DI Yogyakarta,2026-08-30T11:38:23.606628+00:00
2026-04-01,Beras Kualitas Medium I,2,2,13850.0,DI Yogyakarta,2026-08-30T11:38:23.606628+00:00
2026-04-02,Beras Kualitas Medium I,2,2,13850.0,DI Yogyakarta,2026-08-30T11:38:23.606628+00:00
2026-04-03,Beras Kualitas Medium I,2,2,13850.0,DI Yogyakarta,2026-08-30T11:38:23.606628+00:00
2026-04-06,Beras Kualitas Medium I,2,2,13850.0,DI Yogyakarta,2026-08-30T11:38:23.606628+00:00
2026-04-07,Beras Kualitas Medium I,2,2,13850.0,DI Yogyakarta,2026-08-30T11:38:23.606628+00:00
2026-04-08,Beras Kualitas Medium I,2,2,13850.0,DI Yogyakarta,2026-08-30T11:38:23.606628+00:00
2026-04-09,Beras Kualitas Medium I,2,2,13850.0,DI Yogyakarta,2026-08-30T11:38:23.606628+00:00
2026-04-10,Beras Kualitas Medium I,2,2,13850.0,DI Yogyakarta,2026-08-30T11:38:23.606628+00:00
2026-04-13,Beras Kualitas Medium I,2,2,13850.0,DI Yogyakarta,2026-08-30T11:38:23.606628+00:00
2026-04-14,Beras Kualitas Medium I,2,2,13850.0,DI Yogyakarta,2026-08-30T11:38:23.606628+00:00
2026-04-15,Beras Kualitas Medium I,2,2,13850.0,DI Yogyakarta,2026-08-30T11:38:23.606628+00:00
2026-04-16,Beras Kualitas Medium I,2,2,13850.0,DI Yogyakarta,2026-08-30T11:38:23.606628+00:00
2026-04-17,Beras Kualitas Medium I,2,2,13850.0,DI Yogyakarta,2026-08-30T11:38:23.606628+00:00
2026-04-20,Beras Kualitas Medium I,2,2,13850.0,DI Yogyakarta,2026-08-30T11:38:23.606628+00:00
2026-04-21,Beras Kualitas Medium I,2,2,13850.0,DI Yogyakarta,2026-08-30T11:38:23.606628+00:00
2026-04-22,Beras Kualitas Medium I,2,2,13850.0,DI Yogyakarta,2026-08-30T11:38:23.606628+00:00
2026-04-23,Beras Kualitas Medium I,2,2,13850.0,DI Yogyakarta,2026-08-30T11:38:23.606628+00:00
2026-04-24,Beras Kualitas Medium I,2,2,13850.0,DI Yogyakarta,2026-08-30T11:38:23.606628+00:00
2026-04-27,Beras Kualitas Medium I,2,2,13500.0,DI Yogyakarta,2026-08-30T11:38:23.606628+00:00
2026-04-28,Beras Kualitas Medium I,2,2,13500.0,DI Yogyakarta,2026-08-30T11:38:23.606628+00:00
2026-04-29,Beras Kualitas Medium I,2,2,13500.0,DI Yogyakarta,2026-08-30T11:38:23.606628+00:00
2026-04-30,Beras Kualitas Medium I,2,2,13500.0,DI Yogyakarta,2026-08-30T11:38:23.606628+00:00
2026-05-01,Beras Kualitas Medium I,2,2,13500.0,DI Yogyakarta,2026-08-30T11:38:23.606628+00:00
2026-05-04,Beras Kualitas Medium I,2,2,13500.0,DI Yogyakarta,2026-08-30T11:38:23.606628+00:00
2026-05-05,Beras Kualitas Medium I,2,2,13500.0,DI Yogyakarta,2026-08-30T11:38:23.606628+00:00
2026-05-06,Beras Kualitas Medium I,2,2,13500.0,DI Yogyakarta,2026-08-30T11:38:23.606628+00:00
2026-05-07,Beras Kualitas Medium I,2,2,13500.0,DI Yogyakarta,2026-08-30T11:38:23.606628+00:00
2026-05-08,Beras Kualitas Medium I,2,2,13500.0,DI Yogyakarta,2026-08-30T11:38:23.606628+00:00
2026-03-16,Beras Kualitas Super I,2,3,15950.0,DI Yogyakarta,2026-08-30T11:38:23.606628+00:00
2026-03-17,Beras Kualitas Super I,2,3,15950.0,DI Yogyakarta,2026-08-30T11:38:23.606628+00:00
2026-03-18,Beras Kualitas Super I,2,3,15950.0,DI Yogyakarta,2026-08-30T11:38:23.606628+00:00
2026-03-19,Beras Kualitas Super I,2,3,15950.0,DI Yogyakarta,2026-08-30T11:38:23.606628+00:00
2026-03-20,Beras Kualitas Super I,2,3,15950.0,DI Yogyakarta,2026-08-30T11:38:23.606628+00:00
2026-03-23,Beras Kualitas Super I,2,3,15950.0,DI Yogyakarta,2026-08-30T11:38:23.606628+00:00
2026-03-24,Beras Kualitas Super I,2,3,15950.0,DI Yogyakarta,2026-08-30T11:38:23.606628+00:00
2026-03-25,Beras Kualitas Super I,2,3,15950.0,DI Yogyakarta,2026-08-30T11:38:23.606628+00:00
2026-03-26,Beras Kualitas Super I,2,3,15950.0,DI Yogyakarta,2026-08-30T11:38:23.606628+00:00
2026-03-27,Beras Kualitas Super I,2,3,15950.0,DI Yogyakarta,2026-08-30T11:38:23.606628+00:00
2026-03-30,Beras Kualitas Super I,2,3,15950.0,DI Yogyakarta,2026-08-30T11:38:23.606628+00:00
2026-03-31,Beras Kualitas Super I,2,3,15950.0,DI Yogyakarta,2026-08-30T11:38:23.606628+00:00
2026-04-01,Beras Kualitas Super I,2,3,15950.0,DI Yogyakarta,2026-08-30T11:38:23.606628+00:00
2026-04-02,Beras Kualitas Super I,2,3,15950.0,DI Yogyakarta,2026-08-30T11:38:23.606628+00:00
2026-04-03,Beras Kualitas Super I,2,3,15950.0,DI Yogyakarta,2026-08-30T11:38:23.606628+00:00
2026-04-06,Beras Kualitas Super I,2,3,15950.0,DI Yogyakarta,2026-08-30T11:38:23.606628+00:00
2026-04-07,Beras Kualitas Super I,2,3,15950.0,DI Yogyakarta,2026-08-30T11:38:23.606628+00:00
2026-04-08,Beras Kualitas Super I,2,3,15950.0,DI Yogyakarta,2026-08-30T11:38:23.606628+00:00
2026-04-09,Beras Kualitas Super I,2,3,15950.0,DI Yogyakarta,2026-08-30T11:38:23.606628+00:00
2026-04-10,Beras Kualitas Super I,2,3,15950.0,DI Yogyakarta,2026-08-30T11:38:23.606628+00:00
2026-04-13,Beras Kualitas Super I,2,3,15950.0,DI Yogyakarta,2026-08-30T11:38:23.606628+00:00
2026-04-14,Beras Kualitas Super I,2,3,15950.0,DI Yogyakarta,2026-08-30T11:38:23.606628+00:00
2026-04-15,Beras Kualitas Super I,2,3,15950.0,DI Yogyakarta,2026-08-30T11:38:23.606628+00:00
2026-04-16,Beras Kualitas Super I,2,3,15950.0,DI Yogyakarta,2026-08-30T11:38:23.606628+00:00
2026-04-17,Beras Kualitas Super I,2,3,15950.0,DI Yogyakarta,2026-08-30T11:38:23.606628+00:00
2026-04-20,Beras Kualitas Super I,2,3,15950.0,DI Yogyakarta,2026-08-30T11:38:23.606628+00:00
2026-04-21,Beras Kualitas Super I,2,3,15950.0,DI Yogyakarta,2026-08-30T11:38:23.606628+00:00
2026-04-22,Beras Kualitas Super I,2,3,15950.0,DI Yogyakarta,2026-08-30T11:38:23.606628+00:00
2026-04-23,Beras Kualitas Super I,2,3,15950.0,DI Yogyakarta,2026-08-30T11:38:23.606628+00:00
2026-04-24,Beras Kualitas Super I,2,3,15950.0,DI Yogyakarta,2026-08-30T11:38:23.606628+00:00
2026-04-27,Beras Kualitas Super I,2,3,15950.0,DI Yogyakarta,2026-08-30T11:38:23.606628+00:00
2026-04-28,Beras Kualitas Super I,2,3,15950.0,DI Yogyakarta,2026-08-30T11:38:23.606628+00:00
2026-04-29,Beras Kualitas Super I,2,3,15950.0,DI Yogyakarta,2026-08-30T11:38:23.606628+00:00
2026-04-30,Beras Kualitas Super I,2,3,15950.0,DI Yogyakarta,2026-08-30T11:38:23.606628+00:00
2026-05-01,Beras Kualitas Super I,2,3,15950.0,DI Yogyakarta,2026-08-30T11:38:23.606628+00:00
2026-05-04,Beras Kualitas Super I,2,3,15950.0,DI Yogyakarta,2026-08-30T11:38:23.606628+00:00
2026-05-05,Beras Kualitas Super I,2,3,15950.0,DI Yogyakarta,2026-08-30T11:38:23.606628+00:00
2026-05-06,Beras Kualitas Super I,2,3,15950.0,DI Yogyakarta,2026-08-30T11:38:23.606628+00:00
2026-05-07,Beras Kualitas Super I,2,3,15950.0,DI Yogyakarta,2026-08-30T11:38:23.606628+00:00
2026-05-08,Beras Kualitas Super I,2,3,15950.0,DI Yogyakarta,2026-08-30T11:38:23.606628+00:00
2026-03-16,Daging Ayam,1,II,25350.0,DI Yogyakarta,2026-08-30T11:38:23.606628+00:00
2026-03-17,Daging Ayam,1,II,25350.0,DI Yogyakarta,2026-08-30T11:38:23.606628+00:00
2026-03-18,Daging Ayam,1,II,25350.0,DI Yogyakarta,2026-08-30T11:38:23.606628+00:00
2026-03-19,Daging Ayam,1,II,25350.0,DI Yogyakarta,2026-08-30T11:38:23.606628+00:00
2026-03-20,Daging Ayam,1,II,25350.0,DI Yogyakarta,2026-08-30T11:38:23.606628+00:00
2026-03-23,Daging Ayam,1,II,25350.0,DI Yogyakarta,2026-08-30T11:38:23.606628+00:00
2026-03-24,Daging Ayam,1,II,25350.0,DI Yogyakarta,2026-08-30T11:38:23.606628+00:00
2026-03-25,Daging Ayam,1,II,28650.0,DI Yogyakarta,2026-08-30T11:38:23.606628+00:00
2026-03-26,Daging Ayam,1,II,28650.0,DI Yogyakarta,2026-08-30T11:38:23.606628+00:00
2026-03-27,Daging Ayam,1,II,28650.0,DI Yogyakarta,2026-08-30T11:38:23.606628+00:00
2026-03-30,Daging Ayam,1,II,28650.0,DI Yogyakarta,2026-08-30T11:38:23.606628+00:00
2026-03-31,Daging Ayam,1,II,28650.0,DI Yogyakarta,2026-08-30T11:38:23.606628+00:00
2026-04-01,Daging Ayam,1,II,28650.0,DI Yogyakarta,2026-08-30T11:38:23.606628+00:00
2026-04-02,Daging Ayam,1,II,28650.0,DI Yogyakarta,2026-08-30T11:38:23.606628+00:00
2026-04-03,Daging Ayam,1,II,28650.0,DI Yogyakarta,2026-08-30T11:38:23.606628+00:00
2026-04-06,Daging Ayam,1,II,28650.0,DI Yogyakarta,2026-08-30T11:38:23.606628+00:00
2026-04-07,Daging Ayam,1,II,28650.0,DI Yogyakarta,2026-08-30T11:38:23.606628+00:00
2026-04-08,Daging Ayam,1,II,28650.0,DI Yogyakarta,2026-08-30T11:38:23.606628+00:00
2026-04-09,Daging Ayam,1,II,28650.0,DI Yogyakarta,2026-08-30T11:38:23.606628+00:00
2026-04-10,Daging Ayam,1,II,28650.0,DI Yogyakarta,2026-08-30T11:38:23.606628+00:00
2026-04-13,Daging Ayam,1,II,28650.0,DI Yogyakarta,2026-08-30T11:38:23.606628+00:00
2026-04-14,Daging Ayam,1,II,28650.0,DI Yogyakarta,2026-08-30T11:38:23.606628+00:00
2026-04-15,Daging Ayam,1,II,28650.0,DI Yogyakarta,2026-08-30T11:38:23.606628+00:00
2026-04-16,Daging Ayam,1,II,28650.0,DI Yogyakarta,2026-08-30T11:38:23.606628+00:00
2026-04-17,Daging Ayam,1,II,28650.0,DI Yogyakarta,2026-08-30T11:38:23.606628+00:00
2026-04-20,Daging Ayam,1,II,28650.0,DI Yogyakarta,2026-08-30T11:38:23.606628+00:00
2026-04-21,Daging Ayam,1,II,28650.0,DI Yogyakarta,2026-08-30T11:38:23.606628+00:00
2026-04-22,Daging Ayam,1,II,28650.0,DI Yogyakarta,2026-08-30T11:38:23.606628+00:00
2026-04-23,Daging Ayam,1,II,28650.0,DI Yogyakarta,2026-08-30T11:38:23.606628+00:00
2026-04-24,Daging Ayam,1,II,28650.0,DI Yogyakarta,2026-08-30T11:38:23.606628+00:00
2026-04-27,Daging Ayam,1,II,23350.0,DI Yogyakarta,2026-08-30T11:38:23.606628+00:00
2026-04-28,Daging Ayam,1,II,23350.0,DI Yogyakarta,2026-08-30T11:38:23.606628+00:00
2026-04-29,Daging Ayam,1,II,23350.0,DI Yogyakarta,2026-08-30T11:38:23.606628+00:00
2026-04-30,Daging Ayam,1,II,23350.0,DI Yogyakarta,2026-08-30T11:38:23.606628+00:00
2026-05-01,Daging Ayam,1,II,23350.0,DI Yogyakarta,2026-08-30T11:38:23.606628+00:00
2026-05-04,Daging Ayam,1,II,23350.0,DI Yogyakarta,2026-08-30T11:38:23.606628+00:00
2026-05-05,Daging Ayam,1,II,23350.0,DI Yogyakarta,2026-08-30T11:38:23.606628+00:00
2026-05-06,Daging Ayam,1,II,23350.0,DI Yogyakarta,2026-08-30T11:38:23.606628+00:00
2026-05-07,Daging Ayam,1,II,23350.0,DI Yogyakarta,2026-08-30T11:38:23.606628+00:00
2026-05-08,Daging Ayam,1,II,23350.0,DI Yogyakarta,2026-08-30T11:38:23.606628+00:00
2026-03-16,Daging Ayam Ras Segar,2,1,25350.0,DI Yogyakarta,2026-08-30T11:38:23.606628+00:00
2026-03-17,Daging Ayam Ras Segar,2,1,25350.0,DI Yogyakarta,2026-08-30T11:38:23.606628+00:00
2026-03-18,Daging Ayam Ras Segar,2,1,25350.0,DI Yogyakarta,2026-08-30T11:38:23.606628+00:00
2026-03-19,Daging Ayam Ras Segar,2,1,25350.0,DI Yogyakarta,2026-08-30T11:38:23.606628+00:00
2026-03-20,Daging Ayam Ras Segar,2,1,25350.0,DI Yogyakarta,2026-08-30T11:38:23.606628+00:00
2026-03-23,Daging Ayam Ras Segar,2,1,25350.0,DI Yogyakarta,2026-08-30T11:38:23.606628+00:00
2026-03-24,Daging Ayam Ras Segar,2,1,25350.0,DI Yogyakarta,2026-08-30T11:38:23.606628+00:00
2026-03-25,Daging Ayam Ras Segar,2,1,28650.0,DI Yogyakarta,2026-08-30T11:38:23.606628+00:00
2026-03-26,Daging Ayam Ras Segar,2,1,28650.0,DI Yogyakarta,2026-08-30T11:38:23.606628+00:00
2026-03-27,Daging Ayam Ras Segar,2,1,28650.0,DI Yogyakarta,2026-08-30T11:38:23.606628+00:00
2026-03-30,Daging Ayam Ras Segar,2,1,28650.0,DI Yogyakarta,2026-08-30T11:38:23.606628+00:00
2026-03-31,Daging Ayam Ras Segar,2,1,28650.0,DI Yogyakarta,2026-08-30T11:38:23.606628+00:00
2026-04-01,Daging Ayam Ras Segar,2,1,28650.0,DI Yogyakarta,2026-08-30T11:38:23.606628+00:00
2026-04-02,Daging Ayam Ras Segar,2,1,28650.0,DI Yogyakarta,2026-08-30T11:38:23.606628+00:00
2026-04-03,Daging Ayam Ras Segar,2,1,28650.0,DI Yogyakarta,2026-08-30T11:38:23.606628+00:00
2026-04-06,Daging Ayam Ras Segar,2,1,28650.0,DI Yogyakarta,2026-08-30T11:38:23.606628+00:00
2026-04-07,Daging Ayam Ras Segar,2,1,28650.0,DI Yogyakarta,2026-08-30T11:38:23.606628+00:00
2026-04-08,Daging Ayam Ras Segar,2,1,28650.0,DI Yogyakarta,2026-08-30T11:38:23.606628+00:00
2026-04-09,Daging Ayam Ras Segar,2,1,28650.0,DI Yogyakarta,2026-08-30T11:38:23.606628+00:00
2026-04-10,Daging Ayam Ras Segar,2,1,28650.0,DI Yogyakarta,2026-08-30T11:38:23.606628+00:00
2026-04-13,Daging Ayam Ras Segar,2,1,28650.0,DI Yogyakarta,2026-08-30T11:38:23.606628+00:00
2026-04-14,Daging Ayam Ras Segar,2,1,28650.0,DI Yogyakarta,2026-08-30T11:38:23.606628+00:00
2026-04-15,Daging Ayam Ras Segar,2,1,28650.0,DI Yogyakarta,2026-08-30T11:38:23.606628+00:00
2026-04-16,Daging Ayam Ras Segar,2,1,28650.0,DI Yogyakarta,2026-08-30T11:38:23.606628+00:00
2026-04-17,Daging Ayam Ras Segar,2,1,28650.0,DI Yogyakarta,2026-08-30T11:38:23.606628+00:00
2026-04-20,Daging Ayam Ras Segar,2,1,28650.0,DI Yogyakarta,2026-08-30T11:38:23.606628+00:00
2026-04-21,Daging Ayam Ras Segar,2,1,28650.0,DI Yogyakarta,2026-08-30T11:38:23.606628+00:00
2026-04-22,Daging Ayam Ras Segar,2,1,28650.0,DI Yogyakarta,2026-08-30T11:38:23.606628+00:00
2026-04-23,Daging Ayam Ras Segar,2,1,28650.0,DI Yogyakarta,2026-08-30T11:38:23.606628+00:00
2026-04-24,Daging Ayam Ras Segar,2,1,28650.0,DI Yogyakarta,2026-08-30T11:38:23.606628+00:00
2026-04-27,Daging Ayam Ras Segar,2,1,23350.0,DI Yogyakarta,2026-08-30T11:38:23.606628+00:00
2026-04-28,Daging Ayam Ras Segar,2,1,23350.0,DI Yogyakarta,2026-08-30T11:38:23.606628+00:00
2026-04-29,Daging Ayam Ras Segar,2,1,23350.0,DI Yogyakarta,2026-08-30T11:38:23.606628+00:00
2026-04-30,Daging Ayam Ras Segar,2,1,23350.0,DI Yogyakarta,2026-08-30T11:38:23.606628+00:00
2026-05-01,Daging Ayam Ras Segar,2,1,23350.0,DI Yogyakarta,2026-08-30T11:38:23.606628+00:00
2026-05-04,Daging Ayam Ras Segar,2,1,23350.0,DI Yogyakarta,2026-08-30T11:38:23.606628+00:00
2026-05-05,Daging Ayam Ras Segar,2,1,23350.0,DI Yogyakarta,2026-08-30T11:38:23.606628+00:00
2026-05-06,Daging Ayam Ras Segar,2,1,23350.0,DI Yogyakarta,2026-08-30T11:38:23.606628+00:00
2026-05-07,Daging Ayam Ras Segar,2,1,23350.0,DI Yogyakarta,2026-08-30T11:38:23.606628+00:00
2026-05-08,Daging Ayam Ras Segar,2,1,23350.0,DI Yogyakarta,2026-08-30T11:38:23.606628+00:00
2026-03-16,Daging Sapi,1,III,125000.0,DI Yogyakarta,2026-08-30T11:38:23.606628+00:00
2026-03-17,Daging Sapi,1,III,125000.0,DI Yogyakarta,2026-08-30T11:38:23.606628+00:00
2026-03-18,Daging Sapi,1,III,125000.0,DI Yogyakarta,2026-08-30T11:38:23.606628+00:00
2026-03-19,Daging Sapi,1,III,125000.0,DI Yogyakarta,2026-08-30T11:38:23.606628+00:00
2026-03-20,Daging Sapi,1,III,125000.0,DI Yogyakarta,2026-08-30T11:38:23.606628+00:00
2026-03-23,Daging Sapi,1,III,125000.0,DI Yogyakarta,2026-08-30T11:38:23.606628+00:00
2026-03-24,Daging Sapi,1,III,125000.0,DI Yogyakarta,2026-08-30T11:38:23.606628+00:00
2026-03-25,Daging Sapi,1,III,130000.0,DI Yogyakarta,2026-08-30T11:38:23.606628+00:00
2026-03-26,Daging Sapi,1,III,130000.0,DI Yogyakarta,2026-08-30T11:38:23.606628+00:00
2026-03-27,Daging Sapi,1,III,130000.0,DI Yogyakarta,2026-08-30T11:38:23.606628+00:00
2026-03-30,Daging Sapi,1,III,130000.0,DI Yogyakarta,2026-08-30T11:38:23.606628+00:00
2026-03-31,Daging Sapi,1,III,130000.0,DI Yogyakarta,2026-08-30T11:38:23.606628+00:00
2026-04-01,Daging Sapi,1,III,130000.0,DI Yogyakarta,2026-08-30T11:38:23.606628+00:00
2026-04-02,Daging Sapi,1,III,130000.0,DI Yogyakarta,2026-08-30T11:38:23.606628+00:00
2026-04-03,Daging Sapi,1,III,130000.0,DI Yogyakarta,2026-08-30T11:38:23.606628+00:00
2026-04-06,Daging Sapi,1,III,130000.0,DI Yogyakarta,2026-08-30T11:38:23.606628+00:00
2026-04-07,Daging Sapi,1,III,130000.0,DI Yogyakarta,2026-08-30T11:38:23.606628+00:00
2026-04-08,Daging Sapi,1,III,130000.0,DI Yogyakarta,2026-08-30T11:38:23.606628+00:00
2026-04-09,Daging Sapi,1,III,130000.0,DI Yogyakarta,2026-08-30T11:38:23.606628+00:00
2026-04-10,Daging Sapi,1,III,130000.0,DI Yogyakarta,2026-08-30T11:38:23.606628+00:00
2026-04-13,Daging Sapi,1,III,130000.0,DI Yogyakarta,2026-08-30T11:38:23.606628+00:00
2026-04-14,Daging Sapi,1,III,130000.0,DI Yogyakarta,2026-08-30T11:38:23.606628+00:00
2026-04-15,Daging Sapi,1,III,130000.0,DI Yogyakarta,2026-08-30T11:38:23.606628+00:00
2026-04-16,Daging Sapi,1,III,130000.0,DI Yogyakarta,2026-08-30T11:38:23.606628+00:00
2026-04-17,Daging Sapi,1,III,130000.0,DI Yogyakarta,2026-08-30T11:38:23.606628+00:00
2026-04-20,Daging Sapi,1,III,130000.0,DI Yogyakarta,2026-08-30T11:38:23.606628+00:00
2026-04-21,Daging Sapi,1,III,130000.0,DI Yogyakarta,2026-08-30T11:38:23.606628+00:00
2026-04-22,Daging Sapi,1,III,130000.0,DI Yogyakarta,2026-08-30T11:38:23.606628+00:00
2026-04-23,Daging Sapi,1,III,130000.0,DI Yogyakarta,2026-08-30T11:38:23.606628+00:00
2026-04-24,Daging Sapi,1,III,130000.0,DI Yogyakarta,2026-08-30T11:38:23.606628+00:00
2026-04-27,Daging Sapi,1,III,130000.0,DI Yogyakarta,2026-08-30T11:38:23.606628+00:00
2026-04-28,Daging Sapi,1,III,130000.0,DI Yogyakarta,2026-08-30T11:38:23.606628+00:00
2026-04-29,Daging Sapi,1,III,130000.0,DI Yogyakarta,2026-08-30T11:38:23.606628+00:00
2026-04-30,Daging Sapi,1,III,130000.0,DI Yogyakarta,2026-08-30T11:38:23.606628+00:00
2026-05-01,Daging Sapi,1,III,130000.0,DI Yogyakarta,2026-08-30T11:38:23.606628+00:00
2026-05-04,Daging Sapi,1,III,130000.0,DI Yogyakarta,2026-08-30T11:38:23.606628+00:00
2026-05-05,Daging Sapi,1,III,130000.0,DI Yogyakarta,2026-08-30T11:38:23.606628+00:00
2026-05-06,Daging Sapi,1,III,130000.0,DI Yogyakarta,2026-08-30T11:38:23.606628+00:00
2026-05-07,Daging Sapi,1,III,130000.0,DI Yogyakarta,2026-08-30T11:38:23.606628+00:00
2026-05-08,Daging Sapi,1,III,130000.0,DI Yogyakarta,2026-08-30T11:38:23.606628+00:00
2026-03-16,Daging Sapi Kualitas 1,2,1,125000.0,DI Yogyakarta,2026-08-30T11:38:23.606628+00:00
2026-03-17,Daging Sapi Kualitas 1,2,1,125000.0,DI Yogyakarta,2026-08-30T11:38:23.606628+00:00
2026-03-18,Daging Sapi Kualitas 1,2,1,125000.0,DI Yogyakarta,2026-08-30T11:38:23.606628+00:00
2026-03-19,Daging Sapi Kualitas 1,2,1,125000.0,DI Yogyakarta,2026-08-30T11:38:23.606628+00:00
2026-03-20,Daging Sapi Kualitas 1,2,1,125000.0,DI Yogyakarta,2026-08-30T11:38:23.606628+00:00
2026-03-23,Daging Sapi Kualitas 1,2,1,125000.0,DI Yogyakarta,2026-08-30T11:38:23.606628+00:00
2026-03-24,Daging Sapi Kualitas 1,2,1,125000.0,DI Yogyakarta,2026-08-30T11:38:23.606628+00:00
2026-03-25,Daging Sapi Kualitas 1,2,1,130000.0,DI Yogyakarta,2026-08-30T11:38:23.606628+00:00
2026-03-26,Daging Sapi Kualitas 1,2,1,130000.0,DI Yogyakarta,2026-08-30T11:38:23.606628+00:00
2026-03-27,Daging Sapi Kualitas 1,2,1,130000.0,DI Yogyakarta,2026-08-30T11:38:23.606628+00:00
2026-03-30,Daging Sapi Kualitas 1,2,1,130000.0,DI Yogyakarta,2026-08-30T11:38:23.606628+00:00
2026-03-31,Daging Sapi Kualitas 1,2,1,130000.0,DI Yogyakarta,2026-08-30T11:38:23.606628+00:00
2026-04-01,Daging Sapi Kualitas 1,2,1,130000.0,DI Yogyakarta,2026-08-30T11:38:23.606628+00:00
2026-04-02,Daging Sapi Kualitas 1,2,1,130000.0,DI Yogyakarta,2026-08-30T11:38:23.606628+00:00
2026-04-03,Daging Sapi Kualitas 1,2,1,130000.0,DI Yogyakarta,2026-08-30T11:38:23.606628+00:00
2026-04-06,Daging Sapi Kualitas 1,2,1,130000.0,DI Yogyakarta,2026-08-30T11:38:23.606628+00:00
2026-04-07,Daging Sapi Kualitas 1,2,1,130000.0,DI Yogyakarta,2026-08-30T11:38:23.606628+00:00
2026-04-08,Daging Sapi Kualitas 1,2,1,130000.0,DI Yogyakarta,2026-08-30T11:38:23.606628+00:00
2026-04-09,Daging Sapi Kualitas 1,2,1,130000.0,DI Yogyakarta,2026-08-30T11:38:23.606628+00:00
2026-04-10,Daging Sapi Kualitas 1,2,1,130000.0,DI Yogyakarta,2026-08-30T11:38:23.606628+00:00
2026-04-13,Daging Sapi Kualitas 1,2,1,130000.0,DI Yogyakarta,2026-08-30T11:38:23.606628+00:00
2026-04-14,Daging Sapi Kualitas 1,2,1,130000.0,DI Yogyakarta,2026-08-30T11:38:23.606628+00:00
2026-04-15,Daging Sapi Kualitas 1,2,1,130000.0,DI Yogyakarta,2026-08-30T11:38:23.606628+00:00
2026-04-16,Daging Sapi Kualitas 1,2,1,130000.0,DI Yogyakarta,2026-08-30T11:38:23.606628+00:00
2026-04-17,Daging Sapi Kualitas 1,2,1,130000.0,DI Yogyakarta,2026-08-30T11:38:23.606628+00:00
2026-04-20,Daging Sapi Kualitas 1,2,1,130000.0,DI Yogyakarta,2026-08-30T11:38:23.606628+00:00
2026-04-21,Daging Sapi Kualitas 1,2,1,130000.0,DI Yogyakarta,2026-08-30T11:38:23.606628+00:00
2026-04-22,Daging Sapi Kualitas 1,2,1,130000.0,DI Yogyakarta,2026-08-30T11:38:23.606628+00:00
2026-04-23,Daging Sapi Kualitas 1,2,1,130000.0,DI Yogyakarta,2026-08-30T11:38:23.606628+00:00
2026-04-24,Daging Sapi Kualitas 1,2,1,130000.0,DI Yogyakarta,2026-08-30T11:38:23.606628+00:00
2026-04-27,Daging Sapi Kualitas 1,2,1,130000.0,DI Yogyakarta,2026-08-30T11:38:23.606628+00:00
2026-04-28,Daging Sapi Kualitas 1,2,1,130000.0,DI Yogyakarta,2026-08-30T11:38:23.606628+00:00
2026-04-29,Daging Sapi Kualitas 1,2,1,130000.0,DI Yogyakarta,2026-08-30T11:38:23.606628+00:00
2026-04-30,Daging Sapi Kualitas 1,2,1,130000.0,DI Yogyakarta,2026-08-30T11:38:23.606628+00:00
2026-05-01,Daging Sapi Kualitas 1,2,1,130000.0,DI Yogyakarta,2026-08-30T11:38:23.606628+00:00
2026-05-04,Daging Sapi Kualitas 1,2,1,130000.0,DI Yogyakarta,2026-08-30T11:38:23.606628+00:00
2026-05-05,Daging Sapi Kualitas 1,2,1,130000.0,DI Yogyakarta,2026-08-30T11:38:23.606628+00:00
2026-05-06,Daging Sapi Kualitas 1,2,1,130000.0,DI Yogyakarta,2026-08-30T11:38:23.606628+00:00
2026-05-07,Daging Sapi Kualitas 1,2,1,130000.0,DI Yogyakarta,2026-08-30T11:38:23.606628+00:00
2026-05-08,Daging Sapi Kualitas 1,2,1,130000.0,DI Yogyakarta,2026-08-30T11:38:23.606628+00:00
2026-03-16,Telur Ayam,1,IV,28650.0,DI Yogyakarta,2026-08-30T11:38:23.606628+00:00
2026-03-17,Telur Ayam,1,IV,28650.0,DI Yogyakarta,2026-08-30T11:38:23.606628+00:00
2026-03-18,Telur Ayam,1,IV,28650.0,DI Yogyakarta,2026-08-30T11:38:23.606628+00:00
2026-03-19,Telur Ayam,1,IV,28650.0,DI Yogyakarta,2026-08-30T11:38:23.606628+00:00
2026-03-20,Telur Ayam,1,IV,28650.0,DI Yogyakarta,2026-08-30T11:38:23.606628+00:00
2026-03-23,Telur Ayam,1,IV,28650.0,DI Yogyakarta,2026-08-30T11:38:23.606628+00:00
2026-03-24,Telur Ayam,1,IV,28650.0,DI Yogyakarta,2026-08-30T11:38:23.606628+00:00
2026-03-25,Telur Ayam,1,IV,28650.0,DI Yogyakarta,2026-08-30T11:38:23.606628+00:00
2026-03-26,Telur Ayam,1,IV,28650.0,DI Yogyakarta,2026-08-30T11:38:23.606628+00:00
2026-03-27,Telur Ayam,1,IV,28650.0,DI Yogyakarta,2026-08-30T11:38:23.606628+00:00
2026-03-30,Telur Ayam,1,IV,28650.0,DI Yogyakarta,2026-08-30T11:38:23.606628+00:00
2026-03-31,Telur Ayam,1,IV,28650.0,DI Yogyakarta,2026-08-30T11:38:23.606628+00:00
2026-04-01,Telur Ayam,1,IV,28650.0,DI Yogyakarta,2026-08-30T11:38:23.606628+00:00
2026-04-02,Telur Ayam,1,IV,28650.0,DI Yogyakarta,2026-08-30T11:38:23.606628+00:00
2026-04-03,Telur Ayam,1,IV,28650.0,DI Yogyakarta,2026-08-30T11:38:23.606628+00:00
2026-04-06,Telur Ayam,1,IV,28650.0,DI Yogyakarta,2026-08-30T11:38:23.606628+00:00
2026-04-07,Telur Ayam,1,IV,28650.0,DI Yogyakarta,2026-08-30T11:38:23.606628+00:00
2026-04-08,Telur Ayam,1,IV,28650.0,DI Yogyakarta,2026-08-30T11:38:23.606628+00:00
2026-04-09,Telur Ayam,1,IV,28650.0,DI Yogyakarta,2026-08-30T11:38:23.606628+00:00
2026-04-10,Telur Ayam,1,IV,28650.0,DI Yogyakarta,2026-08-30T11:38:23.606628+00:00
2026-04-13,Telur Ayam,1,IV,28650.0,DI Yogyakarta,2026-08-30T11:38:23.606628+00:00
2026-04-14,Telur Ayam,1,IV,28650.0,DI Yogyakarta,2026-08-30T11:38:23.606628+00:00
2026-04-15,Telur Ayam,1,IV,28650.0,DI Yogyakarta,2026-08-30T11:38:23.606628+00:00
2026-04-16,Telur Ayam,1,IV,28650.0,DI Yogyakarta,2026-08-30T11:38:23.606628+00:00
2026-04-17,Telur Ayam,1,IV,28650.0,DI Yogyakarta,2026-08-30T11:38:23.606628+00:00
2026-04-20,Telur Ayam,1,IV,28650.0,DI Yogyakarta,2026-08-30T11:38:23.606628+00:00
2026-04-21,Telur Ayam,1,IV,28650.0,DI Yogyakarta,2026-08-30T11:38:23.606628+00:00
2026-04-22,Telur Ayam,1,IV,28650.0,DI Yogyakarta,2026-08-30T11:38:23.606628+00:00
2026-04-23,Telur Ayam,1,IV,28650.0,DI Yogyakarta,2026-08-30T11:38:23.606628+00:00
2026-04-24,Telur Ayam,1,IV,28650.0,DI Yogyakarta,2026-08-30T11:38:23.606628+00:00
2026-04-27,Telur Ayam,1,IV,25850.0,DI Yogyakarta,2026-08-30T11:38:23.606628+00:00
2026-04-28,Telur Ayam,1,IV,25850.0,DI Yogyakarta,2026-08-30T11:38:23.606628+00:00
2026-04-29,Telur Ayam,1,IV,25850.0,DI Yogyakarta,2026-08-30T11:38:23.606628+00:00
2026-04-30,Telur Ayam,1,IV,25850.0,DI Yogyakarta,2026-08-30T11:38:23.606628+00:00
2026-05-01,Telur Ayam,1,IV,25850.0,DI Yogyakarta,2026-08-30T11:38:23.606628+00:00
2026-05-04,Telur Ayam,1,IV,25850.0,DI Yogyakarta,2026-08-30T11:38:23.606628+00:00
2026-05-05,Telur Ayam,1,IV,25850.0,DI Yogyakarta,2026-08-30T11:38:23.606628+00:00
2026-05-06,Telur Ayam,1,IV,25850.0,DI Yogyakarta,2026-08-30T11:38:23.606628+00:00
2026-05-07,Telur Ayam,1,IV,25850.0,DI Yogyakarta,2026-08-30T11:38:23.606628+00:00
2026-05-08,Telur Ayam,1,IV,25850.0,DI Yogyakarta,2026-08-30T11:38:23.606628+00:00
2026-03-16,Telur Ayam Ras Segar,2,1,28650.0,DI Yogyakarta,2026-08-30T11:38:23.606628+00:00
2026-03-17,Telur Ayam Ras Segar,2,1,28650.0,DI Yogyakarta,2026-08-30T11:38:23.606628+00:00
2026-03-18,Telur Ayam Ras Segar,2,1,28650.0,DI Yogyakarta,2026-08-30T11:38:23.606628+00:00
2026-03-19,Telur Ayam Ras Segar,2,1,28650.0,DI Yogyakarta,2026-08-30T11:38:23.606628+00:00
2026-03-20,Telur Ayam Ras Segar,2,1,28650.0,DI Yogyakarta,2026-08-30T11:38:23.606628+00:00
2026-03-23,Telur Ayam Ras Segar,2,1,28650.0,DI Yogyakarta,2026-08-30T11:38:23.606628+00:00
2026-03-24,Telur Ayam Ras Segar,2,1,28650.0,DI Yogyakarta,2026-08-30T11:38:23.606628+00:00
2026-03-25,Telur Ayam Ras Segar,2,1,28650.0,DI Yogyakarta,2026-08-30T11:38:23.606628+00:00
2026-03-26,Telur Ayam Ras Segar,2,1,28650.0,DI Yogyakarta,2026-08-30T11:38:23.606628+00:00
2026-03-27,Telur Ayam Ras Segar,2,1,28650.0,DI Yogyakarta,2026-08-30T11:38:23.606628+00:00
2026-03-30,Telur Ayam Ras Segar,2,1,28650.0,DI Yogyakarta,2026-08-30T11:38:23.606628+00:00
2026-03-31,Telur Ayam Ras Segar,2,1,28650.0,DI Yogyakarta,2026-08-30T11:38:23.606628+00:00
2026-04-01,Telur Ayam Ras Segar,2,1,28650.0,DI Yogyakarta,2026-08-30T11:38:23.606628+00:00
2026-04-02,Telur Ayam Ras Segar,2,1,28650.0,DI Yogyakarta,2026-08-30T11:38:23.606628+00:00
2026-04-03,Telur Ayam Ras Segar,2,1,28650.0,DI Yogyakarta,2026-08-30T11:38:23.606628+00:00
2026-04-06,Telur Ayam Ras Segar,2,1,28650.0,DI Yogyakarta,2026-08-30T11:38:23.606628+00:00
2026-04-07,Telur Ayam Ras Segar,2,1,28650.0,DI Yogyakarta,2026-08-30T11:38:23.606628+00:00
2026-04-08,Telur Ayam Ras Segar,2,1,28650.0,DI Yogyakarta,2026-08-30T11:38:23.606628+00:00
2026-04-09,Telur Ayam Ras Segar,2,1,28650.0,DI Yogyakarta,2026-08-30T11:38:23.606628+00:00
2026-04-10,Telur Ayam Ras Segar,2,1,28650.0,DI Yogyakarta,2026-08-30T11:38:23.606628+00:00
2026-04-13,Telur Ayam Ras Segar,2,1,28650.0,DI Yogyakarta,2026-08-30T11:38:23.606628+00:00
2026-04-14,Telur Ayam Ras Segar,2,1,28650.0,DI Yogyakarta,2026-08-30T11:38:23.606628+00:00
2026-04-15,Telur Ayam Ras Segar,2,1,28650.0,DI Yogyakarta,2026-08-30T11:38:23.606628+00:00
2026-04-16,Telur Ayam Ras Segar,2,1,28650.0,DI Yogyakarta,2026-08-30T11:38:23.606628+00:00
2026-04-17,Telur Ayam Ras Segar,2,1,28650.0,DI Yogyakarta,2026-08-30T11:38:23.606628+00:00
2026-04-20,Telur Ayam Ras Segar,2,1,28650.0,DI Yogyakarta,2026-08-30T11:38:23.606628+00:00
2026-04-21,Telur Ayam Ras Segar,2,1,28650.0,DI Yogyakarta,2026-08-30T11:38:23.606628+00:00
2026-04-22,Telur Ayam Ras Segar,2,1,28650.0,DI Yogyakarta,2026-08-30T11:38:23.606628+00:00
2026-04-23,Telur Ayam Ras Segar,2,1,28650.0,DI Yogyakarta,2026-08-30T11:38:23.606628+00:00
2026-04-24,Telur Ayam Ras Segar,2,1,28650.0,DI Yogyakarta,2026-08-30T11:38:23.606628+00:00
2026-04-27,Telur Ayam Ras Segar,2,1,25850.0,DI Yogyakarta,2026-08-30T11:38:23.606628+00:00
2026-04-28,Telur Ayam Ras Segar,2,1,25850.0,DI Yogyakarta,2026-08-30T11:38:23.606628+00:00
2026-04-29,Telur Ayam Ras Segar,2,1,25850.0,DI Yogyakarta,2026-08-30T11:38:23.606628+00:00
2026-04-30,Telur Ayam Ras Segar,2,1,25850.0,DI Yogyakarta,2026-08-30T11:38:23.606628+00:00
2026-05-01,Telur Ayam Ras Segar,2,1,25850.0,DI Yogyakarta,2026-08-30T11:38:23.606628+00:00
2026-05-04,Telur Ayam Ras Segar,2,1,25850.0,DI Yogyakarta,2026-08-30T11:38:23.606628+00:00
2026-05-05,Telur Ayam Ras Segar,2,1,25850.0,DI Yogyakarta,2026-08-30T11:38:23.606628+00:00
2026-05-06,Telur Ayam Ras Segar,2,1,25850.0,DI Yogyakarta,2026-08-30T11:38:23.606628+00:00
2026-05-07,Telur Ayam Ras Segar,2,1,25850.0,DI Yogyakarta,2026-08-30T11:38:23.606628+00:00
2026-05-08,Telur Ayam Ras Segar,2,1,25850.0,DI Yogyakarta,2026-08-30T11:38:23.606628+00:00
2026-03-16,Bawang Merah,1,V,33650.0,DI Yogyakarta,2026-08-30T11:38:23.606628+00:00
2026-03-17,Bawang Merah,1,V,33650.0,DI Yogyakarta,2026-08-30T11:38:23.606628+00:00
2026-03-18,Bawang Merah,1,V,33650.0,DI Yogyakarta,2026-08-30T11:38:23.606628+00:00
2026-03-19,Bawang Merah,1,V,33650.0,DI Yogyakarta,2026-08-30T11:38:23.606628+00:00
2026-03-20,Bawang Merah,1,V,33650.0,DI Yogyakarta,2026-08-30T11:38:23.606628+00:00
2026-03-23,Bawang Merah,1,V,33650.0,DI Yogyakarta,2026-08-30T11:38:23.606628+00:00
2026-03-24,Bawang Merah,1,V,33650.0,DI Yogyakarta,2026-08-30T11:38:23.606628+00:00
2026-03-25,Bawang Merah,1,V,35000.0,DI Yogyakarta,2026-08-30T11:38:23.606628+00:00
2026-03-26,Bawang Merah,1,V,35000.0,DI Yogyakarta,2026-08-30T11:38:23.606628+00:00
2026-03-27,Bawang Merah,1,V,35000.0,DI Yogyakarta,2026-08-30T11:38:23.606628+00:00
2026-03-30,Bawang Merah,1,V,35000.0,DI Yogyakarta,2026-08-30T11:38:23.606628+00:00
2026-03-31,Bawang Merah,1,V,35000.0,DI Yogyakarta,2026-08-30T11:38:23.606628+00:00
2026-04-01,Bawang Merah,1,V,35000.0,DI Yogyakarta,2026-08-30T11:38:23.606628+00:00
2026-04-02,Bawang Merah,1,V,35000.0,DI Yogyakarta,2026-08-30T11:38:23.606628+00:00
2026-04-03,Bawang Merah,1,V,35000.0,DI Yogyakarta,2026-08-30T11:38:23.606628+00:00
2026-04-06,Bawang Merah,1,V,35000.0,DI Yogyakarta,2026-08-30T11:38:23.606628+00:00
2026-04-07,Bawang Merah,1,V,35000.0,DI Yogyakarta,2026-08-30T11:38:23.606628+00:00
2026-04-08,Bawang Merah,1,V,35000.0,DI Yogyakarta,2026-08-30T11:38:23.606628+00:00
2026-04-09,Bawang Merah,1,V,35000.0,DI Yogyakarta,2026-08-30T11:38:23.606628+00:00
2026-04-10,Bawang Merah,1,V,35000.0,DI Yogyakarta,2026-08-30T11:38:23.606628+00:00
2026-04-13,Bawang Merah,1,V,35000.0,DI Yogyakarta,2026-08-30T11:38:23.606628+00:00
2026-04-14,Bawang Merah,1,V,35000.0,DI Yogyakarta,2026-08-30T11:38:23.606628+00:00
2026-04-15,Bawang Merah,1,V,35000.0,DI Yogyakarta,2026-08-30T11:38:23.606628+00:00
2026-04-16,Bawang Merah,1,V,35000.0,DI Yogyakarta,2026-08-30T11:38:23.606628+00:00
2026-04-17,Bawang Merah,1,V,35000.0,DI Yogyakarta,2026-08-30T11:38:23.606628+00:00
2026-04-20,Bawang Merah,1,V,35000.0,DI Yogyakarta,2026-08-30T11:38:23.606628+00:00
2026-04-21,Bawang Merah,1,V,35000.0,DI Yogyakarta,2026-08-30T11:38:23.606628+00:00
2026-04-22,Bawang Merah,1,V,35000.0,DI Yogyakarta,2026-08-30T11:38:23.606628+00:00
2026-04-23,Bawang Merah,1,V,35000.0,DI Yogyakarta,2026-08-30T11:38:23.606628+00:00
2026-04-24,Bawang Merah,1,V,35000.0,DI Yogyakarta,2026-08-30T11:38:23.606628+00:00
2026-04-27,Bawang Merah,1,V,38150.0,DI Yogyakarta,2026-08-30T11:38:23.606628+00:00
2026-04-28,Bawang Merah,1,V,38150.0,DI Yogyakarta,2026-08-30T11:38:23.606628+00:00
2026-04-29,Bawang Merah,1,V,38150.0,DI Yogyakarta,2026-08-30T11:38:23.606628+00:00
2026-04-30,Bawang Merah,1,V,38150.0,DI Yogyakarta,2026-08-30T11:38:23.606628+00:00
2026-05-01,Bawang Merah,1,V,38150.0,DI Yogyakarta,2026-08-30T11:38:23.606628+00:00
2026-05-04,Bawang Merah,1,V,38150.0,DI Yogyakarta,2026-08-30T11:38:23.606628+00:00
2026-05-05,Bawang Merah,1,V,38150.0,DI Yogyakarta,2026-08-30T11:38:23.606628+00:00
2026-05-06,Bawang Merah,1,V,38150.0,DI Yogyakarta,2026-08-30T11:38:23.606628+00:00
2026-05-07,Bawang Merah,1,V,38150.0,DI Yogyakarta,2026-08-30T11:38:23.606628+00:00
2026-05-08,Bawang Merah,1,V,38150.0,DI Yogyakarta,2026-08-30T11:38:23.606628+00:00
2026-03-16,Bawang Merah Ukuran Sedang,2,1,33650.0,DI Yogyakarta,2026-08-30T11:38:23.606628+00:00
2026-03-17,Bawang Merah Ukuran Sedang,2,1,33650.0,DI Yogyakarta,2026-08-30T11:38:23.606628+00:00
2026-03-18,Bawang Merah Ukuran Sedang,2,1,33650.0,DI Yogyakarta,2026-08-30T11:38:23.606628+00:00
2026-03-19,Bawang Merah Ukuran Sedang,2,1,33650.0,DI Yogyakarta,2026-08-30T11:38:23.606628+00:00
2026-03-20,Bawang Merah Ukuran Sedang,2,1,33650.0,DI Yogyakarta,2026-08-30T11:38:23.606628+00:00
2026-03-23,Bawang Merah Ukuran Sedang,2,1,33650.0,DI Yogyakarta,2026-08-30T11:38:23.606628+00:00
2026-03-24,Bawang Merah Ukuran Sedang,2,1,33650.0,DI Yogyakarta,2026-08-30T11:38:23.606628+00:00
2026-03-25,Bawang Merah Ukuran Sedang,2,1,35000.0,DI Yogyakarta,2026-08-30T11:38:23.606628+00:00
2026-03-26,Bawang Merah Ukuran Sedang,2,1,35000.0,DI Yogyakarta,2026-08-30T11:38:23.606628+00:00
2026-03-27,Bawang Merah Ukuran Sedang,2,1,35000.0,DI Yogyakarta,2026-08-30T11:38:23.606628+00:00
2026-03-30,Bawang Merah Ukuran Sedang,2,1,35000.0,DI Yogyakarta,2026-08-30T11:38:23.606628+00:00
2026-03-31,Bawang Merah Ukuran Sedang,2,1,35000.0,DI Yogyakarta,2026-08-30T11:38:23.606628+00:00
2026-04-01,Bawang Merah Ukuran Sedang,2,1,35000.0,DI Yogyakarta,2026-08-30T11:38:23.606628+00:00
2026-04-02,Bawang Merah Ukuran Sedang,2,1,35000.0,DI Yogyakarta,2026-08-30T11:38:23.606628+00:00
2026-04-03,Bawang Merah Ukuran Sedang,2,1,35000.0,DI Yogyakarta,2026-08-30T11:38:23.606628+00:00
2026-04-06,Bawang Merah Ukuran Sedang,2,1,35000.0,DI Yogyakarta,2026-08-30T11:38:23.606628+00:00
2026-04-07,Bawang Merah Ukuran Sedang,2,1,35000.0,DI Yogyakarta,2026-08-30T11:38:23.606628+00:00
2026-04-08,Bawang Merah Ukuran Sedang,2,1,35000.0,DI Yogyakarta,2026-08-30T11:38:23.606628+00:00
2026-04-09,Bawang Merah Ukuran Sedang,2,1,35000.0,DI Yogyakarta,2026-08-30T11:38:23.606628+00:00
2026-04-10,Bawang Merah Ukuran Sedang,2,1,35000.0,DI Yogyakarta,2026-08-30T11:38:23.606628+00:00
2026-04-13,Bawang Merah Ukuran Sedang,2,1,35000.0,DI Yogyakarta,2026-08-30T11:38:23.606628+00:00
2026-04-14,Bawang Merah Ukuran Sedang,2,1,35000.0,DI Yogyakarta,2026-08-30T11:38:23.606628+00:00
2026-04-15,Bawang Merah Ukuran Sedang,2,1,35000.0,DI Yogyakarta,2026-08-30T11:38:23.606628+00:00
2026-04-16,Bawang Merah Ukuran Sedang,2,1,35000.0,DI Yogyakarta,2026-08-30T11:38:23.606628+00:00
2026-04-17,Bawang Merah Ukuran Sedang,2,1,35000.0,DI Yogyakarta,2026-08-30T11:38:23.606628+00:00
2026-04-20,Bawang Merah Ukuran Sedang,2,1,35000.0,DI Yogyakarta,2026-08-30T11:38:23.606628+00:00
2026-04-21,Bawang Merah Ukuran Sedang,2,1,35000.0,DI Yogyakarta,2026-08-30T11:38:23.606628+00:00
2026-04-22,Bawang Merah Ukuran Sedang,2,1,35000.0,DI Yogyakarta,2026-08-30T11:38:23.606628+00:00
2026-04-23,Bawang Merah Ukuran Sedang,2,1,35000.0,DI Yogyakarta,2026-08-30T11:38:23.606628+00:00
2026-04-24,Bawang Merah Ukuran Sedang,2,1,35000.0,DI Yogyakarta,2026-08-30T11:38:23.606628+00:00
2026-04-27,Bawang Merah Ukuran Sedang,2,1,38150.0,DI Yogyakarta,2026-08-30T11:38:23.606628+00:00
2026-04-28,Bawang Merah Ukuran Sedang,2,1,38150.0,DI Yogyakarta,2026-08-30T11:38:23.606628+00:00
2026-04-29,Bawang Merah Ukuran Sedang,2,1,38150.0,DI Yogyakarta,2026-08-30T11:38:23.606628+00:00
2026-04-30,Bawang Merah Ukuran Sedang,2,1,38150.0,DI Yogyakarta,2026-08-30T11:38:23.606628+00:00
2026-05-01,Bawang Merah Ukuran Sedang,2,1,38150.0,DI Yogyakarta,2026-08-30T11:38:23.606628+00:00
2026-05-04,Bawang Merah Ukuran Sedang,2,1,38150.0,DI Yogyakarta,2026-08-30T11:38:23.606628+00:00
2026-05-05,Bawang Merah Ukuran Sedang,2,1,38150.0,DI Yogyakarta,2026-08-30T11:38:23.606628+00:00
2026-05-06,Bawang Merah Ukuran Sedang,2,1,38150.0,DI Yogyakarta,2026-08-30T11:38:23.606628+00:00
2026-05-07,Bawang Merah Ukuran Sedang,2,1,38150.0,DI Yogyakarta,2026-08-30T11:38:23.606628+00:00
2026-05-08,Bawang Merah Ukuran Sedang,2,1,38150.0,DI Yogyakarta,2026-08-30T11:38:23.606628+00:00
2026-03-16,Cabai Merah,1,VI,32350.0,DI Yogyakarta,2026-08-30T11:38:23.606628+00:00
2026-03-17,Cabai Merah,1,VI,32350.0,DI Yogyakarta,2026-08-30T11:38:23.606628+00:00
2026-03-18,Cabai Merah,1,VI,32350.0,DI Yogyakarta,2026-08-30T11:38:23.606628+00:00
2026-03-19,Cabai Merah,1,VI,32350.0,DI Yogyakarta,2026-08-30T11:38:23.606628+00:00
2026-03-20,Cabai Merah,1,VI,32350.0,DI Yogyakarta,2026-08-30T11:38:23.606628+00:00
2026-03-23,Cabai Merah,1,VI,32350.0,DI Yogyakarta,2026-08-30T11:38:23.606628+00:00
2026-03-24,Cabai Merah,1,VI,32350.0,DI Yogyakarta,2026-08-30T11:38:23.606628+00:00
2026-03-25,Cabai Merah,1,VI,37200.0,DI Yogyakarta,2026-08-30T11:38:23.606628+00:00
2026-03-26,Cabai Merah,1,VI,37200.0,DI Yogyakarta,2026-08-30T11:38:23.606628+00:00
2026-03-27,Cabai Merah,1,VI,37200.0,DI Yogyakarta,2026-08-30T11:38:23.606628+00:00
2026-03-30,Cabai Merah,1,VI,37200.0,DI Yogyakarta,2026-08-30T11:38:23.606628+00:00
2026-03-31,Cabai Merah,1,VI,37200.0,DI Yogyakarta,2026-08-30T11:38:23.606628+00:00
2026-04-01,Cabai Merah,1,VI,37200.0,DI Yogyakarta,2026-08-30T11:38:23.606628+00:00
2026-04-02,Cabai Merah,1,VI,37200.0,DI Yogyakarta,2026-08-30T11:38:23.606628+00:00
2026-04-03,Cabai Merah,1,VI,37200.0,DI Yogyakarta,2026-08-30T11:38:23.606628+00:00
2026-04-06,Cabai Merah,1,VI,37200.0,DI Yogyakarta,2026-08-30T11:38:23.606628+00:00
2026-04-07,Cabai Merah,1,VI,37200.0,DI Yogyakarta,2026-08-30T11:38:23.606628+00:00
2026-04-08,Cabai Merah,1,VI,37200.0,DI Yogyakarta,2026-08-30T11:38:23.606628+00:00
2026-04-09,Cabai Merah,1,VI,37200.0,DI Yogyakarta,2026-08-30T11:38:23.606628+00:00
2026-04-10,Cabai Merah,1,VI,37200.0,DI Yogyakarta,2026-08-30T11:38:23.606628+00:00
2026-04-13,Cabai Merah,1,VI,37200.0,DI Yogyakarta,2026-08-30T11:38:23.606628+00:00
2026-04-14,Cabai Merah,1,VI,37200.0,DI Yogyakarta,2026-08-30T11:38:23.606628+00:00
2026-04-15,Cabai Merah,1,VI,37200.0,DI Yogyakarta,2026-08-30T11:38:23.606628+00:00
2026-04-16,Cabai Merah,1,VI,37200.0,DI Yogyakarta,2026-08-30T11:38:23.606628+00:00
2026-04-17,Cabai Merah,1,VI,37200.0,DI Yogyakarta,2026-08-30T11:38:23.606628+00:00
2026-04-20,Cabai Merah,1,VI,37200.0,DI Yogyakarta,2026-08-30T11:38:23.606628+00:00
2026-04-21,Cabai Merah,1,VI,37200.0,DI Yogyakarta,2026-08-30T11:38:23.606628+00:00
2026-04-22,Cabai Merah,1,VI,37200.0,DI Yogyakarta,2026-08-30T11:38:23.606628+00:00
2026-04-23,Cabai Merah,1,VI,37200.0,DI Yogyakarta,2026-08-30T11:38:23.606628+00:00
2026-04-24,Cabai Merah,1,VI,37200.0,DI Yogyakarta,2026-08-30T11:38:23.606628+00:00
2026-04-27,Cabai Merah,1,VI,28200.0,DI Yogyakarta,2026-08-30T11:38:23.606628+00:00
2026-04-28,Cabai Merah,1,VI,28200.0,DI Yogyakarta,2026-08-30T11:38:23.606628+00:00
2026-04-29,Cabai Merah,1,VI,28200.0,DI Yogyakarta,2026-08-30T11:38:23.606628+00:00
2026-04-30,Cabai Merah,1,VI,28200.0,DI Yogyakarta,2026-08-30T11:38:23.606628+00:00
2026-05-01,Cabai Merah,1,VI,28200.0,DI Yogyakarta,2026-08-30T11:38:23.606628+00:00
2026-05-04,Cabai Merah,1,VI,28200.0,DI Yogyakarta,2026-08-30T11:38:23.606628+00:00
2026-05-05,Cabai Merah,1,VI,28200.0,DI Yogyakarta,2026-08-30T11:38:23.606628+00:00
2026-05-06,Cabai Merah,1,VI,28200.0,DI Yogyakarta,2026-08-30T11:38:23.606628+00:00
2026-05-07,Cabai Merah,1,VI,28200.0,DI Yogyakarta,2026-08-30T11:38:23.606628+00:00
2026-05-08,Cabai Merah,1,VI,28200.0,DI Yogyakarta,2026-08-30T11:38:23.606628+00:00
2026-03-16,Cabai Merah Besar,2,1,34650.0,DI Yogyakarta,2026-08-30T11:38:23.606628+00:00
2026-03-17,Cabai Merah Besar,2,1,34650.0,DI Yogyakarta,2026-08-30T11:38:23.606628+00:00
2026-03-18,Cabai Merah Besar,2,1,34650.0,DI Yogyakarta,2026-08-30T11:38:23.606628+00:00
2026-03-19,Cabai Merah Besar,2,1,34650.0,DI Yogyakarta,2026-08-30T11:38:23.606628+00:00
2026-03-20,Cabai Merah Besar,2,1,34650.0,DI Yogyakarta,2026-08-30T11:38:23.606628+00:00
2026-03-23,Cabai Merah Besar,2,1,34650.0,DI Yogyakarta,2026-08-30T11:38:23.606628+00:00
2026-03-24,Cabai Merah Besar,2,1,34650.0,DI Yogyakarta,2026-08-30T11:38:23.606628+00:00
2026-03-25,Cabai Merah Besar,2,1,39350.0,DI Yogyakarta,2026-08-30T11:38:23.606628+00:00
2026-03-26,Cabai Merah Besar,2,1,39350.0,DI Yogyakarta,2026-08-30T11:38:23.606628+00:00
2026-03-27,Cabai Merah Besar,2,1,39350.0,DI Yogyakarta,2026-08-30T11:38:23.606628+00:00
2026-03-30,Cabai Merah Besar,2,1,39350.0,DI Yogyakarta,2026-08-30T11:38:23.606628+00:00
2026-03-31,Cabai Merah Besar,2,1,39350.0,DI Yogyakarta,2026-08-30T11:38:23.606628+00:00
2026-04-01,Cabai Merah Besar,2,1,39350.0,DI Yogyakarta,2026-08-30T11:38:23.606628+00:00
2026-04-02,Cabai Merah Besar,2,1,39350.0,DI Yogyakarta,2026-08-30T11:38:23.606628+00:00
2026-04-03,Cabai Merah Besar,2,1,39350.0,DI Yogyakarta,2026-08-30T11:38:23.606628+00:00
2026-04-06,Cabai Merah Besar,2,1,39350.0,DI Yogyakarta,2026-08-30T11:38:23.606628+00:00
2026-04-07,Cabai Merah Besar,2,1,39350.0,DI Yogyakarta,2026-08-30T11:38:23.606628+00:00
2026-04-08,Cabai Merah Besar,2,1,39350.0,DI Yogyakarta,2026-08-30T11:38:23.606628+00:00
2026-04-09,Cabai Merah Besar,2,1,39350.0,DI Yogyakarta,2026-08-30T11:38:23.606628+00:00
2026-04-10,Cabai Merah Besar,2,1,39350.0,DI Yogyakarta,2026-08-30T11:38:23.606628+00:00
2026-04-13,Cabai Merah Besar,2,1,39350.0,DI Yogyakarta,2026-08-30T11:38:23.606628+00:00
2026-04-14,Cabai Merah Besar,2,1,39350.0,DI Yogyakarta,2026-08-30T11:38:23.606628+00:00
2026-04-15,Cabai Merah Besar,2,1,39350.0,DI Yogyakarta,2026-08-30T11:38:23.606628+00:00
2026-04-16,Cabai Merah Besar,2,1,39350.0,DI Yogyakarta,2026-08-30T11:38:23.606628+00:00
2026-04-17,Cabai Merah Besar,2,1,39350.0,DI Yogyakarta,2026-08-30T11:38:23.606628+00:00
2026-04-20,Cabai Merah Besar,2,1,39350.0,DI Yogyakarta,2026-08-30T11:38:23.606628+00:00
2026-04-21,Cabai Merah Besar,2,1,39350.0,DI Yogyakarta,2026-08-30T11:38:23.606628+00:00
2026-04-22,Cabai Merah Besar,2,1,39350.0,DI Yogyakarta,2026-08-30T11:38:23.606628+00:00
2026-04-23,Cabai Merah Besar,2,1,39350.0,DI Yogyakarta,2026-08-30T11:38:23.606628+00:00
2026-04-24,Cabai Merah Besar,2,1,39350.0,DI Yogyakarta,2026-08-30T11:38:23.606628+00:00
2026-04-27,Cabai Merah Besar,2,1,29350.0,DI Yogyakarta,2026-08-30T11:38:23.606628+00:00
2026-04-28,Cabai Merah Besar,2,1,29350.0,DI Yogyakarta,2026-08-30T11:38:23.606628+00:00
2026-04-29,Cabai Merah Besar,2,1,29350.0,DI Yogyakarta,2026-08-30T11:38:23.606628+00:00
2026-04-30,Cabai Merah Besar,2,1,29350.0,DI Yogyakarta,2026-08-30T11:38:23.606628+00:00
2026-05-01,Cabai Merah Besar,2,1,29350.0,DI Yogyakarta,2026-08-30T11:38:23.606628+00:00
2026-05-04,Cabai Merah Besar,2,1,29350.0,DI Yogyakarta,2026-08-30T11:38:23.606628+00:00
2026-05-05,Cabai Merah Besar,2,1,29350.0,DI Yogyakarta,2026-08-30T11:38:23.606628+00:00
2026-05-06,Cabai Merah Besar,2,1,29350.0,DI Yogyakarta,2026-08-30T11:38:23.606628+00:00
2026-05-07,Cabai Merah Besar,2,1,29350.0,DI Yogyakarta,2026-08-30T11:38:23.606628+00:00
2026-05-08,Cabai Merah Besar,2,1,29350.0,DI Yogyakarta,2026-08-30T11:38:23.606628+00:00
2026-03-16,Cabai Merah Keriting ,2,2,30000.0,DI Yogyakarta,2026-08-30T11:38:23.606628+00:00
2026-03-17,Cabai Merah Keriting ,2,2,30000.0,DI Yogyakarta,2026-08-30T11:38:23.606628+00:00
2026-03-18,Cabai Merah Keriting ,2,2,30000.0,DI Yogyakarta,2026-08-30T11:38:23.606628+00:00
2026-03-19,Cabai Merah Keriting ,2,2,30000.0,DI Yogyakarta,2026-08-30T11:38:23.606628+00:00
2026-03-20,Cabai Merah Keriting ,2,2,30000.0,DI Yogyakarta,2026-08-30T11:38:23.606628+00:00
2026-03-23,Cabai Merah Keriting ,2,2,30000.0,DI Yogyakarta,2026-08-30T11:38:23.606628+00:00
2026-03-24,Cabai Merah Keriting ,2,2,30000.0,DI Yogyakarta,2026-08-30T11:38:23.606628+00:00
2026-03-25,Cabai Merah Keriting ,2,2,35000.0,DI Yogyakarta,2026-08-30T11:38:23.606628+00:00
2026-03-26,Cabai Merah Keriting ,2,2,35000.0,DI Yogyakarta,2026-08-30T11:38:23.606628+00:00
2026-03-27,Cabai Merah Keriting ,2,2,35000.0,DI Yogyakarta,2026-08-30T11:38:23.606628+00:00
2026-03-30,Cabai Merah Keriting ,2,2,35000.0,DI Yogyakarta,2026-08-30T11:38:23.606628+00:00
2026-03-31,Cabai Merah Keriting ,2,2,35000.0,DI Yogyakarta,2026-08-30T11:38:23.606628+00:00
2026-04-01,Cabai Merah Keriting ,2,2,35000.0,DI Yogyakarta,2026-08-30T11:38:23.606628+00:00
2026-04-02,Cabai Merah Keriting ,2,2,35000.0,DI Yogyakarta,2026-08-30T11:38:23.606628+00:00
2026-04-03,Cabai Merah Keriting ,2,2,35000.0,DI Yogyakarta,2026-08-30T11:38:23.606628+00:00
2026-04-06,Cabai Merah Keriting ,2,2,35000.0,DI Yogyakarta,2026-08-30T11:38:23.606628+00:00
2026-04-07,Cabai Merah Keriting ,2,2,35000.0,DI Yogyakarta,2026-08-30T11:38:23.606628+00:00
2026-04-08,Cabai Merah Keriting ,2,2,35000.0,DI Yogyakarta,2026-08-30T11:38:23.606628+00:00
2026-04-09,Cabai Merah Keriting ,2,2,35000.0,DI Yogyakarta,2026-08-30T11:38:23.606628+00:00
2026-04-10,Cabai Merah Keriting ,2,2,35000.0,DI Yogyakarta,2026-08-30T11:38:23.606628+00:00
2026-04-13,Cabai Merah Keriting ,2,2,35000.0,DI Yogyakarta,2026-08-30T11:38:23.606628+00:00
2026-04-14,Cabai Merah Keriting ,2,2,35000.0,DI Yogyakarta,2026-08-30T11:38:23.606628+00:00
2026-04-15,Cabai Merah Keriting ,2,2,35000.0,DI Yogyakarta,2026-08-30T11:38:23.606628+00:00
2026-04-16,Cabai Merah Keriting ,2,2,35000.0,DI Yogyakarta,2026-08-30T11:38:23.606628+00:00
2026-04-17,Cabai Merah Keriting ,2,2,35000.0,DI Yogyakarta,2026-08-30T11:38:23.606628+00:00
2026-04-20,Cabai Merah Keriting ,2,2,35000.0,DI Yogyakarta,2026-08-30T11:38:23.606628+00:00
2026-04-21,Cabai Merah Keriting ,2,2,35000.0,DI Yogyakarta,2026-08-30T11:38:23.606628+00:00
2026-04-22,Cabai Merah Keriting ,2,2,35000.0,DI Yogyakarta,2026-08-30T11:38:23.606628+00:00
2026-04-23,Cabai Merah Keriting ,2,2,35000.0,DI Yogyakarta,2026-08-30T11:38:23.606628+00:00
2026-04-24,Cabai Merah Keriting ,2,2,35000.0,DI Yogyakarta,2026-08-30T11:38:23.606628+00:00
2026-04-27,Cabai Merah Keriting ,2,2,27000.0,DI Yogyakarta,2026-08-30T11:38:23.606628+00:00
2026-04-28,Cabai Merah Keriting ,2,2,27000.0,DI Yogyakarta,2026-08-30T11:38:23.606628+00:00
2026-04-29,Cabai Merah Keriting ,2,2,27000.0,DI Yogyakarta,2026-08-30T11:38:23.606628+00:00
2026-04-30,Cabai Merah Keriting ,2,2,27000.0,DI Yogyakarta,2026-08-30T11:38:23.606628+00:00
2026-05-01,Cabai Merah Keriting ,2,2,27000.0,DI Yogyakarta,2026-08-30T11:38:23.606628+00:00
2026-05-04,Cabai Merah Keriting ,2,2,27000.0,DI Yogyakarta,2026-08-30T11:38:23.606628+00:00
2026-05-05,Cabai Merah Keriting ,2,2,27000.0,DI Yogyakarta,2026-08-30T11:38:23.606628+00:00
2026-05-06,Cabai Merah Keriting ,2,2,27000.0,DI Yogyakarta,2026-08-30T11:38:23.606628+00:00
2026-05-07,Cabai Merah Keriting ,2,2,27000.0,DI Yogyakarta,2026-08-30T11:38:23.606628+00:00
2026-05-08,Cabai Merah Keriting ,2,2,27000.0,DI Yogyakarta,2026-08-30T11:38:23.606628+00:00
2026-03-16,Cabai Rawit,1,VII,56350.0,DI Yogyakarta,2026-08-30T11:38:23.606628+00:00
2026-03-17,Cabai Rawit,1,VII,56350.0,DI Yogyakarta,2026-08-30T11:38:23.606628+00:00
2026-03-18,Cabai Rawit,1,VII,56350.0,DI Yogyakarta,2026-08-30T11:38:23.606628+00:00
2026-03-19,Cabai Rawit,1,VII,56350.0,DI Yogyakarta,2026-08-30T11:38:23.606628+00:00
2026-03-20,Cabai Rawit,1,VII,56350.0,DI Yogyakarta,2026-08-30T11:38:23.606628+00:00
2026-03-23,Cabai Rawit,1,VII,56350.0,DI Yogyakarta,2026-08-30T11:38:23.606628+00:00
2026-03-24,Cabai Rawit,1,VII,56350.0,DI Yogyakarta,2026-08-30T11:38:23.606628+00:00
2026-03-25,Cabai Rawit,1,VII,59200.0,DI Yogyakarta,2026-08-30T11:38:23.606628+00:00
2026-03-26,Cabai Rawit,1,VII,59200.0,DI Yogyakarta,2026-08-30T11:38:23.606628+00:00
2026-03-27,Cabai Rawit,1,VII,59200.0,DI Yogyakarta,2026-08-30T11:38:23.606628+00:00
2026-03-30,Cabai Rawit,1,VII,59200.0,DI Yogyakarta,2026-08-30T11:38:23.606628+00:00
2026-03-31,Cabai Rawit,1,VII,59200.0,DI Yogyakarta,2026-08-30T11:38:23.606628+00:00
2026-04-01,Cabai Rawit,1,VII,59200.0,DI Yogyakarta,2026-08-30T11:38:23.606628+00:00
2026-04-02,Cabai Rawit,1,VII,59200.0,DI Yogyakarta,2026-08-30T11:38:23.606628+00:00
2026-04-03,Cabai Rawit,1,VII,59200.0,DI Yogyakarta,2026-08-30T11:38:23.606628+00:00
2026-04-06,Cabai Rawit,1,VII,59200.0,DI Yogyakarta,2026-08-30T11:38:23.606628+00:00
2026-04-07,Cabai Rawit,1,VII,59200.0,DI Yogyakarta,2026-08-30T11:38:23.606628+00:00
2026-04-08,Cabai Rawit,1,VII,59200.0,DI Yogyakarta,2026-08-30T11:38:23.606628+00:00
2026-04-09,Cabai Rawit,1,VII,59200.0,DI Yogyakarta,2026-08-30T11:38:23.606628+00:00
2026-04-10,Cabai Rawit,1,VII,59200.0,DI Yogyakarta,2026-08-30T11:38:23.606628+00:00
2026-04-13,Cabai Rawit,1,VII,59200.0,DI Yogyakarta,2026-08-30T11:38:23.606628+00:00
2026-04-14,Cabai Rawit,1,VII,59200.0,DI Yogyakarta,2026-08-30T11:38:23.606628+00:00
2026-04-15,Cabai Rawit,1,VII,59200.0,DI Yogyakarta,2026-08-30T11:38:23.606628+00:00
2026-04-16,Cabai Rawit,1,VII,59200.0,DI Yogyakarta,2026-08-30T11:38:23.606628+00:00
2026-04-17,Cabai Rawit,1,VII,59200.0,DI Yogyakarta,2026-08-30T11:38:23.606628+00:00
2026-04-20,Cabai Rawit,1,VII,59200.0,DI Yogyakarta,2026-08-30T11:38:23.606628+00:00
2026-04-21,Cabai Rawit,1,VII,59200.0,DI Yogyakarta,2026-08-30T11:38:23.606628+00:00
2026-04-22,Cabai Rawit,1,VII,59200.0,DI Yogyakarta,2026-08-30T11:38:23.606628+00:00
2026-04-23,Cabai Rawit,1,VII,59200.0,DI Yogyakarta,2026-08-30T11:38:23.606628+00:00
2026-04-24,Cabai Rawit,1,VII,59200.0,DI Yogyakarta,2026-08-30T11:38:23.606628+00:00
2026-04-27,Cabai Rawit,1,VII,40350.0,DI Yogyakarta,2026-08-30T11:38:23.606628+00:00
2026-04-28,Cabai Rawit,1,VII,40350.0,DI Yogyakarta,2026-08-30T11:38:23.606628+00:00
2026-04-29,Cabai Rawit,1,VII,40350.0,DI Yogyakarta,2026-08-30T11:38:23.606628+00:00
2026-04-30,Cabai Rawit,1,VII,40350.0,DI Yogyakarta,2026-08-30T11:38:23.606628+00:00
2026-05-01,Cabai Rawit,1,VII,40350.0,DI Yogyakarta,2026-08-30T11:38:23.606628+00:00
2026-05-04,Cabai Rawit,1,VII,40350.0,DI Yogyakarta,2026-08-30T11:38:23.606628+00:00
2026-05-05,Cabai Rawit,1,VII,40350.0,DI Yogyakarta,2026-08-30T11:38:23.606628+00:00
2026-05-06,Cabai Rawit,1,VII,40350.0,DI Yogyakarta,2026-08-30T11:38:23.606628+00:00
2026-05-07,Cabai Rawit,1,VII,40350.0,DI Yogyakarta,2026-08-30T11:38:23.606628+00:00
2026-05-08,Cabai Rawit,1,VII,40350.0,DI Yogyakarta,2026-08-30T11:38:23.606628+00:00
2026-03-16,Cabai Rawit Hijau,2,1,38350.0,DI Yogyakarta,2026-08-30T11:38:23.606628+00:00
2026-03-17,Cabai Rawit Hijau,2,1,38350.0,DI Yogyakarta,2026-08-30T11:38:23.606628+00:00
2026-03-18,Cabai Rawit Hijau,2,1,38350.0,DI Yogyakarta,2026-08-30T11:38:23.606628+00:00
2026-03-19,Cabai Rawit Hijau,2,1,38350.0,DI Yogyakarta,2026-08-30T11:38:23.606628+00:00
2026-03-20,Cabai Rawit Hijau,2,1,38350.0,DI Yogyakarta,2026-08-30T11:38:23.606628+00:00
2026-03-23,Cabai Rawit Hijau,2,1,38350.0,DI Yogyakarta,2026-08-30T11:38:23.606628+00:00
2026-03-24,Cabai Rawit Hijau,2,1,38350.0,DI Yogyakarta,2026-08-30T11:38:23.606628+00:00
2026-03-25,Cabai Rawit Hijau,2,1,38350.0,DI Yogyakarta,2026-08-30T11:38:23.606628+00:00
2026-03-26,Cabai Rawit Hijau,2,1,38350.0,DI Yogyakarta,2026-08-30T11:38:23.606628+00:00
2026-03-27,Cabai Rawit Hijau,2,1,38350.0,DI Yogyakarta,2026-08-30T11:38:23.606628+00:00
2026-03-30,Cabai Rawit Hijau,2,1,38350.0,DI Yogyakarta,2026-08-30T11:38:23.606628+00:00
2026-03-31,Cabai Rawit Hijau,2,1,38350.0,DI Yogyakarta,2026-08-30T11:38:23.606628+00:00
2026-04-01,Cabai Rawit Hijau,2,1,38350.0,DI Yogyakarta,2026-08-30T11:38:23.606628+00:00
2026-04-02,Cabai Rawit Hijau,2,1,38350.0,DI Yogyakarta,2026-08-30T11:38:23.606628+00:00
2026-04-03,Cabai Rawit Hijau,2,1,38350.0,DI Yogyakarta,2026-08-30T11:38:23.606628+00:00
2026-04-06,Cabai Rawit Hijau,2,1,38350.0,DI Yogyakarta,2026-08-30T11:38:23.606628+00:00
2026-04-07,Cabai Rawit Hijau,2,1,38350.0,DI Yogyakarta,2026-08-30T11:38:23.606628+00:00
2026-04-08,Cabai Rawit Hijau,2,1,38350.0,DI Yogyakarta,2026-08-30T11:38:23.606628+00:00
2026-04-09,Cabai Rawit Hijau,2,1,38350.0,DI Yogyakarta,2026-08-30T11:38:23.606628+00:00
2026-04-10,Cabai Rawit Hijau,2,1,38350.0,DI Yogyakarta,2026-08-30T11:38:23.606628+00:00
2026-04-13,Cabai Rawit Hijau,2,1,38350.0,DI Yogyakarta,2026-08-30T11:38:23.606628+00:00
2026-04-14,Cabai Rawit Hijau,2,1,38350.0,DI Yogyakarta,2026-08-30T11:38:23.606628+00:00
2026-04-15,Cabai Rawit Hijau,2,1,38350.0,DI Yogyakarta,2026-08-30T11:38:23.606628+00:00
2026-04-16,Cabai Rawit Hijau,2,1,38350.0,DI Yogyakarta,2026-08-30T11:38:23.606628+00:00
2026-04-17,Cabai Rawit Hijau,2,1,38350.0,DI Yogyakarta,2026-08-30T11:38:23.606628+00:00
2026-04-20,Cabai Rawit Hijau,2,1,38350.0,DI Yogyakarta,2026-08-30T11:38:23.606628+00:00
2026-04-21,Cabai Rawit Hijau,2,1,38350.0,DI Yogyakarta,2026-08-30T11:38:23.606628+00:00
2026-04-22,Cabai Rawit Hijau,2,1,38350.0,DI Yogyakarta,2026-08-30T11:38:23.606628+00:00
2026-04-23,Cabai Rawit Hijau,2,1,38350.0,DI Yogyakarta,2026-08-30T11:38:23.606628+00:00
2026-04-24,Cabai Rawit Hijau,2,1,38350.0,DI Yogyakarta,2026-08-30T11:38:23.606628+00:00
2026-04-27,Cabai Rawit Hijau,2,1,38650.0,DI Yogyakarta,2026-08-30T11:38:23.606628+00:00
2026-04-28,Cabai Rawit Hijau,2,1,38650.0,DI Yogyakarta,2026-08-30T11:38:23.606628+00:00
2026-04-29,Cabai Rawit Hijau,2,1,38650.0,DI Yogyakarta,2026-08-30T11:38:23.606628+00:00
2026-04-30,Cabai Rawit Hijau,2,1,38650.0,DI Yogyakarta,2026-08-30T11:38:23.606628+00:00
2026-05-01,Cabai Rawit Hijau,2,1,38650.0,DI Yogyakarta,2026-08-30T11:38:23.606628+00:00
2026-05-04,Cabai Rawit Hijau,2,1,38650.0,DI Yogyakarta,2026-08-30T11:38:23.606628+00:00
2026-05-05,Cabai Rawit Hijau,2,1,38650.0,DI Yogyakarta,2026-08-30T11:38:23.606628+00:00
2026-05-06,Cabai Rawit Hijau,2,1,38650.0,DI Yogyakarta,2026-08-30T11:38:23.606628+00:00
2026-05-07,Cabai Rawit Hijau,2,1,38650.0,DI Yogyakarta,2026-08-30T11:38:23.606628+00:00
2026-05-08,Cabai Rawit Hijau,2,1,38650.0,DI Yogyakarta,2026-08-30T11:38:23.606628+00:00
2026-03-16,Cabai Rawit Merah,2,2,74350.0,DI Yogyakarta,2026-08-30T11:38:23.606628+00:00
2026-03-17,Cabai Rawit Merah,2,2,74350.0,DI Yogyakarta,2026-08-30T11:38:23.606628+00:00
2026-03-18,Cabai Rawit Merah,2,2,74350.0,DI Yogyakarta,2026-08-30T11:38:23.606628+00:00
2026-03-19,Cabai Rawit Merah,2,2,74350.0,DI Yogyakarta,2026-08-30T11:38:23.606628+00:00
2026-03-20,Cabai Rawit Merah,2,2,74350.0,DI Yogyakarta,2026-08-30T11:38:23.606628+00:00
2026-03-23,Cabai Rawit Merah,2,2,74350.0,DI Yogyakarta,2026-08-30T11:38:23.606628+00:00
2026-03-24,Cabai Rawit Merah,2,2,74350.0,DI Yogyakarta,2026-08-30T11:38:23.606628+00:00
2026-03-25,Cabai Rawit Merah,2,2,80000.0,DI Yogyakarta,2026-08-30T11:38:23.606628+00:00
2026-03-26,Cabai Rawit Merah,2,2,80000.0,DI Yogyakarta,2026-08-30T11:38:23.606628+00:00
2026-03-27,Cabai Rawit Merah,2,2,80000.0,DI Yogyakarta,2026-08-30T11:38:23.606628+00:00
2026-03-30,Cabai Rawit Merah,2,2,80000.0,DI Yogyakarta,2026-08-30T11:38:23.606628+00:00
2026-03-31,Cabai Rawit Merah,2,2,80000.0,DI Yogyakarta,2026-08-30T11:38:23.606628+00:00
2026-04-01,Cabai Rawit Merah,2,2,80000.0,DI Yogyakarta,2026-08-30T11:38:23.606628+00:00
2026-04-02,Cabai Rawit Merah,2,2,80000.0,DI Yogyakarta,2026-08-30T11:38:23.606628+00:00
2026-04-03,Cabai Rawit Merah,2,2,80000.0,DI Yogyakarta,2026-08-30T11:38:23.606628+00:00
2026-04-06,Cabai Rawit Merah,2,2,80000.0,DI Yogyakarta,2026-08-30T11:38:23.606628+00:00
2026-04-07,Cabai Rawit Merah,2,2,80000.0,DI Yogyakarta,2026-08-30T11:38:23.606628+00:00
2026-04-08,Cabai Rawit Merah,2,2,80000.0,DI Yogyakarta,2026-08-30T11:38:23.606628+00:00
2026-04-09,Cabai Rawit Merah,2,2,80000.0,DI Yogyakarta,2026-08-30T11:38:23.606628+00:00
2026-04-10,Cabai Rawit Merah,2,2,80000.0,DI Yogyakarta,2026-08-30T11:38:23.606628+00:00
2026-04-13,Cabai Rawit Merah,2,2,80000.0,DI Yogyakarta,2026-08-30T11:38:23.606628+00:00
2026-04-14,Cabai Rawit Merah,2,2,80000.0,DI Yogyakarta,2026-08-30T11:38:23.606628+00:00
2026-04-15,Cabai Rawit Merah,2,2,80000.0,DI Yogyakarta,2026-08-30T11:38:23.606628+00:00
2026-04-16,Cabai Rawit Merah,2,2,80000.0,DI Yogyakarta,2026-08-30T11:38:23.606628+00:00
2026-04-17,Cabai Rawit Merah,2,2,80000.0,DI Yogyakarta,2026-08-30T11:38:23.606628+00:00
2026-04-20,Cabai Rawit Merah,2,2,80000.0,DI Yogyakarta,2026-08-30T11:38:23.606628+00:00
2026-04-21,Cabai Rawit Merah,2,2,80000.0,DI Yogyakarta,2026-08-30T11:38:23.606628+00:00
2026-04-22,Cabai Rawit Merah,2,2,80000.0,DI Yogyakarta,2026-08-30T11:38:23.606628+00:00
2026-04-23,Cabai Rawit Merah,2,2,80000.0,DI Yogyakarta,2026-08-30T11:38:23.606628+00:00
2026-04-24,Cabai Rawit Merah,2,2,80000.0,DI Yogyakarta,2026-08-30T11:38:23.606628+00:00
2026-04-27,Cabai Rawit Merah,2,2,42000.0,DI Yogyakarta,2026-08-30T11:38:23.606628+00:00
2026-04-28,Cabai Rawit Merah,2,2,42000.0,DI Yogyakarta,2026-08-30T11:38:23.606628+00:00
2026-04-29,Cabai Rawit Merah,2,2,42000.0,DI Yogyakarta,2026-08-30T11:38:23.606628+00:00
2026-04-30,Cabai Rawit Merah,2,2,42000.0,DI Yogyakarta,2026-08-30T11:38:23.606628+00:00
2026-05-01,Cabai Rawit Merah,2,2,42000.0,DI Yogyakarta,2026-08-30T11:38:23.606628+00:00
2026-05-04,Cabai Rawit Merah,2,2,42000.0,DI Yogyakarta,2026-08-30T11:38:23.606628+00:00
2026-05-05,Cabai Rawit Merah,2,2,42000.0,DI Yogyakarta,2026-08-30T11:38:23.606628+00:00
2026-05-06,Cabai Rawit Merah,2,2,42000.0,DI Yogyakarta,2026-08-30T11:38:23.606628+00:00
2026-05-07,Cabai Rawit Merah,2,2,42000.0,DI Yogyakarta,2026-08-30T11:38:23.606628+00:00
2026-05-08,Cabai Rawit Merah,2,2,42000.0,DI Yogyakarta,2026-08-30T11:38:23.606628+00:00
2026-03-16,Gula Pasir,1,VIII,15500.0,DI Yogyakarta,2026-08-30T11:38:23.606628+00:00
2026-03-17,Gula Pasir,1,VIII,15500.0,DI Yogyakarta,2026-08-30T11:38:23.606628+00:00
2026-03-18,Gula Pasir,1,VIII,15500.0,DI Yogyakarta,2026-08-30T11:38:23.606628+00:00
2026-03-19,Gula Pasir,1,VIII,15500.0,DI Yogyakarta,2026-08-30T11:38:23.606628+00:00
2026-03-20,Gula Pasir,1,VIII,15500.0,DI Yogyakarta,2026-08-30T11:38:23.606628+00:00
2026-03-23,Gula Pasir,1,VIII,15500.0,DI Yogyakarta,2026-08-30T11:38:23.606628+00:00
2026-03-24,Gula Pasir,1,VIII,15500.0,DI Yogyakarta,2026-08-30T11:38:23.606628+00:00
2026-03-25,Gula Pasir,1,VIII,15800.0,DI Yogyakarta,2026-08-30T11:38:23.606628+00:00
2026-03-26,Gula Pasir,1,VIII,15800.0,DI Yogyakarta,2026-08-30T11:38:23.606628+00:00
2026-03-27,Gula Pasir,1,VIII,15800.0,DI Yogyakarta,2026-08-30T11:38:23.606628+00:00
2026-03-30,Gula Pasir,1,VIII,15800.0,DI Yogyakarta,2026-08-30T11:38:23.606628+00:00
2026-03-31,Gula Pasir,1,VIII,15800.0,DI Yogyakarta,2026-08-30T11:38:23.606628+00:00
2026-04-01,Gula Pasir,1,VIII,15800.0,DI Yogyakarta,2026-08-30T11:38:23.606628+00:00
2026-04-02,Gula Pasir,1,VIII,15800.0,DI Yogyakarta,2026-08-30T11:38:23.606628+00:00
2026-04-03,Gula Pasir,1,VIII,15800.0,DI Yogyakarta,2026-08-30T11:38:23.606628+00:00
2026-04-06,Gula Pasir,1,VIII,15800.0,DI Yogyakarta,2026-08-30T11:38:23.606628+00:00
2026-04-07,Gula Pasir,1,VIII,15800.0,DI Yogyakarta,2026-08-30T11:38:23.606628+00:00
2026-04-08,Gula Pasir,1,VIII,15800.0,DI Yogyakarta,2026-08-30T11:38:23.606628+00:00
2026-04-09,Gula Pasir,1,VIII,15800.0,DI Yogyakarta,2026-08-30T11:38:23.606628+00:00
2026-04-10,Gula Pasir,1,VIII,15800.0,DI Yogyakarta,2026-08-30T11:38:23.606628+00:00
2026-04-13,Gula Pasir,1,VIII,15800.0,DI Yogyakarta,2026-08-30T11:38:23.606628+00:00
2026-04-14,Gula Pasir,1,VIII,15800.0,DI Yogyakarta,2026-08-30T11:38:23.606628+00:00
2026-04-15,Gula Pasir,1,VIII,15800.0,DI Yogyakarta,2026-08-30T11:38:23.606628+00:00
2026-04-16,Gula Pasir,1,VIII,15800.0,DI Yogyakarta,2026-08-30T11:38:23.606628+00:00
2026-04-17,Gula Pasir,1,VIII,15800.0,DI Yogyakarta,2026-08-30T11:38:23.606628+00:00
2026-04-20,Gula Pasir,1,VIII,15800.0,DI Yogyakarta,2026-08-30T11:38:23.606628+00:00
2026-04-21,Gula Pasir,1,VIII,15800.0,DI Yogyakarta,2026-08-30T11:38:23.606628+00:00
2026-04-22,Gula Pasir,1,VIII,15800.0,DI Yogyakarta,2026-08-30T11:38:23.606628+00:00
2026-04-23,Gula Pasir,1,VIII,15800.0,DI Yogyakarta,2026-08-30T11:38:23.606628+00:00
2026-04-24,Gula Pasir,1,VIII,15800.0,DI Yogyakarta,2026-08-30T11:38:23.606628+00:00
2026-04-27,Gula Pasir,1,VIII,16000.0,DI Yogyakarta,2026-08-30T11:38:23.606628+00:00
2026-04-28,Gula Pasir,1,VIII,16000.0,DI Yogyakarta,2026-08-30T11:38:23.606628+00:00
2026-04-29,Gula Pasir,1,VIII,16000.0,DI Yogyakarta,2026-08-30T11:38:23.606628+00:00
2026-04-30,Gula Pasir,1,VIII,16000.0,DI Yogyakarta,2026-08-30T11:38:23.606628+00:00
2026-05-01,Gula Pasir,1,VIII,16000.0,DI Yogyakarta,2026-08-30T11:38:23.606628+00:00
2026-05-04,Gula Pasir,1,VIII,16000.0,DI Yogyakarta,2026-08-30T11:38:23.606628+00:00
2026-05-05,Gula Pasir,1,VIII,16000.0,DI Yogyakarta,2026-08-30T11:38:23.606628+00:00
2026-05-06,Gula Pasir,1,VIII,16000.0,DI Yogyakarta,2026-08-30T11:38:23.606628+00:00
2026-05-07,Gula Pasir,1,VIII,16000.0,DI Yogyakarta,2026-08-30T11:38:23.606628+00:00
2026-05-08,Gula Pasir,1,VIII,16000.0,DI Yogyakarta,2026-08-30T11:38:23.606628+00:00
2026-03-16,Gula Pasir Kualitas Premium,2,1,15500.0,DI Yogyakarta,2026-08-30T11:38:23.606628+00:00
2026-03-17,Gula Pasir Kualitas Premium,2,1,15500.0,DI Yogyakarta,2026-08-30T11:38:23.606628+00:00
2026-03-18,Gula Pasir Kualitas Premium,2,1,15500.0,DI Yogyakarta,2026-08-30T11:38:23.606628+00:00
2026-03-19,Gula Pasir Kualitas Premium,2,1,15500.0,DI Yogyakarta,2026-08-30T11:38:23.606628+00:00
2026-03-20,Gula Pasir Kualitas Premium,2,1,15500.0,DI Yogyakarta,2026-08-30T11:38:23.606628+00:00
2026-03-23,Gula Pasir Kualitas Premium,2,1,15500.0,DI Yogyakarta,2026-08-30T11:38:23.606628+00:00
2026-03-24,Gula Pasir Kualitas Premium,2,1,15500.0,DI Yogyakarta,2026-08-30T11:38:23.606628+00:00
2026-03-25,Gula Pasir Kualitas Premium,2,1,15800.0,DI Yogyakarta,2026-08-30T11:38:23.606628+00:00
2026-03-26,Gula Pasir Kualitas Premium,2,1,15800.0,DI Yogyakarta,2026-08-30T11:38:23.606628+00:00
2026-03-27,Gula Pasir Kualitas Premium,2,1,15800.0,DI Yogyakarta,2026-08-30T11:38:23.606628+00:00
2026-03-30,Gula Pasir Kualitas Premium,2,1,15800.0,DI Yogyakarta,2026-08-30T11:38:23.606628+00:00
2026-03-31,Gula Pasir Kualitas Premium,2,1,15800.0,DI Yogyakarta,2026-08-30T11:38:23.606628+00:00
2026-04-01,Gula Pasir Kualitas Premium,2,1,15800.0,DI Yogyakarta,2026-08-30T11:38:23.606628+00:00
2026-04-02,Gula Pasir Kualitas Premium,2,1,15800.0,DI Yogyakarta,2026-08-30T11:38:23.606628+00:00
2026-04-03,Gula Pasir Kualitas Premium,2,1,15800.0,DI Yogyakarta,2026-08-30T11:38:23.606628+00:00
2026-04-06,Gula Pasir Kualitas Premium,2,1,15800.0,DI Yogyakarta,2026-08-30T11:38:23.606628+00:00
2026-04-07,Gula Pasir Kualitas Premium,2,1,15800.0,DI Yogyakarta,2026-08-30T11:38:23.606628+00:00
2026-04-08,Gula Pasir Kualitas Premium,2,1,15800.0,DI Yogyakarta,2026-08-30T11:38:23.606628+00:00
2026-04-09,Gula Pasir Kualitas Premium,2,1,15800.0,DI Yogyakarta,2026-08-30T11:38:23.606628+00:00
2026-04-10,Gula Pasir Kualitas Premium,2,1,15800.0,DI Yogyakarta,2026-08-30T11:38:23.606628+00:00
2026-04-13,Gula Pasir Kualitas Premium,2,1,15800.0,DI Yogyakarta,2026-08-30T11:38:23.606628+00:00
2026-04-14,Gula Pasir Kualitas Premium,2,1,15800.0,DI Yogyakarta,2026-08-30T11:38:23.606628+00:00
2026-04-15,Gula Pasir Kualitas Premium,2,1,15800.0,DI Yogyakarta,2026-08-30T11:38:23.606628+00:00
2026-04-16,Gula Pasir Kualitas Premium,2,1,15800.0,DI Yogyakarta,2026-08-30T11:38:23.606628+00:00
2026-04-17,Gula Pasir Kualitas Premium,2,1,15800.0,DI Yogyakarta,2026-08-30T11:38:23.606628+00:00
2026-04-20,Gula Pasir Kualitas Premium,2,1,15800.0,DI Yogyakarta,2026-08-30T11:38:23.606628+00:00
2026-04-21,Gula Pasir Kualitas Premium,2,1,15800.0,DI Yogyakarta,2026-08-30T11:38:23.606628+00:00
2026-04-22,Gula Pasir Kualitas Premium,2,1,15800.0,DI Yogyakarta,2026-08-30T11:38:23.606628+00:00
2026-04-23,Gula Pasir Kualitas Premium,2,1,15800.0,DI Yogyakarta,2026-08-30T11:38:23.606628+00:00
2026-04-24,Gula Pasir Kualitas Premium,2,1,15800.0,DI Yogyakarta,2026-08-30T11:38:23.606628+00:00
2026-04-27,Gula Pasir Kualitas Premium,2,1,16000.0,DI Yogyakarta,2026-08-30T11:38:23.606628+00:00
2026-04-28,Gula Pasir Kualitas Premium,2,1,16000.0,DI Yogyakarta,2026-08-30T11:38:23.606628+00:00
2026-04-29,Gula Pasir Kualitas Premium,2,1,16000.0,DI Yogyakarta,2026-08-30T11:38:23.606628+00:00
2026-04-30,Gula Pasir Kualitas Premium,2,1,16000.0,DI Yogyakarta,2026-08-30T11:38:23.606628+00:00
2026-05-01,Gula Pasir Kualitas Premium,2,1,16000.0,DI Yogyakarta,2026-08-30T11:38:23.606628+00:00
2026-05-04,Gula Pasir Kualitas Premium,2,1,16000.0,DI Yogyakarta,2026-08-30T11:38:23.606628+00:00
2026-05-05,Gula Pasir Kualitas Premium,2,1,16000.0,DI Yogyakarta,2026-08-30T11:38:23.606628+00:00
2026-05-06,Gula Pasir Kualitas Premium,2,1,16000.0,DI Yogyakarta,2026-08-30T11:38:23.606628+00:00
2026-05-07,Gula Pasir Kualitas Premium,2,1,16000.0,DI Yogyakarta,2026-08-30T11:38:23.606628+00:00
2026-05-08,Gula Pasir Kualitas Premium,2,1,16000.0,DI Yogyakarta,2026-08-30T11:38:23.606628+00:00
2026-03-03,Beras,1,I,13900.0,DI Yogyakarta,2026-08-30T11:38:26.756565+00:00
2026-03-04,Beras,1,I,13900.0,DI Yogyakarta,2026-08-30T11:38:26.756565+00:00
2026-03-05,Beras,1,I,13900.0,DI Yogyakarta,2026-08-30T11:38:26.756565+00:00
2026-03-06,Beras,1,I,13900.0,DI Yogyakarta,2026-08-30T11:38:26.756565+00:00
2026-03-09,Beras,1,I,13900.0,DI Yogyakarta,2026-08-30T11:38:26.756565+00:00
2026-03-10,Beras,1,I,13900.0,DI Yogyakarta,2026-08-30T11:38:26.756565+00:00
2026-03-11,Beras,1,I,13900.0,DI Yogyakarta,2026-08-30T11:38:26.756565+00:00
2026-03-12,Beras,1,I,13900.0,DI Yogyakarta,2026-08-30T11:38:26.756565+00:00
2026-03-13,Beras,1,I,13900.0,DI Yogyakarta,2026-08-30T11:38:26.756565+00:00
2026-03-03,Beras Kualitas Bawah I,2,1,12250.0,DI Yogyakarta,2026-08-30T11:38:26.756565+00:00
2026-03-04,Beras Kualitas Bawah I,2,1,12250.0,DI Yogyakarta,2026-08-30T11:38:26.756565+00:00
2026-03-05,Beras Kualitas Bawah I,2,1,12250.0,DI Yogyakarta,2026-08-30T11:38:26.756565+00:00
2026-03-06,Beras Kualitas Bawah I,2,1,12250.0,DI Yogyakarta,2026-08-30T11:38:26.756565+00:00
2026-03-09,Beras Kualitas Bawah I,2,1,12250.0,DI Yogyakarta,2026-08-30T11:38:26.756565+00:00
2026-03-10,Beras Kualitas Bawah I,2,1,12250.0,DI Yogyakarta,2026-08-30T11:38:26.756565+00:00
2026-03-11,Beras Kualitas Bawah I,2,1,12250.0,DI Yogyakarta,2026-08-30T11:38:26.756565+00:00
2026-03-12,Beras Kualitas Bawah I,2,1,12250.0,DI Yogyakarta,2026-08-30T11:38:26.756565+00:00
2026-03-13,Beras Kualitas Bawah I,2,1,12250.0,DI Yogyakarta,2026-08-30T11:38:26.756565+00:00
2026-03-03,Beras Kualitas Medium I,2,2,13500.0,DI Yogyakarta,2026-08-30T11:38:26.756565+00:00
2026-03-04,Beras Kualitas Medium I,2,2,13500.0,DI Yogyakarta,2026-08-30T11:38:26.756565+00:00
2026-03-05,Beras Kualitas Medium I,2,2,13500.0,DI Yogyakarta,2026-08-30T11:38:26.756565+00:00
2026-03-06,Beras Kualitas Medium I,2,2,13500.0,DI Yogyakarta,2026-08-30T11:38:26.756565+00:00
2026-03-09,Beras Kualitas Medium I,2,2,13500.0,DI Yogyakarta,2026-08-30T11:38:26.756565+00:00
2026-03-10,Beras Kualitas Medium I,2,2,13500.0,DI Yogyakarta,2026-08-30T11:38:26.756565+00:00
2026-03-11,Beras Kualitas Medium I,2,2,13500.0,DI Yogyakarta,2026-08-30T11:38:26.756565+00:00
2026-03-12,Beras Kualitas Medium I,2,2,13500.0,DI Yogyakarta,2026-08-30T11:38:26.756565+00:00
2026-03-13,Beras Kualitas Medium I,2,2,13500.0,DI Yogyakarta,2026-08-30T11:38:26.756565+00:00
2026-03-03,Beras Kualitas Super I,2,3,15950.0,DI Yogyakarta,2026-08-30T11:38:26.756565+00:00
2026-03-04,Beras Kualitas Super I,2,3,15950.0,DI Yogyakarta,2026-08-30T11:38:26.756565+00:00
2026-03-05,Beras Kualitas Super I,2,3,15950.0,DI Yogyakarta,2026-08-30T11:38:26.756565+00:00
2026-03-06,Beras Kualitas Super I,2,3,15950.0,DI Yogyakarta,2026-08-30T11:38:26.756565+00:00
2026-03-09,Beras Kualitas Super I,2,3,15950.0,DI Yogyakarta,2026-08-30T11:38:26.756565+00:00
2026-03-10,Beras Kualitas Super I,2,3,15950.0,DI Yogyakarta,2026-08-30T11:38:26.756565+00:00
2026-03-11,Beras Kualitas Super I,2,3,15950.0,DI Yogyakarta,2026-08-30T11:38:26.756565+00:00
2026-03-12,Beras Kualitas Super I,2,3,15950.0,DI Yogyakarta,2026-08-30T11:38:26.756565+00:00
2026-03-13,Beras Kualitas Super I,2,3,15950.0,DI Yogyakarta,2026-08-30T11:38:26.756565+00:00
2026-03-03,Daging Ayam,1,II,25350.0,DI Yogyakarta,2026-08-30T11:38:26.756565+00:00
2026-03-04,Daging Ayam,1,II,25350.0,DI Yogyakarta,2026-08-30T11:38:26.756565+00:00
2026-03-05,Daging Ayam,1,II,25350.0,DI Yogyakarta,2026-08-30T11:38:26.756565+00:00
2026-03-06,Daging Ayam,1,II,25350.0,DI Yogyakarta,2026-08-30T11:38:26.756565+00:00
2026-03-09,Daging Ayam,1,II,25350.0,DI Yogyakarta,2026-08-30T11:38:26.756565+00:00
2026-03-10,Daging Ayam,1,II,25350.0,DI Yogyakarta,2026-08-30T11:38:26.756565+00:00
2026-03-11,Daging Ayam,1,II,25350.0,DI Yogyakarta,2026-08-30T11:38:26.756565+00:00
2026-03-12,Daging Ayam,1,II,25350.0,DI Yogyakarta,2026-08-30T11:38:26.756565+00:00
2026-03-13,Daging Ayam,1,II,25350.0,DI Yogyakarta,2026-08-30T11:38:26.756565+00:00
2026-03-03,Daging Ayam Ras Segar,2,1,25350.0,DI Yogyakarta,2026-08-30T11:38:26.756565+00:00
2026-03-04,Daging Ayam Ras Segar,2,1,25350.0,DI Yogyakarta,2026-08-30T11:38:26.756565+00:00
2026-03-05,Daging Ayam Ras Segar,2,1,25350.0,DI Yogyakarta,2026-08-30T11:38:26.756565+00:00
2026-03-06,Daging Ayam Ras Segar,2,1,25350.0,DI Yogyakarta,2026-08-30T11:38:26.756565+00:00
2026-03-09,Daging Ayam Ras Segar,2,1,25350.0,DI Yogyakarta,2026-08-30T11:38:26.756565+00:00
2026-03-10,Daging Ayam Ras Segar,2,1,25350.0,DI Yogyakarta,2026-08-30T11:38:26.756565+00:00
2026-03-11,Daging Ayam Ras Segar,2,1,25350.0,DI Yogyakarta,2026-08-30T11:38:26.756565+00:00
2026-03-12,Daging Ayam Ras Segar,2,1,25350.0,DI Yogyakarta,2026-08-30T11:38:26.756565+00:00
2026-03-13,Daging Ayam Ras Segar,2,1,25350.0,DI Yogyakarta,2026-08-30T11:38:26.756565+00:00
2026-03-03,Daging Sapi,1,III,125000.0,DI Yogyakarta,2026-08-30T11:38:26.756565+00:00
2026-03-04,Daging Sapi,1,III,125000.0,DI Yogyakarta,2026-08-30T11:38:26.756565+00:00
2026-03-05,Daging Sapi,1,III,125000.0,DI Yogyakarta,2026-08-30T11:38:26.756565+00:00
2026-03-06,Daging Sapi,1,III,125000.0,DI Yogyakarta,2026-08-30T11:38:26.756565+00:00
2026-03-09,Daging Sapi,1,III,125000.0,DI Yogyakarta,2026-08-30T11:38:26.756565+00:00
2026-03-10,Daging Sapi,1,III,125000.0,DI Yogyakarta,2026-08-30T11:38:26.756565+00:00
2026-03-11,Daging Sapi,1,III,125000.0,DI Yogyakarta,2026-08-30T11:38:26.756565+00:00
2026-03-12,Daging Sapi,1,III,125000.0,DI Yogyakarta,2026-08-30T11:38:26.756565+00:00
2026-03-13,Daging Sapi,1,III,125000.0,DI Yogyakarta,2026-08-30T11:38:26.756565+00:00
2026-03-03,Daging Sapi Kualitas 1,2,1,125000.0,DI Yogyakarta,2026-08-30T11:38:26.756565+00:00
2026-03-04,Daging Sapi Kualitas 1,2,1,125000.0,DI Yogyakarta,2026-08-30T11:38:26.756565+00:00
2026-03-05,Daging Sapi Kualitas 1,2,1,125000.0,DI Yogyakarta,2026-08-30T11:38:26.756565+00:00
2026-03-06,Daging Sapi Kualitas 1,2,1,125000.0,DI Yogyakarta,2026-08-30T11:38:26.756565+00:00
2026-03-09,Daging Sapi Kualitas 1,2,1,125000.0,DI Yogyakarta,2026-08-30T11:38:26.756565+00:00
2026-03-10,Daging Sapi Kualitas 1,2,1,125000.0,DI Yogyakarta,2026-08-30T11:38:26.756565+00:00
2026-03-11,Daging Sapi Kualitas 1,2,1,125000.0,DI Yogyakarta,2026-08-30T11:38:26.756565+00:00
2026-03-12,Daging Sapi Kualitas 1,2,1,125000.0,DI Yogyakarta,2026-08-30T11:38:26.756565+00:00
2026-03-13,Daging Sapi Kualitas 1,2,1,125000.0,DI Yogyakarta,2026-08-30T11:38:26.756565+00:00
2026-03-03,Telur Ayam,1,IV,28650.0,DI Yogyakarta,2026-08-30T11:38:26.756565+00:00
2026-03-04,Telur Ayam,1,IV,28650.0,DI Yogyakarta,2026-08-30T11:38:26.756565+00:00
2026-03-05,Telur Ayam,1,IV,28650.0,DI Yogyakarta,2026-08-30T11:38:26.756565+00:00
2026-03-06,Telur Ayam,1,IV,28650.0,DI Yogyakarta,2026-08-30T11:38:26.756565+00:00
2026-03-09,Telur Ayam,1,IV,28650.0,DI Yogyakarta,2026-08-30T11:38:26.756565+00:00
2026-03-10,Telur Ayam,1,IV,28650.0,DI Yogyakarta,2026-08-30T11:38:26.756565+00:00
2026-03-11,Telur Ayam,1,IV,28650.0,DI Yogyakarta,2026-08-30T11:38:26.756565+00:00
2026-03-12,Telur Ayam,1,IV,28650.0,DI Yogyakarta,2026-08-30T11:38:26.756565+00:00
2026-03-13,Telur Ayam,1,IV,28650.0,DI Yogyakarta,2026-08-30T11:38:26.756565+00:00
2026-03-03,Telur Ayam Ras Segar,2,1,28650.0,DI Yogyakarta,2026-08-30T11:38:26.756565+00:00
2026-03-04,Telur Ayam Ras Segar,2,1,28650.0,DI Yogyakarta,2026-08-30T11:38:26.756565+00:00
2026-03-05,Telur Ayam Ras Segar,2,1,28650.0,DI Yogyakarta,2026-08-30T11:38:26.756565+00:00
2026-03-06,Telur Ayam Ras Segar,2,1,28650.0,DI Yogyakarta,2026-08-30T11:38:26.756565+00:00
2026-03-09,Telur Ayam Ras Segar,2,1,28650.0,DI Yogyakarta,2026-08-30T11:38:26.756565+00:00
2026-03-10,Telur Ayam Ras Segar,2,1,28650.0,DI Yogyakarta,2026-08-30T11:38:26.756565+00:00
2026-03-11,Telur Ayam Ras Segar,2,1,28650.0,DI Yogyakarta,2026-08-30T11:38:26.756565+00:00
2026-03-12,Telur Ayam Ras Segar,2,1,28650.0,DI Yogyakarta,2026-08-30T11:38:26.756565+00:00
2026-03-13,Telur Ayam Ras Segar,2,1,28650.0,DI Yogyakarta,2026-08-30T11:38:26.756565+00:00
2026-03-03,Bawang Merah,1,V,33650.0,DI Yogyakarta,2026-08-30T11:38:26.756565+00:00
2026-03-04,Bawang Merah,1,V,33650.0,DI Yogyakarta,2026-08-30T11:38:26.756565+00:00
2026-03-05,Bawang Merah,1,V,33650.0,DI Yogyakarta,2026-08-30T11:38:26.756565+00:00
2026-03-06,Bawang Merah,1,V,33650.0,DI Yogyakarta,2026-08-30T11:38:26.756565+00:00
2026-03-09,Bawang Merah,1,V,33650.0,DI Yogyakarta,2026-08-30T11:38:26.756565+00:00
2026-03-10,Bawang Merah,1,V,33650.0,DI Yogyakarta,2026-08-30T11:38:26.756565+00:00
2026-03-11,Bawang Merah,1,V,33650.0,DI Yogyakarta,2026-08-30T11:38:26.756565+00:00
2026-03-12,Bawang Merah,1,V,33650.0,DI Yogyakarta,2026-08-30T11:38:26.756565+00:00
2026-03-13,Bawang Merah,1,V,33650.0,DI Yogyakarta,2026-08-30T11:38:26.756565+00:00
2026-03-03,Bawang Merah Ukuran Sedang,2,1,33650.0,DI Yogyakarta,2026-08-30T11:38:26.756565+00:00
2026-03-04,Bawang Merah Ukuran Sedang,2,1,33650.0,DI Yogyakarta,2026-08-30T11:38:26.756565+00:00
2026-03-05,Bawang Merah Ukuran Sedang,2,1,33650.0,DI Yogyakarta,2026-08-30T11:38:26.756565+00:00
2026-03-06,Bawang Merah Ukuran Sedang,2,1,33650.0,DI Yogyakarta,2026-08-30T11:38:26.756565+00:00
2026-03-09,Bawang Merah Ukuran Sedang,2,1,33650.0,DI Yogyakarta,2026-08-30T11:38:26.756565+00:00
2026-03-10,Bawang Merah Ukuran Sedang,2,1,33650.0,DI Yogyakarta,2026-08-30T11:38:26.756565+00:00
2026-03-11,Bawang Merah Ukuran Sedang,2,1,33650.0,DI Yogyakarta,2026-08-30T11:38:26.756565+00:00
2026-03-12,Bawang Merah Ukuran Sedang,2,1,33650.0,DI Yogyakarta,2026-08-30T11:38:26.756565+00:00
2026-03-13,Bawang Merah Ukuran Sedang,2,1,33650.0,DI Yogyakarta,2026-08-30T11:38:26.756565+00:00
2026-03-03,Cabai Merah,1,VI,32350.0,DI Yogyakarta,2026-08-30T11:38:26.756565+00:00
2026-03-04,Cabai Merah,1,VI,32350.0,DI Yogyakarta,2026-08-30T11:38:26.756565+00:00
2026-03-05,Cabai Merah,1,VI,32350.0,DI Yogyakarta,2026-08-30T11:38:26.756565+00:00
2026-03-06,Cabai Merah,1,VI,32350.0,DI Yogyakarta,2026-08-30T11:38:26.756565+00:00
2026-03-09,Cabai Merah,1,VI,32350.0,DI Yogyakarta,2026-08-30T11:38:26.756565+00:00
2026-03-10,Cabai Merah,1,VI,32350.0,DI Yogyakarta,2026-08-30T11:38:26.756565+00:00
2026-03-11,Cabai Merah,1,VI,32350.0,DI Yogyakarta,2026-08-30T11:38:26.756565+00:00
2026-03-12,Cabai Merah,1,VI,32350.0,DI Yogyakarta,2026-08-30T11:38:26.756565+00:00
2026-03-13,Cabai Merah,1,VI,32350.0,DI Yogyakarta,2026-08-30T11:38:26.756565+00:00
2026-03-03,Cabai Merah Besar,2,1,34650.0,DI Yogyakarta,2026-08-30T11:38:26.756565+00:00
2026-03-04,Cabai Merah Besar,2,1,34650.0,DI Yogyakarta,2026-08-30T11:38:26.756565+00:00
2026-03-05,Cabai Merah Besar,2,1,34650.0,DI Yogyakarta,2026-08-30T11:38:26.756565+00:00
2026-03-06,Cabai Merah Besar,2,1,34650.0,DI Yogyakarta,2026-08-30T11:38:26.756565+00:00
2026-03-09,Cabai Merah Besar,2,1,34650.0,DI Yogyakarta,2026-08-30T11:38:26.756565+00:00
2026-03-10,Cabai Merah Besar,2,1,34650.0,DI Yogyakarta,2026-08-30T11:38:26.756565+00:00
2026-03-11,Cabai Merah Besar,2,1,34650.0,DI Yogyakarta,2026-08-30T11:38:26.756565+00:00
2026-03-12,Cabai Merah Besar,2,1,34650.0,DI Yogyakarta,2026-08-30T11:38:26.756565+00:00
2026-03-13,Cabai Merah Besar,2,1,34650.0,DI Yogyakarta,2026-08-30T11:38:26.756565+00:00
2026-03-03,Cabai Merah Keriting ,2,2,30000.0,DI Yogyakarta,2026-08-30T11:38:26.756565+00:00
2026-03-04,Cabai Merah Keriting ,2,2,30000.0,DI Yogyakarta,2026-08-30T11:38:26.756565+00:00
2026-03-05,Cabai Merah Keriting ,2,2,30000.0,DI Yogyakarta,2026-08-30T11:38:26.756565+00:00
2026-03-06,Cabai Merah Keriting ,2,2,30000.0,DI Yogyakarta,2026-08-30T11:38:26.756565+00:00
2026-03-09,Cabai Merah Keriting ,2,2,30000.0,DI Yogyakarta,2026-08-30T11:38:26.756565+00:00
2026-03-10,Cabai Merah Keriting ,2,2,30000.0,DI Yogyakarta,2026-08-30T11:38:26.756565+00:00
2026-03-11,Cabai Merah Keriting ,2,2,30000.0,DI Yogyakarta,2026-08-30T11:38:26.756565+00:00
2026-03-12,Cabai Merah Keriting ,2,2,30000.0,DI Yogyakarta,2026-08-30T11:38:26.756565+00:00
2026-03-13,Cabai Merah Keriting ,2,2,30000.0,DI Yogyakarta,2026-08-30T11:38:26.756565+00:00
2026-03-03,Cabai Rawit,1,VII,56350.0,DI Yogyakarta,2026-08-30T11:38:26.756565+00:00
2026-03-04,Cabai Rawit,1,VII,56350.0,DI Yogyakarta,2026-08-30T11:38:26.756565+00:00
2026-03-05,Cabai Rawit,1,VII,56350.0,DI Yogyakarta,2026-08-30T11:38:26.756565+00:00
2026-03-06,Cabai Rawit,1,VII,56350.0,DI Yogyakarta,2026-08-30T11:38:26.756565+00:00
2026-03-09,Cabai Rawit,1,VII,56350.0,DI Yogyakarta,2026-08-30T11:38:26.756565+00:00
2026-03-10,Cabai Rawit,1,VII,56350.0,DI Yogyakarta,2026-08-30T11:38:26.756565+00:00
2026-03-11,Cabai Rawit,1,VII,56350.0,DI Yogyakarta,2026-08-30T11:38:26.756565+00:00
2026-03-12,Cabai Rawit,1,VII,56350.0,DI Yogyakarta,2026-08-30T11:38:26.756565+00:00
2026-03-13,Cabai Rawit,1,VII,56350.0,DI Yogyakarta,2026-08-30T11:38:26.756565+00:00
2026-03-03,Cabai Rawit Hijau,2,1,38350.0,DI Yogyakarta,2026-08-30T11:38:26.756565+00:00
2026-03-04,Cabai Rawit Hijau,2,1,38350.0,DI Yogyakarta,2026-08-30T11:38:26.756565+00:00
2026-03-05,Cabai Rawit Hijau,2,1,38350.0,DI Yogyakarta,2026-08-30T11:38:26.756565+00:00
2026-03-06,Cabai Rawit Hijau,2,1,38350.0,DI Yogyakarta,2026-08-30T11:38:26.756565+00:00
2026-03-09,Cabai Rawit Hijau,2,1,38350.0,DI Yogyakarta,2026-08-30T11:38:26.756565+00:00
2026-03-10,Cabai Rawit Hijau,2,1,38350.0,DI Yogyakarta,2026-08-30T11:38:26.756565+00:00
2026-03-11,Cabai Rawit Hijau,2,1,38350.0,DI Yogyakarta,2026-08-30T11:38:26.756565+00:00
2026-03-12,Cabai Rawit Hijau,2,1,38350.0,DI Yogyakarta,2026-08-30T11:38:26.756565+00:00
2026-03-13,Cabai Rawit Hijau,2,1,38350.0,DI Yogyakarta,2026-08-30T11:38:26.756565+00:00
2026-03-03,Cabai Rawit Merah,2,2,74350.0,DI Yogyakarta,2026-08-30T11:38:26.756565+00:00
2026-03-04,Cabai Rawit Merah,2,2,74350.0,DI Yogyakarta,2026-08-30T11:38:26.756565+00:00
2026-03-05,Cabai Rawit Merah,2,2,74350.0,DI Yogyakarta,2026-08-30T11:38:26.756565+00:00
2026-03-06,Cabai Rawit Merah,2,2,74350.0,DI Yogyakarta,2026-08-30T11:38:26.756565+00:00
2026-03-09,Cabai Rawit Merah,2,2,74350.0,DI Yogyakarta,2026-08-30T11:38:26.756565+00:00
2026-03-10,Cabai Rawit Merah,2,2,74350.0,DI Yogyakarta,2026-08-30T11:38:26.756565+00:00
2026-03-11,Cabai Rawit Merah,2,2,74350.0,DI Yogyakarta,2026-08-30T11:38:26.756565+00:00
2026-03-12,Cabai Rawit Merah,2,2,74350.0,DI Yogyakarta,2026-08-30T11:38:26.756565+00:00
2026-03-13,Cabai Rawit Merah,2,2,74350.0,DI Yogyakarta,2026-08-30T11:38:26.756565+00:00
2026-03-03,Gula Pasir,1,VIII,15500.0,DI Yogyakarta,2026-08-30T11:38:26.756565+00:00
2026-03-04,Gula Pasir,1,VIII,15500.0,DI Yogyakarta,2026-08-30T11:38:26.756565+00:00
2026-03-05,Gula Pasir,1,VIII,15500.0,DI Yogyakarta,2026-08-30T11:38:26.756565+00:00
2026-03-06,Gula Pasir,1,VIII,15500.0,DI Yogyakarta,2026-08-30T11:38:26.756565+00:00
2026-03-09,Gula Pasir,1,VIII,15500.0,DI Yogyakarta,2026-08-30T11:38:26.756565+00:00
2026-03-10,Gula Pasir,1,VIII,15500.0,DI Yogyakarta,2026-08-30T11:38:26.756565+00:00
2026-03-11,Gula Pasir,1,VIII,15500.0,DI Yogyakarta,2026-08-30T11:38:26.756565+00:00
2026-03-12,Gula Pasir,1,VIII,15500.0,DI Yogyakarta,2026-08-30T11:38:26.756565+00:00
2026-03-13,Gula Pasir,1,VIII,15500.0,DI Yogyakarta,2026-08-30T11:38:26.756565+00:00
2026-03-03,Gula Pasir Kualitas Premium,2,1,15500.0,DI Yogyakarta,2026-08-30T11:38:26.756565+00:00
2026-03-04,Gula Pasir Kualitas Premium,2,1,15500.0,DI Yogyakarta,2026-08-30T11:38:26.756565+00:00
2026-03-05,Gula Pasir Kualitas Premium,2,1,15500.0,DI Yogyakarta,2026-08-30T11:38:26.756565+00:00
2026-03-06,Gula Pasir Kualitas Premium,2,1,15500.0,DI Yogyakarta,2026-08-30T11:38:26.756565+00:00
2026-03-09,Gula Pasir Kualitas Premium,2,1,15500.0,DI Yogyakarta,2026-08-30T11:38:26.756565+00:00
2026-03-10,Gula Pasir Kualitas Premium,2,1,15500.0,DI Yogyakarta,2026-08-30T11:38:26.756565+00:00
2026-03-11,Gula Pasir Kualitas Premium,2,1,15500.0,DI Yogyakarta,2026-08-30T11:38:26.756565+00:00
2026-03-12,Gula Pasir Kualitas Premium,2,1,15500.0,DI Yogyakarta,2026-08-30T11:38:26.756565+00:00
2026-03-13,Gula Pasir Kualitas Premium,2,1,15500.0,DI Yogyakarta,2026-08-30T11:38:26.756565+00:00
