fetched_at_utc,kabupaten_kota,adm4,waktu_lokal,suhu_c,kelembapan_persen,cuaca_desc,curah_hujan_mm,kecepatan_angin_kmh
2026-08-30T08:40:33.546379+00:00,Kota Yogyakarta,34.71.10.1001,2026-08-30 16:00:00,28,66,Cerah,0,14.3
2026-08-30T08:40:33.546379+00:00,Kota Yogyakarta,34.71.10.1001,2026-08-30 19:00:00,25,75,Cerah,0,6.6
2026-08-30T08:40:33.546379+00:00,Kota Yogyakarta,34.71.10.1001,2026-08-30 22:00:00,24,83,Cerah Berawan,0,0.8
2026-08-30T08:40:33.546379+00:00,Kota Yogyakarta,34.71.10.1001,2026-08-31 01:00:00,23,87,Cerah Berawan,0,3.6
2026-08-30T08:40:33.546379+00:00,Kota Yogyakarta,34.71.10.1001,2026-08-31 04:00:00,22,91,Cerah,0,1
2026-08-30T08:40:33.546379+00:00,Kota Yogyakarta,34.71.10.1001,2026-08-31 07:00:00,26,73,Cerah,0,1
2026-08-30T08:40:33.546379+00:00,Kota Yogyakarta,34.71.10.1001,2026-08-31 10:00:00,32,48,Cerah,0,1.5
2026-08-30T08:40:33.546379+00:00,Kota Yogyakarta,34.71.10.1001,2026-08-31 13:00:00,31,55,Cerah,0.1,12.3
2026-08-30T08:40:33.546379+00:00,Kota Yogyakarta,34.71.10.1001,2026-08-31 16:00:00,28,66,Cerah,0,12.2
2026-08-30T08:40:33.546379+00:00,Kota Yogyakarta,34.71.10.1001,2026-08-31 19:00:00,26,78,Cerah,0,10.4
2026-08-30T08:40:33.546379+00:00,Kota Yogyakarta,34.71.10.1001,2026-08-31 22:00:00,25,84,Cerah,0,0.3
2026-08-30T08:40:33.546379+00:00,Kota Yogyakarta,34.71.10.1001,2026-09-01 01:00:00,23,93,Cerah,0,1.8
2026-08-30T08:40:33.546379+00:00,Kota Yogyakarta,34.71.10.1001,2026-09-01 04:00:00,21,94,Cerah Berawan,0,3.9
2026-08-30T08:40:33.546379+00:00,Kota Yogyakarta,34.71.10.1001,2026-09-01 07:00:00,26,72,Cerah,0,3.3
2026-08-30T08:40:33.546379+00:00,Kota Yogyakarta,34.71.10.1001,2026-09-01 10:00:00,31,43,Cerah,0,8.3
2026-08-30T08:40:33.546379+00:00,Kota Yogyakarta,34.71.10.1001,2026-09-01 13:00:00,32,46,Cerah,0,8.3
2026-08-30T08:40:33.546379+00:00,Kota Yogyakarta,34.71.10.1001,2026-09-01 16:00:00,28,65,Cerah,0,4.9
2026-08-30T08:40:33.546379+00:00,Kota Yogyakarta,34.71.10.1001,2026-09-01 19:00:00,26,77,Cerah,0,4.9
2026-08-30T08:40:33.546379+00:00,Kota Yogyakarta,34.71.10.1001,2026-09-01 22:00:00,24,83,Cerah,0,3.1
2026-08-30T08:40:33.663494+00:00,Kabupaten Sleman,34.04.13.2002,2026-08-30 16:00:00,26,73,Cerah,0,14.2
2026-08-30T08:40:33.663494+00:00,Kabupaten Sleman,34.04.13.2002,2026-08-30 19:00:00,24,86,Cerah,0,7.4
2026-08-30T08:40:33.663494+00:00,Kabupaten Sleman,34.04.13.2002,2026-08-30 22:00:00,23,91,Cerah Berawan,0,0.6
2026-08-30T08:40:33.663494+00:00,Kabupaten Sleman,34.04.13.2002,2026-08-31 01:00:00,22,91,Cerah Berawan,0,2.5
2026-08-30T08:40:33.663494+00:00,Kabupaten Sleman,34.04.13.2002,2026-08-31 04:00:00,21,93,Cerah,0,2.8
2026-08-30T08:40:33.663494+00:00,Kabupaten Sleman,34.04.13.2002,2026-08-31 07:00:00,26,77,Cerah,0,2.8
2026-08-30T08:40:33.663494+00:00,Kabupaten Sleman,34.04.13.2002,2026-08-31 10:00:00,30,55,Cerah,0,4.6
2026-08-30T08:40:33.663494+00:00,Kabupaten Sleman,34.04.13.2002,2026-08-31 13:00:00,30,60,Cerah,0,9.7
2026-08-30T08:40:33.663494+00:00,Kabupaten Sleman,34.04.13.2002,2026-08-31 16:00:00,27,73,Cerah,0.1,8.9
2026-08-30T08:40:33.663494+00:00,Kabupaten Sleman,34.04.13.2002,2026-08-31 19:00:00,24,82,Cerah,0,6.2
2026-08-30T08:40:33.663494+00:00,Kabupaten Sleman,34.04.13.2002,2026-08-31 22:00:00,23,91,Cerah,0,1.2
2026-08-30T08:40:33.663494+00:00,Kabupaten Sleman,34.04.13.2002,2026-09-01 01:00:00,21,95,Cerah Berawan,0,2.8
2026-08-30T08:40:33.663494+00:00,Kabupaten Sleman,34.04.13.2002,2026-09-01 04:00:00,20,92,Cerah Berawan,0,4.5
2026-08-30T08:40:33.663494+00:00,Kabupaten Sleman,34.04.13.2002,2026-09-01 07:00:00,24,78,Cerah,0,2.6
2026-08-30T08:40:33.663494+00:00,Kabupaten Sleman,34.04.13.2002,2026-09-01 10:00:00,29,51,Cerah,0,8.7
2026-08-30T08:40:33.663494+00:00,Kabupaten Sleman,34.04.13.2002,2026-09-01 13:00:00,30,48,Cerah,0,8.7
2026-08-30T08:40:33.663494+00:00,Kabupaten Sleman,34.04.13.2002,2026-09-01 16:00:00,26,68,Cerah,0,5
2026-08-30T08:40:33.663494+00:00,Kabupaten Sleman,34.04.13.2002,2026-09-01 19:00:00,24,86,Cerah,0,5
2026-08-30T08:40:33.663494+00:00,Kabupaten Sleman,34.04.13.2002,2026-09-01 22:00:00,22,89,Cerah Berawan,0,5.4
2026-08-30T08:40:33.790600+00:00,Kabupaten Bantul,34.02.08.2003,2026-08-30 16:00:00,27,71,Cerah,0,12.4
2026-08-30T08:40:33.790600+00:00,Kabupaten Bantul,34.02.08.2003,2026-08-30 19:00:00,25,81,Cerah,0,4.2
2026-08-30T08:40:33.790600+00:00,Kabupaten Bantul,34.02.08.2003,2026-08-30 22:00:00,24,88,Cerah Berawan,0,1.2
2026-08-30T08:40:33.790600+00:00,Kabupaten Bantul,34.02.08.2003,2026-08-31 01:00:00,23,92,Cerah Berawan,0,3.3
2026-08-30T08:40:33.790600+00:00,Kabupaten Bantul,34.02.08.2003,2026-08-31 04:00:00,21,95,Cerah,0,1.3
2026-08-30T08:40:33.790600+00:00,Kabupaten Bantul,34.02.08.2003,2026-08-31 07:00:00,27,74,Cerah,0,3.1
2026-08-30T08:40:33.790600+00:00,Kabupaten Bantul,34.02.08.2003,2026-08-31 10:00:00,32,51,Cerah,0,2.4
2026-08-30T08:40:33.790600+00:00,Kabupaten Bantul,34.02.08.2003,2026-08-31 13:00:00,31,58,Cerah,0,17
2026-08-30T08:40:33.790600+00:00,Kabupaten Bantul,34.02.08.2003,2026-08-31 16:00:00,28,70,Cerah,0,14.8
2026-08-30T08:40:33.790600+00:00,Kabupaten Bantul,34.02.08.2003,2026-08-31 19:00:00,26,81,Cerah,0,7.7
2026-08-30T08:40:33.790600+00:00,Kabupaten Bantul,34.02.08.2003,2026-08-31 22:00:00,24,87,Cerah,0,1.5
2026-08-30T08:40:33.790600+00:00,Kabupaten Bantul,34.02.08.2003,2026-09-01 01:00:00,23,93,Cerah,0,2.5
2026-08-30T08:40:33.790600+00:00,Kabupaten Bantul,34.02.08.2003,2026-09-01 04:00:00,21,97,Cerah,0,3.6
2026-08-30T08:40:33.790600+00:00,Kabupaten Bantul,34.02.08.2003,2026-09-01 07:00:00,26,71,Cerah,0,4.3
2026-08-30T08:40:33.790600+00:00,Kabupaten Bantul,34.02.08.2003,2026-09-01 10:00:00,31,47,Cerah,0,20.1
2026-08-30T08:40:33.790600+00:00,Kabupaten Bantul,34.02.08.2003,2026-09-01 13:00:00,30,54,Cerah,0,20.1
2026-08-30T08:40:33.790600+00:00,Kabupaten Bantul,34.02.08.2003,2026-09-01 16:00:00,26,71,Cerah,0,5.8
2026-08-30T08:40:33.790600+00:00,Kabupaten Bantul,34.02.08.2003,2026-09-01 19:00:00,25,81,Cerah,0,5.8
2026-08-30T08:40:33.790600+00:00,Kabupaten Bantul,34.02.08.2003,2026-09-01 22:00:00,23,85,Cerah,0,0.7
2026-08-30T08:40:33.898494+00:00,Kabupaten Kulon Progo,34.01.02.1008,2026-08-30 16:00:00,26,82,Cerah,0,13.1
2026-08-30T08:40:33.898494+00:00,Kabupaten Kulon Progo,34.01.02.1008,2026-08-30 19:00:00,24,89,Cerah,0,5.6
2026-08-30T08:40:33.898494+00:00,Kabupaten Kulon Progo,34.01.02.1008,2026-08-30 22:00:00,23,91,Cerah Berawan,0,1.1
2026-08-30T08:40:33.898494+00:00,Kabupaten Kulon Progo,34.01.02.1008,2026-08-31 01:00:00,22,93,Cerah Berawan,0,2.1
2026-08-30T08:40:33.898494+00:00,Kabupaten Kulon Progo,34.01.02.1008,2026-08-31 04:00:00,21,94,Cerah,0,3.8
2026-08-30T08:40:33.898494+00:00,Kabupaten Kulon Progo,34.01.02.1008,2026-08-31 07:00:00,26,76,Cerah,0,1
2026-08-30T08:40:33.898494+00:00,Kabupaten Kulon Progo,34.01.02.1008,2026-08-31 10:00:00,29,69,Cerah,0.1,7.7
2026-08-30T08:40:33.898494+00:00,Kabupaten Kulon Progo,34.01.02.1008,2026-08-31 13:00:00,29,69,Cerah,0,15.9
2026-08-30T08:40:33.898494+00:00,Kabupaten Kulon Progo,34.01.02.1008,2026-08-31 16:00:00,26,82,Cerah,0,15.6
2026-08-30T08:40:33.898494+00:00,Kabupaten Kulon Progo,34.01.02.1008,2026-08-31 19:00:00,24,88,Cerah,0,7.3
2026-08-30T08:40:33.898494+00:00,Kabupaten Kulon Progo,34.01.02.1008,2026-08-31 22:00:00,23,92,Cerah,0,1
2026-08-30T08:40:33.898494+00:00,Kabupaten Kulon Progo,34.01.02.1008,2026-09-01 01:00:00,23,91,Cerah,0,1
2026-08-30T08:40:33.898494+00:00,Kabupaten Kulon Progo,34.01.02.1008,2026-09-01 04:00:00,22,94,Cerah,0,1.8
2026-08-30T08:40:33.898494+00:00,Kabupaten Kulon Progo,34.01.02.1008,2026-09-01 07:00:00,26,73,Cerah,0,4.1
2026-08-30T08:40:33.898494+00:00,Kabupaten Kulon Progo,34.01.02.1008,2026-09-01 10:00:00,30,59,Cerah,0,23.1
2026-08-30T08:40:33.898494+00:00,Kabupaten Kulon Progo,34.01.02.1008,2026-09-01 13:00:00,29,65,Cerah,0,23.1
2026-08-30T08:40:33.898494+00:00,Kabupaten Kulon Progo,34.01.02.1008,2026-09-01 16:00:00,26,78,Cerah,0,6.7
2026-08-30T08:40:33.898494+00:00,Kabupaten Kulon Progo,34.01.02.1008,2026-09-01 19:00:00,23,88,Cerah,0,6.7
2026-08-30T08:40:33.898494+00:00,Kabupaten Kulon Progo,34.01.02.1008,2026-09-01 22:00:00,22,88,Cerah Berawan,0,3
2026-08-30T08:40:34.026099+00:00,Kabupaten Gunungkidul,34.03.01.2001,2026-08-30 15:00:00,28,65,Cerah,0,19.3
2026-08-30T08:40:34.026099+00:00,Kabupaten Gunungkidul,34.03.01.2001,2026-08-30 18:00:00,24,85,Cerah,0,11.3
2026-08-30T08:40:34.026099+00:00,Kabupaten Gunungkidul,34.03.01.2001,2026-08-30 21:00:00,24,88,Cerah Berawan,0,10.2
2026-08-30T08:40:34.026099+00:00,Kabupaten Gunungkidul,34.03.01.2001,2026-08-31 00:00:00,22,93,Cerah Berawan,0,2.8
2026-08-30T08:40:34.026099+00:00,Kabupaten Gunungkidul,34.03.01.2001,2026-08-31 03:00:00,19,98,Cerah,0,2.8
2026-08-30T08:40:34.026099+00:00,Kabupaten Gunungkidul,34.03.01.2001,2026-08-31 06:00:00,24,85,Cerah,0,3.4
2026-08-30T08:40:34.026099+00:00,Kabupaten Gunungkidul,34.03.01.2001,2026-08-31 09:00:00,30,50,Cerah,0,5
2026-08-30T08:40:34.026099+00:00,Kabupaten Gunungkidul,34.03.01.2001,2026-08-31 12:00:00,32,53,Cerah,0,18.8
2026-08-30T08:40:34.026099+00:00,Kabupaten Gunungkidul,34.03.01.2001,2026-08-31 15:00:00,28,67,Cerah,0.2,21.6
2026-08-30T08:40:34.026099+00:00,Kabupaten Gunungkidul,34.03.01.2001,2026-08-31 18:00:00,24,83,Cerah,0,16.2
2026-08-30T08:40:34.026099+00:00,Kabupaten Gunungkidul,34.03.01.2001,2026-08-31 21:00:00,24,88,Cerah,0,15.9
2026-08-30T08:40:34.026099+00:00,Kabupaten Gunungkidul,34.03.01.2001,2026-09-01 00:00:00,23,91,Cerah,0,12.4
2026-08-30T08:40:34.026099+00:00,Kabupaten Gunungkidul,34.03.01.2001,2026-09-01 03:00:00,19,93,Cerah,0,9.5
2026-08-30T08:40:34.026099+00:00,Kabupaten Gunungkidul,34.03.01.2001,2026-09-01 06:00:00,24,78,Cerah,0,11.4
2026-08-30T08:40:34.026099+00:00,Kabupaten Gunungkidul,34.03.01.2001,2026-09-01 09:00:00,30,51,Cerah,0,11.4
2026-08-30T08:40:34.026099+00:00,Kabupaten Gunungkidul,34.03.01.2001,2026-09-01 12:00:00,32,50,Cerah,0,18.5
2026-08-30T08:40:34.026099+00:00,Kabupaten Gunungkidul,34.03.01.2001,2026-09-01 15:00:00,28,63,Cerah,0,18.5
2026-08-30T08:40:34.026099+00:00,Kabupaten Gunungkidul,34.03.01.2001,2026-09-01 18:00:00,25,81,Cerah,0,19.1
2026-08-30T08:40:34.026099+00:00,Kabupaten Gunungkidul,34.03.01.2001,2026-09-01 21:00:00,22,87,Cerah,0,19.1
2026-08-30T08:49:02.359195+00:00,Kota Yogyakarta,34.71.10.1001,2026-08-30 16:00:00,28,66,Cerah,0,14.3
2026-08-30T08:49:02.359195+00:00,Kota Yogyakarta,34.71.10.1001,2026-08-30 19:00:00,25,75,Cerah,0,6.6
2026-08-30T08:49:02.359195+00:00,Kota Yogyakarta,34.71.10.1001,2026-08-30 22:00:00,24,83,Cerah Berawan,0,0.8
2026-08-30T08:49:02.359195+00:00,Kota Yogyakarta,34.71.10.1001,2026-08-31 01:00:00,23,87,Cerah Berawan,0,3.6
2026-08-30T08:49:02.359195+00:00,Kota Yogyakarta,34.71.10.1001,2026-08-31 04:00:00,22,91,Cerah,0,1
2026-08-30T08:49:02.359195+00:00,Kota Yogyakarta,34.71.10.1001,2026-08-31 07:00:00,26,73,Cerah,0,1
2026-08-30T08:49:02.359195+00:00,Kota Yogyakarta,34.71.10.1001,2026-08-31 10:00:00,32,48,Cerah,0,1.5
2026-08-30T08:49:02.359195+00:00,Kota Yogyakarta,34.71.10.1001,2026-08-31 13:00:00,31,55,Cerah,0.1,12.3
2026-08-30T08:49:02.359195+00:00,Kota Yogyakarta,34.71.10.1001,2026-08-31 16:00:00,28,66,Cerah,0,12.2
2026-08-30T08:49:02.359195+00:00,Kota Yogyakarta,34.71.10.1001,2026-08-31 19:00:00,26,78,Cerah,0,10.4
2026-08-30T08:49:02.359195+00:00,Kota Yogyakarta,34.71.10.1001,2026-08-31 22:00:00,25,84,Cerah,0,0.3
2026-08-30T08:49:02.359195+00:00,Kota Yogyakarta,34.71.10.1001,2026-09-01 01:00:00,23,93,Cerah,0,1.8
2026-08-30T08:49:02.359195+00:00,Kota Yogyakarta,34.71.10.1001,2026-09-01 04:00:00,21,94,Cerah Berawan,0,3.9
2026-08-30T08:49:02.359195+00:00,Kota Yogyakarta,34.71.10.1001,2026-09-01 07:00:00,26,72,Cerah,0,3.3
2026-08-30T08:49:02.359195+00:00,Kota Yogyakarta,34.71.10.1001,2026-09-01 10:00:00,31,43,Cerah,0,8.3
2026-08-30T08:49:02.359195+00:00,Kota Yogyakarta,34.71.10.1001,2026-09-01 13:00:00,32,46,Cerah,0,8.3
2026-08-30T08:49:02.359195+00:00,Kota Yogyakarta,34.71.10.1001,2026-09-01 16:00:00,28,65,Cerah,0,4.9
2026-08-30T08:49:02.359195+00:00,Kota Yogyakarta,34.71.10.1001,2026-09-01 19:00:00,26,77,Cerah,0,4.9
2026-08-30T08:49:02.359195+00:00,Kota Yogyakarta,34.71.10.1001,2026-09-01 22:00:00,24,83,Cerah,0,3.1
2026-08-30T08:49:02.625821+00:00,Kabupaten Sleman,34.04.13.2002,2026-08-30 16:00:00,26,73,Cerah,0,14.2
2026-08-30T08:49:02.625821+00:00,Kabupaten Sleman,34.04.13.2002,2026-08-30 19:00:00,24,86,Cerah,0,7.4
2026-08-30T08:49:02.625821+00:00,Kabupaten Sleman,34.04.13.2002,2026-08-30 22:00:00,23,91,Cerah Berawan,0,0.6
2026-08-30T08:49:02.625821+00:00,Kabupaten Sleman,34.04.13.2002,2026-08-31 01:00:00,22,91,Cerah Berawan,0,2.5
2026-08-30T08:49:02.625821+00:00,Kabupaten Sleman,34.04.13.2002,2026-08-31 04:00:00,21,93,Cerah,0,2.8
2026-08-30T08:49:02.625821+00:00,Kabupaten Sleman,34.04.13.2002,2026-08-31 07:00:00,26,77,Cerah,0,2.8
2026-08-30T08:49:02.625821+00:00,Kabupaten Sleman,34.04.13.2002,2026-08-31 10:00:00,30,55,Cerah,0,4.6
2026-08-30T08:49:02.625821+00:00,Kabupaten Sleman,34.04.13.2002,2026-08-31 13:00:00,30,60,Cerah,0,9.7
2026-08-30T08:49:02.625821+00:00,Kabupaten Sleman,34.04.13.2002,2026-08-31 16:00:00,27,73,Cerah,0.1,8.9
2026-08-30T08:49:02.625821+00:00,Kabupaten Sleman,34.04.13.2002,2026-08-31 19:00:00,24,82,Cerah,0,6.2
2026-08-30T08:49:02.625821+00:00,Kabupaten Sleman,34.04.13.2002,2026-08-31 22:00:00,23,91,Cerah,0,1.2
2026-08-30T08:49:02.625821+00:00,Kabupaten Sleman,34.04.13.2002,2026-09-01 01:00:00,21,95,Cerah Berawan,0,2.8
2026-08-30T08:49:02.625821+00:00,Kabupaten Sleman,34.04.13.2002,2026-09-01 04:00:00,20,92,Cerah Berawan,0,4.5
2026-08-30T08:49:02.625821+00:00,Kabupaten Sleman,34.04.13.2002,2026-09-01 07:00:00,24,78,Cerah,0,2.6
2026-08-30T08:49:02.625821+00:00,Kabupaten Sleman,34.04.13.2002,2026-09-01 10:00:00,29,51,Cerah,0,8.7
2026-08-30T08:49:02.625821+00:00,Kabupaten Sleman,34.04.13.2002,2026-09-01 13:00:00,30,48,Cerah,0,8.7
2026-08-30T08:49:02.625821+00:00,Kabupaten Sleman,34.04.13.2002,2026-09-01 16:00:00,26,68,Cerah,0,5
2026-08-30T08:49:02.625821+00:00,Kabupaten Sleman,34.04.13.2002,2026-09-01 19:00:00,24,86,Cerah,0,5
2026-08-30T08:49:02.625821+00:00,Kabupaten Sleman,34.04.13.2002,2026-09-01 22:00:00,22,89,Cerah Berawan,0,5.4
2026-08-30T08:49:02.911431+00:00,Kabupaten Bantul,34.02.08.2003,2026-08-30 16:00:00,27,71,Cerah,0,12.4
2026-08-30T08:49:02.911431+00:00,Kabupaten Bantul,34.02.08.2003,2026-08-30 19:00:00,25,81,Cerah,0,4.2
2026-08-30T08:49:02.911431+00:00,Kabupaten Bantul,34.02.08.2003,2026-08-30 22:00:00,24,88,Cerah Berawan,0,1.2
2026-08-30T08:49:02.911431+00:00,Kabupaten Bantul,34.02.08.2003,2026-08-31 01:00:00,23,92,Cerah Berawan,0,3.3
2026-08-30T08:49:02.911431+00:00,Kabupaten Bantul,34.02.08.2003,2026-08-31 04:00:00,21,95,Cerah,0,1.3
2026-08-30T08:49:02.911431+00:00,Kabupaten Bantul,34.02.08.2003,2026-08-31 07:00:00,27,74,Cerah,0,3.1
2026-08-30T08:49:02.911431+00:00,Kabupaten Bantul,34.02.08.2003,2026-08-31 10:00:00,32,51,Cerah,0,2.4
2026-08-30T08:49:02.911431+00:00,Kabupaten Bantul,34.02.08.2003,2026-08-31 13:00:00,31,58,Cerah,0,17
2026-08-30T08:49:02.911431+00:00,Kabupaten Bantul,34.02.08.2003,2026-08-31 16:00:00,28,70,Cerah,0,14.8
2026-08-30T08:49:02.911431+00:00,Kabupaten Bantul,34.02.08.2003,2026-08-31 19:00:00,26,81,Cerah,0,7.7
2026-08-30T08:49:02.911431+00:00,Kabupaten Bantul,34.02.08.2003,2026-08-31 22:00:00,24,87,Cerah,0,1.5
2026-08-30T08:49:02.911431+00:00,Kabupaten Bantul,34.02.08.2003,2026-09-01 01:00:00,23,93,Cerah,0,2.5
2026-08-30T08:49:02.911431+00:00,Kabupaten Bantul,34.02.08.2003,2026-09-01 04:00:00,21,97,Cerah,0,3.6
2026-08-30T08:49:02.911431+00:00,Kabupaten Bantul,34.02.08.2003,2026-09-01 07:00:00,26,71,Cerah,0,4.3
2026-08-30T08:49:02.911431+00:00,Kabupaten Bantul,34.02.08.2003,2026-09-01 10:00:00,31,47,Cerah,0,20.1
2026-08-30T08:49:02.911431+00:00,Kabupaten Bantul,34.02.08.2003,2026-09-01 13:00:00,30,54,Cerah,0,20.1
2026-08-30T08:49:02.911431+00:00,Kabupaten Bantul,34.02.08.2003,2026-09-01 16:00:00,26,71,Cerah,0,5.8
2026-08-30T08:49:02.911431+00:00,Kabupaten Bantul,34.02.08.2003,2026-09-01 19:00:00,25,81,Cerah,0,5.8
2026-08-30T08:49:02.911431+00:00,Kabupaten Bantul,34.02.08.2003,2026-09-01 22:00:00,23,85,Cerah,0,0.7
2026-08-30T08:49:03.181957+00:00,Kabupaten Kulon Progo,34.01.02.1008,2026-08-30 16:00:00,26,82,Cerah,0,13.1
2026-08-30T08:49:03.181957+00:00,Kabupaten Kulon Progo,34.01.02.1008,2026-08-30 19:00:00,24,89,Cerah,0,5.6
2026-08-30T08:49:03.181957+00:00,Kabupaten Kulon Progo,34.01.02.1008,2026-08-30 22:00:00,23,91,Cerah Berawan,0,1.1
2026-08-30T08:49:03.181957+00:00,Kabupaten Kulon Progo,34.01.02.1008,2026-08-31 01:00:00,22,93,Cerah Berawan,0,2.1
2026-08-30T08:49:03.181957+00:00,Kabupaten Kulon Progo,34.01.02.1008,2026-08-31 04:00:00,21,94,Cerah,0,3.8
2026-08-30T08:49:03.181957+00:00,Kabupaten Kulon Progo,34.01.02.1008,2026-08-31 07:00:00,26,76,Cerah,0,1
2026-08-30T08:49:03.181957+00:00,Kabupaten Kulon Progo,34.01.02.1008,2026-08-31 10:00:00,29,69,Cerah,0.1,7.7
2026-08-30T08:49:03.181957+00:00,Kabupaten Kulon Progo,34.01.02.1008,2026-08-31 13:00:00,29,69,Cerah,0,15.9
2026-08-30T08:49:03.181957+00:00,Kabupaten Kulon Progo,34.01.02.1008,2026-08-31 16:00:00,26,82,Cerah,0,15.6
2026-08-30T08:49:03.181957+00:00,Kabupaten Kulon Progo,34.01.02.1008,2026-08-31 19:00:00,24,88,Cerah,0,7.3
2026-08-30T08:49:03.181957+00:00,Kabupaten Kulon Progo,34.01.02.1008,2026-08-31 22:00:00,23,92,Cerah,0,1
2026-08-30T08:49:03.181957+00:00,Kabupaten Kulon Progo,34.01.02.1008,2026-09-01 01:00:00,23,91,Cerah,0,1
2026-08-30T08:49:03.181957+00:00,Kabupaten Kulon Progo,34.01.02.1008,2026-09-01 04:00:00,22,94,Cerah,0,1.8
2026-08-30T08:49:03.181957+00:00,Kabupaten Kulon Progo,34.01.02.1008,2026-09-01 07:00:00,26,73,Cerah,0,4.1
2026-08-30T08:49:03.181957+00:00,Kabupaten Kulon Progo,34.01.02.1008,2026-09-01 10:00:00,30,59,Cerah,0,23.1
2026-08-30T08:49:03.181957+00:00,Kabupaten Kulon Progo,34.01.02.1008,2026-09-01 13:00:00,29,65,Cerah,0,23.1
2026-08-30T08:49:03.181957+00:00,Kabupaten Kulon Progo,34.01.02.1008,2026-09-01 16:00:00,26,78,Cerah,0,6.7
2026-08-30T08:49:03.181957+00:00,Kabupaten Kulon Progo,34.01.02.1008,2026-09-01 19:00:00,23,88,Cerah,0,6.7
2026-08-30T08:49:03.181957+00:00,Kabupaten Kulon Progo,34.01.02.1008,2026-09-01 22:00:00,22,88,Cerah Berawan,0,3
2026-08-30T08:49:03.443130+00:00,Kabupaten Gunungkidul,34.03.01.2001,2026-08-30 15:00:00,28,65,Cerah,0,19.3
2026-08-30T08:49:03.443130+00:00,Kabupaten Gunungkidul,34.03.01.2001,2026-08-30 18:00:00,24,85,Cerah,0,11.3
2026-08-30T08:49:03.443130+00:00,Kabupaten Gunungkidul,34.03.01.2001,2026-08-30 21:00:00,24,88,Cerah Berawan,0,10.2
2026-08-30T08:49:03.443130+00:00,Kabupaten Gunungkidul,34.03.01.2001,2026-08-31 00:00:00,22,93,Cerah Berawan,0,2.8
2026-08-30T08:49:03.443130+00:00,Kabupaten Gunungkidul,34.03.01.2001,2026-08-31 03:00:00,19,98,Cerah,0,2.8
2026-08-30T08:49:03.443130+00:00,Kabupaten Gunungkidul,34.03.01.2001,2026-08-31 06:00:00,24,85,Cerah,0,3.4
2026-08-30T08:49:03.443130+00:00,Kabupaten Gunungkidul,34.03.01.2001,2026-08-31 09:00:00,30,50,Cerah,0,5
2026-08-30T08:49:03.443130+00:00,Kabupaten Gunungkidul,34.03.01.2001,2026-08-31 12:00:00,32,53,Cerah,0,18.8
2026-08-30T08:49:03.443130+00:00,Kabupaten Gunungkidul,34.03.01.2001,2026-08-31 15:00:00,28,67,Cerah,0.2,21.6
2026-08-30T08:49:03.443130+00:00,Kabupaten Gunungkidul,34.03.01.2001,2026-08-31 18:00:00,24,83,Cerah,0,16.2
2026-08-30T08:49:03.443130+00:00,Kabupaten Gunungkidul,34.03.01.2001,2026-08-31 21:00:00,24,88,Cerah,0,15.9
2026-08-30T08:49:03.443130+00:00,Kabupaten Gunungkidul,34.03.01.2001,2026-09-01 00:00:00,23,91,Cerah,0,12.4
2026-08-30T08:49:03.443130+00:00,Kabupaten Gunungkidul,34.03.01.2001,2026-09-01 03:00:00,19,93,Cerah,0,9.5
2026-08-30T08:49:03.443130+00:00,Kabupaten Gunungkidul,34.03.01.2001,2026-09-01 06:00:00,24,78,Cerah,0,11.4
2026-08-30T08:49:03.443130+00:00,Kabupaten Gunungkidul,34.03.01.2001,2026-09-01 09:00:00,30,51,Cerah,0,11.4
2026-08-30T08:49:03.443130+00:00,Kabupaten Gunungkidul,34.03.01.2001,2026-09-01 12:00:00,32,50,Cerah,0,18.5
2026-08-30T08:49:03.443130+00:00,Kabupaten Gunungkidul,34.03.01.2001,2026-09-01 15:00:00,28,63,Cerah,0,18.5
2026-08-30T08:49:03.443130+00:00,Kabupaten Gunungkidul,34.03.01.2001,2026-09-01 18:00:00,25,81,Cerah,0,19.1
2026-08-30T08:49:03.443130+00:00,Kabupaten Gunungkidul,34.03.01.2001,2026-09-01 21:00:00,22,87,Cerah,0,19.1
2026-08-30T09:23:16.470338+00:00,Kota Yogyakarta,34.71.10.1001,2026-08-30 17:00:00,27,70,Cerah,0,6.6
2026-08-30T09:23:16.470338+00:00,Kota Yogyakarta,34.71.10.1001,2026-08-30 20:00:00,25,79,Cerah Berawan,0,0.8
2026-08-30T09:23:16.470338+00:00,Kota Yogyakarta,34.71.10.1001,2026-08-30 23:00:00,24,85,Cerah,0,3.6
2026-08-30T09:23:16.470338+00:00,Kota Yogyakarta,34.71.10.1001,2026-08-31 02:00:00,22,89,Cerah Berawan,0,1
2026-08-30T09:23:16.470338+00:00,Kota Yogyakarta,34.71.10.1001,2026-08-31 05:00:00,22,91,Cerah,0,1
2026-08-30T09:23:16.470338+00:00,Kota Yogyakarta,34.71.10.1001,2026-08-31 08:00:00,29,63,Cerah,0,1.5
2026-08-30T09:23:16.470338+00:00,Kota Yogyakarta,34.71.10.1001,2026-08-31 11:00:00,33,43,Cerah,0,12.3
2026-08-30T09:23:16.470338+00:00,Kota Yogyakarta,34.71.10.1001,2026-08-31 14:00:00,31,56,Cerah,0.1,12.2
2026-08-30T09:23:16.470338+00:00,Kota Yogyakarta,34.71.10.1001,2026-08-31 17:00:00,27,71,Cerah Berawan,0,10.4
2026-08-30T09:23:16.470338+00:00,Kota Yogyakarta,34.71.10.1001,2026-08-31 20:00:00,25,80,Cerah,0,0.3
2026-08-30T09:23:16.470338+00:00,Kota Yogyakarta,34.71.10.1001,2026-08-31 23:00:00,24,88,Cerah,0,1.8
2026-08-30T09:23:16.470338+00:00,Kota Yogyakarta,34.71.10.1001,2026-09-01 02:00:00,22,93,Cerah,0,3.9
2026-08-30T09:23:16.470338+00:00,Kota Yogyakarta,34.71.10.1001,2026-09-01 05:00:00,21,94,Cerah,0,3.3
2026-08-30T09:23:16.470338+00:00,Kota Yogyakarta,34.71.10.1001,2026-09-01 08:00:00,28,61,Cerah,0,3.3
2026-08-30T09:23:16.470338+00:00,Kota Yogyakarta,34.71.10.1001,2026-09-01 11:00:00,32,40,Cerah,0,8.3
2026-08-30T09:23:16.470338+00:00,Kota Yogyakarta,34.71.10.1001,2026-09-01 14:00:00,30,52,Cerah,0,8.3
2026-08-30T09:23:16.470338+00:00,Kota Yogyakarta,34.71.10.1001,2026-09-01 17:00:00,26,72,Cerah,0,4.9
2026-08-30T09:23:16.470338+00:00,Kota Yogyakarta,34.71.10.1001,2026-09-01 20:00:00,25,79,Cerah,0,4.9
2026-08-30T09:23:16.470338+00:00,Kota Yogyakarta,34.71.10.1001,2026-09-01 23:00:00,23,84,Cerah,0,3.1
2026-08-30T09:23:17.208014+00:00,Kabupaten Sleman,34.04.13.2002,2026-08-30 17:00:00,25,78,Cerah,0,7.4
2026-08-30T09:23:17.208014+00:00,Kabupaten Sleman,34.04.13.2002,2026-08-30 20:00:00,23,89,Cerah Berawan,0,0.6
2026-08-30T09:23:17.208014+00:00,Kabupaten Sleman,34.04.13.2002,2026-08-30 23:00:00,22,91,Cerah,0,2.5
2026-08-30T09:23:17.208014+00:00,Kabupaten Sleman,34.04.13.2002,2026-08-31 02:00:00,22,92,Cerah Berawan,0,2.8
2026-08-30T09:23:17.208014+00:00,Kabupaten Sleman,34.04.13.2002,2026-08-31 05:00:00,22,90,Cerah,0,2.8
2026-08-30T09:23:17.208014+00:00,Kabupaten Sleman,34.04.13.2002,2026-08-31 08:00:00,27,69,Cerah,0,4.6
2026-08-30T09:23:17.208014+00:00,Kabupaten Sleman,34.04.13.2002,2026-08-31 11:00:00,30,50,Cerah,0,9.7
2026-08-30T09:23:17.208014+00:00,Kabupaten Sleman,34.04.13.2002,2026-08-31 14:00:00,29,61,Cerah,0,8.9
2026-08-30T09:23:17.208014+00:00,Kabupaten Sleman,34.04.13.2002,2026-08-31 17:00:00,26,78,Cerah,0.1,6.2
2026-08-30T09:23:17.208014+00:00,Kabupaten Sleman,34.04.13.2002,2026-08-31 20:00:00,24,88,Cerah,0,1.2
2026-08-30T09:23:17.208014+00:00,Kabupaten Sleman,34.04.13.2002,2026-08-31 23:00:00,22,94,Cerah,0,2.8
2026-08-30T09:23:17.208014+00:00,Kabupaten Sleman,34.04.13.2002,2026-09-01 02:00:00,20,94,Cerah Berawan,0,4.5
2026-08-30T09:23:17.208014+00:00,Kabupaten Sleman,34.04.13.2002,2026-09-01 05:00:00,20,91,Cerah,0,2.6
2026-08-30T09:23:17.208014+00:00,Kabupaten Sleman,34.04.13.2002,2026-09-01 08:00:00,26,69,Cerah,0,2.6
2026-08-30T09:23:17.208014+00:00,Kabupaten Sleman,34.04.13.2002,2026-09-01 11:00:00,30,45,Cerah,0,8.7
2026-08-30T09:23:17.208014+00:00,Kabupaten Sleman,34.04.13.2002,2026-09-01 14:00:00,29,56,Cerah,0,8.7
2026-08-30T09:23:17.208014+00:00,Kabupaten Sleman,34.04.13.2002,2026-09-01 17:00:00,25,77,Cerah,0,5
2026-08-30T09:23:17.208014+00:00,Kabupaten Sleman,34.04.13.2002,2026-09-01 20:00:00,23,89,Cerah,0,5
2026-08-30T09:23:17.208014+00:00,Kabupaten Sleman,34.04.13.2002,2026-09-01 23:00:00,21,90,Berawan,0,5.4
2026-08-30T09:23:17.505702+00:00,Kabupaten Bantul,34.02.08.2003,2026-08-30 16:00:00,27,71,Cerah,0,12.4
2026-08-30T09:23:17.505702+00:00,Kabupaten Bantul,34.02.08.2003,2026-08-30 19:00:00,25,81,Cerah,0,4.2
2026-08-30T09:23:17.505702+00:00,Kabupaten Bantul,34.02.08.2003,2026-08-30 22:00:00,24,88,Cerah Berawan,0,1.2
2026-08-30T09:23:17.505702+00:00,Kabupaten Bantul,34.02.08.2003,2026-08-31 01:00:00,23,92,Cerah Berawan,0,3.3
2026-08-30T09:23:17.505702+00:00,Kabupaten Bantul,34.02.08.2003,2026-08-31 04:00:00,21,95,Cerah,0,1.3
2026-08-30T09:23:17.505702+00:00,Kabupaten Bantul,34.02.08.2003,2026-08-31 07:00:00,27,74,Cerah,0,3.1
2026-08-30T09:23:17.505702+00:00,Kabupaten Bantul,34.02.08.2003,2026-08-31 10:00:00,32,51,Cerah,0,2.4
2026-08-30T09:23:17.505702+00:00,Kabupaten Bantul,34.02.08.2003,2026-08-31 13:00:00,31,58,Cerah,0,17
2026-08-30T09:23:17.505702+00:00,Kabupaten Bantul,34.02.08.2003,2026-08-31 16:00:00,28,70,Cerah,0,14.8
2026-08-30T09:23:17.505702+00:00,Kabupaten Bantul,34.02.08.2003,2026-08-31 19:00:00,26,81,Cerah,0,7.7
2026-08-30T09:23:17.505702+00:00,Kabupaten Bantul,34.02.08.2003,2026-08-31 22:00:00,24,87,Cerah,0,1.5
2026-08-30T09:23:17.505702+00:00,Kabupaten Bantul,34.02.08.2003,2026-09-01 01:00:00,23,93,Cerah,0,2.5
2026-08-30T09:23:17.505702+00:00,Kabupaten Bantul,34.02.08.2003,2026-09-01 04:00:00,21,97,Cerah,0,3.6
2026-08-30T09:23:17.505702+00:00,Kabupaten Bantul,34.02.08.2003,2026-09-01 07:00:00,26,71,Cerah,0,4.3
2026-08-30T09:23:17.505702+00:00,Kabupaten Bantul,34.02.08.2003,2026-09-01 10:00:00,31,47,Cerah,0,20.1
2026-08-30T09:23:17.505702+00:00,Kabupaten Bantul,34.02.08.2003,2026-09-01 13:00:00,30,54,Cerah,0,20.1
2026-08-30T09:23:17.505702+00:00,Kabupaten Bantul,34.02.08.2003,2026-09-01 16:00:00,26,71,Cerah,0,5.8
2026-08-30T09:23:17.505702+00:00,Kabupaten Bantul,34.02.08.2003,2026-09-01 19:00:00,25,81,Cerah,0,5.8
2026-08-30T09:23:17.505702+00:00,Kabupaten Bantul,34.02.08.2003,2026-09-01 22:00:00,23,85,Cerah,0,0.7
2026-08-30T09:23:17.786508+00:00,Kabupaten Kulon Progo,34.01.02.1008,2026-08-30 16:00:00,26,82,Cerah,0,13.1
2026-08-30T09:23:17.786508+00:00,Kabupaten Kulon Progo,34.01.02.1008,2026-08-30 19:00:00,24,89,Cerah,0,5.6
2026-08-30T09:23:17.786508+00:00,Kabupaten Kulon Progo,34.01.02.1008,2026-08-30 22:00:00,23,91,Cerah Berawan,0,1.1
2026-08-30T09:23:17.786508+00:00,Kabupaten Kulon Progo,34.01.02.1008,2026-08-31 01:00:00,22,93,Cerah Berawan,0,2.1
2026-08-30T09:23:17.786508+00:00,Kabupaten Kulon Progo,34.01.02.1008,2026-08-31 04:00:00,21,94,Cerah,0,3.8
2026-08-30T09:23:17.786508+00:00,Kabupaten Kulon Progo,34.01.02.1008,2026-08-31 07:00:00,26,76,Cerah,0,1
2026-08-30T09:23:17.786508+00:00,Kabupaten Kulon Progo,34.01.02.1008,2026-08-31 10:00:00,29,69,Cerah,0.1,7.7
2026-08-30T09:23:17.786508+00:00,Kabupaten Kulon Progo,34.01.02.1008,2026-08-31 13:00:00,29,69,Cerah,0,15.9
2026-08-30T09:23:17.786508+00:00,Kabupaten Kulon Progo,34.01.02.1008,2026-08-31 16:00:00,26,82,Cerah,0,15.6
2026-08-30T09:23:17.786508+00:00,Kabupaten Kulon Progo,34.01.02.1008,2026-08-31 19:00:00,24,88,Cerah,0,7.3
2026-08-30T09:23:17.786508+00:00,Kabupaten Kulon Progo,34.01.02.1008,2026-08-31 22:00:00,23,92,Cerah,0,1
2026-08-30T09:23:17.786508+00:00,Kabupaten Kulon Progo,34.01.02.1008,2026-09-01 01:00:00,23,91,Cerah,0,1
2026-08-30T09:23:17.786508+00:00,Kabupaten Kulon Progo,34.01.02.1008,2026-09-01 04:00:00,22,94,Cerah,0,1.8
2026-08-30T09:23:17.786508+00:00,Kabupaten Kulon Progo,34.01.02.1008,2026-09-01 07:00:00,26,73,Cerah,0,4.1
2026-08-30T09:23:17.786508+00:00,Kabupaten Kulon Progo,34.01.02.1008,2026-09-01 10:00:00,30,59,Cerah,0,23.1
2026-08-30T09:23:17.786508+00:00,Kabupaten Kulon Progo,34.01.02.1008,2026-09-01 13:00:00,29,65,Cerah,0,23.1
2026-08-30T09:23:17.786508+00:00,Kabupaten Kulon Progo,34.01.02.1008,2026-09-01 16:00:00,26,78,Cerah,0,6.7
2026-08-30T09:23:17.786508+00:00,Kabupaten Kulon Progo,34.01.02.1008,2026-09-01 19:00:00,23,88,Cerah,0,6.7
2026-08-30T09:23:17.786508+00:00,Kabupaten Kulon Progo,34.01.02.1008,2026-09-01 22:00:00,22,88,Cerah Berawan,0,3
2026-08-30T09:23:18.062269+00:00,Kabupaten Gunungkidul,34.03.01.2001,2026-08-30 16:00:00,26,71,Cerah,0,19.3
2026-08-30T09:23:18.062269+00:00,Kabupaten Gunungkidul,34.03.01.2001,2026-08-30 19:00:00,24,86,Cerah,0,11.3
2026-08-30T09:23:18.062269+00:00,Kabupaten Gunungkidul,34.03.01.2001,2026-08-30 22:00:00,23,89,Cerah Berawan,0,10.2
2026-08-30T09:23:18.062269+00:00,Kabupaten Gunungkidul,34.03.01.2001,2026-08-31 01:00:00,22,94,Cerah Berawan,0,2.8
2026-08-30T09:23:18.062269+00:00,Kabupaten Gunungkidul,34.03.01.2001,2026-08-31 04:00:00,20,99,Cerah,0,2.8
2026-08-30T09:23:18.062269+00:00,Kabupaten Gunungkidul,34.03.01.2001,2026-08-31 07:00:00,27,67,Cerah,0,3.4
2026-08-30T09:23:18.062269+00:00,Kabupaten Gunungkidul,34.03.01.2001,2026-08-31 10:00:00,32,47,Cerah,0,5
2026-08-30T09:23:18.062269+00:00,Kabupaten Gunungkidul,34.03.01.2001,2026-08-31 13:00:00,31,54,Cerah,0.2,18.8
2026-08-30T09:23:18.062269+00:00,Kabupaten Gunungkidul,34.03.01.2001,2026-08-31 16:00:00,26,74,Cerah,0,21.6
2026-08-30T09:23:18.062269+00:00,Kabupaten Gunungkidul,34.03.01.2001,2026-08-31 19:00:00,24,83,Cerah,0,16.2
2026-08-30T09:23:18.062269+00:00,Kabupaten Gunungkidul,34.03.01.2001,2026-08-31 22:00:00,23,88,Cerah,0,15.9
2026-08-30T09:23:18.062269+00:00,Kabupaten Gunungkidul,34.03.01.2001,2026-09-01 01:00:00,22,92,Cerah,0,12.4
2026-08-30T09:23:18.062269+00:00,Kabupaten Gunungkidul,34.03.01.2001,2026-09-01 04:00:00,20,92,Cerah,0,9.5
2026-08-30T09:23:18.062269+00:00,Kabupaten Gunungkidul,34.03.01.2001,2026-09-01 07:00:00,26,66,Cerah,0,11.4
2026-08-30T09:23:18.062269+00:00,Kabupaten Gunungkidul,34.03.01.2001,2026-09-01 10:00:00,31,48,Cerah,0,18.5
2026-08-30T09:23:18.062269+00:00,Kabupaten Gunungkidul,34.03.01.2001,2026-09-01 13:00:00,31,53,Cerah,0,18.5
2026-08-30T09:23:18.062269+00:00,Kabupaten Gunungkidul,34.03.01.2001,2026-09-01 16:00:00,26,71,Cerah,0,19.1
2026-08-30T09:23:18.062269+00:00,Kabupaten Gunungkidul,34.03.01.2001,2026-09-01 19:00:00,24,83,Cerah,0,19.1
2026-08-30T09:23:18.062269+00:00,Kabupaten Gunungkidul,34.03.01.2001,2026-09-01 22:00:00,22,88,Cerah,0,13.7
2026-08-30T10:03:32.490969+00:00,Kota Yogyakarta,34.71.10.1001,2026-08-30 17:00:00,27,70,Cerah,0,6.6
2026-08-30T10:03:32.490969+00:00,Kota Yogyakarta,34.71.10.1001,2026-08-30 20:00:00,25,79,Cerah Berawan,0,0.8
2026-08-30T10:03:32.490969+00:00,Kota Yogyakarta,34.71.10.1001,2026-08-30 23:00:00,24,85,Cerah,0,3.6
2026-08-30T10:03:32.490969+00:00,Kota Yogyakarta,34.71.10.1001,2026-08-31 02:00:00,22,89,Cerah Berawan,0,1
2026-08-30T10:03:32.490969+00:00,Kota Yogyakarta,34.71.10.1001,2026-08-31 05:00:00,22,91,Cerah,0,1
2026-08-30T10:03:32.490969+00:00,Kota Yogyakarta,34.71.10.1001,2026-08-31 08:00:00,29,63,Cerah,0,1.5
2026-08-30T10:03:32.490969+00:00,Kota Yogyakarta,34.71.10.1001,2026-08-31 11:00:00,33,43,Cerah,0,12.3
2026-08-30T10:03:32.490969+00:00,Kota Yogyakarta,34.71.10.1001,2026-08-31 14:00:00,31,56,Cerah,0.1,12.2
2026-08-30T10:03:32.490969+00:00,Kota Yogyakarta,34.71.10.1001,2026-08-31 17:00:00,27,71,Cerah Berawan,0,10.4
2026-08-30T10:03:32.490969+00:00,Kota Yogyakarta,34.71.10.1001,2026-08-31 20:00:00,25,80,Cerah,0,0.3
2026-08-30T10:03:32.490969+00:00,Kota Yogyakarta,34.71.10.1001,2026-08-31 23:00:00,24,88,Cerah,0,1.8
2026-08-30T10:03:32.490969+00:00,Kota Yogyakarta,34.71.10.1001,2026-09-01 02:00:00,22,93,Cerah,0,3.9
2026-08-30T10:03:32.490969+00:00,Kota Yogyakarta,34.71.10.1001,2026-09-01 05:00:00,21,94,Cerah,0,3.3
2026-08-30T10:03:32.490969+00:00,Kota Yogyakarta,34.71.10.1001,2026-09-01 08:00:00,28,61,Cerah,0,3.3
2026-08-30T10:03:32.490969+00:00,Kota Yogyakarta,34.71.10.1001,2026-09-01 11:00:00,32,40,Cerah,0,8.3
2026-08-30T10:03:32.490969+00:00,Kota Yogyakarta,34.71.10.1001,2026-09-01 14:00:00,30,52,Cerah,0,8.3
2026-08-30T10:03:32.490969+00:00,Kota Yogyakarta,34.71.10.1001,2026-09-01 17:00:00,26,72,Cerah,0,4.9
2026-08-30T10:03:32.490969+00:00,Kota Yogyakarta,34.71.10.1001,2026-09-01 20:00:00,25,79,Cerah,0,4.9
2026-08-30T10:03:32.490969+00:00,Kota Yogyakarta,34.71.10.1001,2026-09-01 23:00:00,23,84,Cerah,0,3.1
2026-08-30T10:03:32.814272+00:00,Kabupaten Sleman,34.04.13.2002,2026-08-30 17:00:00,25,78,Cerah,0,7.4
2026-08-30T10:03:32.814272+00:00,Kabupaten Sleman,34.04.13.2002,2026-08-30 20:00:00,23,89,Cerah Berawan,0,0.6
2026-08-30T10:03:32.814272+00:00,Kabupaten Sleman,34.04.13.2002,2026-08-30 23:00:00,22,91,Cerah,0,2.5
2026-08-30T10:03:32.814272+00:00,Kabupaten Sleman,34.04.13.2002,2026-08-31 02:00:00,22,92,Cerah Berawan,0,2.8
2026-08-30T10:03:32.814272+00:00,Kabupaten Sleman,34.04.13.2002,2026-08-31 05:00:00,22,90,Cerah,0,2.8
2026-08-30T10:03:32.814272+00:00,Kabupaten Sleman,34.04.13.2002,2026-08-31 08:00:00,27,69,Cerah,0,4.6
2026-08-30T10:03:32.814272+00:00,Kabupaten Sleman,34.04.13.2002,2026-08-31 11:00:00,30,50,Cerah,0,9.7
2026-08-30T10:03:32.814272+00:00,Kabupaten Sleman,34.04.13.2002,2026-08-31 14:00:00,29,61,Cerah,0,8.9
2026-08-30T10:03:32.814272+00:00,Kabupaten Sleman,34.04.13.2002,2026-08-31 17:00:00,26,78,Cerah,0.1,6.2
2026-08-30T10:03:32.814272+00:00,Kabupaten Sleman,34.04.13.2002,2026-08-31 20:00:00,24,88,Cerah,0,1.2
2026-08-30T10:03:32.814272+00:00,Kabupaten Sleman,34.04.13.2002,2026-08-31 23:00:00,22,94,Cerah,0,2.8
2026-08-30T10:03:32.814272+00:00,Kabupaten Sleman,34.04.13.2002,2026-09-01 02:00:00,20,94,Cerah Berawan,0,4.5
2026-08-30T10:03:32.814272+00:00,Kabupaten Sleman,34.04.13.2002,2026-09-01 05:00:00,20,91,Cerah,0,2.6
2026-08-30T10:03:32.814272+00:00,Kabupaten Sleman,34.04.13.2002,2026-09-01 08:00:00,26,69,Cerah,0,2.6
2026-08-30T10:03:32.814272+00:00,Kabupaten Sleman,34.04.13.2002,2026-09-01 11:00:00,30,45,Cerah,0,8.7
2026-08-30T10:03:32.814272+00:00,Kabupaten Sleman,34.04.13.2002,2026-09-01 14:00:00,29,56,Cerah,0,8.7
2026-08-30T10:03:32.814272+00:00,Kabupaten Sleman,34.04.13.2002,2026-09-01 17:00:00,25,77,Cerah,0,5
2026-08-30T10:03:32.814272+00:00,Kabupaten Sleman,34.04.13.2002,2026-09-01 20:00:00,23,89,Cerah,0,5
2026-08-30T10:03:32.814272+00:00,Kabupaten Sleman,34.04.13.2002,2026-09-01 23:00:00,21,90,Berawan,0,5.4
2026-08-30T10:03:33.116836+00:00,Kabupaten Bantul,34.02.08.2003,2026-08-30 17:00:00,26,76,Cerah,0,4.2
2026-08-30T10:03:33.116836+00:00,Kabupaten Bantul,34.02.08.2003,2026-08-30 20:00:00,25,85,Cerah Berawan,0,1.2
2026-08-30T10:03:33.116836+00:00,Kabupaten Bantul,34.02.08.2003,2026-08-30 23:00:00,24,89,Cerah,0,3.3
2026-08-30T10:03:33.116836+00:00,Kabupaten Bantul,34.02.08.2003,2026-08-31 02:00:00,22,94,Cerah,0,1.3
2026-08-30T10:03:33.116836+00:00,Kabupaten Bantul,34.02.08.2003,2026-08-31 05:00:00,22,94,Cerah,0,3.1
2026-08-30T10:03:33.116836+00:00,Kabupaten Bantul,34.02.08.2003,2026-08-31 08:00:00,29,64,Cerah,0,2.4
2026-08-30T10:03:33.116836+00:00,Kabupaten Bantul,34.02.08.2003,2026-08-31 11:00:00,32,52,Cerah,0,17
2026-08-30T10:03:33.116836+00:00,Kabupaten Bantul,34.02.08.2003,2026-08-31 14:00:00,30,61,Cerah,0,14.8
2026-08-30T10:03:33.116836+00:00,Kabupaten Bantul,34.02.08.2003,2026-08-31 17:00:00,26,74,Cerah,0,7.7
2026-08-30T10:03:33.116836+00:00,Kabupaten Bantul,34.02.08.2003,2026-08-31 20:00:00,25,83,Cerah,0,1.5
2026-08-30T10:03:33.116836+00:00,Kabupaten Bantul,34.02.08.2003,2026-08-31 23:00:00,24,90,Cerah,0,2.5
2026-08-30T10:03:33.116836+00:00,Kabupaten Bantul,34.02.08.2003,2026-09-01 02:00:00,22,94,Cerah,0,3.6
2026-08-30T10:03:33.116836+00:00,Kabupaten Bantul,34.02.08.2003,2026-09-01 05:00:00,21,98,Cerah Berawan,0,4.3
2026-08-30T10:03:33.116836+00:00,Kabupaten Bantul,34.02.08.2003,2026-09-01 08:00:00,28,59,Cerah,0,4.3
2026-08-30T10:03:33.116836+00:00,Kabupaten Bantul,34.02.08.2003,2026-09-01 11:00:00,32,47,Cerah,0,20.1
2026-08-30T10:03:33.116836+00:00,Kabupaten Bantul,34.02.08.2003,2026-09-01 14:00:00,29,58,Cerah,0,20.1
2026-08-30T10:03:33.116836+00:00,Kabupaten Bantul,34.02.08.2003,2026-09-01 17:00:00,26,76,Cerah,0,5.8
2026-08-30T10:03:33.116836+00:00,Kabupaten Bantul,34.02.08.2003,2026-09-01 20:00:00,24,83,Cerah,0,5.8
2026-08-30T10:03:33.116836+00:00,Kabupaten Bantul,34.02.08.2003,2026-09-01 23:00:00,23,87,Cerah,0,0.7
2026-08-30T10:03:33.428799+00:00,Kabupaten Kulon Progo,34.01.02.1008,2026-08-30 17:00:00,24,87,Cerah,0,5.6
2026-08-30T10:03:33.428799+00:00,Kabupaten Kulon Progo,34.01.02.1008,2026-08-30 20:00:00,24,90,Cerah,0,1.1
2026-08-30T10:03:33.428799+00:00,Kabupaten Kulon Progo,34.01.02.1008,2026-08-30 23:00:00,23,92,Cerah Berawan,0,2.1
2026-08-30T10:03:33.428799+00:00,Kabupaten Kulon Progo,34.01.02.1008,2026-08-31 02:00:00,21,93,Cerah Berawan,0,3.8
2026-08-30T10:03:33.428799+00:00,Kabupaten Kulon Progo,34.01.02.1008,2026-08-31 05:00:00,22,93,Cerah,0,1
2026-08-30T10:03:33.428799+00:00,Kabupaten Kulon Progo,34.01.02.1008,2026-08-31 08:00:00,28,69,Cerah,0,7.7
2026-08-30T10:03:33.428799+00:00,Kabupaten Kulon Progo,34.01.02.1008,2026-08-31 11:00:00,28,73,Cerah,0.1,15.9
2026-08-30T10:03:33.428799+00:00,Kabupaten Kulon Progo,34.01.02.1008,2026-08-31 14:00:00,28,73,Cerah,0,15.6
2026-08-30T10:03:33.428799+00:00,Kabupaten Kulon Progo,34.01.02.1008,2026-08-31 17:00:00,25,85,Cerah,0,7.3
2026-08-30T10:03:33.428799+00:00,Kabupaten Kulon Progo,34.01.02.1008,2026-08-31 20:00:00,24,89,Cerah,0,1
2026-08-30T10:03:33.428799+00:00,Kabupaten Kulon Progo,34.01.02.1008,2026-08-31 23:00:00,23,93,Cerah,0,1
2026-08-30T10:03:33.428799+00:00,Kabupaten Kulon Progo,34.01.02.1008,2026-09-01 02:00:00,23,92,Cerah,0,1.8
2026-08-30T10:03:33.428799+00:00,Kabupaten Kulon Progo,34.01.02.1008,2026-09-01 05:00:00,22,95,Cerah Berawan,0,4.1
2026-08-30T10:03:33.428799+00:00,Kabupaten Kulon Progo,34.01.02.1008,2026-09-01 08:00:00,28,64,Cerah,0,4.1
2026-08-30T10:03:33.428799+00:00,Kabupaten Kulon Progo,34.01.02.1008,2026-09-01 11:00:00,30,62,Cerah,0,23.1
2026-08-30T10:03:33.428799+00:00,Kabupaten Kulon Progo,34.01.02.1008,2026-09-01 14:00:00,28,68,Cerah,0,23.1
2026-08-30T10:03:33.428799+00:00,Kabupaten Kulon Progo,34.01.02.1008,2026-09-01 17:00:00,24,84,Cerah,0,6.7
2026-08-30T10:03:33.428799+00:00,Kabupaten Kulon Progo,34.01.02.1008,2026-09-01 20:00:00,23,89,Cerah,0,6.7
2026-08-30T10:03:33.428799+00:00,Kabupaten Kulon Progo,34.01.02.1008,2026-09-01 23:00:00,22,89,Cerah Berawan,0,3
2026-08-30T10:03:33.742666+00:00,Kabupaten Gunungkidul,34.03.01.2001,2026-08-30 17:00:00,25,77,Cerah,0,11.3
2026-08-30T10:03:33.742666+00:00,Kabupaten Gunungkidul,34.03.01.2001,2026-08-30 20:00:00,24,87,Cerah Berawan,0,10.2
2026-08-30T10:03:33.742666+00:00,Kabupaten Gunungkidul,34.03.01.2001,2026-08-30 23:00:00,23,91,Cerah,0,2.8
2026-08-30T10:03:33.742666+00:00,Kabupaten Gunungkidul,34.03.01.2001,2026-08-31 02:00:00,20,96,Cerah,0,2.8
2026-08-30T10:03:33.742666+00:00,Kabupaten Gunungkidul,34.03.01.2001,2026-08-31 05:00:00,20,99,Cerah Berawan,0,3.4
2026-08-30T10:03:33.742666+00:00,Kabupaten Gunungkidul,34.03.01.2001,2026-08-31 08:00:00,29,55,Cerah,0,5
2026-08-30T10:03:33.742666+00:00,Kabupaten Gunungkidul,34.03.01.2001,2026-08-31 11:00:00,32,48,Cerah,0,18.8
2026-08-30T10:03:33.742666+00:00,Kabupaten Gunungkidul,34.03.01.2001,2026-08-31 14:00:00,30,61,Cerah,0.2,21.6
2026-08-30T10:03:33.742666+00:00,Kabupaten Gunungkidul,34.03.01.2001,2026-08-31 17:00:00,25,80,Cerah,0,16.2
2026-08-30T10:03:33.742666+00:00,Kabupaten Gunungkidul,34.03.01.2001,2026-08-31 20:00:00,24,86,Cerah,0,15.9
2026-08-30T10:03:33.742666+00:00,Kabupaten Gunungkidul,34.03.01.2001,2026-08-31 23:00:00,23,90,Cerah,0,12.4
2026-08-30T10:03:33.742666+00:00,Kabupaten Gunungkidul,34.03.01.2001,2026-09-01 02:00:00,20,94,Cerah,0,9.5
2026-08-30T10:03:33.742666+00:00,Kabupaten Gunungkidul,34.03.01.2001,2026-09-01 05:00:00,21,91,Cerah,0,11.4
2026-08-30T10:03:33.742666+00:00,Kabupaten Gunungkidul,34.03.01.2001,2026-09-01 08:00:00,28,57,Cerah,0,11.4
2026-08-30T10:03:33.742666+00:00,Kabupaten Gunungkidul,34.03.01.2001,2026-09-01 11:00:00,32,48,Cerah,0,18.5
2026-08-30T10:03:33.742666+00:00,Kabupaten Gunungkidul,34.03.01.2001,2026-09-01 14:00:00,30,56,Cerah,0,18.5
2026-08-30T10:03:33.742666+00:00,Kabupaten Gunungkidul,34.03.01.2001,2026-09-01 17:00:00,25,78,Cerah,0,19.1
2026-08-30T10:03:33.742666+00:00,Kabupaten Gunungkidul,34.03.01.2001,2026-09-01 20:00:00,23,86,Cerah,0,19.1
2026-08-30T10:03:33.742666+00:00,Kabupaten Gunungkidul,34.03.01.2001,2026-09-01 23:00:00,21,89,Cerah,0,13.7
2026-08-30T10:29:03.747731+00:00,Kota Yogyakarta,34.71.10.1001,2026-08-30 18:00:00,26,73,Cerah,0,6.6
2026-08-30T10:29:03.747731+00:00,Kota Yogyakarta,34.71.10.1001,2026-08-30 21:00:00,25,81,Cerah Berawan,0,0.8
2026-08-30T10:29:03.747731+00:00,Kota Yogyakarta,34.71.10.1001,2026-08-31 00:00:00,24,86,Cerah Berawan,0,3.6
2026-08-30T10:29:03.747731+00:00,Kota Yogyakarta,34.71.10.1001,2026-08-31 03:00:00,22,90,Cerah Berawan,0,1
2026-08-30T10:29:03.747731+00:00,Kota Yogyakarta,34.71.10.1001,2026-08-31 06:00:00,24,80,Cerah,0,1
2026-08-30T10:29:03.747731+00:00,Kota Yogyakarta,34.71.10.1001,2026-08-31 09:00:00,30,55,Cerah,0,1.5
2026-08-30T10:29:03.747731+00:00,Kota Yogyakarta,34.71.10.1001,2026-08-31 12:00:00,32,46,Cerah,0,12.3
2026-08-30T10:29:03.747731+00:00,Kota Yogyakarta,34.71.10.1001,2026-08-31 15:00:00,30,60,Cerah,0.1,12.2
2026-08-30T10:29:03.747731+00:00,Kota Yogyakarta,34.71.10.1001,2026-08-31 18:00:00,26,75,Cerah,0,10.4
2026-08-30T10:29:03.747731+00:00,Kota Yogyakarta,34.71.10.1001,2026-08-31 21:00:00,25,83,Cerah,0,0.3
2026-08-30T10:29:03.747731+00:00,Kota Yogyakarta,34.71.10.1001,2026-09-01 00:00:00,23,91,Cerah,0,1.8
2026-08-30T10:29:03.747731+00:00,Kota Yogyakarta,34.71.10.1001,2026-09-01 03:00:00,22,93,Cerah,0,3.9
2026-08-30T10:29:03.747731+00:00,Kota Yogyakarta,34.71.10.1001,2026-09-01 06:00:00,23,83,Cerah,0,3.3
2026-08-30T10:29:03.747731+00:00,Kota Yogyakarta,34.71.10.1001,2026-09-01 09:00:00,30,50,Cerah,0,3.3
2026-08-30T10:29:03.747731+00:00,Kota Yogyakarta,34.71.10.1001,2026-09-01 12:00:00,32,40,Cerah,0,8.3
2026-08-30T10:29:03.747731+00:00,Kota Yogyakarta,34.71.10.1001,2026-09-01 15:00:00,29,56,Cerah,0,8.3
2026-08-30T10:29:03.747731+00:00,Kota Yogyakarta,34.71.10.1001,2026-09-01 18:00:00,26,74,Cerah,0,4.9
2026-08-30T10:29:03.747731+00:00,Kota Yogyakarta,34.71.10.1001,2026-09-01 21:00:00,24,82,Cerah,0,4.9
2026-08-30T10:29:04.457570+00:00,Kabupaten Sleman,34.04.13.2002,2026-08-30 18:00:00,24,82,Cerah,0,7.4
2026-08-30T10:29:04.457570+00:00,Kabupaten Sleman,34.04.13.2002,2026-08-30 21:00:00,23,90,Cerah Berawan,0,0.6
2026-08-30T10:29:04.457570+00:00,Kabupaten Sleman,34.04.13.2002,2026-08-31 00:00:00,22,91,Cerah Berawan,0,2.5
2026-08-30T10:29:04.457570+00:00,Kabupaten Sleman,34.04.13.2002,2026-08-31 03:00:00,21,93,Cerah Berawan,0,2.8
2026-08-30T10:29:04.457570+00:00,Kabupaten Sleman,34.04.13.2002,2026-08-31 06:00:00,24,83,Cerah,0,2.8
2026-08-30T10:29:04.457570+00:00,Kabupaten Sleman,34.04.13.2002,2026-08-31 09:00:00,29,62,Cerah,0,4.6
2026-08-30T10:29:04.457570+00:00,Kabupaten Sleman,34.04.13.2002,2026-08-31 12:00:00,31,48,Cerah,0,9.7
2026-08-30T10:29:04.457570+00:00,Kabupaten Sleman,34.04.13.2002,2026-08-31 15:00:00,29,64,Cerah,0,8.9
2026-08-30T10:29:04.457570+00:00,Kabupaten Sleman,34.04.13.2002,2026-08-31 18:00:00,25,79,Cerah,0.1,6.2
2026-08-30T10:29:04.457570+00:00,Kabupaten Sleman,34.04.13.2002,2026-08-31 21:00:00,23,90,Cerah,0,1.2
2026-08-30T10:29:04.457570+00:00,Kabupaten Sleman,34.04.13.2002,2026-09-01 00:00:00,21,96,Cerah,0,2.8
2026-08-30T10:29:04.457570+00:00,Kabupaten Sleman,34.04.13.2002,2026-09-01 03:00:00,20,93,Cerah Berawan,0,4.5
2026-08-30T10:29:04.457570+00:00,Kabupaten Sleman,34.04.13.2002,2026-09-01 06:00:00,23,84,Cerah,0,2.6
2026-08-30T10:29:04.457570+00:00,Kabupaten Sleman,34.04.13.2002,2026-09-01 09:00:00,28,60,Cerah,0,2.6
2026-08-30T10:29:04.457570+00:00,Kabupaten Sleman,34.04.13.2002,2026-09-01 12:00:00,31,44,Cerah,0,8.7
2026-08-30T10:29:04.457570+00:00,Kabupaten Sleman,34.04.13.2002,2026-09-01 15:00:00,28,61,Cerah,0,8.7
2026-08-30T10:29:04.457570+00:00,Kabupaten Sleman,34.04.13.2002,2026-09-01 18:00:00,24,82,Cerah,0,5
2026-08-30T10:29:04.457570+00:00,Kabupaten Sleman,34.04.13.2002,2026-09-01 21:00:00,22,90,Cerah Berawan,0,5
2026-08-30T10:29:04.741213+00:00,Kabupaten Bantul,34.02.08.2003,2026-08-30 17:00:00,26,76,Cerah,0,4.2
2026-08-30T10:29:04.741213+00:00,Kabupaten Bantul,34.02.08.2003,2026-08-30 20:00:00,25,85,Cerah Berawan,0,1.2
2026-08-30T10:29:04.741213+00:00,Kabupaten Bantul,34.02.08.2003,2026-08-30 23:00:00,24,89,Cerah,0,3.3
2026-08-30T10:29:04.741213+00:00,Kabupaten Bantul,34.02.08.2003,2026-08-31 02:00:00,22,94,Cerah,0,1.3
2026-08-30T10:29:04.741213+00:00,Kabupaten Bantul,34.02.08.2003,2026-08-31 05:00:00,22,94,Cerah,0,3.1
2026-08-30T10:29:04.741213+00:00,Kabupaten Bantul,34.02.08.2003,2026-08-31 08:00:00,29,64,Cerah,0,2.4
2026-08-30T10:29:04.741213+00:00,Kabupaten Bantul,34.02.08.2003,2026-08-31 11:00:00,32,52,Cerah,0,17
2026-08-30T10:29:04.741213+00:00,Kabupaten Bantul,34.02.08.2003,2026-08-31 14:00:00,30,61,Cerah,0,14.8
2026-08-30T10:29:04.741213+00:00,Kabupaten Bantul,34.02.08.2003,2026-08-31 17:00:00,26,74,Cerah,0,7.7
2026-08-30T10:29:04.741213+00:00,Kabupaten Bantul,34.02.08.2003,2026-08-31 20:00:00,25,83,Cerah,0,1.5
2026-08-30T10:29:04.741213+00:00,Kabupaten Bantul,34.02.08.2003,2026-08-31 23:00:00,24,90,Cerah,0,2.5
2026-08-30T10:29:04.741213+00:00,Kabupaten Bantul,34.02.08.2003,2026-09-01 02:00:00,22,94,Cerah,0,3.6
2026-08-30T10:29:04.741213+00:00,Kabupaten Bantul,34.02.08.2003,2026-09-01 05:00:00,21,98,Cerah Berawan,0,4.3
2026-08-30T10:29:04.741213+00:00,Kabupaten Bantul,34.02.08.2003,2026-09-01 08:00:00,28,59,Cerah,0,4.3
2026-08-30T10:29:04.741213+00:00,Kabupaten Bantul,34.02.08.2003,2026-09-01 11:00:00,32,47,Cerah,0,20.1
2026-08-30T10:29:04.741213+00:00,Kabupaten Bantul,34.02.08.2003,2026-09-01 14:00:00,29,58,Cerah,0,20.1
2026-08-30T10:29:04.741213+00:00,Kabupaten Bantul,34.02.08.2003,2026-09-01 17:00:00,26,76,Cerah,0,5.8
2026-08-30T10:29:04.741213+00:00,Kabupaten Bantul,34.02.08.2003,2026-09-01 20:00:00,24,83,Cerah,0,5.8
2026-08-30T10:29:04.741213+00:00,Kabupaten Bantul,34.02.08.2003,2026-09-01 23:00:00,23,87,Cerah,0,0.7
2026-08-30T10:29:04.986872+00:00,Kabupaten Kulon Progo,34.01.02.1008,2026-08-30 17:00:00,24,87,Cerah,0,5.6
2026-08-30T10:29:04.986872+00:00,Kabupaten Kulon Progo,34.01.02.1008,2026-08-30 20:00:00,24,90,Cerah,0,1.1
2026-08-30T10:29:04.986872+00:00,Kabupaten Kulon Progo,34.01.02.1008,2026-08-30 23:00:00,23,92,Cerah Berawan,0,2.1
2026-08-30T10:29:04.986872+00:00,Kabupaten Kulon Progo,34.01.02.1008,2026-08-31 02:00:00,21,93,Cerah Berawan,0,3.8
2026-08-30T10:29:04.986872+00:00,Kabupaten Kulon Progo,34.01.02.1008,2026-08-31 05:00:00,22,93,Cerah,0,1
2026-08-30T10:29:04.986872+00:00,Kabupaten Kulon Progo,34.01.02.1008,2026-08-31 08:00:00,28,69,Cerah,0,7.7
2026-08-30T10:29:04.986872+00:00,Kabupaten Kulon Progo,34.01.02.1008,2026-08-31 11:00:00,28,73,Cerah,0.1,15.9
2026-08-30T10:29:04.986872+00:00,Kabupaten Kulon Progo,34.01.02.1008,2026-08-31 14:00:00,28,73,Cerah,0,15.6
2026-08-30T10:29:04.986872+00:00,Kabupaten Kulon Progo,34.01.02.1008,2026-08-31 17:00:00,25,85,Cerah,0,7.3
2026-08-30T10:29:04.986872+00:00,Kabupaten Kulon Progo,34.01.02.1008,2026-08-31 20:00:00,24,89,Cerah,0,1
2026-08-30T10:29:04.986872+00:00,Kabupaten Kulon Progo,34.01.02.1008,2026-08-31 23:00:00,23,93,Cerah,0,1
2026-08-30T10:29:04.986872+00:00,Kabupaten Kulon Progo,34.01.02.1008,2026-09-01 02:00:00,23,92,Cerah,0,1.8
2026-08-30T10:29:04.986872+00:00,Kabupaten Kulon Progo,34.01.02.1008,2026-09-01 05:00:00,22,95,Cerah Berawan,0,4.1
2026-08-30T10:29:04.986872+00:00,Kabupaten Kulon Progo,34.01.02.1008,2026-09-01 08:00:00,28,64,Cerah,0,4.1
2026-08-30T10:29:04.986872+00:00,Kabupaten Kulon Progo,34.01.02.1008,2026-09-01 11:00:00,30,62,Cerah,0,23.1
2026-08-30T10:29:04.986872+00:00,Kabupaten Kulon Progo,34.01.02.1008,2026-09-01 14:00:00,28,68,Cerah,0,23.1
2026-08-30T10:29:04.986872+00:00,Kabupaten Kulon Progo,34.01.02.1008,2026-09-01 17:00:00,24,84,Cerah,0,6.7
2026-08-30T10:29:04.986872+00:00,Kabupaten Kulon Progo,34.01.02.1008,2026-09-01 20:00:00,23,89,Cerah,0,6.7
2026-08-30T10:29:04.986872+00:00,Kabupaten Kulon Progo,34.01.02.1008,2026-09-01 23:00:00,22,89,Cerah Berawan,0,3
2026-08-30T10:29:05.284245+00:00,Kabupaten Gunungkidul,34.03.01.2001,2026-08-30 17:00:00,25,77,Cerah,0,11.3
2026-08-30T10:29:05.284245+00:00,Kabupaten Gunungkidul,34.03.01.2001,2026-08-30 20:00:00,24,87,Cerah Berawan,0,10.2
2026-08-30T10:29:05.284245+00:00,Kabupaten Gunungkidul,34.03.01.2001,2026-08-30 23:00:00,23,91,Cerah,0,2.8
2026-08-30T10:29:05.284245+00:00,Kabupaten Gunungkidul,34.03.01.2001,2026-08-31 02:00:00,20,96,Cerah,0,2.8
2026-08-30T10:29:05.284245+00:00,Kabupaten Gunungkidul,34.03.01.2001,2026-08-31 05:00:00,20,99,Cerah Berawan,0,3.4
2026-08-30T10:29:05.284245+00:00,Kabupaten Gunungkidul,34.03.01.2001,2026-08-31 08:00:00,29,55,Cerah,0,5
2026-08-30T10:29:05.284245+00:00,Kabupaten Gunungkidul,34.03.01.2001,2026-08-31 11:00:00,32,48,Cerah,0,18.8
2026-08-30T10:29:05.284245+00:00,Kabupaten Gunungkidul,34.03.01.2001,2026-08-31 14:00:00,30,61,Cerah,0.2,21.6
2026-08-30T10:29:05.284245+00:00,Kabupaten Gunungkidul,34.03.01.2001,2026-08-31 17:00:00,25,80,Cerah,0,16.2
2026-08-30T10:29:05.284245+00:00,Kabupaten Gunungkidul,34.03.01.2001,2026-08-31 20:00:00,24,86,Cerah,0,15.9
2026-08-30T10:29:05.284245+00:00,Kabupaten Gunungkidul,34.03.01.2001,2026-08-31 23:00:00,23,90,Cerah,0,12.4
2026-08-30T10:29:05.284245+00:00,Kabupaten Gunungkidul,34.03.01.2001,2026-09-01 02:00:00,20,94,Cerah,0,9.5
2026-08-30T10:29:05.284245+00:00,Kabupaten Gunungkidul,34.03.01.2001,2026-09-01 05:00:00,21,91,Cerah,0,11.4
2026-08-30T10:29:05.284245+00:00,Kabupaten Gunungkidul,34.03.01.2001,2026-09-01 08:00:00,28,57,Cerah,0,11.4
2026-08-30T10:29:05.284245+00:00,Kabupaten Gunungkidul,34.03.01.2001,2026-09-01 11:00:00,32,48,Cerah,0,18.5
2026-08-30T10:29:05.284245+00:00,Kabupaten Gunungkidul,34.03.01.2001,2026-09-01 14:00:00,30,56,Cerah,0,18.5
2026-08-30T10:29:05.284245+00:00,Kabupaten Gunungkidul,34.03.01.2001,2026-09-01 17:00:00,25,78,Cerah,0,19.1
2026-08-30T10:29:05.284245+00:00,Kabupaten Gunungkidul,34.03.01.2001,2026-09-01 20:00:00,23,86,Cerah,0,19.1
2026-08-30T10:29:05.284245+00:00,Kabupaten Gunungkidul,34.03.01.2001,2026-09-01 23:00:00,21,89,Cerah,0,13.7
2026-08-30T10:52:24.756244+00:00,Kota Yogyakarta,34.71.10.1001,2026-08-30 18:00:00,26,73,Cerah,0,6.6
2026-08-30T10:52:24.756244+00:00,Kota Yogyakarta,34.71.10.1001,2026-08-30 21:00:00,25,81,Cerah Berawan,0,0.8
2026-08-30T10:52:24.756244+00:00,Kota Yogyakarta,34.71.10.1001,2026-08-31 00:00:00,24,86,Cerah Berawan,0,3.6
2026-08-30T10:52:24.756244+00:00,Kota Yogyakarta,34.71.10.1001,2026-08-31 03:00:00,22,90,Cerah Berawan,0,1
2026-08-30T10:52:24.756244+00:00,Kota Yogyakarta,34.71.10.1001,2026-08-31 06:00:00,24,80,Cerah,0,1
2026-08-30T10:52:24.756244+00:00,Kota Yogyakarta,34.71.10.1001,2026-08-31 09:00:00,30,55,Cerah,0,1.5
2026-08-30T10:52:24.756244+00:00,Kota Yogyakarta,34.71.10.1001,2026-08-31 12:00:00,32,46,Cerah,0,12.3
2026-08-30T10:52:24.756244+00:00,Kota Yogyakarta,34.71.10.1001,2026-08-31 15:00:00,30,60,Cerah,0.1,12.2
2026-08-30T10:52:24.756244+00:00,Kota Yogyakarta,34.71.10.1001,2026-08-31 18:00:00,26,75,Cerah,0,10.4
2026-08-30T10:52:24.756244+00:00,Kota Yogyakarta,34.71.10.1001,2026-08-31 21:00:00,25,83,Cerah,0,0.3
2026-08-30T10:52:24.756244+00:00,Kota Yogyakarta,34.71.10.1001,2026-09-01 00:00:00,23,91,Cerah,0,1.8
2026-08-30T10:52:24.756244+00:00,Kota Yogyakarta,34.71.10.1001,2026-09-01 03:00:00,22,93,Cerah,0,3.9
2026-08-30T10:52:24.756244+00:00,Kota Yogyakarta,34.71.10.1001,2026-09-01 06:00:00,23,83,Cerah,0,3.3
2026-08-30T10:52:24.756244+00:00,Kota Yogyakarta,34.71.10.1001,2026-09-01 09:00:00,30,50,Cerah,0,3.3
2026-08-30T10:52:24.756244+00:00,Kota Yogyakarta,34.71.10.1001,2026-09-01 12:00:00,32,40,Cerah,0,8.3
2026-08-30T10:52:24.756244+00:00,Kota Yogyakarta,34.71.10.1001,2026-09-01 15:00:00,29,56,Cerah,0,8.3
2026-08-30T10:52:24.756244+00:00,Kota Yogyakarta,34.71.10.1001,2026-09-01 18:00:00,26,74,Cerah,0,4.9
2026-08-30T10:52:24.756244+00:00,Kota Yogyakarta,34.71.10.1001,2026-09-01 21:00:00,24,82,Cerah,0,4.9
2026-08-30T10:52:25.086828+00:00,Kabupaten Sleman,34.04.13.2002,2026-08-30 18:00:00,24,82,Cerah,0,7.4
2026-08-30T10:52:25.086828+00:00,Kabupaten Sleman,34.04.13.2002,2026-08-30 21:00:00,23,90,Cerah Berawan,0,0.6
2026-08-30T10:52:25.086828+00:00,Kabupaten Sleman,34.04.13.2002,2026-08-31 00:00:00,22,91,Cerah Berawan,0,2.5
2026-08-30T10:52:25.086828+00:00,Kabupaten Sleman,34.04.13.2002,2026-08-31 03:00:00,21,93,Cerah Berawan,0,2.8
2026-08-30T10:52:25.086828+00:00,Kabupaten Sleman,34.04.13.2002,2026-08-31 06:00:00,24,83,Cerah,0,2.8
2026-08-30T10:52:25.086828+00:00,Kabupaten Sleman,34.04.13.2002,2026-08-31 09:00:00,29,62,Cerah,0,4.6
2026-08-30T10:52:25.086828+00:00,Kabupaten Sleman,34.04.13.2002,2026-08-31 12:00:00,31,48,Cerah,0,9.7
2026-08-30T10:52:25.086828+00:00,Kabupaten Sleman,34.04.13.2002,2026-08-31 15:00:00,29,64,Cerah,0,8.9
2026-08-30T10:52:25.086828+00:00,Kabupaten Sleman,34.04.13.2002,2026-08-31 18:00:00,25,79,Cerah,0.1,6.2
2026-08-30T10:52:25.086828+00:00,Kabupaten Sleman,34.04.13.2002,2026-08-31 21:00:00,23,90,Cerah,0,1.2
2026-08-30T10:52:25.086828+00:00,Kabupaten Sleman,34.04.13.2002,2026-09-01 00:00:00,21,96,Cerah,0,2.8
2026-08-30T10:52:25.086828+00:00,Kabupaten Sleman,34.04.13.2002,2026-09-01 03:00:00,20,93,Cerah Berawan,0,4.5
2026-08-30T10:52:25.086828+00:00,Kabupaten Sleman,34.04.13.2002,2026-09-01 06:00:00,23,84,Cerah,0,2.6
2026-08-30T10:52:25.086828+00:00,Kabupaten Sleman,34.04.13.2002,2026-09-01 09:00:00,28,60,Cerah,0,2.6
2026-08-30T10:52:25.086828+00:00,Kabupaten Sleman,34.04.13.2002,2026-09-01 12:00:00,31,44,Cerah,0,8.7
2026-08-30T10:52:25.086828+00:00,Kabupaten Sleman,34.04.13.2002,2026-09-01 15:00:00,28,61,Cerah,0,8.7
2026-08-30T10:52:25.086828+00:00,Kabupaten Sleman,34.04.13.2002,2026-09-01 18:00:00,24,82,Cerah,0,5
2026-08-30T10:52:25.086828+00:00,Kabupaten Sleman,34.04.13.2002,2026-09-01 21:00:00,22,90,Cerah Berawan,0,5
2026-08-30T10:52:25.990849+00:00,Kabupaten Bantul,34.02.08.2003,2026-08-30 18:00:00,25,77,Cerah,0,4.2
2026-08-30T10:52:25.990849+00:00,Kabupaten Bantul,34.02.08.2003,2026-08-30 21:00:00,24,86,Cerah Berawan,0,1.2
2026-08-30T10:52:25.990849+00:00,Kabupaten Bantul,34.02.08.2003,2026-08-31 00:00:00,23,91,Cerah Berawan,0,3.3
2026-08-30T10:52:25.990849+00:00,Kabupaten Bantul,34.02.08.2003,2026-08-31 03:00:00,22,95,Cerah,0,1.3
2026-08-30T10:52:25.990849+00:00,Kabupaten Bantul,34.02.08.2003,2026-08-31 06:00:00,24,83,Cerah,0,3.1
2026-08-30T10:52:25.990849+00:00,Kabupaten Bantul,34.02.08.2003,2026-08-31 09:00:00,31,56,Cerah,0,2.4
2026-08-30T10:52:25.990849+00:00,Kabupaten Bantul,34.02.08.2003,2026-08-31 12:00:00,31,56,Cerah,0,17
2026-08-30T10:52:25.990849+00:00,Kabupaten Bantul,34.02.08.2003,2026-08-31 15:00:00,29,65,Cerah,0,14.8
2026-08-30T10:52:25.990849+00:00,Kabupaten Bantul,34.02.08.2003,2026-08-31 18:00:00,26,78,Cerah,0,7.7
2026-08-30T10:52:25.990849+00:00,Kabupaten Bantul,34.02.08.2003,2026-08-31 21:00:00,25,86,Cerah,0,1.5
2026-08-30T10:52:25.990849+00:00,Kabupaten Bantul,34.02.08.2003,2026-09-01 00:00:00,23,92,Cerah,0,2.5
2026-08-30T10:52:25.990849+00:00,Kabupaten Bantul,34.02.08.2003,2026-09-01 03:00:00,21,95,Cerah,0,3.6
2026-08-30T10:52:25.990849+00:00,Kabupaten Bantul,34.02.08.2003,2026-09-01 06:00:00,24,87,Cerah,0,4.3
2026-08-30T10:52:25.990849+00:00,Kabupaten Bantul,34.02.08.2003,2026-09-01 09:00:00,30,50,Cerah,0,4.3
2026-08-30T10:52:25.990849+00:00,Kabupaten Bantul,34.02.08.2003,2026-09-01 12:00:00,30,50,Cerah,0,20.1
2026-08-30T10:52:25.990849+00:00,Kabupaten Bantul,34.02.08.2003,2026-09-01 15:00:00,28,62,Cerah,0,20.1
2026-08-30T10:52:25.990849+00:00,Kabupaten Bantul,34.02.08.2003,2026-09-01 18:00:00,26,78,Cerah,0,5.8
2026-08-30T10:52:25.990849+00:00,Kabupaten Bantul,34.02.08.2003,2026-09-01 21:00:00,24,85,Cerah,0,5.8
2026-08-30T10:52:26.895342+00:00,Kabupaten Kulon Progo,34.01.02.1008,2026-08-30 18:00:00,24,87,Cerah,0,5.6
2026-08-30T10:52:26.895342+00:00,Kabupaten Kulon Progo,34.01.02.1008,2026-08-30 21:00:00,23,90,Cerah Berawan,0,1.1
2026-08-30T10:52:26.895342+00:00,Kabupaten Kulon Progo,34.01.02.1008,2026-08-31 00:00:00,22,93,Cerah Berawan,0,2.1
2026-08-30T10:52:26.895342+00:00,Kabupaten Kulon Progo,34.01.02.1008,2026-08-31 03:00:00,21,94,Cerah,0,3.8
2026-08-30T10:52:26.895342+00:00,Kabupaten Kulon Progo,34.01.02.1008,2026-08-31 06:00:00,25,84,Cerah,0,1
2026-08-30T10:52:26.895342+00:00,Kabupaten Kulon Progo,34.01.02.1008,2026-08-31 09:00:00,28,67,Cerah,0,7.7
2026-08-30T10:52:26.895342+00:00,Kabupaten Kulon Progo,34.01.02.1008,2026-08-31 12:00:00,29,69,Cerah,0.1,15.9
2026-08-30T10:52:26.895342+00:00,Kabupaten Kulon Progo,34.01.02.1008,2026-08-31 15:00:00,27,78,Cerah,0,15.6
2026-08-30T10:52:26.895342+00:00,Kabupaten Kulon Progo,34.01.02.1008,2026-08-31 18:00:00,24,86,Cerah,0,7.3
2026-08-30T10:52:26.895342+00:00,Kabupaten Kulon Progo,34.01.02.1008,2026-08-31 21:00:00,23,91,Cerah,0,1
2026-08-30T10:52:26.895342+00:00,Kabupaten Kulon Progo,34.01.02.1008,2026-09-01 00:00:00,23,92,Cerah,0,1
2026-08-30T10:52:26.895342+00:00,Kabupaten Kulon Progo,34.01.02.1008,2026-09-01 03:00:00,23,93,Cerah,0,1.8
2026-08-30T10:52:26.895342+00:00,Kabupaten Kulon Progo,34.01.02.1008,2026-09-01 06:00:00,24,88,Cerah,0,4.1
2026-08-30T10:52:26.895342+00:00,Kabupaten Kulon Progo,34.01.02.1008,2026-09-01 09:00:00,29,58,Cerah,0,4.1
2026-08-30T10:52:26.895342+00:00,Kabupaten Kulon Progo,34.01.02.1008,2026-09-01 12:00:00,30,63,Cerah,0,23.1
2026-08-30T10:52:26.895342+00:00,Kabupaten Kulon Progo,34.01.02.1008,2026-09-01 15:00:00,27,71,Cerah,0,23.1
2026-08-30T10:52:26.895342+00:00,Kabupaten Kulon Progo,34.01.02.1008,2026-09-01 18:00:00,24,86,Cerah,0,6.7
2026-08-30T10:52:26.895342+00:00,Kabupaten Kulon Progo,34.01.02.1008,2026-09-01 21:00:00,22,89,Cerah Berawan,0,6.7
2026-08-30T10:52:27.231492+00:00,Kabupaten Gunungkidul,34.03.01.2001,2026-08-30 18:00:00,24,85,Cerah,0,11.3
2026-08-30T10:52:27.231492+00:00,Kabupaten Gunungkidul,34.03.01.2001,2026-08-30 21:00:00,24,88,Cerah Berawan,0,10.2
2026-08-30T10:52:27.231492+00:00,Kabupaten Gunungkidul,34.03.01.2001,2026-08-31 00:00:00,22,93,Cerah Berawan,0,2.8
2026-08-30T10:52:27.231492+00:00,Kabupaten Gunungkidul,34.03.01.2001,2026-08-31 03:00:00,19,98,Cerah,0,2.8
2026-08-30T10:52:27.231492+00:00,Kabupaten Gunungkidul,34.03.01.2001,2026-08-31 06:00:00,24,85,Cerah,0,3.4
2026-08-30T10:52:27.231492+00:00,Kabupaten Gunungkidul,34.03.01.2001,2026-08-31 09:00:00,30,50,Cerah,0,5
2026-08-30T10:52:27.231492+00:00,Kabupaten Gunungkidul,34.03.01.2001,2026-08-31 12:00:00,32,53,Cerah,0,18.8
2026-08-30T10:52:27.231492+00:00,Kabupaten Gunungkidul,34.03.01.2001,2026-08-31 15:00:00,28,67,Cerah,0.2,21.6
2026-08-30T10:52:27.231492+00:00,Kabupaten Gunungkidul,34.03.01.2001,2026-08-31 18:00:00,24,83,Cerah,0,16.2
2026-08-30T10:52:27.231492+00:00,Kabupaten Gunungkidul,34.03.01.2001,2026-08-31 21:00:00,24,88,Cerah,0,15.9
2026-08-30T10:52:27.231492+00:00,Kabupaten Gunungkidul,34.03.01.2001,2026-09-01 00:00:00,23,91,Cerah,0,12.4
2026-08-30T10:52:27.231492+00:00,Kabupaten Gunungkidul,34.03.01.2001,2026-09-01 03:00:00,19,93,Cerah,0,9.5
2026-08-30T10:52:27.231492+00:00,Kabupaten Gunungkidul,34.03.01.2001,2026-09-01 06:00:00,24,78,Cerah,0,11.4
2026-08-30T10:52:27.231492+00:00,Kabupaten Gunungkidul,34.03.01.2001,2026-09-01 09:00:00,30,51,Cerah,0,11.4
2026-08-30T10:52:27.231492+00:00,Kabupaten Gunungkidul,34.03.01.2001,2026-09-01 12:00:00,32,50,Cerah,0,18.5
2026-08-30T10:52:27.231492+00:00,Kabupaten Gunungkidul,34.03.01.2001,2026-09-01 15:00:00,28,63,Cerah,0,18.5
2026-08-30T10:52:27.231492+00:00,Kabupaten Gunungkidul,34.03.01.2001,2026-09-01 18:00:00,25,81,Cerah,0,19.1
2026-08-30T10:52:27.231492+00:00,Kabupaten Gunungkidul,34.03.01.2001,2026-09-01 21:00:00,22,87,Cerah,0,19.1
2026-08-30T11:08:01.099764+00:00,Kota Yogyakarta,34.71.10.1001,2026-08-30 18:00:00,26,73,Cerah,0,6.6
2026-08-30T11:08:01.099764+00:00,Kota Yogyakarta,34.71.10.1001,2026-08-30 21:00:00,25,81,Cerah Berawan,0,0.8
2026-08-30T11:08:01.099764+00:00,Kota Yogyakarta,34.71.10.1001,2026-08-31 00:00:00,24,86,Cerah Berawan,0,3.6
2026-08-30T11:08:01.099764+00:00,Kota Yogyakarta,34.71.10.1001,2026-08-31 03:00:00,22,90,Cerah Berawan,0,1
2026-08-30T11:08:01.099764+00:00,Kota Yogyakarta,34.71.10.1001,2026-08-31 06:00:00,24,80,Cerah,0,1
2026-08-30T11:08:01.099764+00:00,Kota Yogyakarta,34.71.10.1001,2026-08-31 09:00:00,30,55,Cerah,0,1.5
2026-08-30T11:08:01.099764+00:00,Kota Yogyakarta,34.71.10.1001,2026-08-31 12:00:00,32,46,Cerah,0,12.3
2026-08-30T11:08:01.099764+00:00,Kota Yogyakarta,34.71.10.1001,2026-08-31 15:00:00,30,60,Cerah,0.1,12.2
2026-08-30T11:08:01.099764+00:00,Kota Yogyakarta,34.71.10.1001,2026-08-31 18:00:00,26,75,Cerah,0,10.4
2026-08-30T11:08:01.099764+00:00,Kota Yogyakarta,34.71.10.1001,2026-08-31 21:00:00,25,83,Cerah,0,0.3
2026-08-30T11:08:01.099764+00:00,Kota Yogyakarta,34.71.10.1001,2026-09-01 00:00:00,23,91,Cerah,0,1.8
2026-08-30T11:08:01.099764+00:00,Kota Yogyakarta,34.71.10.1001,2026-09-01 03:00:00,22,93,Cerah,0,3.9
2026-08-30T11:08:01.099764+00:00,Kota Yogyakarta,34.71.10.1001,2026-09-01 06:00:00,23,83,Cerah,0,3.3
2026-08-30T11:08:01.099764+00:00,Kota Yogyakarta,34.71.10.1001,2026-09-01 09:00:00,30,50,Cerah,0,3.3
2026-08-30T11:08:01.099764+00:00,Kota Yogyakarta,34.71.10.1001,2026-09-01 12:00:00,32,40,Cerah,0,8.3
2026-08-30T11:08:01.099764+00:00,Kota Yogyakarta,34.71.10.1001,2026-09-01 15:00:00,29,56,Cerah,0,8.3
2026-08-30T11:08:01.099764+00:00,Kota Yogyakarta,34.71.10.1001,2026-09-01 18:00:00,26,74,Cerah,0,4.9
2026-08-30T11:08:01.099764+00:00,Kota Yogyakarta,34.71.10.1001,2026-09-01 21:00:00,24,82,Cerah,0,4.9
2026-08-30T11:08:01.401184+00:00,Kabupaten Sleman,34.04.13.2002,2026-08-30 18:00:00,24,82,Cerah,0,7.4
2026-08-30T11:08:01.401184+00:00,Kabupaten Sleman,34.04.13.2002,2026-08-30 21:00:00,23,90,Cerah Berawan,0,0.6
2026-08-30T11:08:01.401184+00:00,Kabupaten Sleman,34.04.13.2002,2026-08-31 00:00:00,22,91,Cerah Berawan,0,2.5
2026-08-30T11:08:01.401184+00:00,Kabupaten Sleman,34.04.13.2002,2026-08-31 03:00:00,21,93,Cerah Berawan,0,2.8
2026-08-30T11:08:01.401184+00:00,Kabupaten Sleman,34.04.13.2002,2026-08-31 06:00:00,24,83,Cerah,0,2.8
2026-08-30T11:08:01.401184+00:00,Kabupaten Sleman,34.04.13.2002,2026-08-31 09:00:00,29,62,Cerah,0,4.6
2026-08-30T11:08:01.401184+00:00,Kabupaten Sleman,34.04.13.2002,2026-08-31 12:00:00,31,48,Cerah,0,9.7
2026-08-30T11:08:01.401184+00:00,Kabupaten Sleman,34.04.13.2002,2026-08-31 15:00:00,29,64,Cerah,0,8.9
2026-08-30T11:08:01.401184+00:00,Kabupaten Sleman,34.04.13.2002,2026-08-31 18:00:00,25,79,Cerah,0.1,6.2
2026-08-30T11:08:01.401184+00:00,Kabupaten Sleman,34.04.13.2002,2026-08-31 21:00:00,23,90,Cerah,0,1.2
2026-08-30T11:08:01.401184+00:00,Kabupaten Sleman,34.04.13.2002,2026-09-01 00:00:00,21,96,Cerah,0,2.8
2026-08-30T11:08:01.401184+00:00,Kabupaten Sleman,34.04.13.2002,2026-09-01 03:00:00,20,93,Cerah Berawan,0,4.5
2026-08-30T11:08:01.401184+00:00,Kabupaten Sleman,34.04.13.2002,2026-09-01 06:00:00,23,84,Cerah,0,2.6
2026-08-30T11:08:01.401184+00:00,Kabupaten Sleman,34.04.13.2002,2026-09-01 09:00:00,28,60,Cerah,0,2.6
2026-08-30T11:08:01.401184+00:00,Kabupaten Sleman,34.04.13.2002,2026-09-01 12:00:00,31,44,Cerah,0,8.7
2026-08-30T11:08:01.401184+00:00,Kabupaten Sleman,34.04.13.2002,2026-09-01 15:00:00,28,61,Cerah,0,8.7
2026-08-30T11:08:01.401184+00:00,Kabupaten Sleman,34.04.13.2002,2026-09-01 18:00:00,24,82,Cerah,0,5
2026-08-30T11:08:01.401184+00:00,Kabupaten Sleman,34.04.13.2002,2026-09-01 21:00:00,22,90,Cerah Berawan,0,5
2026-08-30T11:08:01.709111+00:00,Kabupaten Bantul,34.02.08.2003,2026-08-30 18:00:00,25,77,Cerah,0,4.2
2026-08-30T11:08:01.709111+00:00,Kabupaten Bantul,34.02.08.2003,2026-08-30 21:00:00,24,86,Cerah Berawan,0,1.2
2026-08-30T11:08:01.709111+00:00,Kabupaten Bantul,34.02.08.2003,2026-08-31 00:00:00,23,91,Cerah Berawan,0,3.3
2026-08-30T11:08:01.709111+00:00,Kabupaten Bantul,34.02.08.2003,2026-08-31 03:00:00,22,95,Cerah,0,1.3
2026-08-30T11:08:01.709111+00:00,Kabupaten Bantul,34.02.08.2003,2026-08-31 06:00:00,24,83,Cerah,0,3.1
2026-08-30T11:08:01.709111+00:00,Kabupaten Bantul,34.02.08.2003,2026-08-31 09:00:00,31,56,Cerah,0,2.4
2026-08-30T11:08:01.709111+00:00,Kabupaten Bantul,34.02.08.2003,2026-08-31 12:00:00,31,56,Cerah,0,17
2026-08-30T11:08:01.709111+00:00,Kabupaten Bantul,34.02.08.2003,2026-08-31 15:00:00,29,65,Cerah,0,14.8
2026-08-30T11:08:01.709111+00:00,Kabupaten Bantul,34.02.08.2003,2026-08-31 18:00:00,26,78,Cerah,0,7.7
2026-08-30T11:08:01.709111+00:00,Kabupaten Bantul,34.02.08.2003,2026-08-31 21:00:00,25,86,Cerah,0,1.5
2026-08-30T11:08:01.709111+00:00,Kabupaten Bantul,34.02.08.2003,2026-09-01 00:00:00,23,92,Cerah,0,2.5
2026-08-30T11:08:01.709111+00:00,Kabupaten Bantul,34.02.08.2003,2026-09-01 03:00:00,21,95,Cerah,0,3.6
2026-08-30T11:08:01.709111+00:00,Kabupaten Bantul,34.02.08.2003,2026-09-01 06:00:00,24,87,Cerah,0,4.3
2026-08-30T11:08:01.709111+00:00,Kabupaten Bantul,34.02.08.2003,2026-09-01 09:00:00,30,50,Cerah,0,4.3
2026-08-30T11:08:01.709111+00:00,Kabupaten Bantul,34.02.08.2003,2026-09-01 12:00:00,30,50,Cerah,0,20.1
2026-08-30T11:08:01.709111+00:00,Kabupaten Bantul,34.02.08.2003,2026-09-01 15:00:00,28,62,Cerah,0,20.1
2026-08-30T11:08:01.709111+00:00,Kabupaten Bantul,34.02.08.2003,2026-09-01 18:00:00,26,78,Cerah,0,5.8
2026-08-30T11:08:01.709111+00:00,Kabupaten Bantul,34.02.08.2003,2026-09-01 21:00:00,24,85,Cerah,0,5.8
2026-08-30T11:08:02.003280+00:00,Kabupaten Kulon Progo,34.01.02.1008,2026-08-30 18:00:00,24,87,Cerah,0,5.6
2026-08-30T11:08:02.003280+00:00,Kabupaten Kulon Progo,34.01.02.1008,2026-08-30 21:00:00,23,90,Cerah Berawan,0,1.1
2026-08-30T11:08:02.003280+00:00,Kabupaten Kulon Progo,34.01.02.1008,2026-08-31 00:00:00,22,93,Cerah Berawan,0,2.1
2026-08-30T11:08:02.003280+00:00,Kabupaten Kulon Progo,34.01.02.1008,2026-08-31 03:00:00,21,94,Cerah,0,3.8
2026-08-30T11:08:02.003280+00:00,Kabupaten Kulon Progo,34.01.02.1008,2026-08-31 06:00:00,25,84,Cerah,0,1
2026-08-30T11:08:02.003280+00:00,Kabupaten Kulon Progo,34.01.02.1008,2026-08-31 09:00:00,28,67,Cerah,0,7.7
2026-08-30T11:08:02.003280+00:00,Kabupaten Kulon Progo,34.01.02.1008,2026-08-31 12:00:00,29,69,Cerah,0.1,15.9
2026-08-30T11:08:02.003280+00:00,Kabupaten Kulon Progo,34.01.02.1008,2026-08-31 15:00:00,27,78,Cerah,0,15.6
2026-08-30T11:08:02.003280+00:00,Kabupaten Kulon Progo,34.01.02.1008,2026-08-31 18:00:00,24,86,Cerah,0,7.3
2026-08-30T11:08:02.003280+00:00,Kabupaten Kulon Progo,34.01.02.1008,2026-08-31 21:00:00,23,91,Cerah,0,1
2026-08-30T11:08:02.003280+00:00,Kabupaten Kulon Progo,34.01.02.1008,2026-09-01 00:00:00,23,92,Cerah,0,1
2026-08-30T11:08:02.003280+00:00,Kabupaten Kulon Progo,34.01.02.1008,2026-09-01 03:00:00,23,93,Cerah,0,1.8
2026-08-30T11:08:02.003280+00:00,Kabupaten Kulon Progo,34.01.02.1008,2026-09-01 06:00:00,24,88,Cerah,0,4.1
2026-08-30T11:08:02.003280+00:00,Kabupaten Kulon Progo,34.01.02.1008,2026-09-01 09:00:00,29,58,Cerah,0,4.1
2026-08-30T11:08:02.003280+00:00,Kabupaten Kulon Progo,34.01.02.1008,2026-09-01 12:00:00,30,63,Cerah,0,23.1
2026-08-30T11:08:02.003280+00:00,Kabupaten Kulon Progo,34.01.02.1008,2026-09-01 15:00:00,27,71,Cerah,0,23.1
2026-08-30T11:08:02.003280+00:00,Kabupaten Kulon Progo,34.01.02.1008,2026-09-01 18:00:00,24,86,Cerah,0,6.7
2026-08-30T11:08:02.003280+00:00,Kabupaten Kulon Progo,34.01.02.1008,2026-09-01 21:00:00,22,89,Cerah Berawan,0,6.7
2026-08-30T11:08:02.325454+00:00,Kabupaten Gunungkidul,34.03.01.2001,2026-08-30 18:00:00,24,85,Cerah,0,11.3
2026-08-30T11:08:02.325454+00:00,Kabupaten Gunungkidul,34.03.01.2001,2026-08-30 21:00:00,24,88,Cerah Berawan,0,10.2
2026-08-30T11:08:02.325454+00:00,Kabupaten Gunungkidul,34.03.01.2001,2026-08-31 00:00:00,22,93,Cerah Berawan,0,2.8
2026-08-30T11:08:02.325454+00:00,Kabupaten Gunungkidul,34.03.01.2001,2026-08-31 03:00:00,19,98,Cerah,0,2.8
2026-08-30T11:08:02.325454+00:00,Kabupaten Gunungkidul,34.03.01.2001,2026-08-31 06:00:00,24,85,Cerah,0,3.4
2026-08-30T11:08:02.325454+00:00,Kabupaten Gunungkidul,34.03.01.2001,2026-08-31 09:00:00,30,50,Cerah,0,5
2026-08-30T11:08:02.325454+00:00,Kabupaten Gunungkidul,34.03.01.2001,2026-08-31 12:00:00,32,53,Cerah,0,18.8
2026-08-30T11:08:02.325454+00:00,Kabupaten Gunungkidul,34.03.01.2001,2026-08-31 15:00:00,28,67,Cerah,0.2,21.6
2026-08-30T11:08:02.325454+00:00,Kabupaten Gunungkidul,34.03.01.2001,2026-08-31 18:00:00,24,83,Cerah,0,16.2
2026-08-30T11:08:02.325454+00:00,Kabupaten Gunungkidul,34.03.01.2001,2026-08-31 21:00:00,24,88,Cerah,0,15.9
2026-08-30T11:08:02.325454+00:00,Kabupaten Gunungkidul,34.03.01.2001,2026-09-01 00:00:00,23,91,Cerah,0,12.4
2026-08-30T11:08:02.325454+00:00,Kabupaten Gunungkidul,34.03.01.2001,2026-09-01 03:00:00,19,93,Cerah,0,9.5
2026-08-30T11:08:02.325454+00:00,Kabupaten Gunungkidul,34.03.01.2001,2026-09-01 06:00:00,24,78,Cerah,0,11.4
2026-08-30T11:08:02.325454+00:00,Kabupaten Gunungkidul,34.03.01.2001,2026-09-01 09:00:00,30,51,Cerah,0,11.4
2026-08-30T11:08:02.325454+00:00,Kabupaten Gunungkidul,34.03.01.2001,2026-09-01 12:00:00,32,50,Cerah,0,18.5
2026-08-30T11:08:02.325454+00:00,Kabupaten Gunungkidul,34.03.01.2001,2026-09-01 15:00:00,28,63,Cerah,0,18.5
2026-08-30T11:08:02.325454+00:00,Kabupaten Gunungkidul,34.03.01.2001,2026-09-01 18:00:00,25,81,Cerah,0,19.1
2026-08-30T11:08:02.325454+00:00,Kabupaten Gunungkidul,34.03.01.2001,2026-09-01 21:00:00,22,87,Cerah,0,19.1
2026-08-30T11:38:09.194363+00:00,Kota Yogyakarta,34.71.10.1001,2026-08-30 19:00:00,25,75,Cerah,0,6.6
2026-08-30T11:38:09.194363+00:00,Kota Yogyakarta,34.71.10.1001,2026-08-30 22:00:00,24,83,Cerah Berawan,0,0.8
2026-08-30T11:38:09.194363+00:00,Kota Yogyakarta,34.71.10.1001,2026-08-31 01:00:00,23,87,Cerah Berawan,0,3.6
2026-08-30T11:38:09.194363+00:00,Kota Yogyakarta,34.71.10.1001,2026-08-31 04:00:00,22,91,Cerah,0,1
2026-08-30T11:38:09.194363+00:00,Kota Yogyakarta,34.71.10.1001,2026-08-31 07:00:00,26,73,Cerah,0,1
2026-08-30T11:38:09.194363+00:00,Kota Yogyakarta,34.71.10.1001,2026-08-31 10:00:00,32,48,Cerah,0,1.5
2026-08-30T11:38:09.194363+00:00,Kota Yogyakarta,34.71.10.1001,2026-08-31 13:00:00,31,55,Cerah,0.1,12.3
2026-08-30T11:38:09.194363+00:00,Kota Yogyakarta,34.71.10.1001,2026-08-31 16:00:00,28,66,Cerah,0,12.2
2026-08-30T11:38:09.194363+00:00,Kota Yogyakarta,34.71.10.1001,2026-08-31 19:00:00,26,78,Cerah,0,10.4
2026-08-30T11:38:09.194363+00:00,Kota Yogyakarta,34.71.10.1001,2026-08-31 22:00:00,25,84,Cerah,0,0.3
2026-08-30T11:38:09.194363+00:00,Kota Yogyakarta,34.71.10.1001,2026-09-01 01:00:00,23,93,Cerah,0,1.8
2026-08-30T11:38:09.194363+00:00,Kota Yogyakarta,34.71.10.1001,2026-09-01 04:00:00,21,94,Cerah Berawan,0,3.9
2026-08-30T11:38:09.194363+00:00,Kota Yogyakarta,34.71.10.1001,2026-09-01 07:00:00,26,72,Cerah,0,3.3
2026-08-30T11:38:09.194363+00:00,Kota Yogyakarta,34.71.10.1001,2026-09-01 10:00:00,31,43,Cerah,0,8.3
2026-08-30T11:38:09.194363+00:00,Kota Yogyakarta,34.71.10.1001,2026-09-01 13:00:00,32,46,Cerah,0,8.3
2026-08-30T11:38:09.194363+00:00,Kota Yogyakarta,34.71.10.1001,2026-09-01 16:00:00,28,65,Cerah,0,4.9
2026-08-30T11:38:09.194363+00:00,Kota Yogyakarta,34.71.10.1001,2026-09-01 19:00:00,26,77,Cerah,0,4.9
2026-08-30T11:38:09.194363+00:00,Kota Yogyakarta,34.71.10.1001,2026-09-01 22:00:00,24,83,Cerah,0,3.1
2026-08-30T11:38:09.984522+00:00,Kabupaten Sleman,34.04.13.2002,2026-08-30 19:00:00,24,86,Cerah,0,7.4
2026-08-30T11:38:09.984522+00:00,Kabupaten Sleman,34.04.13.2002,2026-08-30 22:00:00,23,91,Cerah Berawan,0,0.6
2026-08-30T11:38:09.984522+00:00,Kabupaten Sleman,34.04.13.2002,2026-08-31 01:00:00,22,91,Cerah Berawan,0,2.5
2026-08-30T11:38:09.984522+00:00,Kabupaten Sleman,34.04.13.2002,2026-08-31 04:00:00,21,93,Cerah,0,2.8
2026-08-30T11:38:09.984522+00:00,Kabupaten Sleman,34.04.13.2002,2026-08-31 07:00:00,26,77,Cerah,0,2.8
2026-08-30T11:38:09.984522+00:00,Kabupaten Sleman,34.04.13.2002,2026-08-31 10:00:00,30,55,Cerah,0,4.6
2026-08-30T11:38:09.984522+00:00,Kabupaten Sleman,34.04.13.2002,2026-08-31 13:00:00,30,60,Cerah,0,9.7
2026-08-30T11:38:09.984522+00:00,Kabupaten Sleman,34.04.13.2002,2026-08-31 16:00:00,27,73,Cerah,0.1,8.9
2026-08-30T11:38:09.984522+00:00,Kabupaten Sleman,34.04.13.2002,2026-08-31 19:00:00,24,82,Cerah,0,6.2
2026-08-30T11:38:09.984522+00:00,Kabupaten Sleman,34.04.13.2002,2026-08-31 22:00:00,23,91,Cerah,0,1.2
2026-08-30T11:38:09.984522+00:00,Kabupaten Sleman,34.04.13.2002,2026-09-01 01:00:00,21,95,Cerah Berawan,0,2.8
2026-08-30T11:38:09.984522+00:00,Kabupaten Sleman,34.04.13.2002,2026-09-01 04:00:00,20,92,Cerah Berawan,0,4.5
2026-08-30T11:38:09.984522+00:00,Kabupaten Sleman,34.04.13.2002,2026-09-01 07:00:00,24,78,Cerah,0,2.6
2026-08-30T11:38:09.984522+00:00,Kabupaten Sleman,34.04.13.2002,2026-09-01 10:00:00,29,51,Cerah,0,8.7
2026-08-30T11:38:09.984522+00:00,Kabupaten Sleman,34.04.13.2002,2026-09-01 13:00:00,30,48,Cerah,0,8.7
2026-08-30T11:38:09.984522+00:00,Kabupaten Sleman,34.04.13.2002,2026-09-01 16:00:00,26,68,Cerah,0,5
2026-08-30T11:38:09.984522+00:00,Kabupaten Sleman,34.04.13.2002,2026-09-01 19:00:00,24,86,Cerah,0,5
2026-08-30T11:38:09.984522+00:00,Kabupaten Sleman,34.04.13.2002,2026-09-01 22:00:00,22,89,Cerah Berawan,0,5.4
2026-08-30T11:38:10.268029+00:00,Kabupaten Bantul,34.02.08.2003,2026-08-30 18:00:00,25,77,Cerah,0,4.2
2026-08-30T11:38:10.268029+00:00,Kabupaten Bantul,34.02.08.2003,2026-08-30 21:00:00,24,86,Cerah Berawan,0,1.2
2026-08-30T11:38:10.268029+00:00,Kabupaten Bantul,34.02.08.2003,2026-08-31 00:00:00,23,91,Cerah Berawan,0,3.3
2026-08-30T11:38:10.268029+00:00,Kabupaten Bantul,34.02.08.2003,2026-08-31 03:00:00,22,95,Cerah,0,1.3
2026-08-30T11:38:10.268029+00:00,Kabupaten Bantul,34.02.08.2003,2026-08-31 06:00:00,24,83,Cerah,0,3.1
2026-08-30T11:38:10.268029+00:00,Kabupaten Bantul,34.02.08.2003,2026-08-31 09:00:00,31,56,Cerah,0,2.4
2026-08-30T11:38:10.268029+00:00,Kabupaten Bantul,34.02.08.2003,2026-08-31 12:00:00,31,56,Cerah,0,17
2026-08-30T11:38:10.268029+00:00,Kabupaten Bantul,34.02.08.2003,2026-08-31 15:00:00,29,65,Cerah,0,14.8
2026-08-30T11:38:10.268029+00:00,Kabupaten Bantul,34.02.08.2003,2026-08-31 18:00:00,26,78,Cerah,0,7.7
2026-08-30T11:38:10.268029+00:00,Kabupaten Bantul,34.02.08.2003,2026-08-31 21:00:00,25,86,Cerah,0,1.5
2026-08-30T11:38:10.268029+00:00,Kabupaten Bantul,34.02.08.2003,2026-09-01 00:00:00,23,92,Cerah,0,2.5
2026-08-30T11:38:10.268029+00:00,Kabupaten Bantul,34.02.08.2003,2026-09-01 03:00:00,21,95,Cerah,0,3.6
2026-08-30T11:38:10.268029+00:00,Kabupaten Bantul,34.02.08.2003,2026-09-01 06:00:00,24,87,Cerah,0,4.3
2026-08-30T11:38:10.268029+00:00,Kabupaten Bantul,34.02.08.2003,2026-09-01 09:00:00,30,50,Cerah,0,4.3
2026-08-30T11:38:10.268029+00:00,Kabupaten Bantul,34.02.08.2003,2026-09-01 12:00:00,30,50,Cerah,0,20.1
2026-08-30T11:38:10.268029+00:00,Kabupaten Bantul,34.02.08.2003,2026-09-01 15:00:00,28,62,Cerah,0,20.1
2026-08-30T11:38:10.268029+00:00,Kabupaten Bantul,34.02.08.2003,2026-09-01 18:00:00,26,78,Cerah,0,5.8
2026-08-30T11:38:10.268029+00:00,Kabupaten Bantul,34.02.08.2003,2026-09-01 21:00:00,24,85,Cerah,0,5.8
2026-08-30T11:38:10.527673+00:00,Kabupaten Kulon Progo,34.01.02.1008,2026-08-30 18:00:00,24,87,Cerah,0,5.6
2026-08-30T11:38:10.527673+00:00,Kabupaten Kulon Progo,34.01.02.1008,2026-08-30 21:00:00,23,90,Cerah Berawan,0,1.1
2026-08-30T11:38:10.527673+00:00,Kabupaten Kulon Progo,34.01.02.1008,2026-08-31 00:00:00,22,93,Cerah Berawan,0,2.1
2026-08-30T11:38:10.527673+00:00,Kabupaten Kulon Progo,34.01.02.1008,2026-08-31 03:00:00,21,94,Cerah,0,3.8
2026-08-30T11:38:10.527673+00:00,Kabupaten Kulon Progo,34.01.02.1008,2026-08-31 06:00:00,25,84,Cerah,0,1
2026-08-30T11:38:10.527673+00:00,Kabupaten Kulon Progo,34.01.02.1008,2026-08-31 09:00:00,28,67,Cerah,0,7.7
2026-08-30T11:38:10.527673+00:00,Kabupaten Kulon Progo,34.01.02.1008,2026-08-31 12:00:00,29,69,Cerah,0.1,15.9
2026-08-30T11:38:10.527673+00:00,Kabupaten Kulon Progo,34.01.02.1008,2026-08-31 15:00:00,27,78,Cerah,0,15.6
2026-08-30T11:38:10.527673+00:00,Kabupaten Kulon Progo,34.01.02.1008,2026-08-31 18:00:00,24,86,Cerah,0,7.3
2026-08-30T11:38:10.527673+00:00,Kabupaten Kulon Progo,34.01.02.1008,2026-08-31 21:00:00,23,91,Cerah,0,1
2026-08-30T11:38:10.527673+00:00,Kabupaten Kulon Progo,34.01.02.1008,2026-09-01 00:00:00,23,92,Cerah,0,1
2026-08-30T11:38:10.527673+00:00,Kabupaten Kulon Progo,34.01.02.1008,2026-09-01 03:00:00,23,93,Cerah,0,1.8
2026-08-30T11:38:10.527673+00:00,Kabupaten Kulon Progo,34.01.02.1008,2026-09-01 06:00:00,24,88,Cerah,0,4.1
2026-08-30T11:38:10.527673+00:00,Kabupaten Kulon Progo,34.01.02.1008,2026-09-01 09:00:00,29,58,Cerah,0,4.1
2026-08-30T11:38:10.527673+00:00,Kabupaten Kulon Progo,34.01.02.1008,2026-09-01 12:00:00,30,63,Cerah,0,23.1
2026-08-30T11:38:10.527673+00:00,Kabupaten Kulon Progo,34.01.02.1008,2026-09-01 15:00:00,27,71,Cerah,0,23.1
2026-08-30T11:38:10.527673+00:00,Kabupaten Kulon Progo,34.01.02.1008,2026-09-01 18:00:00,24,86,Cerah,0,6.7
2026-08-30T11:38:10.527673+00:00,Kabupaten Kulon Progo,34.01.02.1008,2026-09-01 21:00:00,22,89,Cerah Berawan,0,6.7
2026-08-30T11:38:10.828718+00:00,Kabupaten Gunungkidul,34.03.01.2001,2026-08-30 18:00:00,24,85,Cerah,0,11.3
2026-08-30T11:38:10.828718+00:00,Kabupaten Gunungkidul,34.03.01.2001,2026-08-30 21:00:00,24,88,Cerah Berawan,0,10.2
2026-08-30T11:38:10.828718+00:00,Kabupaten Gunungkidul,34.03.01.2001,2026-08-31 00:00:00,22,93,Cerah Berawan,0,2.8
2026-08-30T11:38:10.828718+00:00,Kabupaten Gunungkidul,34.03.01.2001,2026-08-31 03:00:00,19,98,Cerah,0,2.8
2026-08-30T11:38:10.828718+00:00,Kabupaten Gunungkidul,34.03.01.2001,2026-08-31 06:00:00,24,85,Cerah,0,3.4
2026-08-30T11:38:10.828718+00:00,Kabupaten Gunungkidul,34.03.01.2001,2026-08-31 09:00:00,30,50,Cerah,0,5
2026-08-30T11:38:10.828718+00:00,Kabupaten Gunungkidul,34.03.01.2001,2026-08-31 12:00:00,32,53,Cerah,0,18.8
2026-08-30T11:38:10.828718+00:00,Kabupaten Gunungkidul,34.03.01.2001,2026-08-31 15:00:00,28,67,Cerah,0.2,21.6
2026-08-30T11:38:10.828718+00:00,Kabupaten Gunungkidul,34.03.01.2001,2026-08-31 18:00:00,24,83,Cerah,0,16.2
2026-08-30T11:38:10.828718+00:00,Kabupaten Gunungkidul,34.03.01.2001,2026-08-31 21:00:00,24,88,Cerah,0,15.9
2026-08-30T11:38:10.828718+00:00,Kabupaten Gunungkidul,34.03.01.2001,2026-09-01 00:00:00,23,91,Cerah,0,12.4
2026-08-30T11:38:10.828718+00:00,Kabupaten Gunungkidul,34.03.01.2001,2026-09-01 03:00:00,19,93,Cerah,0,9.5
2026-08-30T11:38:10.828718+00:00,Kabupaten Gunungkidul,34.03.01.2001,2026-09-01 06:00:00,24,78,Cerah,0,11.4
2026-08-30T11:38:10.828718+00:00,Kabupaten Gunungkidul,34.03.01.2001,2026-09-01 09:00:00,30,51,Cerah,0,11.4
2026-08-30T11:38:10.828718+00:00,Kabupaten Gunungkidul,34.03.01.2001,2026-09-01 12:00:00,32,50,Cerah,0,18.5
2026-08-30T11:38:10.828718+00:00,Kabupaten Gunungkidul,34.03.01.2001,2026-09-01 15:00:00,28,63,Cerah,0,18.5
2026-08-30T11:38:10.828718+00:00,Kabupaten Gunungkidul,34.03.01.2001,2026-09-01 18:00:00,25,81,Cerah,0,19.1
2026-08-30T11:38:10.828718+00:00,Kabupaten Gunungkidul,34.03.01.2001,2026-09-01 21:00:00,22,87,Cerah,0,19.1
2026-08-30T14:58:44.248524+00:00,Kota Yogyakarta,34.71.10.1001,2026-08-30 22:00:00,24,84,Cerah,0,0.9
2026-08-30T14:58:44.248524+00:00,Kota Yogyakarta,34.71.10.1001,2026-08-31 01:00:00,23,89,Cerah Berawan,0,3.7
2026-08-30T14:58:44.248524+00:00,Kota Yogyakarta,34.71.10.1001,2026-08-31 04:00:00,22,90,Cerah,0,2.3
2026-08-30T14:58:44.248524+00:00,Kota Yogyakarta,34.71.10.1001,2026-08-31 07:00:00,26,71,Cerah,0,1.1
2026-08-30T14:58:44.248524+00:00,Kota Yogyakarta,34.71.10.1001,2026-08-31 10:00:00,32,48,Cerah,0,2.6
2026-08-30T14:58:44.248524+00:00,Kota Yogyakarta,34.71.10.1001,2026-08-31 13:00:00,32,53,Cerah,0.3,11.2
2026-08-30T14:58:44.248524+00:00,Kota Yogyakarta,34.71.10.1001,2026-08-31 16:00:00,28,66,Cerah,0,14.5
2026-08-30T14:58:44.248524+00:00,Kota Yogyakarta,34.71.10.1001,2026-08-31 19:00:00,26,78,Cerah,0,8
2026-08-30T14:58:44.248524+00:00,Kota Yogyakarta,34.71.10.1001,2026-08-31 22:00:00,24,86,Cerah,0,2.3
2026-08-30T14:58:44.248524+00:00,Kota Yogyakarta,34.71.10.1001,2026-09-01 01:00:00,23,91,Cerah,0,3
2026-08-30T14:58:44.248524+00:00,Kota Yogyakarta,34.71.10.1001,2026-09-01 04:00:00,22,94,Cerah,0,4.9
2026-08-30T14:58:44.248524+00:00,Kota Yogyakarta,34.71.10.1001,2026-09-01 07:00:00,26,70,Cerah,0,2.5
2026-08-30T14:58:44.248524+00:00,Kota Yogyakarta,34.71.10.1001,2026-09-01 10:00:00,32,43,Cerah,0,7
2026-08-30T14:58:44.248524+00:00,Kota Yogyakarta,34.71.10.1001,2026-09-01 13:00:00,33,47,Cerah,0,10.8
2026-08-30T14:58:44.248524+00:00,Kota Yogyakarta,34.71.10.1001,2026-09-01 16:00:00,29,63,Cerah,0,14.9
2026-08-30T14:58:44.248524+00:00,Kota Yogyakarta,34.71.10.1001,2026-09-01 19:00:00,26,78,Cerah,0,5.9
2026-08-30T14:58:44.248524+00:00,Kota Yogyakarta,34.71.10.1001,2026-09-01 22:00:00,24,85,Cerah,0,1.5
2026-08-30T14:58:45.110979+00:00,Kabupaten Sleman,34.04.13.2002,2026-08-30 22:00:00,22,92,Cerah,0,1.5
2026-08-30T14:58:45.110979+00:00,Kabupaten Sleman,34.04.13.2002,2026-08-31 01:00:00,22,89,Cerah Berawan,0,2.9
2026-08-30T14:58:45.110979+00:00,Kabupaten Sleman,34.04.13.2002,2026-08-31 04:00:00,21,91,Cerah,0,3.7
2026-08-30T14:58:45.110979+00:00,Kabupaten Sleman,34.04.13.2002,2026-08-31 07:00:00,25,75,Cerah,0,3.7
2026-08-30T14:58:45.110979+00:00,Kabupaten Sleman,34.04.13.2002,2026-08-31 10:00:00,30,57,Cerah,0,5.9
2026-08-30T14:58:45.110979+00:00,Kabupaten Sleman,34.04.13.2002,2026-08-31 13:00:00,31,52,Cerah,0,8.9
2026-08-30T14:58:45.110979+00:00,Kabupaten Sleman,34.04.13.2002,2026-08-31 16:00:00,27,69,Cerah Berawan,0,12.8
2026-08-30T14:58:45.110979+00:00,Kabupaten Sleman,34.04.13.2002,2026-08-31 19:00:00,24,83,Cerah,0,5.2
2026-08-30T14:58:45.110979+00:00,Kabupaten Sleman,34.04.13.2002,2026-08-31 22:00:00,23,92,Cerah,0,3.5
2026-08-30T14:58:45.110979+00:00,Kabupaten Sleman,34.04.13.2002,2026-09-01 01:00:00,22,94,Cerah Berawan,0,4.9
2026-08-30T14:58:45.110979+00:00,Kabupaten Sleman,34.04.13.2002,2026-09-01 04:00:00,21,94,Cerah,0,4.1
2026-08-30T14:58:45.110979+00:00,Kabupaten Sleman,34.04.13.2002,2026-09-01 07:00:00,25,76,Cerah,0,1
2026-08-30T14:58:45.110979+00:00,Kabupaten Sleman,34.04.13.2002,2026-09-01 10:00:00,30,51,Cerah,0,7.2
2026-08-30T14:58:45.110979+00:00,Kabupaten Sleman,34.04.13.2002,2026-09-01 13:00:00,32,49,Cerah,0,10.9
2026-08-30T14:58:45.110979+00:00,Kabupaten Sleman,34.04.13.2002,2026-09-01 16:00:00,27,66,Cerah,0,14.7
2026-08-30T14:58:45.110979+00:00,Kabupaten Sleman,34.04.13.2002,2026-09-01 19:00:00,24,87,Cerah,0,5.1
2026-08-30T14:58:45.110979+00:00,Kabupaten Sleman,34.04.13.2002,2026-09-01 22:00:00,22,91,Cerah,0,3.2
2026-08-30T14:58:45.419704+00:00,Kabupaten Bantul,34.02.08.2003,2026-08-30 22:00:00,24,88,Cerah Berawan,0,1.3
2026-08-30T14:58:45.419704+00:00,Kabupaten Bantul,34.02.08.2003,2026-08-31 01:00:00,23,93,Cerah Berawan,0,3.7
2026-08-30T14:58:45.419704+00:00,Kabupaten Bantul,34.02.08.2003,2026-08-31 04:00:00,22,96,Cerah,0,2.1
2026-08-30T14:58:45.419704+00:00,Kabupaten Bantul,34.02.08.2003,2026-08-31 07:00:00,27,73,Cerah,0,2.2
2026-08-30T14:58:45.419704+00:00,Kabupaten Bantul,34.02.08.2003,2026-08-31 10:00:00,32,50,Cerah,0,3.6
2026-08-30T14:58:45.419704+00:00,Kabupaten Bantul,34.02.08.2003,2026-08-31 13:00:00,31,57,Cerah,0.1,16
2026-08-30T14:58:45.419704+00:00,Kabupaten Bantul,34.02.08.2003,2026-08-31 16:00:00,28,70,Cerah,0,16.3
2026-08-30T14:58:45.419704+00:00,Kabupaten Bantul,34.02.08.2003,2026-08-31 19:00:00,25,81,Cerah,0,8.1
2026-08-30T14:58:45.419704+00:00,Kabupaten Bantul,34.02.08.2003,2026-08-31 22:00:00,24,88,Cerah,0,0.5
2026-08-30T14:58:45.419704+00:00,Kabupaten Bantul,34.02.08.2003,2026-09-01 01:00:00,23,93,Cerah,0,0.9
2026-08-30T14:58:45.419704+00:00,Kabupaten Bantul,34.02.08.2003,2026-09-01 04:00:00,22,98,Cerah,0,2.4
2026-08-30T14:58:45.419704+00:00,Kabupaten Bantul,34.02.08.2003,2026-09-01 07:00:00,27,70,Cerah,0,4.1
2026-08-30T14:58:45.419704+00:00,Kabupaten Bantul,34.02.08.2003,2026-09-01 10:00:00,32,47,Cerah,0,9.2
2026-08-30T14:58:45.419704+00:00,Kabupaten Bantul,34.02.08.2003,2026-09-01 13:00:00,31,54,Cerah,0,18.1
2026-08-30T14:58:45.419704+00:00,Kabupaten Bantul,34.02.08.2003,2026-09-01 16:00:00,28,69,Cerah,0,18.7
2026-08-30T14:58:45.419704+00:00,Kabupaten Bantul,34.02.08.2003,2026-09-01 19:00:00,25,82,Cerah,0,3.8
2026-08-30T14:58:45.419704+00:00,Kabupaten Bantul,34.02.08.2003,2026-09-01 22:00:00,24,87,Cerah,0,1.2
2026-08-30T14:58:45.737894+00:00,Kabupaten Kulon Progo,34.01.02.1008,2026-08-30 22:00:00,23,91,Cerah,0,1.6
2026-08-30T14:58:45.737894+00:00,Kabupaten Kulon Progo,34.01.02.1008,2026-08-31 01:00:00,22,93,Cerah Berawan,0,2
2026-08-30T14:58:45.737894+00:00,Kabupaten Kulon Progo,34.01.02.1008,2026-08-31 04:00:00,22,94,Cerah,0,2.5
2026-08-30T14:58:45.737894+00:00,Kabupaten Kulon Progo,34.01.02.1008,2026-08-31 07:00:00,26,77,Cerah,0,2.1
2026-08-30T14:58:45.737894+00:00,Kabupaten Kulon Progo,34.01.02.1008,2026-08-31 10:00:00,29,68,Cerah,0.1,7.8
2026-08-30T14:58:45.737894+00:00,Kabupaten Kulon Progo,34.01.02.1008,2026-08-31 13:00:00,29,67,Cerah,0,17
2026-08-30T14:58:45.737894+00:00,Kabupaten Kulon Progo,34.01.02.1008,2026-08-31 16:00:00,26,79,Cerah,0,16.3
2026-08-30T14:58:45.737894+00:00,Kabupaten Kulon Progo,34.01.02.1008,2026-08-31 19:00:00,24,88,Cerah,0,8
2026-08-30T14:58:45.737894+00:00,Kabupaten Kulon Progo,34.01.02.1008,2026-08-31 22:00:00,24,91,Cerah,0,1.5
2026-08-30T14:58:45.737894+00:00,Kabupaten Kulon Progo,34.01.02.1008,2026-09-01 01:00:00,23,92,Cerah,0,1
2026-08-30T14:58:45.737894+00:00,Kabupaten Kulon Progo,34.01.02.1008,2026-09-01 04:00:00,22,95,Cerah,0,1.1
2026-08-30T14:58:45.737894+00:00,Kabupaten Kulon Progo,34.01.02.1008,2026-09-01 07:00:00,26,74,Cerah,0,4.6
2026-08-30T14:58:45.737894+00:00,Kabupaten Kulon Progo,34.01.02.1008,2026-09-01 10:00:00,30,59,Cerah,0,11.9
2026-08-30T14:58:45.737894+00:00,Kabupaten Kulon Progo,34.01.02.1008,2026-09-01 13:00:00,29,65,Cerah,0,20.4
2026-08-30T14:58:45.737894+00:00,Kabupaten Kulon Progo,34.01.02.1008,2026-09-01 16:00:00,26,77,Cerah,0,18.5
2026-08-30T14:58:45.737894+00:00,Kabupaten Kulon Progo,34.01.02.1008,2026-09-01 19:00:00,24,88,Cerah,0,4
2026-08-30T14:58:45.737894+00:00,Kabupaten Kulon Progo,34.01.02.1008,2026-09-01 22:00:00,23,91,Cerah,0,1.5
2026-08-30T14:58:46.035922+00:00,Kabupaten Gunungkidul,34.03.01.2001,2026-08-30 22:00:00,23,89,Cerah,0,9
2026-08-30T14:58:46.035922+00:00,Kabupaten Gunungkidul,34.03.01.2001,2026-08-31 01:00:00,22,95,Cerah,0,3.9
2026-08-30T14:58:46.035922+00:00,Kabupaten Gunungkidul,34.03.01.2001,2026-08-31 04:00:00,21,99,Cerah,0,3.5
2026-08-30T14:58:46.035922+00:00,Kabupaten Gunungkidul,34.03.01.2001,2026-08-31 07:00:00,26,71,Cerah,0,3.1
2026-08-30T14:58:46.035922+00:00,Kabupaten Gunungkidul,34.03.01.2001,2026-08-31 10:00:00,31,54,Cerah Berawan,0.2,8.3
2026-08-30T14:58:46.035922+00:00,Kabupaten Gunungkidul,34.03.01.2001,2026-08-31 13:00:00,31,52,Cerah,0,17.5
2026-08-30T14:58:46.035922+00:00,Kabupaten Gunungkidul,34.03.01.2001,2026-08-31 16:00:00,26,73,Cerah,0,21.7
2026-08-30T14:58:46.035922+00:00,Kabupaten Gunungkidul,34.03.01.2001,2026-08-31 19:00:00,24,85,Cerah,0,18.1
2026-08-30T14:58:46.035922+00:00,Kabupaten Gunungkidul,34.03.01.2001,2026-08-31 22:00:00,23,88,Cerah,0,14.5
2026-08-30T14:58:46.035922+00:00,Kabupaten Gunungkidul,34.03.01.2001,2026-09-01 01:00:00,22,93,Cerah,0,12.3
2026-08-30T14:58:46.035922+00:00,Kabupaten Gunungkidul,34.03.01.2001,2026-09-01 04:00:00,22,93,Cerah,0,6.5
2026-08-30T14:58:46.035922+00:00,Kabupaten Gunungkidul,34.03.01.2001,2026-09-01 07:00:00,26,66,Cerah,0,14
2026-08-30T14:58:46.035922+00:00,Kabupaten Gunungkidul,34.03.01.2001,2026-09-01 10:00:00,31,47,Cerah,0,17.2
2026-08-30T14:58:46.035922+00:00,Kabupaten Gunungkidul,34.03.01.2001,2026-09-01 13:00:00,31,51,Cerah,0,19.1
2026-08-30T14:58:46.035922+00:00,Kabupaten Gunungkidul,34.03.01.2001,2026-09-01 16:00:00,26,70,Cerah,0,23.1
2026-08-30T14:58:46.035922+00:00,Kabupaten Gunungkidul,34.03.01.2001,2026-09-01 19:00:00,24,83,Cerah,0,19.8
2026-08-30T14:58:46.035922+00:00,Kabupaten Gunungkidul,34.03.01.2001,2026-09-01 22:00:00,23,88,Cerah,0,16.5
2026-08-30T15:09:46.960095+00:00,Kota Yogyakarta,34.71.10.1001,2026-08-30 22:00:00,24,84,Cerah,0,0.9
2026-08-30T15:09:46.960095+00:00,Kota Yogyakarta,34.71.10.1001,2026-08-31 01:00:00,23,89,Cerah Berawan,0,3.7
2026-08-30T15:09:46.960095+00:00,Kota Yogyakarta,34.71.10.1001,2026-08-31 04:00:00,22,90,Cerah,0,2.3
2026-08-30T15:09:46.960095+00:00,Kota Yogyakarta,34.71.10.1001,2026-08-31 07:00:00,26,71,Cerah,0,1.1
2026-08-30T15:09:46.960095+00:00,Kota Yogyakarta,34.71.10.1001,2026-08-31 10:00:00,32,48,Cerah,0,2.6
2026-08-30T15:09:46.960095+00:00,Kota Yogyakarta,34.71.10.1001,2026-08-31 13:00:00,32,53,Cerah,0.3,11.2
2026-08-30T15:09:46.960095+00:00,Kota Yogyakarta,34.71.10.1001,2026-08-31 16:00:00,28,66,Cerah,0,14.5
2026-08-30T15:09:46.960095+00:00,Kota Yogyakarta,34.71.10.1001,2026-08-31 19:00:00,26,78,Cerah,0,8
2026-08-30T15:09:46.960095+00:00,Kota Yogyakarta,34.71.10.1001,2026-08-31 22:00:00,24,86,Cerah,0,2.3
2026-08-30T15:09:46.960095+00:00,Kota Yogyakarta,34.71.10.1001,2026-09-01 01:00:00,23,91,Cerah,0,3
2026-08-30T15:09:46.960095+00:00,Kota Yogyakarta,34.71.10.1001,2026-09-01 04:00:00,22,94,Cerah,0,4.9
2026-08-30T15:09:46.960095+00:00,Kota Yogyakarta,34.71.10.1001,2026-09-01 07:00:00,26,70,Cerah,0,2.5
2026-08-30T15:09:46.960095+00:00,Kota Yogyakarta,34.71.10.1001,2026-09-01 10:00:00,32,43,Cerah,0,7
2026-08-30T15:09:46.960095+00:00,Kota Yogyakarta,34.71.10.1001,2026-09-01 13:00:00,33,47,Cerah,0,10.8
2026-08-30T15:09:46.960095+00:00,Kota Yogyakarta,34.71.10.1001,2026-09-01 16:00:00,29,63,Cerah,0,14.9
2026-08-30T15:09:46.960095+00:00,Kota Yogyakarta,34.71.10.1001,2026-09-01 19:00:00,26,78,Cerah,0,5.9
2026-08-30T15:09:46.960095+00:00,Kota Yogyakarta,34.71.10.1001,2026-09-01 22:00:00,24,85,Cerah,0,1.5
2026-08-30T15:09:47.273784+00:00,Kabupaten Sleman,34.04.13.2002,2026-08-30 22:00:00,22,92,Cerah,0,1.5
2026-08-30T15:09:47.273784+00:00,Kabupaten Sleman,34.04.13.2002,2026-08-31 01:00:00,22,89,Cerah Berawan,0,2.9
2026-08-30T15:09:47.273784+00:00,Kabupaten Sleman,34.04.13.2002,2026-08-31 04:00:00,21,91,Cerah,0,3.7
2026-08-30T15:09:47.273784+00:00,Kabupaten Sleman,34.04.13.2002,2026-08-31 07:00:00,25,75,Cerah,0,3.7
2026-08-30T15:09:47.273784+00:00,Kabupaten Sleman,34.04.13.2002,2026-08-31 10:00:00,30,57,Cerah,0,5.9
2026-08-30T15:09:47.273784+00:00,Kabupaten Sleman,34.04.13.2002,2026-08-31 13:00:00,31,52,Cerah,0,8.9
2026-08-30T15:09:47.273784+00:00,Kabupaten Sleman,34.04.13.2002,2026-08-31 16:00:00,27,69,Cerah Berawan,0,12.8
2026-08-30T15:09:47.273784+00:00,Kabupaten Sleman,34.04.13.2002,2026-08-31 19:00:00,24,83,Cerah,0,5.2
2026-08-30T15:09:47.273784+00:00,Kabupaten Sleman,34.04.13.2002,2026-08-31 22:00:00,23,92,Cerah,0,3.5
2026-08-30T15:09:47.273784+00:00,Kabupaten Sleman,34.04.13.2002,2026-09-01 01:00:00,22,94,Cerah Berawan,0,4.9
2026-08-30T15:09:47.273784+00:00,Kabupaten Sleman,34.04.13.2002,2026-09-01 04:00:00,21,94,Cerah,0,4.1
2026-08-30T15:09:47.273784+00:00,Kabupaten Sleman,34.04.13.2002,2026-09-01 07:00:00,25,76,Cerah,0,1
2026-08-30T15:09:47.273784+00:00,Kabupaten Sleman,34.04.13.2002,2026-09-01 10:00:00,30,51,Cerah,0,7.2
2026-08-30T15:09:47.273784+00:00,Kabupaten Sleman,34.04.13.2002,2026-09-01 13:00:00,32,49,Cerah,0,10.9
2026-08-30T15:09:47.273784+00:00,Kabupaten Sleman,34.04.13.2002,2026-09-01 16:00:00,27,66,Cerah,0,14.7
2026-08-30T15:09:47.273784+00:00,Kabupaten Sleman,34.04.13.2002,2026-09-01 19:00:00,24,87,Cerah,0,5.1
2026-08-30T15:09:47.273784+00:00,Kabupaten Sleman,34.04.13.2002,2026-09-01 22:00:00,22,91,Cerah,0,3.2
2026-08-30T15:09:48.052317+00:00,Kabupaten Bantul,34.02.08.2003,2026-08-30 23:00:00,23,91,Cerah,0,3.7
2026-08-30T15:09:48.052317+00:00,Kabupaten Bantul,34.02.08.2003,2026-08-31 02:00:00,22,94,Cerah,0,2.1
2026-08-30T15:09:48.052317+00:00,Kabupaten Bantul,34.02.08.2003,2026-08-31 05:00:00,22,96,Cerah,0,2.2
2026-08-30T15:09:48.052317+00:00,Kabupaten Bantul,34.02.08.2003,2026-08-31 08:00:00,29,62,Cerah,0,3.6
2026-08-30T15:09:48.052317+00:00,Kabupaten Bantul,34.02.08.2003,2026-08-31 11:00:00,32,53,Cerah,0,16
2026-08-30T15:09:48.052317+00:00,Kabupaten Bantul,34.02.08.2003,2026-08-31 14:00:00,30,61,Cerah,0.1,16.3
2026-08-30T15:09:48.052317+00:00,Kabupaten Bantul,34.02.08.2003,2026-08-31 17:00:00,26,75,Cerah,0,8.1
2026-08-30T15:09:48.052317+00:00,Kabupaten Bantul,34.02.08.2003,2026-08-31 20:00:00,25,85,Cerah,0,0.5
2026-08-30T15:09:48.052317+00:00,Kabupaten Bantul,34.02.08.2003,2026-08-31 23:00:00,24,89,Cerah,0,0.9
2026-08-30T15:09:48.052317+00:00,Kabupaten Bantul,34.02.08.2003,2026-09-01 02:00:00,23,94,Cerah,0,2.4
2026-08-30T15:09:48.052317+00:00,Kabupaten Bantul,34.02.08.2003,2026-09-01 05:00:00,22,98,Cerah Berawan,0,4.1
2026-08-30T15:09:48.052317+00:00,Kabupaten Bantul,34.02.08.2003,2026-09-01 08:00:00,29,59,Cerah,0,9.2
2026-08-30T15:09:48.052317+00:00,Kabupaten Bantul,34.02.08.2003,2026-09-01 11:00:00,32,48,Cerah,0,18.1
2026-08-30T15:09:48.052317+00:00,Kabupaten Bantul,34.02.08.2003,2026-09-01 14:00:00,30,56,Cerah,0,18.7
2026-08-30T15:09:48.052317+00:00,Kabupaten Bantul,34.02.08.2003,2026-09-01 17:00:00,26,75,Cerah,0,3.8
2026-08-30T15:09:48.052317+00:00,Kabupaten Bantul,34.02.08.2003,2026-09-01 20:00:00,24,84,Cerah,0,1.2
2026-08-30T15:09:48.052317+00:00,Kabupaten Bantul,34.02.08.2003,2026-09-01 23:00:00,23,89,Cerah,0,0.8
2026-08-30T15:09:48.802608+00:00,Kabupaten Kulon Progo,34.01.02.1008,2026-08-30 23:00:00,23,92,Cerah,0,2
2026-08-30T15:09:48.802608+00:00,Kabupaten Kulon Progo,34.01.02.1008,2026-08-31 02:00:00,22,94,Cerah Berawan,0,2.5
2026-08-30T15:09:48.802608+00:00,Kabupaten Kulon Progo,34.01.02.1008,2026-08-31 05:00:00,22,94,Cerah,0,2.1
2026-08-30T15:09:48.802608+00:00,Kabupaten Kulon Progo,34.01.02.1008,2026-08-31 08:00:00,28,69,Cerah,0,7.8
2026-08-30T15:09:48.802608+00:00,Kabupaten Kulon Progo,34.01.02.1008,2026-08-31 11:00:00,29,70,Cerah,0.1,17
2026-08-30T15:09:48.802608+00:00,Kabupaten Kulon Progo,34.01.02.1008,2026-08-31 14:00:00,28,71,Cerah,0,16.3
2026-08-30T15:09:48.802608+00:00,Kabupaten Kulon Progo,34.01.02.1008,2026-08-31 17:00:00,25,84,Cerah,0,8
2026-08-30T15:09:48.802608+00:00,Kabupaten Kulon Progo,34.01.02.1008,2026-08-31 20:00:00,24,89,Cerah,0,1.5
2026-08-30T15:09:48.802608+00:00,Kabupaten Kulon Progo,34.01.02.1008,2026-08-31 23:00:00,23,91,Cerah,0,1
2026-08-30T15:09:48.802608+00:00,Kabupaten Kulon Progo,34.01.02.1008,2026-09-01 02:00:00,23,93,Cerah,0,1.1
2026-08-30T15:09:48.802608+00:00,Kabupaten Kulon Progo,34.01.02.1008,2026-09-01 05:00:00,22,95,Cerah,0,4.6
2026-08-30T15:09:48.802608+00:00,Kabupaten Kulon Progo,34.01.02.1008,2026-09-01 08:00:00,28,65,Cerah,0,11.9
2026-08-30T15:09:48.802608+00:00,Kabupaten Kulon Progo,34.01.02.1008,2026-09-01 11:00:00,30,59,Cerah,0,20.4
2026-08-30T15:09:48.802608+00:00,Kabupaten Kulon Progo,34.01.02.1008,2026-09-01 14:00:00,28,67,Cerah,0,18.5
2026-08-30T15:09:48.802608+00:00,Kabupaten Kulon Progo,34.01.02.1008,2026-09-01 17:00:00,25,83,Cerah,0,4
2026-08-30T15:09:48.802608+00:00,Kabupaten Kulon Progo,34.01.02.1008,2026-09-01 20:00:00,23,90,Cerah,0,1.5
2026-08-30T15:09:48.802608+00:00,Kabupaten Kulon Progo,34.01.02.1008,2026-09-01 23:00:00,23,92,Cerah,0,1.1
2026-08-30T15:09:49.119205+00:00,Kabupaten Gunungkidul,34.03.01.2001,2026-08-30 22:00:00,23,89,Cerah,0,9
2026-08-30T15:09:49.119205+00:00,Kabupaten Gunungkidul,34.03.01.2001,2026-08-31 01:00:00,22,95,Cerah,0,3.9
2026-08-30T15:09:49.119205+00:00,Kabupaten Gunungkidul,34.03.01.2001,2026-08-31 04:00:00,21,99,Cerah,0,3.5
2026-08-30T15:09:49.119205+00:00,Kabupaten Gunungkidul,34.03.01.2001,2026-08-31 07:00:00,26,71,Cerah,0,3.1
2026-08-30T15:09:49.119205+00:00,Kabupaten Gunungkidul,34.03.01.2001,2026-08-31 10:00:00,31,54,Cerah Berawan,0.2,8.3
2026-08-30T15:09:49.119205+00:00,Kabupaten Gunungkidul,34.03.01.2001,2026-08-31 13:00:00,31,52,Cerah,0,17.5
2026-08-30T15:09:49.119205+00:00,Kabupaten Gunungkidul,34.03.01.2001,2026-08-31 16:00:00,26,73,Cerah,0,21.7
2026-08-30T15:09:49.119205+00:00,Kabupaten Gunungkidul,34.03.01.2001,2026-08-31 19:00:00,24,85,Cerah,0,18.1
2026-08-30T15:09:49.119205+00:00,Kabupaten Gunungkidul,34.03.01.2001,2026-08-31 22:00:00,23,88,Cerah,0,14.5
2026-08-30T15:09:49.119205+00:00,Kabupaten Gunungkidul,34.03.01.2001,2026-09-01 01:00:00,22,93,Cerah,0,12.3
2026-08-30T15:09:49.119205+00:00,Kabupaten Gunungkidul,34.03.01.2001,2026-09-01 04:00:00,22,93,Cerah,0,6.5
2026-08-30T15:09:49.119205+00:00,Kabupaten Gunungkidul,34.03.01.2001,2026-09-01 07:00:00,26,66,Cerah,0,14
2026-08-30T15:09:49.119205+00:00,Kabupaten Gunungkidul,34.03.01.2001,2026-09-01 10:00:00,31,47,Cerah,0,17.2
2026-08-30T15:09:49.119205+00:00,Kabupaten Gunungkidul,34.03.01.2001,2026-09-01 13:00:00,31,51,Cerah,0,19.1
2026-08-30T15:09:49.119205+00:00,Kabupaten Gunungkidul,34.03.01.2001,2026-09-01 16:00:00,26,70,Cerah,0,23.1
2026-08-30T15:09:49.119205+00:00,Kabupaten Gunungkidul,34.03.01.2001,2026-09-01 19:00:00,24,83,Cerah,0,19.8
2026-08-30T15:09:49.119205+00:00,Kabupaten Gunungkidul,34.03.01.2001,2026-09-01 22:00:00,23,88,Cerah,0,16.5
2026-08-30T17:09:04.531349+00:00,Kota Yogyakarta,34.71.10.1001,2026-08-31 01:00:00,23,89,Cerah Berawan,0,3.7
2026-08-30T17:09:04.531349+00:00,Kota Yogyakarta,34.71.10.1001,2026-08-31 04:00:00,22,90,Cerah,0,2.3
2026-08-30T17:09:04.531349+00:00,Kota Yogyakarta,34.71.10.1001,2026-08-31 07:00:00,26,71,Cerah,0,1.1
2026-08-30T17:09:04.531349+00:00,Kota Yogyakarta,34.71.10.1001,2026-08-31 10:00:00,32,48,Cerah,0,2.6
2026-08-30T17:09:04.531349+00:00,Kota Yogyakarta,34.71.10.1001,2026-08-31 13:00:00,32,53,Cerah,0.3,11.2
2026-08-30T17:09:04.531349+00:00,Kota Yogyakarta,34.71.10.1001,2026-08-31 16:00:00,28,66,Cerah,0,14.5
2026-08-30T17:09:04.531349+00:00,Kota Yogyakarta,34.71.10.1001,2026-08-31 19:00:00,26,78,Cerah,0,8
2026-08-30T17:09:04.531349+00:00,Kota Yogyakarta,34.71.10.1001,2026-08-31 22:00:00,24,86,Cerah,0,2.3
2026-08-30T17:09:04.531349+00:00,Kota Yogyakarta,34.71.10.1001,2026-09-01 01:00:00,23,91,Cerah,0,3
2026-08-30T17:09:04.531349+00:00,Kota Yogyakarta,34.71.10.1001,2026-09-01 04:00:00,22,94,Cerah,0,4.9
2026-08-30T17:09:04.531349+00:00,Kota Yogyakarta,34.71.10.1001,2026-09-01 07:00:00,26,70,Cerah,0,2.5
2026-08-30T17:09:04.531349+00:00,Kota Yogyakarta,34.71.10.1001,2026-09-01 10:00:00,32,43,Cerah,0,7
2026-08-30T17:09:04.531349+00:00,Kota Yogyakarta,34.71.10.1001,2026-09-01 13:00:00,33,47,Cerah,0,10.8
2026-08-30T17:09:04.531349+00:00,Kota Yogyakarta,34.71.10.1001,2026-09-01 16:00:00,29,63,Cerah,0,14.9
2026-08-30T17:09:04.531349+00:00,Kota Yogyakarta,34.71.10.1001,2026-09-01 19:00:00,26,78,Cerah,0,5.9
2026-08-30T17:09:04.531349+00:00,Kota Yogyakarta,34.71.10.1001,2026-09-01 22:00:00,24,85,Cerah,0,1.5
2026-08-30T17:09:04.531349+00:00,Kota Yogyakarta,34.71.10.1001,2026-09-02 01:00:00,22,91,Cerah,0,2.5
2026-08-30T17:09:04.531349+00:00,Kota Yogyakarta,34.71.10.1001,2026-09-02 04:00:00,22,92,Cerah Berawan,0,1.3
2026-08-30T17:09:04.780088+00:00,Kabupaten Sleman,34.04.13.2002,2026-08-31 01:00:00,22,89,Cerah Berawan,0,2.9
2026-08-30T17:09:04.780088+00:00,Kabupaten Sleman,34.04.13.2002,2026-08-31 04:00:00,21,91,Cerah,0,3.7
2026-08-30T17:09:04.780088+00:00,Kabupaten Sleman,34.04.13.2002,2026-08-31 07:00:00,25,75,Cerah,0,3.7
2026-08-30T17:09:04.780088+00:00,Kabupaten Sleman,34.04.13.2002,2026-08-31 10:00:00,30,57,Cerah,0,5.9
2026-08-30T17:09:04.780088+00:00,Kabupaten Sleman,34.04.13.2002,2026-08-31 13:00:00,31,52,Cerah,0,8.9
2026-08-30T17:09:04.780088+00:00,Kabupaten Sleman,34.04.13.2002,2026-08-31 16:00:00,27,69,Cerah Berawan,0,12.8
2026-08-30T17:09:04.780088+00:00,Kabupaten Sleman,34.04.13.2002,2026-08-31 19:00:00,24,83,Cerah,0,5.2
2026-08-30T17:09:04.780088+00:00,Kabupaten Sleman,34.04.13.2002,2026-08-31 22:00:00,23,92,Cerah,0,3.5
2026-08-30T17:09:04.780088+00:00,Kabupaten Sleman,34.04.13.2002,2026-09-01 01:00:00,22,94,Cerah Berawan,0,4.9
2026-08-30T17:09:04.780088+00:00,Kabupaten Sleman,34.04.13.2002,2026-09-01 04:00:00,21,94,Cerah,0,4.1
2026-08-30T17:09:04.780088+00:00,Kabupaten Sleman,34.04.13.2002,2026-09-01 07:00:00,25,76,Cerah,0,1
2026-08-30T17:09:04.780088+00:00,Kabupaten Sleman,34.04.13.2002,2026-09-01 10:00:00,30,51,Cerah,0,7.2
2026-08-30T17:09:04.780088+00:00,Kabupaten Sleman,34.04.13.2002,2026-09-01 13:00:00,32,49,Cerah,0,10.9
2026-08-30T17:09:04.780088+00:00,Kabupaten Sleman,34.04.13.2002,2026-09-01 16:00:00,27,66,Cerah,0,14.7
2026-08-30T17:09:04.780088+00:00,Kabupaten Sleman,34.04.13.2002,2026-09-01 19:00:00,24,87,Cerah,0,5.1
2026-08-30T17:09:04.780088+00:00,Kabupaten Sleman,34.04.13.2002,2026-09-01 22:00:00,22,91,Cerah,0,3.2
2026-08-30T17:09:04.780088+00:00,Kabupaten Sleman,34.04.13.2002,2026-09-02 01:00:00,21,91,Cerah,0,4.6
2026-08-30T17:09:04.780088+00:00,Kabupaten Sleman,34.04.13.2002,2026-09-02 04:00:00,21,92,Cerah,0,1.1
2026-08-30T17:09:05.031343+00:00,Kabupaten Bantul,34.02.08.2003,2026-08-31 00:00:00,23,92,Cerah,0,3.7
2026-08-30T17:09:05.031343+00:00,Kabupaten Bantul,34.02.08.2003,2026-08-31 03:00:00,22,95,Cerah,0,2.1
2026-08-30T17:09:05.031343+00:00,Kabupaten Bantul,34.02.08.2003,2026-08-31 06:00:00,24,84,Cerah,0,2.2
2026-08-30T17:09:05.031343+00:00,Kabupaten Bantul,34.02.08.2003,2026-08-31 09:00:00,31,54,Cerah,0,3.6
2026-08-30T17:09:05.031343+00:00,Kabupaten Bantul,34.02.08.2003,2026-08-31 12:00:00,32,54,Cerah,0,16
2026-08-30T17:09:05.031343+00:00,Kabupaten Bantul,34.02.08.2003,2026-08-31 15:00:00,29,65,Cerah,0.1,16.3
2026-08-30T17:09:05.031343+00:00,Kabupaten Bantul,34.02.08.2003,2026-08-31 18:00:00,26,78,Cerah,0,8.1
2026-08-30T17:09:05.031343+00:00,Kabupaten Bantul,34.02.08.2003,2026-08-31 21:00:00,25,86,Cerah,0,0.5
2026-08-30T17:09:05.031343+00:00,Kabupaten Bantul,34.02.08.2003,2026-09-01 00:00:00,24,91,Cerah,0,0.9
2026-08-30T17:09:05.031343+00:00,Kabupaten Bantul,34.02.08.2003,2026-09-01 03:00:00,22,96,Cerah,0,2.4
2026-08-30T17:09:05.031343+00:00,Kabupaten Bantul,34.02.08.2003,2026-09-01 06:00:00,24,87,Cerah,0,4.1
2026-08-30T17:09:05.031343+00:00,Kabupaten Bantul,34.02.08.2003,2026-09-01 09:00:00,31,51,Cerah,0,9.2
2026-08-30T17:09:05.031343+00:00,Kabupaten Bantul,34.02.08.2003,2026-09-01 12:00:00,32,51,Cerah,0,18.1
2026-08-30T17:09:05.031343+00:00,Kabupaten Bantul,34.02.08.2003,2026-09-01 15:00:00,29,62,Cerah,0,18.7
2026-08-30T17:09:05.031343+00:00,Kabupaten Bantul,34.02.08.2003,2026-09-01 18:00:00,26,79,Cerah,0,3.8
2026-08-30T17:09:05.031343+00:00,Kabupaten Bantul,34.02.08.2003,2026-09-01 21:00:00,24,86,Cerah,0,1.2
2026-08-30T17:09:05.031343+00:00,Kabupaten Bantul,34.02.08.2003,2026-09-02 00:00:00,23,91,Cerah,0,0.8
2026-08-30T17:09:05.031343+00:00,Kabupaten Bantul,34.02.08.2003,2026-09-02 03:00:00,21,97,Cerah,0,3.1
2026-08-30T17:09:05.031343+00:00,Kabupaten Bantul,34.02.08.2003,2026-09-02 06:00:00,23,88,Cerah,0,3.1
2026-08-30T17:09:05.297408+00:00,Kabupaten Kulon Progo,34.01.02.1008,2026-08-31 00:00:00,22,93,Cerah,0,2
2026-08-30T17:09:05.297408+00:00,Kabupaten Kulon Progo,34.01.02.1008,2026-08-31 03:00:00,22,94,Cerah,0,2.5
2026-08-30T17:09:05.297408+00:00,Kabupaten Kulon Progo,34.01.02.1008,2026-08-31 06:00:00,24,86,Cerah,0,2.1
2026-08-30T17:09:05.297408+00:00,Kabupaten Kulon Progo,34.01.02.1008,2026-08-31 09:00:00,29,66,Cerah Berawan,0,7.8
2026-08-30T17:09:05.297408+00:00,Kabupaten Kulon Progo,34.01.02.1008,2026-08-31 12:00:00,29,68,Cerah,0.1,17
2026-08-30T17:09:05.297408+00:00,Kabupaten Kulon Progo,34.01.02.1008,2026-08-31 15:00:00,27,75,Cerah,0,16.3
2026-08-30T17:09:05.297408+00:00,Kabupaten Kulon Progo,34.01.02.1008,2026-08-31 18:00:00,25,86,Cerah,0,8
2026-08-30T17:09:05.297408+00:00,Kabupaten Kulon Progo,34.01.02.1008,2026-08-31 21:00:00,24,91,Cerah,0,1.5
2026-08-30T17:09:05.297408+00:00,Kabupaten Kulon Progo,34.01.02.1008,2026-09-01 00:00:00,23,92,Cerah,0,1
2026-08-30T17:09:05.297408+00:00,Kabupaten Kulon Progo,34.01.02.1008,2026-09-01 03:00:00,22,94,Cerah,0,1.1
2026-08-30T17:09:05.297408+00:00,Kabupaten Kulon Progo,34.01.02.1008,2026-09-01 06:00:00,24,86,Cerah,0,4.6
2026-08-30T17:09:05.297408+00:00,Kabupaten Kulon Progo,34.01.02.1008,2026-09-01 09:00:00,29,59,Cerah,0,11.9
2026-08-30T17:09:05.297408+00:00,Kabupaten Kulon Progo,34.01.02.1008,2026-09-01 12:00:00,29,62,Cerah,0,20.4
2026-08-30T17:09:05.297408+00:00,Kabupaten Kulon Progo,34.01.02.1008,2026-09-01 15:00:00,27,71,Cerah,0,18.5
2026-08-30T17:09:05.297408+00:00,Kabupaten Kulon Progo,34.01.02.1008,2026-09-01 18:00:00,24,87,Cerah,0,4
2026-08-30T17:09:05.297408+00:00,Kabupaten Kulon Progo,34.01.02.1008,2026-09-01 21:00:00,23,90,Cerah,0,1.5
2026-08-30T17:09:05.297408+00:00,Kabupaten Kulon Progo,34.01.02.1008,2026-09-02 00:00:00,22,93,Cerah,0,1.1
2026-08-30T17:09:05.297408+00:00,Kabupaten Kulon Progo,34.01.02.1008,2026-09-02 03:00:00,21,98,Cerah Berawan,0,2.9
2026-08-30T17:09:05.297408+00:00,Kabupaten Kulon Progo,34.01.02.1008,2026-09-02 06:00:00,23,91,Cerah,0,3.8
2026-08-30T17:09:05.557214+00:00,Kabupaten Gunungkidul,34.03.01.2001,2026-08-31 00:00:00,22,93,Cerah,0,3.9
2026-08-30T17:09:05.557214+00:00,Kabupaten Gunungkidul,34.03.01.2001,2026-08-31 03:00:00,22,98,Cerah,0,3.5
2026-08-30T17:09:05.557214+00:00,Kabupaten Gunungkidul,34.03.01.2001,2026-08-31 06:00:00,23,88,Cerah,0,3.1
2026-08-30T17:09:05.557214+00:00,Kabupaten Gunungkidul,34.03.01.2001,2026-08-31 09:00:00,30,50,Cerah Berawan,0,8.3
2026-08-30T17:09:05.557214+00:00,Kabupaten Gunungkidul,34.03.01.2001,2026-08-31 12:00:00,31,53,Cerah,0.2,17.5
2026-08-30T17:09:05.557214+00:00,Kabupaten Gunungkidul,34.03.01.2001,2026-08-31 15:00:00,28,64,Cerah,0,21.7
2026-08-30T17:09:05.557214+00:00,Kabupaten Gunungkidul,34.03.01.2001,2026-08-31 18:00:00,25,83,Cerah,0,18.1
2026-08-30T17:09:05.557214+00:00,Kabupaten Gunungkidul,34.03.01.2001,2026-08-31 21:00:00,24,87,Cerah,0,14.5
2026-08-30T17:09:05.557214+00:00,Kabupaten Gunungkidul,34.03.01.2001,2026-09-01 00:00:00,23,91,Cerah,0,12.3
2026-08-30T17:09:05.557214+00:00,Kabupaten Gunungkidul,34.03.01.2001,2026-09-01 03:00:00,22,93,Cerah,0,6.5
2026-08-30T17:09:05.557214+00:00,Kabupaten Gunungkidul,34.03.01.2001,2026-09-01 06:00:00,24,76,Cerah,0,14
2026-08-30T17:09:05.557214+00:00,Kabupaten Gunungkidul,34.03.01.2001,2026-09-01 09:00:00,30,50,Cerah,0,17.2
2026-08-30T17:09:05.557214+00:00,Kabupaten Gunungkidul,34.03.01.2001,2026-09-01 12:00:00,32,48,Cerah,0,19.1
2026-08-30T17:09:05.557214+00:00,Kabupaten Gunungkidul,34.03.01.2001,2026-09-01 15:00:00,28,62,Cerah,0,23.1
2026-08-30T17:09:05.557214+00:00,Kabupaten Gunungkidul,34.03.01.2001,2026-09-01 18:00:00,24,82,Cerah,0,19.8
2026-08-30T17:09:05.557214+00:00,Kabupaten Gunungkidul,34.03.01.2001,2026-09-01 21:00:00,23,85,Cerah,0,16.5
2026-08-30T17:09:05.557214+00:00,Kabupaten Gunungkidul,34.03.01.2001,2026-09-02 00:00:00,22,92,Cerah,0,10.7
2026-08-30T17:09:05.557214+00:00,Kabupaten Gunungkidul,34.03.01.2001,2026-09-02 03:00:00,21,93,Cerah,0,9.2
2026-08-30T17:09:05.557214+00:00,Kabupaten Gunungkidul,34.03.01.2001,2026-09-02 06:00:00,24,80,Cerah,0,11.4
2026-08-30T18:03:24.388836+00:00,Kota Yogyakarta,34.71.10.1001,2026-08-31 01:00:00,23,89,Cerah Berawan,0,3.7
2026-08-30T18:03:24.388836+00:00,Kota Yogyakarta,34.71.10.1001,2026-08-31 04:00:00,22,90,Cerah,0,2.3
2026-08-30T18:03:24.388836+00:00,Kota Yogyakarta,34.71.10.1001,2026-08-31 07:00:00,26,71,Cerah,0,1.1
2026-08-30T18:03:24.388836+00:00,Kota Yogyakarta,34.71.10.1001,2026-08-31 10:00:00,32,48,Cerah,0,2.6
2026-08-30T18:03:24.388836+00:00,Kota Yogyakarta,34.71.10.1001,2026-08-31 13:00:00,32,53,Cerah,0.3,11.2
2026-08-30T18:03:24.388836+00:00,Kota Yogyakarta,34.71.10.1001,2026-08-31 16:00:00,28,66,Cerah,0,14.5
2026-08-30T18:03:24.388836+00:00,Kota Yogyakarta,34.71.10.1001,2026-08-31 19:00:00,26,78,Cerah,0,8
2026-08-30T18:03:24.388836+00:00,Kota Yogyakarta,34.71.10.1001,2026-08-31 22:00:00,24,86,Cerah,0,2.3
2026-08-30T18:03:24.388836+00:00,Kota Yogyakarta,34.71.10.1001,2026-09-01 01:00:00,23,91,Cerah,0,3
2026-08-30T18:03:24.388836+00:00,Kota Yogyakarta,34.71.10.1001,2026-09-01 04:00:00,22,94,Cerah,0,4.9
2026-08-30T18:03:24.388836+00:00,Kota Yogyakarta,34.71.10.1001,2026-09-01 07:00:00,26,70,Cerah,0,2.5
2026-08-30T18:03:24.388836+00:00,Kota Yogyakarta,34.71.10.1001,2026-09-01 10:00:00,32,43,Cerah,0,7
2026-08-30T18:03:24.388836+00:00,Kota Yogyakarta,34.71.10.1001,2026-09-01 13:00:00,33,47,Cerah,0,10.8
2026-08-30T18:03:24.388836+00:00,Kota Yogyakarta,34.71.10.1001,2026-09-01 16:00:00,29,63,Cerah,0,14.9
2026-08-30T18:03:24.388836+00:00,Kota Yogyakarta,34.71.10.1001,2026-09-01 19:00:00,26,78,Cerah,0,5.9
2026-08-30T18:03:24.388836+00:00,Kota Yogyakarta,34.71.10.1001,2026-09-01 22:00:00,24,85,Cerah,0,1.5
2026-08-30T18:03:24.388836+00:00,Kota Yogyakarta,34.71.10.1001,2026-09-02 01:00:00,22,91,Cerah,0,2.5
2026-08-30T18:03:24.388836+00:00,Kota Yogyakarta,34.71.10.1001,2026-09-02 04:00:00,22,92,Cerah Berawan,0,1.3
2026-08-30T18:03:24.638152+00:00,Kabupaten Sleman,34.04.13.2002,2026-08-31 01:00:00,22,89,Cerah Berawan,0,2.9
2026-08-30T18:03:24.638152+00:00,Kabupaten Sleman,34.04.13.2002,2026-08-31 04:00:00,21,91,Cerah,0,3.7
2026-08-30T18:03:24.638152+00:00,Kabupaten Sleman,34.04.13.2002,2026-08-31 07:00:00,25,75,Cerah,0,3.7
2026-08-30T18:03:24.638152+00:00,Kabupaten Sleman,34.04.13.2002,2026-08-31 10:00:00,30,57,Cerah,0,5.9
2026-08-30T18:03:24.638152+00:00,Kabupaten Sleman,34.04.13.2002,2026-08-31 13:00:00,31,52,Cerah,0,8.9
2026-08-30T18:03:24.638152+00:00,Kabupaten Sleman,34.04.13.2002,2026-08-31 16:00:00,27,69,Cerah Berawan,0,12.8
2026-08-30T18:03:24.638152+00:00,Kabupaten Sleman,34.04.13.2002,2026-08-31 19:00:00,24,83,Cerah,0,5.2
2026-08-30T18:03:24.638152+00:00,Kabupaten Sleman,34.04.13.2002,2026-08-31 22:00:00,23,92,Cerah,0,3.5
2026-08-30T18:03:24.638152+00:00,Kabupaten Sleman,34.04.13.2002,2026-09-01 01:00:00,22,94,Cerah Berawan,0,4.9
2026-08-30T18:03:24.638152+00:00,Kabupaten Sleman,34.04.13.2002,2026-09-01 04:00:00,21,94,Cerah,0,4.1
2026-08-30T18:03:24.638152+00:00,Kabupaten Sleman,34.04.13.2002,2026-09-01 07:00:00,25,76,Cerah,0,1
2026-08-30T18:03:24.638152+00:00,Kabupaten Sleman,34.04.13.2002,2026-09-01 10:00:00,30,51,Cerah,0,7.2
2026-08-30T18:03:24.638152+00:00,Kabupaten Sleman,34.04.13.2002,2026-09-01 13:00:00,32,49,Cerah,0,10.9
2026-08-30T18:03:24.638152+00:00,Kabupaten Sleman,34.04.13.2002,2026-09-01 16:00:00,27,66,Cerah,0,14.7
2026-08-30T18:03:24.638152+00:00,Kabupaten Sleman,34.04.13.2002,2026-09-01 19:00:00,24,87,Cerah,0,5.1
2026-08-30T18:03:24.638152+00:00,Kabupaten Sleman,34.04.13.2002,2026-09-01 22:00:00,22,91,Cerah,0,3.2
2026-08-30T18:03:24.638152+00:00,Kabupaten Sleman,34.04.13.2002,2026-09-02 01:00:00,21,91,Cerah,0,4.6
2026-08-30T18:03:24.638152+00:00,Kabupaten Sleman,34.04.13.2002,2026-09-02 04:00:00,21,92,Cerah,0,1.1
2026-08-30T18:03:25.346083+00:00,Kabupaten Bantul,34.02.08.2003,2026-08-31 02:00:00,22,94,Cerah,0,2.1
2026-08-30T18:03:25.346083+00:00,Kabupaten Bantul,34.02.08.2003,2026-08-31 05:00:00,22,96,Cerah,0,2.2
2026-08-30T18:03:25.346083+00:00,Kabupaten Bantul,34.02.08.2003,2026-08-31 08:00:00,29,62,Cerah,0,3.6
2026-08-30T18:03:25.346083+00:00,Kabupaten Bantul,34.02.08.2003,2026-08-31 11:00:00,32,53,Cerah,0,16
2026-08-30T18:03:25.346083+00:00,Kabupaten Bantul,34.02.08.2003,2026-08-31 14:00:00,30,61,Cerah,0.1,16.3
2026-08-30T18:03:25.346083+00:00,Kabupaten Bantul,34.02.08.2003,2026-08-31 17:00:00,26,75,Cerah,0,8.1
2026-08-30T18:03:25.346083+00:00,Kabupaten Bantul,34.02.08.2003,2026-08-31 20:00:00,25,85,Cerah,0,0.5
2026-08-30T18:03:25.346083+00:00,Kabupaten Bantul,34.02.08.2003,2026-08-31 23:00:00,24,89,Cerah,0,0.9
2026-08-30T18:03:25.346083+00:00,Kabupaten Bantul,34.02.08.2003,2026-09-01 02:00:00,23,94,Cerah,0,2.4
2026-08-30T18:03:25.346083+00:00,Kabupaten Bantul,34.02.08.2003,2026-09-01 05:00:00,22,98,Cerah Berawan,0,4.1
2026-08-30T18:03:25.346083+00:00,Kabupaten Bantul,34.02.08.2003,2026-09-01 08:00:00,29,59,Cerah,0,9.2
2026-08-30T18:03:25.346083+00:00,Kabupaten Bantul,34.02.08.2003,2026-09-01 11:00:00,32,48,Cerah,0,18.1
2026-08-30T18:03:25.346083+00:00,Kabupaten Bantul,34.02.08.2003,2026-09-01 14:00:00,30,56,Cerah,0,18.7
2026-08-30T18:03:25.346083+00:00,Kabupaten Bantul,34.02.08.2003,2026-09-01 17:00:00,26,75,Cerah,0,3.8
2026-08-30T18:03:25.346083+00:00,Kabupaten Bantul,34.02.08.2003,2026-09-01 20:00:00,24,84,Cerah,0,1.2
2026-08-30T18:03:25.346083+00:00,Kabupaten Bantul,34.02.08.2003,2026-09-01 23:00:00,23,89,Cerah,0,0.8
2026-08-30T18:03:25.346083+00:00,Kabupaten Bantul,34.02.08.2003,2026-09-02 02:00:00,21,97,Cerah,0,3.1
2026-08-30T18:03:25.346083+00:00,Kabupaten Bantul,34.02.08.2003,2026-09-02 05:00:00,21,98,Cerah Berawan,0,3.1
2026-08-30T18:03:26.193351+00:00,Kabupaten Kulon Progo,34.01.02.1008,2026-08-31 02:00:00,22,94,Cerah Berawan,0,2.5
2026-08-30T18:03:26.193351+00:00,Kabupaten Kulon Progo,34.01.02.1008,2026-08-31 05:00:00,22,94,Cerah,0,2.1
2026-08-30T18:03:26.193351+00:00,Kabupaten Kulon Progo,34.01.02.1008,2026-08-31 08:00:00,28,69,Cerah,0,7.8
2026-08-30T18:03:26.193351+00:00,Kabupaten Kulon Progo,34.01.02.1008,2026-08-31 11:00:00,29,70,Cerah,0.1,17
2026-08-30T18:03:26.193351+00:00,Kabupaten Kulon Progo,34.01.02.1008,2026-08-31 14:00:00,28,71,Cerah,0,16.3
2026-08-30T18:03:26.193351+00:00,Kabupaten Kulon Progo,34.01.02.1008,2026-08-31 17:00:00,25,84,Cerah,0,8
2026-08-30T18:03:26.193351+00:00,Kabupaten Kulon Progo,34.01.02.1008,2026-08-31 20:00:00,24,89,Cerah,0,1.5
2026-08-30T18:03:26.193351+00:00,Kabupaten Kulon Progo,34.01.02.1008,2026-08-31 23:00:00,23,91,Cerah,0,1
2026-08-30T18:03:26.193351+00:00,Kabupaten Kulon Progo,34.01.02.1008,2026-09-01 02:00:00,23,93,Cerah,0,1.1
2026-08-30T18:03:26.193351+00:00,Kabupaten Kulon Progo,34.01.02.1008,2026-09-01 05:00:00,22,95,Cerah,0,4.6
2026-08-30T18:03:26.193351+00:00,Kabupaten Kulon Progo,34.01.02.1008,2026-09-01 08:00:00,28,65,Cerah,0,11.9
2026-08-30T18:03:26.193351+00:00,Kabupaten Kulon Progo,34.01.02.1008,2026-09-01 11:00:00,30,59,Cerah,0,20.4
2026-08-30T18:03:26.193351+00:00,Kabupaten Kulon Progo,34.01.02.1008,2026-09-01 14:00:00,28,67,Cerah,0,18.5
2026-08-30T18:03:26.193351+00:00,Kabupaten Kulon Progo,34.01.02.1008,2026-09-01 17:00:00,25,83,Cerah,0,4
2026-08-30T18:03:26.193351+00:00,Kabupaten Kulon Progo,34.01.02.1008,2026-09-01 20:00:00,23,90,Cerah,0,1.5
2026-08-30T18:03:26.193351+00:00,Kabupaten Kulon Progo,34.01.02.1008,2026-09-01 23:00:00,23,92,Cerah,0,1.1
2026-08-30T18:03:26.193351+00:00,Kabupaten Kulon Progo,34.01.02.1008,2026-09-02 02:00:00,21,97,Cerah,0,2.9
2026-08-30T18:03:26.193351+00:00,Kabupaten Kulon Progo,34.01.02.1008,2026-09-02 05:00:00,21,98,Cerah Berawan,0,3.8
2026-08-30T18:03:26.445235+00:00,Kabupaten Gunungkidul,34.03.01.2001,2026-08-31 01:00:00,22,95,Cerah,0,3.9
2026-08-30T18:03:26.445235+00:00,Kabupaten Gunungkidul,34.03.01.2001,2026-08-31 04:00:00,21,99,Cerah,0,3.5
2026-08-30T18:03:26.445235+00:00,Kabupaten Gunungkidul,34.03.01.2001,2026-08-31 07:00:00,26,71,Cerah,0,3.1
2026-08-30T18:03:26.445235+00:00,Kabupaten Gunungkidul,34.03.01.2001,2026-08-31 10:00:00,31,54,Cerah Berawan,0.2,8.3
2026-08-30T18:03:26.445235+00:00,Kabupaten Gunungkidul,34.03.01.2001,2026-08-31 13:00:00,31,52,Cerah,0,17.5
2026-08-30T18:03:26.445235+00:00,Kabupaten Gunungkidul,34.03.01.2001,2026-08-31 16:00:00,26,73,Cerah,0,21.7
2026-08-30T18:03:26.445235+00:00,Kabupaten Gunungkidul,34.03.01.2001,2026-08-31 19:00:00,24,85,Cerah,0,18.1
2026-08-30T18:03:26.445235+00:00,Kabupaten Gunungkidul,34.03.01.2001,2026-08-31 22:00:00,23,88,Cerah,0,14.5
2026-08-30T18:03:26.445235+00:00,Kabupaten Gunungkidul,34.03.01.2001,2026-09-01 01:00:00,22,93,Cerah,0,12.3
2026-08-30T18:03:26.445235+00:00,Kabupaten Gunungkidul,34.03.01.2001,2026-09-01 04:00:00,22,93,Cerah,0,6.5
2026-08-30T18:03:26.445235+00:00,Kabupaten Gunungkidul,34.03.01.2001,2026-09-01 07:00:00,26,66,Cerah,0,14
2026-08-30T18:03:26.445235+00:00,Kabupaten Gunungkidul,34.03.01.2001,2026-09-01 10:00:00,31,47,Cerah,0,17.2
2026-08-30T18:03:26.445235+00:00,Kabupaten Gunungkidul,34.03.01.2001,2026-09-01 13:00:00,31,51,Cerah,0,19.1
2026-08-30T18:03:26.445235+00:00,Kabupaten Gunungkidul,34.03.01.2001,2026-09-01 16:00:00,26,70,Cerah,0,23.1
2026-08-30T18:03:26.445235+00:00,Kabupaten Gunungkidul,34.03.01.2001,2026-09-01 19:00:00,24,83,Cerah,0,19.8
2026-08-30T18:03:26.445235+00:00,Kabupaten Gunungkidul,34.03.01.2001,2026-09-01 22:00:00,23,88,Cerah,0,16.5
2026-08-30T18:03:26.445235+00:00,Kabupaten Gunungkidul,34.03.01.2001,2026-09-02 01:00:00,22,92,Cerah,0,10.7
2026-08-30T18:03:26.445235+00:00,Kabupaten Gunungkidul,34.03.01.2001,2026-09-02 04:00:00,21,93,Cerah,0,9.2
2026-08-30T23:31:50.194723+00:00,Kota Yogyakarta,34.71.10.1001,2026-08-31 07:00:00,26,71,Cerah,0,1.1
2026-08-30T23:31:50.194723+00:00,Kota Yogyakarta,34.71.10.1001,2026-08-31 10:00:00,32,48,Cerah,0,2.6
2026-08-30T23:31:50.194723+00:00,Kota Yogyakarta,34.71.10.1001,2026-08-31 13:00:00,32,53,Cerah,0.3,11.2
2026-08-30T23:31:50.194723+00:00,Kota Yogyakarta,34.71.10.1001,2026-08-31 16:00:00,28,66,Cerah,0,14.5
2026-08-30T23:31:50.194723+00:00,Kota Yogyakarta,34.71.10.1001,2026-08-31 19:00:00,26,78,Cerah,0,8
2026-08-30T23:31:50.194723+00:00,Kota Yogyakarta,34.71.10.1001,2026-08-31 22:00:00,24,86,Cerah,0,2.3
2026-08-30T23:31:50.194723+00:00,Kota Yogyakarta,34.71.10.1001,2026-09-01 01:00:00,23,91,Cerah,0,3
2026-08-30T23:31:50.194723+00:00,Kota Yogyakarta,34.71.10.1001,2026-09-01 04:00:00,22,94,Cerah,0,4.9
2026-08-30T23:31:50.194723+00:00,Kota Yogyakarta,34.71.10.1001,2026-09-01 07:00:00,26,70,Cerah,0,2.5
2026-08-30T23:31:50.194723+00:00,Kota Yogyakarta,34.71.10.1001,2026-09-01 10:00:00,32,43,Cerah,0,7
2026-08-30T23:31:50.194723+00:00,Kota Yogyakarta,34.71.10.1001,2026-09-01 13:00:00,33,47,Cerah,0,10.8
2026-08-30T23:31:50.194723+00:00,Kota Yogyakarta,34.71.10.1001,2026-09-01 16:00:00,29,63,Cerah,0,14.9
2026-08-30T23:31:50.194723+00:00,Kota Yogyakarta,34.71.10.1001,2026-09-01 19:00:00,26,78,Cerah,0,5.9
2026-08-30T23:31:50.194723+00:00,Kota Yogyakarta,34.71.10.1001,2026-09-01 22:00:00,24,85,Cerah,0,1.5
2026-08-30T23:31:50.194723+00:00,Kota Yogyakarta,34.71.10.1001,2026-09-02 01:00:00,22,91,Cerah,0,2.5
2026-08-30T23:31:50.194723+00:00,Kota Yogyakarta,34.71.10.1001,2026-09-02 04:00:00,22,92,Cerah Berawan,0,1.3
2026-08-30T23:31:50.194723+00:00,Kota Yogyakarta,34.71.10.1001,2026-09-02 07:00:00,26,70,Cerah,0,3
2026-08-30T23:31:50.194723+00:00,Kota Yogyakarta,34.71.10.1001,2026-09-02 10:00:00,33,41,Cerah,0,10
2026-08-30T23:31:50.194723+00:00,Kota Yogyakarta,34.71.10.1001,2026-09-02 13:00:00,32,53,Cerah,0,10
2026-08-30T23:31:50.194723+00:00,Kota Yogyakarta,34.71.10.1001,2026-09-02 16:00:00,28,65,Cerah,0,6.4
2026-08-30T23:31:50.194723+00:00,Kota Yogyakarta,34.71.10.1001,2026-09-02 19:00:00,25,77,Cerah,0,6.4
2026-08-30T23:31:50.194723+00:00,Kota Yogyakarta,34.71.10.1001,2026-09-02 22:00:00,24,83,Cerah,0,3.6
2026-08-30T23:31:50.958788+00:00,Kabupaten Sleman,34.04.13.2002,2026-08-31 07:00:00,25,75,Cerah,0,3.7
2026-08-30T23:31:50.958788+00:00,Kabupaten Sleman,34.04.13.2002,2026-08-31 10:00:00,30,57,Cerah,0,5.9
2026-08-30T23:31:50.958788+00:00,Kabupaten Sleman,34.04.13.2002,2026-08-31 13:00:00,31,52,Cerah,0,8.9
2026-08-30T23:31:50.958788+00:00,Kabupaten Sleman,34.04.13.2002,2026-08-31 16:00:00,27,69,Cerah Berawan,0,12.8
2026-08-30T23:31:50.958788+00:00,Kabupaten Sleman,34.04.13.2002,2026-08-31 19:00:00,24,83,Cerah,0,5.2
2026-08-30T23:31:50.958788+00:00,Kabupaten Sleman,34.04.13.2002,2026-08-31 22:00:00,23,92,Cerah,0,3.5
2026-08-30T23:31:50.958788+00:00,Kabupaten Sleman,34.04.13.2002,2026-09-01 01:00:00,22,94,Cerah Berawan,0,4.9
2026-08-30T23:31:50.958788+00:00,Kabupaten Sleman,34.04.13.2002,2026-09-01 04:00:00,21,94,Cerah,0,4.1
2026-08-30T23:31:50.958788+00:00,Kabupaten Sleman,34.04.13.2002,2026-09-01 07:00:00,25,76,Cerah,0,1
2026-08-30T23:31:50.958788+00:00,Kabupaten Sleman,34.04.13.2002,2026-09-01 10:00:00,30,51,Cerah,0,7.2
2026-08-30T23:31:50.958788+00:00,Kabupaten Sleman,34.04.13.2002,2026-09-01 13:00:00,32,49,Cerah,0,10.9
2026-08-30T23:31:50.958788+00:00,Kabupaten Sleman,34.04.13.2002,2026-09-01 16:00:00,27,66,Cerah,0,14.7
2026-08-30T23:31:50.958788+00:00,Kabupaten Sleman,34.04.13.2002,2026-09-01 19:00:00,24,87,Cerah,0,5.1
2026-08-30T23:31:50.958788+00:00,Kabupaten Sleman,34.04.13.2002,2026-09-01 22:00:00,22,91,Cerah,0,3.2
2026-08-30T23:31:50.958788+00:00,Kabupaten Sleman,34.04.13.2002,2026-09-02 01:00:00,21,91,Cerah,0,4.6
2026-08-30T23:31:50.958788+00:00,Kabupaten Sleman,34.04.13.2002,2026-09-02 04:00:00,21,92,Cerah,0,1.1
2026-08-30T23:31:50.958788+00:00,Kabupaten Sleman,34.04.13.2002,2026-09-02 07:00:00,25,75,Cerah,0,2.8
2026-08-30T23:31:50.958788+00:00,Kabupaten Sleman,34.04.13.2002,2026-09-02 10:00:00,30,52,Cerah,0,6.7
2026-08-30T23:31:50.958788+00:00,Kabupaten Sleman,34.04.13.2002,2026-09-02 13:00:00,30,56,Cerah,0,6.7
2026-08-30T23:31:50.958788+00:00,Kabupaten Sleman,34.04.13.2002,2026-09-02 16:00:00,27,71,Cerah Berawan,0,6.2
2026-08-30T23:31:50.958788+00:00,Kabupaten Sleman,34.04.13.2002,2026-09-02 19:00:00,24,83,Cerah,0,6.2
2026-08-30T23:31:50.958788+00:00,Kabupaten Sleman,34.04.13.2002,2026-09-02 22:00:00,23,91,Berawan,0,4.3
2026-08-30T23:31:51.249195+00:00,Kabupaten Bantul,34.02.08.2003,2026-08-31 07:00:00,27,73,Cerah,0,2.2
2026-08-30T23:31:51.249195+00:00,Kabupaten Bantul,34.02.08.2003,2026-08-31 10:00:00,32,50,Cerah,0,3.6
2026-08-30T23:31:51.249195+00:00,Kabupaten Bantul,34.02.08.2003,2026-08-31 13:00:00,31,57,Cerah,0.1,16
2026-08-30T23:31:51.249195+00:00,Kabupaten Bantul,34.02.08.2003,2026-08-31 16:00:00,28,70,Cerah,0,16.3
2026-08-30T23:31:51.249195+00:00,Kabupaten Bantul,34.02.08.2003,2026-08-31 19:00:00,25,81,Cerah,0,8.1
2026-08-30T23:31:51.249195+00:00,Kabupaten Bantul,34.02.08.2003,2026-08-31 22:00:00,24,88,Cerah,0,0.5
2026-08-30T23:31:51.249195+00:00,Kabupaten Bantul,34.02.08.2003,2026-09-01 01:00:00,23,93,Cerah,0,0.9
2026-08-30T23:31:51.249195+00:00,Kabupaten Bantul,34.02.08.2003,2026-09-01 04:00:00,22,98,Cerah,0,2.4
2026-08-30T23:31:51.249195+00:00,Kabupaten Bantul,34.02.08.2003,2026-09-01 07:00:00,27,70,Cerah,0,4.1
2026-08-30T23:31:51.249195+00:00,Kabupaten Bantul,34.02.08.2003,2026-09-01 10:00:00,32,47,Cerah,0,9.2
2026-08-30T23:31:51.249195+00:00,Kabupaten Bantul,34.02.08.2003,2026-09-01 13:00:00,31,54,Cerah,0,18.1
2026-08-30T23:31:51.249195+00:00,Kabupaten Bantul,34.02.08.2003,2026-09-01 16:00:00,28,69,Cerah,0,18.7
2026-08-30T23:31:51.249195+00:00,Kabupaten Bantul,34.02.08.2003,2026-09-01 19:00:00,25,82,Cerah,0,3.8
2026-08-30T23:31:51.249195+00:00,Kabupaten Bantul,34.02.08.2003,2026-09-01 22:00:00,24,87,Cerah,0,1.2
2026-08-30T23:31:51.249195+00:00,Kabupaten Bantul,34.02.08.2003,2026-09-02 01:00:00,22,94,Cerah,0,0.8
2026-08-30T23:31:51.249195+00:00,Kabupaten Bantul,34.02.08.2003,2026-09-02 04:00:00,21,97,Cerah Berawan,0,3.1
2026-08-30T23:31:51.249195+00:00,Kabupaten Bantul,34.02.08.2003,2026-09-02 07:00:00,27,70,Cerah,0,3.1
2026-08-30T23:31:51.249195+00:00,Kabupaten Bantul,34.02.08.2003,2026-09-02 10:00:00,32,51,Cerah,0,21.8
2026-08-30T23:31:51.249195+00:00,Kabupaten Bantul,34.02.08.2003,2026-09-02 13:00:00,30,60,Cerah,0,21.8
2026-08-30T23:31:51.249195+00:00,Kabupaten Bantul,34.02.08.2003,2026-09-02 16:00:00,27,70,Cerah,0,5.7
2026-08-30T23:31:51.249195+00:00,Kabupaten Bantul,34.02.08.2003,2026-09-02 19:00:00,25,81,Cerah,0,5.7
2026-08-30T23:31:51.249195+00:00,Kabupaten Bantul,34.02.08.2003,2026-09-02 22:00:00,24,87,Cerah Berawan,0,1
2026-08-30T23:31:51.536983+00:00,Kabupaten Kulon Progo,34.01.02.1008,2026-08-31 07:00:00,26,77,Cerah,0,2.1
2026-08-30T23:31:51.536983+00:00,Kabupaten Kulon Progo,34.01.02.1008,2026-08-31 10:00:00,29,68,Cerah,0.1,7.8
2026-08-30T23:31:51.536983+00:00,Kabupaten Kulon Progo,34.01.02.1008,2026-08-31 13:00:00,29,67,Cerah,0,17
2026-08-30T23:31:51.536983+00:00,Kabupaten Kulon Progo,34.01.02.1008,2026-08-31 16:00:00,26,79,Cerah,0,16.3
2026-08-30T23:31:51.536983+00:00,Kabupaten Kulon Progo,34.01.02.1008,2026-08-31 19:00:00,24,88,Cerah,0,8
2026-08-30T23:31:51.536983+00:00,Kabupaten Kulon Progo,34.01.02.1008,2026-08-31 22:00:00,24,91,Cerah,0,1.5
2026-08-30T23:31:51.536983+00:00,Kabupaten Kulon Progo,34.01.02.1008,2026-09-01 01:00:00,23,92,Cerah,0,1
2026-08-30T23:31:51.536983+00:00,Kabupaten Kulon Progo,34.01.02.1008,2026-09-01 04:00:00,22,95,Cerah,0,1.1
2026-08-30T23:31:51.536983+00:00,Kabupaten Kulon Progo,34.01.02.1008,2026-09-01 07:00:00,26,74,Cerah,0,4.6
2026-08-30T23:31:51.536983+00:00,Kabupaten Kulon Progo,34.01.02.1008,2026-09-01 10:00:00,30,59,Cerah,0,11.9
2026-08-30T23:31:51.536983+00:00,Kabupaten Kulon Progo,34.01.02.1008,2026-09-01 13:00:00,29,65,Cerah,0,20.4
2026-08-30T23:31:51.536983+00:00,Kabupaten Kulon Progo,34.01.02.1008,2026-09-01 16:00:00,26,77,Cerah,0,18.5
2026-08-30T23:31:51.536983+00:00,Kabupaten Kulon Progo,34.01.02.1008,2026-09-01 19:00:00,24,88,Cerah,0,4
2026-08-30T23:31:51.536983+00:00,Kabupaten Kulon Progo,34.01.02.1008,2026-09-01 22:00:00,23,91,Cerah,0,1.5
2026-08-30T23:31:51.536983+00:00,Kabupaten Kulon Progo,34.01.02.1008,2026-09-02 01:00:00,22,95,Cerah,0,1.1
2026-08-30T23:31:51.536983+00:00,Kabupaten Kulon Progo,34.01.02.1008,2026-09-02 04:00:00,21,98,Cerah Berawan,0,2.9
2026-08-30T23:31:51.536983+00:00,Kabupaten Kulon Progo,34.01.02.1008,2026-09-02 07:00:00,26,74,Cerah,0.1,3.8
2026-08-30T23:31:51.536983+00:00,Kabupaten Kulon Progo,34.01.02.1008,2026-09-02 10:00:00,28,67,Cerah Berawan,0.1,21.2
2026-08-30T23:31:51.536983+00:00,Kabupaten Kulon Progo,34.01.02.1008,2026-09-02 13:00:00,28,68,Cerah,0,21.2
2026-08-30T23:31:51.536983+00:00,Kabupaten Kulon Progo,34.01.02.1008,2026-09-02 16:00:00,26,78,Cerah,0,4.4
2026-08-30T23:31:51.536983+00:00,Kabupaten Kulon Progo,34.01.02.1008,2026-09-02 19:00:00,24,85,Cerah,0,4.4
2026-08-30T23:31:51.536983+00:00,Kabupaten Kulon Progo,34.01.02.1008,2026-09-02 22:00:00,23,89,Cerah,0,1
2026-08-30T23:31:51.823612+00:00,Kabupaten Gunungkidul,34.03.01.2001,2026-08-31 07:00:00,26,71,Cerah,0,3.1
2026-08-30T23:31:51.823612+00:00,Kabupaten Gunungkidul,34.03.01.2001,2026-08-31 10:00:00,31,54,Cerah Berawan,0.2,8.3
2026-08-30T23:31:51.823612+00:00,Kabupaten Gunungkidul,34.03.01.2001,2026-08-31 13:00:00,31,52,Cerah,0,17.5
2026-08-30T23:31:51.823612+00:00,Kabupaten Gunungkidul,34.03.01.2001,2026-08-31 16:00:00,26,73,Cerah,0,21.7
2026-08-30T23:31:51.823612+00:00,Kabupaten Gunungkidul,34.03.01.2001,2026-08-31 19:00:00,24,85,Cerah,0,18.1
2026-08-30T23:31:51.823612+00:00,Kabupaten Gunungkidul,34.03.01.2001,2026-08-31 22:00:00,23,88,Cerah,0,14.5
2026-08-30T23:31:51.823612+00:00,Kabupaten Gunungkidul,34.03.01.2001,2026-09-01 01:00:00,22,93,Cerah,0,12.3
2026-08-30T23:31:51.823612+00:00,Kabupaten Gunungkidul,34.03.01.2001,2026-09-01 04:00:00,22,93,Cerah,0,6.5
2026-08-30T23:31:51.823612+00:00,Kabupaten Gunungkidul,34.03.01.2001,2026-09-01 07:00:00,26,66,Cerah,0,14
2026-08-30T23:31:51.823612+00:00,Kabupaten Gunungkidul,34.03.01.2001,2026-09-01 10:00:00,31,47,Cerah,0,17.2
2026-08-30T23:31:51.823612+00:00,Kabupaten Gunungkidul,34.03.01.2001,2026-09-01 13:00:00,31,51,Cerah,0,19.1
2026-08-30T23:31:51.823612+00:00,Kabupaten Gunungkidul,34.03.01.2001,2026-09-01 16:00:00,26,70,Cerah,0,23.1
2026-08-30T23:31:51.823612+00:00,Kabupaten Gunungkidul,34.03.01.2001,2026-09-01 19:00:00,24,83,Cerah,0,19.8
2026-08-30T23:31:51.823612+00:00,Kabupaten Gunungkidul,34.03.01.2001,2026-09-01 22:00:00,23,88,Cerah,0,16.5
2026-08-30T23:31:51.823612+00:00,Kabupaten Gunungkidul,34.03.01.2001,2026-09-02 01:00:00,22,92,Cerah,0,10.7
2026-08-30T23:31:51.823612+00:00,Kabupaten Gunungkidul,34.03.01.2001,2026-09-02 04:00:00,21,93,Cerah,0,9.2
2026-08-30T23:31:51.823612+00:00,Kabupaten Gunungkidul,34.03.01.2001,2026-09-02 07:00:00,26,69,Cerah,0,11.4
2026-08-30T23:31:51.823612+00:00,Kabupaten Gunungkidul,34.03.01.2001,2026-09-02 10:00:00,32,44,Cerah,0,22.2
2026-08-30T23:31:51.823612+00:00,Kabupaten Gunungkidul,34.03.01.2001,2026-09-02 13:00:00,30,57,Cerah,0,22.2
2026-08-30T23:31:51.823612+00:00,Kabupaten Gunungkidul,34.03.01.2001,2026-09-02 16:00:00,26,71,Cerah,0,18.6
2026-08-30T23:31:51.823612+00:00,Kabupaten Gunungkidul,34.03.01.2001,2026-09-02 19:00:00,24,84,Cerah,0,18.6
2026-08-30T23:31:51.823612+00:00,Kabupaten Gunungkidul,34.03.01.2001,2026-09-02 22:00:00,23,88,Cerah,0,13.3
2026-08-31T00:03:39.777572+00:00,Kota Yogyakarta,34.71.10.1001,2026-08-31 07:00:00,26,71,Cerah,0,1.1
2026-08-31T00:03:39.777572+00:00,Kota Yogyakarta,34.71.10.1001,2026-08-31 10:00:00,32,48,Cerah,0,2.6
2026-08-31T00:03:39.777572+00:00,Kota Yogyakarta,34.71.10.1001,2026-08-31 13:00:00,32,53,Cerah,0.3,11.2
2026-08-31T00:03:39.777572+00:00,Kota Yogyakarta,34.71.10.1001,2026-08-31 16:00:00,28,66,Cerah,0,14.5
2026-08-31T00:03:39.777572+00:00,Kota Yogyakarta,34.71.10.1001,2026-08-31 19:00:00,26,78,Cerah,0,8
2026-08-31T00:03:39.777572+00:00,Kota Yogyakarta,34.71.10.1001,2026-08-31 22:00:00,24,86,Cerah,0,2.3
2026-08-31T00:03:39.777572+00:00,Kota Yogyakarta,34.71.10.1001,2026-09-01 01:00:00,23,91,Cerah,0,3
2026-08-31T00:03:39.777572+00:00,Kota Yogyakarta,34.71.10.1001,2026-09-01 04:00:00,22,94,Cerah,0,4.9
2026-08-31T00:03:39.777572+00:00,Kota Yogyakarta,34.71.10.1001,2026-09-01 07:00:00,26,70,Cerah,0,2.5
2026-08-31T00:03:39.777572+00:00,Kota Yogyakarta,34.71.10.1001,2026-09-01 10:00:00,32,43,Cerah,0,7
2026-08-31T00:03:39.777572+00:00,Kota Yogyakarta,34.71.10.1001,2026-09-01 13:00:00,33,47,Cerah,0,10.8
2026-08-31T00:03:39.777572+00:00,Kota Yogyakarta,34.71.10.1001,2026-09-01 16:00:00,29,63,Cerah,0,14.9
2026-08-31T00:03:39.777572+00:00,Kota Yogyakarta,34.71.10.1001,2026-09-01 19:00:00,26,78,Cerah,0,5.9
2026-08-31T00:03:39.777572+00:00,Kota Yogyakarta,34.71.10.1001,2026-09-01 22:00:00,24,85,Cerah,0,1.5
2026-08-31T00:03:39.777572+00:00,Kota Yogyakarta,34.71.10.1001,2026-09-02 01:00:00,22,91,Cerah,0,2.5
2026-08-31T00:03:39.777572+00:00,Kota Yogyakarta,34.71.10.1001,2026-09-02 04:00:00,22,92,Cerah Berawan,0,1.3
2026-08-31T00:03:39.777572+00:00,Kota Yogyakarta,34.71.10.1001,2026-09-02 07:00:00,26,70,Cerah,0,3
2026-08-31T00:03:39.777572+00:00,Kota Yogyakarta,34.71.10.1001,2026-09-02 10:00:00,33,41,Cerah,0,10
2026-08-31T00:03:39.777572+00:00,Kota Yogyakarta,34.71.10.1001,2026-09-02 13:00:00,32,53,Cerah,0,10
2026-08-31T00:03:39.777572+00:00,Kota Yogyakarta,34.71.10.1001,2026-09-02 16:00:00,28,65,Cerah,0,6.4
2026-08-31T00:03:39.777572+00:00,Kota Yogyakarta,34.71.10.1001,2026-09-02 19:00:00,25,77,Cerah,0,6.4
2026-08-31T00:03:39.777572+00:00,Kota Yogyakarta,34.71.10.1001,2026-09-02 22:00:00,24,83,Cerah,0,3.6
2026-08-31T00:03:40.114648+00:00,Kabupaten Sleman,34.04.13.2002,2026-08-31 07:00:00,25,75,Cerah,0,3.7
2026-08-31T00:03:40.114648+00:00,Kabupaten Sleman,34.04.13.2002,2026-08-31 10:00:00,30,57,Cerah,0,5.9
2026-08-31T00:03:40.114648+00:00,Kabupaten Sleman,34.04.13.2002,2026-08-31 13:00:00,31,52,Cerah,0,8.9
2026-08-31T00:03:40.114648+00:00,Kabupaten Sleman,34.04.13.2002,2026-08-31 16:00:00,27,69,Cerah Berawan,0,12.8
2026-08-31T00:03:40.114648+00:00,Kabupaten Sleman,34.04.13.2002,2026-08-31 19:00:00,24,83,Cerah,0,5.2
2026-08-31T00:03:40.114648+00:00,Kabupaten Sleman,34.04.13.2002,2026-08-31 22:00:00,23,92,Cerah,0,3.5
2026-08-31T00:03:40.114648+00:00,Kabupaten Sleman,34.04.13.2002,2026-09-01 01:00:00,22,94,Cerah Berawan,0,4.9
2026-08-31T00:03:40.114648+00:00,Kabupaten Sleman,34.04.13.2002,2026-09-01 04:00:00,21,94,Cerah,0,4.1
2026-08-31T00:03:40.114648+00:00,Kabupaten Sleman,34.04.13.2002,2026-09-01 07:00:00,25,76,Cerah,0,1
2026-08-31T00:03:40.114648+00:00,Kabupaten Sleman,34.04.13.2002,2026-09-01 10:00:00,30,51,Cerah,0,7.2
2026-08-31T00:03:40.114648+00:00,Kabupaten Sleman,34.04.13.2002,2026-09-01 13:00:00,32,49,Cerah,0,10.9
2026-08-31T00:03:40.114648+00:00,Kabupaten Sleman,34.04.13.2002,2026-09-01 16:00:00,27,66,Cerah,0,14.7
2026-08-31T00:03:40.114648+00:00,Kabupaten Sleman,34.04.13.2002,2026-09-01 19:00:00,24,87,Cerah,0,5.1
2026-08-31T00:03:40.114648+00:00,Kabupaten Sleman,34.04.13.2002,2026-09-01 22:00:00,22,91,Cerah,0,3.2
2026-08-31T00:03:40.114648+00:00,Kabupaten Sleman,34.04.13.2002,2026-09-02 01:00:00,21,91,Cerah,0,4.6
2026-08-31T00:03:40.114648+00:00,Kabupaten Sleman,34.04.13.2002,2026-09-02 04:00:00,21,92,Cerah,0,1.1
2026-08-31T00:03:40.114648+00:00,Kabupaten Sleman,34.04.13.2002,2026-09-02 07:00:00,25,75,Cerah,0,2.8
2026-08-31T00:03:40.114648+00:00,Kabupaten Sleman,34.04.13.2002,2026-09-02 10:00:00,30,52,Cerah,0,6.7
2026-08-31T00:03:40.114648+00:00,Kabupaten Sleman,34.04.13.2002,2026-09-02 13:00:00,30,56,Cerah,0,6.7
2026-08-31T00:03:40.114648+00:00,Kabupaten Sleman,34.04.13.2002,2026-09-02 16:00:00,27,71,Cerah Berawan,0,6.2
2026-08-31T00:03:40.114648+00:00,Kabupaten Sleman,34.04.13.2002,2026-09-02 19:00:00,24,83,Cerah,0,6.2
2026-08-31T00:03:40.114648+00:00,Kabupaten Sleman,34.04.13.2002,2026-09-02 22:00:00,23,91,Berawan,0,4.3
2026-08-31T00:03:40.418413+00:00,Kabupaten Bantul,34.02.08.2003,2026-08-31 07:00:00,27,73,Cerah,0,2.2
2026-08-31T00:03:40.418413+00:00,Kabupaten Bantul,34.02.08.2003,2026-08-31 10:00:00,32,50,Cerah,0,3.6
2026-08-31T00:03:40.418413+00:00,Kabupaten Bantul,34.02.08.2003,2026-08-31 13:00:00,31,57,Cerah,0.1,16
2026-08-31T00:03:40.418413+00:00,Kabupaten Bantul,34.02.08.2003,2026-08-31 16:00:00,28,70,Cerah,0,16.3
2026-08-31T00:03:40.418413+00:00,Kabupaten Bantul,34.02.08.2003,2026-08-31 19:00:00,25,81,Cerah,0,8.1
2026-08-31T00:03:40.418413+00:00,Kabupaten Bantul,34.02.08.2003,2026-08-31 22:00:00,24,88,Cerah,0,0.5
2026-08-31T00:03:40.418413+00:00,Kabupaten Bantul,34.02.08.2003,2026-09-01 01:00:00,23,93,Cerah,0,0.9
2026-08-31T00:03:40.418413+00:00,Kabupaten Bantul,34.02.08.2003,2026-09-01 04:00:00,22,98,Cerah,0,2.4
2026-08-31T00:03:40.418413+00:00,Kabupaten Bantul,34.02.08.2003,2026-09-01 07:00:00,27,70,Cerah,0,4.1
2026-08-31T00:03:40.418413+00:00,Kabupaten Bantul,34.02.08.2003,2026-09-01 10:00:00,32,47,Cerah,0,9.2
2026-08-31T00:03:40.418413+00:00,Kabupaten Bantul,34.02.08.2003,2026-09-01 13:00:00,31,54,Cerah,0,18.1
2026-08-31T00:03:40.418413+00:00,Kabupaten Bantul,34.02.08.2003,2026-09-01 16:00:00,28,69,Cerah,0,18.7
2026-08-31T00:03:40.418413+00:00,Kabupaten Bantul,34.02.08.2003,2026-09-01 19:00:00,25,82,Cerah,0,3.8
2026-08-31T00:03:40.418413+00:00,Kabupaten Bantul,34.02.08.2003,2026-09-01 22:00:00,24,87,Cerah,0,1.2
2026-08-31T00:03:40.418413+00:00,Kabupaten Bantul,34.02.08.2003,2026-09-02 01:00:00,22,94,Cerah,0,0.8
2026-08-31T00:03:40.418413+00:00,Kabupaten Bantul,34.02.08.2003,2026-09-02 04:00:00,21,97,Cerah Berawan,0,3.1
2026-08-31T00:03:40.418413+00:00,Kabupaten Bantul,34.02.08.2003,2026-09-02 07:00:00,27,70,Cerah,0,3.1
2026-08-31T00:03:40.418413+00:00,Kabupaten Bantul,34.02.08.2003,2026-09-02 10:00:00,32,51,Cerah,0,21.8
2026-08-31T00:03:40.418413+00:00,Kabupaten Bantul,34.02.08.2003,2026-09-02 13:00:00,30,60,Cerah,0,21.8
2026-08-31T00:03:40.418413+00:00,Kabupaten Bantul,34.02.08.2003,2026-09-02 16:00:00,27,70,Cerah,0,5.7
2026-08-31T00:03:40.418413+00:00,Kabupaten Bantul,34.02.08.2003,2026-09-02 19:00:00,25,81,Cerah,0,5.7
2026-08-31T00:03:40.418413+00:00,Kabupaten Bantul,34.02.08.2003,2026-09-02 22:00:00,24,87,Cerah Berawan,0,1
2026-08-31T00:03:40.699509+00:00,Kabupaten Kulon Progo,34.01.02.1008,2026-08-31 07:00:00,26,77,Cerah,0,2.1
2026-08-31T00:03:40.699509+00:00,Kabupaten Kulon Progo,34.01.02.1008,2026-08-31 10:00:00,29,68,Cerah,0.1,7.8
2026-08-31T00:03:40.699509+00:00,Kabupaten Kulon Progo,34.01.02.1008,2026-08-31 13:00:00,29,67,Cerah,0,17
2026-08-31T00:03:40.699509+00:00,Kabupaten Kulon Progo,34.01.02.1008,2026-08-31 16:00:00,26,79,Cerah,0,16.3
2026-08-31T00:03:40.699509+00:00,Kabupaten Kulon Progo,34.01.02.1008,2026-08-31 19:00:00,24,88,Cerah,0,8
2026-08-31T00:03:40.699509+00:00,Kabupaten Kulon Progo,34.01.02.1008,2026-08-31 22:00:00,24,91,Cerah,0,1.5
2026-08-31T00:03:40.699509+00:00,Kabupaten Kulon Progo,34.01.02.1008,2026-09-01 01:00:00,23,92,Cerah,0,1
2026-08-31T00:03:40.699509+00:00,Kabupaten Kulon Progo,34.01.02.1008,2026-09-01 04:00:00,22,95,Cerah,0,1.1
2026-08-31T00:03:40.699509+00:00,Kabupaten Kulon Progo,34.01.02.1008,2026-09-01 07:00:00,26,74,Cerah,0,4.6
2026-08-31T00:03:40.699509+00:00,Kabupaten Kulon Progo,34.01.02.1008,2026-09-01 10:00:00,30,59,Cerah,0,11.9
2026-08-31T00:03:40.699509+00:00,Kabupaten Kulon Progo,34.01.02.1008,2026-09-01 13:00:00,29,65,Cerah,0,20.4
2026-08-31T00:03:40.699509+00:00,Kabupaten Kulon Progo,34.01.02.1008,2026-09-01 16:00:00,26,77,Cerah,0,18.5
2026-08-31T00:03:40.699509+00:00,Kabupaten Kulon Progo,34.01.02.1008,2026-09-01 19:00:00,24,88,Cerah,0,4
2026-08-31T00:03:40.699509+00:00,Kabupaten Kulon Progo,34.01.02.1008,2026-09-01 22:00:00,23,91,Cerah,0,1.5
2026-08-31T00:03:40.699509+00:00,Kabupaten Kulon Progo,34.01.02.1008,2026-09-02 01:00:00,22,95,Cerah,0,1.1
2026-08-31T00:03:40.699509+00:00,Kabupaten Kulon Progo,34.01.02.1008,2026-09-02 04:00:00,21,98,Cerah Berawan,0,2.9
2026-08-31T00:03:40.699509+00:00,Kabupaten Kulon Progo,34.01.02.1008,2026-09-02 07:00:00,26,74,Cerah,0.1,3.8
2026-08-31T00:03:40.699509+00:00,Kabupaten Kulon Progo,34.01.02.1008,2026-09-02 10:00:00,28,67,Cerah Berawan,0.1,21.2
2026-08-31T00:03:40.699509+00:00,Kabupaten Kulon Progo,34.01.02.1008,2026-09-02 13:00:00,28,68,Cerah,0,21.2
2026-08-31T00:03:40.699509+00:00,Kabupaten Kulon Progo,34.01.02.1008,2026-09-02 16:00:00,26,78,Cerah,0,4.4
2026-08-31T00:03:40.699509+00:00,Kabupaten Kulon Progo,34.01.02.1008,2026-09-02 19:00:00,24,85,Cerah,0,4.4
2026-08-31T00:03:40.699509+00:00,Kabupaten Kulon Progo,34.01.02.1008,2026-09-02 22:00:00,23,89,Cerah,0,1
2026-08-31T00:03:41.059061+00:00,Kabupaten Gunungkidul,34.03.01.2001,2026-08-31 07:00:00,26,71,Cerah,0,3.1
2026-08-31T00:03:41.059061+00:00,Kabupaten Gunungkidul,34.03.01.2001,2026-08-31 10:00:00,31,54,Cerah Berawan,0.2,8.3
2026-08-31T00:03:41.059061+00:00,Kabupaten Gunungkidul,34.03.01.2001,2026-08-31 13:00:00,31,52,Cerah,0,17.5
2026-08-31T00:03:41.059061+00:00,Kabupaten Gunungkidul,34.03.01.2001,2026-08-31 16:00:00,26,73,Cerah,0,21.7
2026-08-31T00:03:41.059061+00:00,Kabupaten Gunungkidul,34.03.01.2001,2026-08-31 19:00:00,24,85,Cerah,0,18.1
2026-08-31T00:03:41.059061+00:00,Kabupaten Gunungkidul,34.03.01.2001,2026-08-31 22:00:00,23,88,Cerah,0,14.5
2026-08-31T00:03:41.059061+00:00,Kabupaten Gunungkidul,34.03.01.2001,2026-09-01 01:00:00,22,93,Cerah,0,12.3
2026-08-31T00:03:41.059061+00:00,Kabupaten Gunungkidul,34.03.01.2001,2026-09-01 04:00:00,22,93,Cerah,0,6.5
2026-08-31T00:03:41.059061+00:00,Kabupaten Gunungkidul,34.03.01.2001,2026-09-01 07:00:00,26,66,Cerah,0,14
2026-08-31T00:03:41.059061+00:00,Kabupaten Gunungkidul,34.03.01.2001,2026-09-01 10:00:00,31,47,Cerah,0,17.2
2026-08-31T00:03:41.059061+00:00,Kabupaten Gunungkidul,34.03.01.2001,2026-09-01 13:00:00,31,51,Cerah,0,19.1
2026-08-31T00:03:41.059061+00:00,Kabupaten Gunungkidul,34.03.01.2001,2026-09-01 16:00:00,26,70,Cerah,0,23.1
2026-08-31T00:03:41.059061+00:00,Kabupaten Gunungkidul,34.03.01.2001,2026-09-01 19:00:00,24,83,Cerah,0,19.8
2026-08-31T00:03:41.059061+00:00,Kabupaten Gunungkidul,34.03.01.2001,2026-09-01 22:00:00,23,88,Cerah,0,16.5
2026-08-31T00:03:41.059061+00:00,Kabupaten Gunungkidul,34.03.01.2001,2026-09-02 01:00:00,22,92,Cerah,0,10.7
2026-08-31T00:03:41.059061+00:00,Kabupaten Gunungkidul,34.03.01.2001,2026-09-02 04:00:00,21,93,Cerah,0,9.2
2026-08-31T00:03:41.059061+00:00,Kabupaten Gunungkidul,34.03.01.2001,2026-09-02 07:00:00,26,69,Cerah,0,11.4
2026-08-31T00:03:41.059061+00:00,Kabupaten Gunungkidul,34.03.01.2001,2026-09-02 10:00:00,32,44,Cerah,0,22.2
2026-08-31T00:03:41.059061+00:00,Kabupaten Gunungkidul,34.03.01.2001,2026-09-02 13:00:00,30,57,Cerah,0,22.2
2026-08-31T00:03:41.059061+00:00,Kabupaten Gunungkidul,34.03.01.2001,2026-09-02 16:00:00,26,71,Cerah,0,18.6
2026-08-31T00:03:41.059061+00:00,Kabupaten Gunungkidul,34.03.01.2001,2026-09-02 19:00:00,24,84,Cerah,0,18.6
2026-08-31T00:03:41.059061+00:00,Kabupaten Gunungkidul,34.03.01.2001,2026-09-02 22:00:00,23,88,Cerah,0,13.3
2026-08-31T01:05:28.254753+00:00,Kota Yogyakarta,34.71.10.1001,2026-08-31 09:00:00,30,54,Cerah,0,2.6
2026-08-31T01:05:28.254753+00:00,Kota Yogyakarta,34.71.10.1001,2026-08-31 12:00:00,33,44,Cerah,0,11.2
2026-08-31T01:05:28.254753+00:00,Kota Yogyakarta,34.71.10.1001,2026-08-31 15:00:00,30,60,Cerah,0.3,14.5
2026-08-31T01:05:28.254753+00:00,Kota Yogyakarta,34.71.10.1001,2026-08-31 18:00:00,26,75,Cerah,0,8
2026-08-31T01:05:28.254753+00:00,Kota Yogyakarta,34.71.10.1001,2026-08-31 21:00:00,25,84,Cerah,0,2.3
2026-08-31T01:05:28.254753+00:00,Kota Yogyakarta,34.71.10.1001,2026-09-01 00:00:00,24,90,Cerah,0,3
2026-08-31T01:05:28.254753+00:00,Kota Yogyakarta,34.71.10.1001,2026-09-01 03:00:00,23,92,Cerah,0,4.9
2026-08-31T01:05:28.254753+00:00,Kota Yogyakarta,34.71.10.1001,2026-09-01 06:00:00,24,83,Cerah,0,2.5
2026-08-31T01:05:28.254753+00:00,Kota Yogyakarta,34.71.10.1001,2026-09-01 09:00:00,31,49,Cerah,0,7
2026-08-31T01:05:28.254753+00:00,Kota Yogyakarta,34.71.10.1001,2026-09-01 12:00:00,34,42,Cerah,0,10.8
2026-08-31T01:05:28.254753+00:00,Kota Yogyakarta,34.71.10.1001,2026-09-01 15:00:00,30,55,Cerah,0,14.9
2026-08-31T01:05:28.254753+00:00,Kota Yogyakarta,34.71.10.1001,2026-09-01 18:00:00,26,74,Cerah,0,5.9
2026-08-31T01:05:28.254753+00:00,Kota Yogyakarta,34.71.10.1001,2026-09-01 21:00:00,25,83,Cerah,0,1.5
2026-08-31T01:05:28.254753+00:00,Kota Yogyakarta,34.71.10.1001,2026-09-02 00:00:00,23,89,Cerah,0,2.5
2026-08-31T01:05:28.254753+00:00,Kota Yogyakarta,34.71.10.1001,2026-09-02 03:00:00,22,92,Cerah Berawan,0,1.3
2026-08-31T01:05:28.254753+00:00,Kota Yogyakarta,34.71.10.1001,2026-09-02 06:00:00,24,83,Cerah,0,3
2026-08-31T01:05:28.254753+00:00,Kota Yogyakarta,34.71.10.1001,2026-09-02 09:00:00,31,48,Cerah,0,3
2026-08-31T01:05:28.254753+00:00,Kota Yogyakarta,34.71.10.1001,2026-09-02 12:00:00,34,41,Cerah,0,10
2026-08-31T01:05:28.254753+00:00,Kota Yogyakarta,34.71.10.1001,2026-09-02 15:00:00,29,62,Cerah,0,10
2026-08-31T01:05:28.254753+00:00,Kota Yogyakarta,34.71.10.1001,2026-09-02 18:00:00,26,73,Cerah,0,6.4
2026-08-31T01:05:28.254753+00:00,Kota Yogyakarta,34.71.10.1001,2026-09-02 21:00:00,24,82,Cerah,0,6.4
2026-08-31T01:05:29.033950+00:00,Kabupaten Sleman,34.04.13.2002,2026-08-31 09:00:00,28,61,Cerah,0,5.9
2026-08-31T01:05:29.033950+00:00,Kabupaten Sleman,34.04.13.2002,2026-08-31 12:00:00,32,45,Cerah,0,8.9
2026-08-31T01:05:29.033950+00:00,Kabupaten Sleman,34.04.13.2002,2026-08-31 15:00:00,29,62,Cerah,0,12.8
2026-08-31T01:05:29.033950+00:00,Kabupaten Sleman,34.04.13.2002,2026-08-31 18:00:00,25,78,Cerah,0,5.2
2026-08-31T01:05:29.033950+00:00,Kabupaten Sleman,34.04.13.2002,2026-08-31 21:00:00,23,90,Cerah,0,3.5
2026-08-31T01:05:29.033950+00:00,Kabupaten Sleman,34.04.13.2002,2026-09-01 00:00:00,22,96,Cerah Berawan,0,4.9
2026-08-31T01:05:29.033950+00:00,Kabupaten Sleman,34.04.13.2002,2026-09-01 03:00:00,21,94,Cerah Berawan,0,4.1
2026-08-31T01:05:29.033950+00:00,Kabupaten Sleman,34.04.13.2002,2026-09-01 06:00:00,23,85,Cerah,0,1
2026-08-31T01:05:29.033950+00:00,Kabupaten Sleman,34.04.13.2002,2026-09-01 09:00:00,29,60,Cerah,0,7.2
2026-08-31T01:05:29.033950+00:00,Kabupaten Sleman,34.04.13.2002,2026-09-01 12:00:00,32,46,Cerah,0,10.9
2026-08-31T01:05:29.033950+00:00,Kabupaten Sleman,34.04.13.2002,2026-09-01 15:00:00,29,59,Cerah,0,14.7
2026-08-31T01:05:29.033950+00:00,Kabupaten Sleman,34.04.13.2002,2026-09-01 18:00:00,24,81,Cerah,0,5.1
2026-08-31T01:05:29.033950+00:00,Kabupaten Sleman,34.04.13.2002,2026-09-01 21:00:00,22,91,Cerah,0,3.2
2026-08-31T01:05:29.033950+00:00,Kabupaten Sleman,34.04.13.2002,2026-09-02 00:00:00,21,92,Cerah,0,4.6
2026-08-31T01:05:29.033950+00:00,Kabupaten Sleman,34.04.13.2002,2026-09-02 03:00:00,21,93,Cerah,0,1.1
2026-08-31T01:05:29.033950+00:00,Kabupaten Sleman,34.04.13.2002,2026-09-02 06:00:00,23,86,Cerah,0,2.8
2026-08-31T01:05:29.033950+00:00,Kabupaten Sleman,34.04.13.2002,2026-09-02 09:00:00,28,59,Cerah,0,2.8
2026-08-31T01:05:29.033950+00:00,Kabupaten Sleman,34.04.13.2002,2026-09-02 12:00:00,32,45,Cerah,0,6.7
2026-08-31T01:05:29.033950+00:00,Kabupaten Sleman,34.04.13.2002,2026-09-02 15:00:00,28,67,Cerah,0,6.7
2026-08-31T01:05:29.033950+00:00,Kabupaten Sleman,34.04.13.2002,2026-09-02 18:00:00,25,79,Cerah,0,6.2
2026-08-31T01:05:29.033950+00:00,Kabupaten Sleman,34.04.13.2002,2026-09-02 21:00:00,23,89,Cerah Berawan,0,6.2
2026-08-31T01:05:29.341733+00:00,Kabupaten Bantul,34.02.08.2003,2026-08-31 08:00:00,29,62,Cerah,0,3.6
2026-08-31T01:05:29.341733+00:00,Kabupaten Bantul,34.02.08.2003,2026-08-31 11:00:00,32,53,Cerah,0,16
2026-08-31T01:05:29.341733+00:00,Kabupaten Bantul,34.02.08.2003,2026-08-31 14:00:00,30,61,Cerah,0.1,16.3
2026-08-31T01:05:29.341733+00:00,Kabupaten Bantul,34.02.08.2003,2026-08-31 17:00:00,26,75,Cerah,0,8.1
2026-08-31T01:05:29.341733+00:00,Kabupaten Bantul,34.02.08.2003,2026-08-31 20:00:00,25,85,Cerah,0,0.5
2026-08-31T01:05:29.341733+00:00,Kabupaten Bantul,34.02.08.2003,2026-08-31 23:00:00,24,89,Cerah,0,0.9
2026-08-31T01:05:29.341733+00:00,Kabupaten Bantul,34.02.08.2003,2026-09-01 02:00:00,23,94,Cerah,0,2.4
2026-08-31T01:05:29.341733+00:00,Kabupaten Bantul,34.02.08.2003,2026-09-01 05:00:00,22,98,Cerah Berawan,0,4.1
2026-08-31T01:05:29.341733+00:00,Kabupaten Bantul,34.02.08.2003,2026-09-01 08:00:00,29,59,Cerah,0,9.2
2026-08-31T01:05:29.341733+00:00,Kabupaten Bantul,34.02.08.2003,2026-09-01 11:00:00,32,48,Cerah,0,18.1
2026-08-31T01:05:29.341733+00:00,Kabupaten Bantul,34.02.08.2003,2026-09-01 14:00:00,30,56,Cerah,0,18.7
2026-08-31T01:05:29.341733+00:00,Kabupaten Bantul,34.02.08.2003,2026-09-01 17:00:00,26,75,Cerah,0,3.8
2026-08-31T01:05:29.341733+00:00,Kabupaten Bantul,34.02.08.2003,2026-09-01 20:00:00,24,84,Cerah,0,1.2
2026-08-31T01:05:29.341733+00:00,Kabupaten Bantul,34.02.08.2003,2026-09-01 23:00:00,23,89,Cerah,0,0.8
2026-08-31T01:05:29.341733+00:00,Kabupaten Bantul,34.02.08.2003,2026-09-02 02:00:00,21,97,Cerah,0,3.1
2026-08-31T01:05:29.341733+00:00,Kabupaten Bantul,34.02.08.2003,2026-09-02 05:00:00,21,98,Cerah Berawan,0,3.1
2026-08-31T01:05:29.341733+00:00,Kabupaten Bantul,34.02.08.2003,2026-09-02 08:00:00,29,58,Cerah,0,3.1
2026-08-31T01:05:29.341733+00:00,Kabupaten Bantul,34.02.08.2003,2026-09-02 11:00:00,32,52,Cerah,0,21.8
2026-08-31T01:05:29.341733+00:00,Kabupaten Bantul,34.02.08.2003,2026-09-02 14:00:00,29,63,Cerah,0,21.8
2026-08-31T01:05:29.341733+00:00,Kabupaten Bantul,34.02.08.2003,2026-09-02 17:00:00,26,74,Cerah,0,5.7
2026-08-31T01:05:29.341733+00:00,Kabupaten Bantul,34.02.08.2003,2026-09-02 20:00:00,24,83,Cerah,0,5.7
2026-08-31T01:05:29.341733+00:00,Kabupaten Bantul,34.02.08.2003,2026-09-02 23:00:00,24,88,Cerah,0,1
2026-08-31T01:05:29.655566+00:00,Kabupaten Kulon Progo,34.01.02.1008,2026-08-31 08:00:00,28,69,Cerah,0,7.8
2026-08-31T01:05:29.655566+00:00,Kabupaten Kulon Progo,34.01.02.1008,2026-08-31 11:00:00,29,70,Cerah,0.1,17
2026-08-31T01:05:29.655566+00:00,Kabupaten Kulon Progo,34.01.02.1008,2026-08-31 14:00:00,28,71,Cerah,0,16.3
2026-08-31T01:05:29.655566+00:00,Kabupaten Kulon Progo,34.01.02.1008,2026-08-31 17:00:00,25,84,Cerah,0,8
2026-08-31T01:05:29.655566+00:00,Kabupaten Kulon Progo,34.01.02.1008,2026-08-31 20:00:00,24,89,Cerah,0,1.5
2026-08-31T01:05:29.655566+00:00,Kabupaten Kulon Progo,34.01.02.1008,2026-08-31 23:00:00,23,91,Cerah,0,1
2026-08-31T01:05:29.655566+00:00,Kabupaten Kulon Progo,34.01.02.1008,2026-09-01 02:00:00,23,93,Cerah,0,1.1
2026-08-31T01:05:29.655566+00:00,Kabupaten Kulon Progo,34.01.02.1008,2026-09-01 05:00:00,22,95,Cerah,0,4.6
2026-08-31T01:05:29.655566+00:00,Kabupaten Kulon Progo,34.01.02.1008,2026-09-01 08:00:00,28,65,Cerah,0,11.9
2026-08-31T01:05:29.655566+00:00,Kabupaten Kulon Progo,34.01.02.1008,2026-09-01 11:00:00,30,59,Cerah,0,20.4
2026-08-31T01:05:29.655566+00:00,Kabupaten Kulon Progo,34.01.02.1008,2026-09-01 14:00:00,28,67,Cerah,0,18.5
2026-08-31T01:05:29.655566+00:00,Kabupaten Kulon Progo,34.01.02.1008,2026-09-01 17:00:00,25,83,Cerah,0,4
2026-08-31T01:05:29.655566+00:00,Kabupaten Kulon Progo,34.01.02.1008,2026-09-01 20:00:00,23,90,Cerah,0,1.5
2026-08-31T01:05:29.655566+00:00,Kabupaten Kulon Progo,34.01.02.1008,2026-09-01 23:00:00,23,92,Cerah,0,1.1
2026-08-31T01:05:29.655566+00:00,Kabupaten Kulon Progo,34.01.02.1008,2026-09-02 02:00:00,21,97,Cerah,0,2.9
2026-08-31T01:05:29.655566+00:00,Kabupaten Kulon Progo,34.01.02.1008,2026-09-02 05:00:00,21,98,Cerah Berawan,0,3.8
2026-08-31T01:05:29.655566+00:00,Kabupaten Kulon Progo,34.01.02.1008,2026-09-02 08:00:00,28,67,Cerah Berawan,0.1,3.8
2026-08-31T01:05:29.655566+00:00,Kabupaten Kulon Progo,34.01.02.1008,2026-09-02 11:00:00,28,68,Cerah,0.1,21.2
2026-08-31T01:05:29.655566+00:00,Kabupaten Kulon Progo,34.01.02.1008,2026-09-02 14:00:00,28,70,Cerah,0,21.2
2026-08-31T01:05:29.655566+00:00,Kabupaten Kulon Progo,34.01.02.1008,2026-09-02 17:00:00,24,82,Cerah,0,4.4
2026-08-31T01:05:29.655566+00:00,Kabupaten Kulon Progo,34.01.02.1008,2026-09-02 20:00:00,24,87,Cerah,0,4.4
2026-08-31T01:05:29.655566+00:00,Kabupaten Kulon Progo,34.01.02.1008,2026-09-02 23:00:00,23,89,Cerah Berawan,0,1
2026-08-31T01:05:29.962797+00:00,Kabupaten Gunungkidul,34.03.01.2001,2026-08-31 08:00:00,29,58,Cerah,0,8.3
2026-08-31T01:05:29.962797+00:00,Kabupaten Gunungkidul,34.03.01.2001,2026-08-31 11:00:00,31,53,Cerah,0.2,17.5
2026-08-31T01:05:29.962797+00:00,Kabupaten Gunungkidul,34.03.01.2001,2026-08-31 14:00:00,30,57,Cerah,0,21.7
2026-08-31T01:05:29.962797+00:00,Kabupaten Gunungkidul,34.03.01.2001,2026-08-31 17:00:00,25,80,Cerah,0,18.1
2026-08-31T01:05:29.962797+00:00,Kabupaten Gunungkidul,34.03.01.2001,2026-08-31 20:00:00,24,86,Cerah,0,14.5
2026-08-31T01:05:29.962797+00:00,Kabupaten Gunungkidul,34.03.01.2001,2026-08-31 23:00:00,23,90,Cerah,0,12.3
2026-08-31T01:05:29.962797+00:00,Kabupaten Gunungkidul,34.03.01.2001,2026-09-01 02:00:00,22,94,Cerah,0,6.5
2026-08-31T01:05:29.962797+00:00,Kabupaten Gunungkidul,34.03.01.2001,2026-09-01 05:00:00,22,92,Cerah,0,14
2026-08-31T01:05:29.962797+00:00,Kabupaten Gunungkidul,34.03.01.2001,2026-09-01 08:00:00,28,55,Cerah,0,17.2
2026-08-31T01:05:29.962797+00:00,Kabupaten Gunungkidul,34.03.01.2001,2026-09-01 11:00:00,31,47,Cerah,0,19.1
2026-08-31T01:05:29.962797+00:00,Kabupaten Gunungkidul,34.03.01.2001,2026-09-01 14:00:00,30,55,Cerah,0,23.1
2026-08-31T01:05:29.962797+00:00,Kabupaten Gunungkidul,34.03.01.2001,2026-09-01 17:00:00,25,79,Cerah,0,19.8
2026-08-31T01:05:29.962797+00:00,Kabupaten Gunungkidul,34.03.01.2001,2026-09-01 20:00:00,24,84,Cerah,0,16.5
2026-08-31T01:05:29.962797+00:00,Kabupaten Gunungkidul,34.03.01.2001,2026-09-01 23:00:00,22,90,Cerah,0,10.7
2026-08-31T01:05:29.962797+00:00,Kabupaten Gunungkidul,34.03.01.2001,2026-09-02 02:00:00,22,93,Cerah,0,9.2
2026-08-31T01:05:29.962797+00:00,Kabupaten Gunungkidul,34.03.01.2001,2026-09-02 05:00:00,21,92,Cerah,0,11.4
2026-08-31T01:05:29.962797+00:00,Kabupaten Gunungkidul,34.03.01.2001,2026-09-02 08:00:00,28,58,Cerah,0,11.4
2026-08-31T01:05:29.962797+00:00,Kabupaten Gunungkidul,34.03.01.2001,2026-09-02 11:00:00,32,43,Cerah,0,22.2
2026-08-31T01:05:29.962797+00:00,Kabupaten Gunungkidul,34.03.01.2001,2026-09-02 14:00:00,29,62,Cerah,0,22.2
2026-08-31T01:05:29.962797+00:00,Kabupaten Gunungkidul,34.03.01.2001,2026-09-02 17:00:00,25,78,Cerah,0,18.6
2026-08-31T01:05:29.962797+00:00,Kabupaten Gunungkidul,34.03.01.2001,2026-09-02 20:00:00,23,86,Cerah,0,18.6
2026-08-31T01:05:29.962797+00:00,Kabupaten Gunungkidul,34.03.01.2001,2026-09-02 23:00:00,23,89,Cerah,0,13.3
2026-08-31T02:01:57.753551+00:00,Kota Yogyakarta,34.71.10.1001,2026-08-31 09:00:00,30,54,Cerah,0,2.6
2026-08-31T02:01:57.753551+00:00,Kota Yogyakarta,34.71.10.1001,2026-08-31 12:00:00,33,44,Cerah,0,11.2
2026-08-31T02:01:57.753551+00:00,Kota Yogyakarta,34.71.10.1001,2026-08-31 15:00:00,30,60,Cerah,0.3,14.5
2026-08-31T02:01:57.753551+00:00,Kota Yogyakarta,34.71.10.1001,2026-08-31 18:00:00,26,75,Cerah,0,8
2026-08-31T02:01:57.753551+00:00,Kota Yogyakarta,34.71.10.1001,2026-08-31 21:00:00,25,84,Cerah,0,2.3
2026-08-31T02:01:57.753551+00:00,Kota Yogyakarta,34.71.10.1001,2026-09-01 00:00:00,24,90,Cerah,0,3
2026-08-31T02:01:57.753551+00:00,Kota Yogyakarta,34.71.10.1001,2026-09-01 03:00:00,23,92,Cerah,0,4.9
2026-08-31T02:01:57.753551+00:00,Kota Yogyakarta,34.71.10.1001,2026-09-01 06:00:00,24,83,Cerah,0,2.5
2026-08-31T02:01:57.753551+00:00,Kota Yogyakarta,34.71.10.1001,2026-09-01 09:00:00,31,49,Cerah,0,7
2026-08-31T02:01:57.753551+00:00,Kota Yogyakarta,34.71.10.1001,2026-09-01 12:00:00,34,42,Cerah,0,10.8
2026-08-31T02:01:57.753551+00:00,Kota Yogyakarta,34.71.10.1001,2026-09-01 15:00:00,30,55,Cerah,0,14.9
2026-08-31T02:01:57.753551+00:00,Kota Yogyakarta,34.71.10.1001,2026-09-01 18:00:00,26,74,Cerah,0,5.9
2026-08-31T02:01:57.753551+00:00,Kota Yogyakarta,34.71.10.1001,2026-09-01 21:00:00,25,83,Cerah,0,1.5
2026-08-31T02:01:57.753551+00:00,Kota Yogyakarta,34.71.10.1001,2026-09-02 00:00:00,23,89,Cerah,0,2.5
2026-08-31T02:01:57.753551+00:00,Kota Yogyakarta,34.71.10.1001,2026-09-02 03:00:00,22,92,Cerah Berawan,0,1.3
2026-08-31T02:01:57.753551+00:00,Kota Yogyakarta,34.71.10.1001,2026-09-02 06:00:00,24,83,Cerah,0,3
2026-08-31T02:01:57.753551+00:00,Kota Yogyakarta,34.71.10.1001,2026-09-02 09:00:00,31,48,Cerah,0,3
2026-08-31T02:01:57.753551+00:00,Kota Yogyakarta,34.71.10.1001,2026-09-02 12:00:00,34,41,Cerah,0,10
2026-08-31T02:01:57.753551+00:00,Kota Yogyakarta,34.71.10.1001,2026-09-02 15:00:00,29,62,Cerah,0,10
2026-08-31T02:01:57.753551+00:00,Kota Yogyakarta,34.71.10.1001,2026-09-02 18:00:00,26,73,Cerah,0,6.4
2026-08-31T02:01:57.753551+00:00,Kota Yogyakarta,34.71.10.1001,2026-09-02 21:00:00,24,82,Cerah,0,6.4
2026-08-31T02:01:58.041036+00:00,Kabupaten Sleman,34.04.13.2002,2026-08-31 09:00:00,28,61,Cerah,0,5.9
2026-08-31T02:01:58.041036+00:00,Kabupaten Sleman,34.04.13.2002,2026-08-31 12:00:00,32,45,Cerah,0,8.9
2026-08-31T02:01:58.041036+00:00,Kabupaten Sleman,34.04.13.2002,2026-08-31 15:00:00,29,62,Cerah,0,12.8
2026-08-31T02:01:58.041036+00:00,Kabupaten Sleman,34.04.13.2002,2026-08-31 18:00:00,25,78,Cerah,0,5.2
2026-08-31T02:01:58.041036+00:00,Kabupaten Sleman,34.04.13.2002,2026-08-31 21:00:00,23,90,Cerah,0,3.5
2026-08-31T02:01:58.041036+00:00,Kabupaten Sleman,34.04.13.2002,2026-09-01 00:00:00,22,96,Cerah Berawan,0,4.9
2026-08-31T02:01:58.041036+00:00,Kabupaten Sleman,34.04.13.2002,2026-09-01 03:00:00,21,94,Cerah Berawan,0,4.1
2026-08-31T02:01:58.041036+00:00,Kabupaten Sleman,34.04.13.2002,2026-09-01 06:00:00,23,85,Cerah,0,1
2026-08-31T02:01:58.041036+00:00,Kabupaten Sleman,34.04.13.2002,2026-09-01 09:00:00,29,60,Cerah,0,7.2
2026-08-31T02:01:58.041036+00:00,Kabupaten Sleman,34.04.13.2002,2026-09-01 12:00:00,32,46,Cerah,0,10.9
2026-08-31T02:01:58.041036+00:00,Kabupaten Sleman,34.04.13.2002,2026-09-01 15:00:00,29,59,Cerah,0,14.7
2026-08-31T02:01:58.041036+00:00,Kabupaten Sleman,34.04.13.2002,2026-09-01 18:00:00,24,81,Cerah,0,5.1
2026-08-31T02:01:58.041036+00:00,Kabupaten Sleman,34.04.13.2002,2026-09-01 21:00:00,22,91,Cerah,0,3.2
2026-08-31T02:01:58.041036+00:00,Kabupaten Sleman,34.04.13.2002,2026-09-02 00:00:00,21,92,Cerah,0,4.6
2026-08-31T02:01:58.041036+00:00,Kabupaten Sleman,34.04.13.2002,2026-09-02 03:00:00,21,93,Cerah,0,1.1
2026-08-31T02:01:58.041036+00:00,Kabupaten Sleman,34.04.13.2002,2026-09-02 06:00:00,23,86,Cerah,0,2.8
2026-08-31T02:01:58.041036+00:00,Kabupaten Sleman,34.04.13.2002,2026-09-02 09:00:00,28,59,Cerah,0,2.8
2026-08-31T02:01:58.041036+00:00,Kabupaten Sleman,34.04.13.2002,2026-09-02 12:00:00,32,45,Cerah,0,6.7
2026-08-31T02:01:58.041036+00:00,Kabupaten Sleman,34.04.13.2002,2026-09-02 15:00:00,28,67,Cerah,0,6.7
2026-08-31T02:01:58.041036+00:00,Kabupaten Sleman,34.04.13.2002,2026-09-02 18:00:00,25,79,Cerah,0,6.2
2026-08-31T02:01:58.041036+00:00,Kabupaten Sleman,34.04.13.2002,2026-09-02 21:00:00,23,89,Cerah Berawan,0,6.2
2026-08-31T02:01:58.334575+00:00,Kabupaten Bantul,34.02.08.2003,2026-08-31 10:00:00,32,50,Cerah,0.1,4.3
2026-08-31T02:01:58.334575+00:00,Kabupaten Bantul,34.02.08.2003,2026-08-31 13:00:00,31,58,Berawan,0,16
2026-08-31T02:01:58.334575+00:00,Kabupaten Bantul,34.02.08.2003,2026-08-31 16:00:00,28,70,Cerah Berawan,0,14.5
2026-08-31T02:01:58.334575+00:00,Kabupaten Bantul,34.02.08.2003,2026-08-31 19:00:00,26,82,Cerah,0,8.6
2026-08-31T02:01:58.334575+00:00,Kabupaten Bantul,34.02.08.2003,2026-08-31 22:00:00,24,89,Cerah,0,0.9
2026-08-31T02:01:58.334575+00:00,Kabupaten Bantul,34.02.08.2003,2026-09-01 01:00:00,23,94,Cerah,0,1.7
2026-08-31T02:01:58.334575+00:00,Kabupaten Bantul,34.02.08.2003,2026-09-01 04:00:00,22,98,Cerah,0,3
2026-08-31T02:01:58.334575+00:00,Kabupaten Bantul,34.02.08.2003,2026-09-01 07:00:00,27,72,Cerah,0,3.9
2026-08-31T02:01:58.334575+00:00,Kabupaten Bantul,34.02.08.2003,2026-09-01 10:00:00,32,48,Cerah,0,10.3
2026-08-31T02:01:58.334575+00:00,Kabupaten Bantul,34.02.08.2003,2026-09-01 13:00:00,32,52,Cerah,0,16.9
2026-08-31T02:01:58.334575+00:00,Kabupaten Bantul,34.02.08.2003,2026-09-01 16:00:00,28,68,Cerah,0,18.1
2026-08-31T02:01:58.334575+00:00,Kabupaten Bantul,34.02.08.2003,2026-09-01 19:00:00,25,82,Cerah,0,3.7
2026-08-31T02:01:58.334575+00:00,Kabupaten Bantul,34.02.08.2003,2026-09-01 22:00:00,24,89,Cerah,0,1.4
2026-08-31T02:01:58.334575+00:00,Kabupaten Bantul,34.02.08.2003,2026-09-02 01:00:00,22,97,Cerah,0,1
2026-08-31T02:01:58.334575+00:00,Kabupaten Bantul,34.02.08.2003,2026-09-02 04:00:00,21,97,Cerah Berawan,0,4.1
2026-08-31T02:01:58.334575+00:00,Kabupaten Bantul,34.02.08.2003,2026-09-02 07:00:00,27,71,Cerah,0,2.9
2026-08-31T02:01:58.334575+00:00,Kabupaten Bantul,34.02.08.2003,2026-09-02 10:00:00,32,46,Cerah,0,22.8
2026-08-31T02:01:58.334575+00:00,Kabupaten Bantul,34.02.08.2003,2026-09-02 13:00:00,30,59,Cerah,0,22.8
2026-08-31T02:01:58.334575+00:00,Kabupaten Bantul,34.02.08.2003,2026-09-02 16:00:00,27,70,Cerah,0,7.5
2026-08-31T02:01:58.334575+00:00,Kabupaten Bantul,34.02.08.2003,2026-09-02 19:00:00,25,79,Cerah,0,7.5
2026-08-31T02:01:58.334575+00:00,Kabupaten Bantul,34.02.08.2003,2026-09-02 22:00:00,24,84,Cerah,0,0.8
2026-08-31T02:01:58.655936+00:00,Kabupaten Kulon Progo,34.01.02.1008,2026-08-31 09:00:00,29,64,Cerah,0,7.8
2026-08-31T02:01:58.655936+00:00,Kabupaten Kulon Progo,34.01.02.1008,2026-08-31 12:00:00,29,70,Cerah Berawan,0,16.4
2026-08-31T02:01:58.655936+00:00,Kabupaten Kulon Progo,34.01.02.1008,2026-08-31 15:00:00,27,79,Cerah Berawan,0,15.6
2026-08-31T02:01:58.655936+00:00,Kabupaten Kulon Progo,34.01.02.1008,2026-08-31 18:00:00,25,87,Cerah,0,8.2
2026-08-31T02:01:58.655936+00:00,Kabupaten Kulon Progo,34.01.02.1008,2026-08-31 21:00:00,24,92,Cerah,0,1.2
2026-08-31T02:01:58.655936+00:00,Kabupaten Kulon Progo,34.01.02.1008,2026-09-01 00:00:00,23,93,Cerah,0,1
2026-08-31T02:01:58.655936+00:00,Kabupaten Kulon Progo,34.01.02.1008,2026-09-01 03:00:00,22,94,Cerah,0,1.7
2026-08-31T02:01:58.655936+00:00,Kabupaten Kulon Progo,34.01.02.1008,2026-09-01 06:00:00,24,89,Cerah,0,3.7
2026-08-31T02:01:58.655936+00:00,Kabupaten Kulon Progo,34.01.02.1008,2026-09-01 09:00:00,29,60,Cerah,0,12.9
2026-08-31T02:01:58.655936+00:00,Kabupaten Kulon Progo,34.01.02.1008,2026-09-01 12:00:00,30,59,Cerah,0,20
2026-08-31T02:01:58.655936+00:00,Kabupaten Kulon Progo,34.01.02.1008,2026-09-01 15:00:00,27,73,Cerah,0,18.5
2026-08-31T02:01:58.655936+00:00,Kabupaten Kulon Progo,34.01.02.1008,2026-09-01 18:00:00,24,88,Cerah,0,4.3
2026-08-31T02:01:58.655936+00:00,Kabupaten Kulon Progo,34.01.02.1008,2026-09-01 21:00:00,23,91,Cerah,0,1.1
2026-08-31T02:01:58.655936+00:00,Kabupaten Kulon Progo,34.01.02.1008,2026-09-02 00:00:00,22,96,Udara Kabur,0,1.1
2026-08-31T02:01:58.655936+00:00,Kabupaten Kulon Progo,34.01.02.1008,2026-09-02 03:00:00,22,95,Kabut/Asap,0,2.8
2026-08-31T02:01:58.655936+00:00,Kabupaten Kulon Progo,34.01.02.1008,2026-09-02 06:00:00,24,89,Cerah,0,4.7
2026-08-31T02:01:58.655936+00:00,Kabupaten Kulon Progo,34.01.02.1008,2026-09-02 09:00:00,29,61,Cerah Berawan,0,4.7
2026-08-31T02:01:58.655936+00:00,Kabupaten Kulon Progo,34.01.02.1008,2026-09-02 12:00:00,29,68,Cerah,0,23.4
2026-08-31T02:01:58.655936+00:00,Kabupaten Kulon Progo,34.01.02.1008,2026-09-02 15:00:00,27,74,Cerah,0,23.4
2026-08-31T02:01:58.655936+00:00,Kabupaten Kulon Progo,34.01.02.1008,2026-09-02 18:00:00,24,84,Cerah,0,8.1
2026-08-31T02:01:58.655936+00:00,Kabupaten Kulon Progo,34.01.02.1008,2026-09-02 21:00:00,24,86,Cerah,0,8.1
2026-08-31T02:01:58.934649+00:00,Kabupaten Gunungkidul,34.03.01.2001,2026-08-31 09:00:00,31,51,Cerah,0,4.6
2026-08-31T02:01:58.934649+00:00,Kabupaten Gunungkidul,34.03.01.2001,2026-08-31 12:00:00,32,52,Cerah Berawan,0.1,18.5
2026-08-31T02:01:58.934649+00:00,Kabupaten Gunungkidul,34.03.01.2001,2026-08-31 15:00:00,28,67,Cerah Berawan,0.1,21.7
2026-08-31T02:01:58.934649+00:00,Kabupaten Gunungkidul,34.03.01.2001,2026-08-31 18:00:00,24,85,Cerah,0,15.8
2026-08-31T02:01:58.934649+00:00,Kabupaten Gunungkidul,34.03.01.2001,2026-08-31 21:00:00,24,88,Cerah,0,13.7
2026-08-31T02:01:58.934649+00:00,Kabupaten Gunungkidul,34.03.01.2001,2026-09-01 00:00:00,23,92,Cerah,0,12.4
2026-08-31T02:01:58.934649+00:00,Kabupaten Gunungkidul,34.03.01.2001,2026-09-01 03:00:00,22,94,Cerah,0,9
2026-08-31T02:01:58.934649+00:00,Kabupaten Gunungkidul,34.03.01.2001,2026-09-01 06:00:00,24,75,Cerah,0,13.7
2026-08-31T02:01:58.934649+00:00,Kabupaten Gunungkidul,34.03.01.2001,2026-09-01 09:00:00,30,51,Cerah,0,16.9
2026-08-31T02:01:58.934649+00:00,Kabupaten Gunungkidul,34.03.01.2001,2026-09-01 12:00:00,32,48,Cerah,0,18
2026-08-31T02:01:58.934649+00:00,Kabupaten Gunungkidul,34.03.01.2001,2026-09-01 15:00:00,29,60,Cerah,0,21.5
2026-08-31T02:01:58.934649+00:00,Kabupaten Gunungkidul,34.03.01.2001,2026-09-01 18:00:00,24,83,Cerah,0,17.1
2026-08-31T02:01:58.934649+00:00,Kabupaten Gunungkidul,34.03.01.2001,2026-09-01 21:00:00,23,86,Cerah,0,16.1
2026-08-31T02:01:58.934649+00:00,Kabupaten Gunungkidul,34.03.01.2001,2026-09-02 00:00:00,22,91,Cerah,0,11.4
2026-08-31T02:01:58.934649+00:00,Kabupaten Gunungkidul,34.03.01.2001,2026-09-02 03:00:00,21,92,Cerah,0,10.2
2026-08-31T02:01:58.934649+00:00,Kabupaten Gunungkidul,34.03.01.2001,2026-09-02 06:00:00,24,79,Cerah,0,12.5
2026-08-31T02:01:58.934649+00:00,Kabupaten Gunungkidul,34.03.01.2001,2026-09-02 09:00:00,30,49,Cerah,0,12.5
2026-08-31T02:01:58.934649+00:00,Kabupaten Gunungkidul,34.03.01.2001,2026-09-02 12:00:00,32,47,Cerah,0,23.3
2026-08-31T02:01:58.934649+00:00,Kabupaten Gunungkidul,34.03.01.2001,2026-09-02 15:00:00,28,65,Cerah,0,23.3
2026-08-31T02:01:58.934649+00:00,Kabupaten Gunungkidul,34.03.01.2001,2026-09-02 18:00:00,24,82,Cerah,0,19.2
2026-08-31T02:01:58.934649+00:00,Kabupaten Gunungkidul,34.03.01.2001,2026-09-02 21:00:00,23,86,Cerah,0,19.2
2026-08-31T06:03:32.781948+00:00,Kota Yogyakarta,34.71.10.1001,2026-08-31 13:00:00,32,54,Berawan,0.2,14.8
2026-08-31T06:03:32.781948+00:00,Kota Yogyakarta,34.71.10.1001,2026-08-31 16:00:00,28,66,Cerah Berawan,0,13
2026-08-31T06:03:32.781948+00:00,Kota Yogyakarta,34.71.10.1001,2026-08-31 19:00:00,26,79,Cerah,0,10.2
2026-08-31T06:03:32.781948+00:00,Kota Yogyakarta,34.71.10.1001,2026-08-31 22:00:00,24,86,Cerah,0,1.9
2026-08-31T06:03:32.781948+00:00,Kota Yogyakarta,34.71.10.1001,2026-09-01 01:00:00,23,93,Cerah,0,3.9
2026-08-31T06:03:32.781948+00:00,Kota Yogyakarta,34.71.10.1001,2026-09-01 04:00:00,22,95,Udara Kabur,0,4.1
2026-08-31T06:03:32.781948+00:00,Kota Yogyakarta,34.71.10.1001,2026-09-01 07:00:00,26,71,Cerah,0,3.6
2026-08-31T06:03:32.781948+00:00,Kota Yogyakarta,34.71.10.1001,2026-09-01 10:00:00,32,44,Cerah,0,6.6
2026-08-31T06:03:32.781948+00:00,Kota Yogyakarta,34.71.10.1001,2026-09-01 13:00:00,34,43,Cerah,0,8.5
2026-08-31T06:03:32.781948+00:00,Kota Yogyakarta,34.71.10.1001,2026-09-01 16:00:00,29,62,Cerah,0,15.9
2026-08-31T06:03:32.781948+00:00,Kota Yogyakarta,34.71.10.1001,2026-09-01 19:00:00,26,78,Cerah,0,5.5
2026-08-31T06:03:32.781948+00:00,Kota Yogyakarta,34.71.10.1001,2026-09-01 22:00:00,24,85,Cerah,0,1
2026-08-31T06:03:32.781948+00:00,Kota Yogyakarta,34.71.10.1001,2026-09-02 01:00:00,22,94,Cerah,0,2.7
2026-08-31T06:03:32.781948+00:00,Kota Yogyakarta,34.71.10.1001,2026-09-02 04:00:00,22,92,Cerah Berawan,0,1
2026-08-31T06:03:32.781948+00:00,Kota Yogyakarta,34.71.10.1001,2026-09-02 07:00:00,26,70,Cerah,0,1.8
2026-08-31T06:03:32.781948+00:00,Kota Yogyakarta,34.71.10.1001,2026-09-02 10:00:00,33,41,Cerah,0,6
2026-08-31T06:03:32.781948+00:00,Kota Yogyakarta,34.71.10.1001,2026-09-02 13:00:00,33,48,Cerah,0,6
2026-08-31T06:03:32.781948+00:00,Kota Yogyakarta,34.71.10.1001,2026-09-02 16:00:00,28,65,Cerah,0,7.4
2026-08-31T06:03:32.781948+00:00,Kota Yogyakarta,34.71.10.1001,2026-09-02 19:00:00,26,76,Cerah,0,7.4
2026-08-31T06:03:32.781948+00:00,Kota Yogyakarta,34.71.10.1001,2026-09-02 22:00:00,25,81,Cerah,0,1.7
2026-08-31T06:03:33.106657+00:00,Kabupaten Sleman,34.04.13.2002,2026-08-31 13:00:00,30,60,Berawan,0.1,12.3
2026-08-31T06:03:33.106657+00:00,Kabupaten Sleman,34.04.13.2002,2026-08-31 16:00:00,27,72,Berawan,0,10.3
2026-08-31T06:03:33.106657+00:00,Kabupaten Sleman,34.04.13.2002,2026-08-31 19:00:00,24,84,Cerah Berawan,0,6.5
2026-08-31T06:03:33.106657+00:00,Kabupaten Sleman,34.04.13.2002,2026-08-31 22:00:00,23,93,Cerah,0,1.7
2026-08-31T06:03:33.106657+00:00,Kabupaten Sleman,34.04.13.2002,2026-09-01 01:00:00,22,95,Kabut/Asap,0,4.6
2026-08-31T06:03:33.106657+00:00,Kabupaten Sleman,34.04.13.2002,2026-09-01 04:00:00,20,94,Kabut/Asap,0,4.3
2026-08-31T06:03:33.106657+00:00,Kabupaten Sleman,34.04.13.2002,2026-09-01 07:00:00,25,78,Cerah,0,3.5
2026-08-31T06:03:33.106657+00:00,Kabupaten Sleman,34.04.13.2002,2026-09-01 10:00:00,30,53,Cerah,0,7.2
2026-08-31T06:03:33.106657+00:00,Kabupaten Sleman,34.04.13.2002,2026-09-01 13:00:00,32,46,Cerah,0,9.5
2026-08-31T06:03:33.106657+00:00,Kabupaten Sleman,34.04.13.2002,2026-09-01 16:00:00,28,68,Cerah,0,14.3
2026-08-31T06:03:33.106657+00:00,Kabupaten Sleman,34.04.13.2002,2026-09-01 19:00:00,24,87,Cerah,0,4
2026-08-31T06:03:33.106657+00:00,Kabupaten Sleman,34.04.13.2002,2026-09-01 22:00:00,22,92,Cerah,0,2.1
2026-08-31T06:03:33.106657+00:00,Kabupaten Sleman,34.04.13.2002,2026-09-02 01:00:00,21,94,Cerah,0,5.5
2026-08-31T06:03:33.106657+00:00,Kabupaten Sleman,34.04.13.2002,2026-09-02 04:00:00,21,90,Kabut/Asap,0,2
2026-08-31T06:03:33.106657+00:00,Kabupaten Sleman,34.04.13.2002,2026-09-02 07:00:00,25,76,Cerah,0,1.8
2026-08-31T06:03:33.106657+00:00,Kabupaten Sleman,34.04.13.2002,2026-09-02 10:00:00,30,53,Cerah,0,5.4
2026-08-31T06:03:33.106657+00:00,Kabupaten Sleman,34.04.13.2002,2026-09-02 13:00:00,31,52,Cerah,0,5.4
2026-08-31T06:03:33.106657+00:00,Kabupaten Sleman,34.04.13.2002,2026-09-02 16:00:00,27,72,Cerah Berawan,0,7.3
2026-08-31T06:03:33.106657+00:00,Kabupaten Sleman,34.04.13.2002,2026-09-02 19:00:00,24,82,Cerah Berawan,0,7.3
2026-08-31T06:03:33.106657+00:00,Kabupaten Sleman,34.04.13.2002,2026-09-02 22:00:00,23,89,Berawan,0,2.1
2026-08-31T06:03:33.402992+00:00,Kabupaten Bantul,34.02.08.2003,2026-08-31 13:00:00,31,58,Berawan,0,16
2026-08-31T06:03:33.402992+00:00,Kabupaten Bantul,34.02.08.2003,2026-08-31 16:00:00,28,70,Cerah Berawan,0,14.5
2026-08-31T06:03:33.402992+00:00,Kabupaten Bantul,34.02.08.2003,2026-08-31 19:00:00,26,82,Cerah,0,8.6
2026-08-31T06:03:33.402992+00:00,Kabupaten Bantul,34.02.08.2003,2026-08-31 22:00:00,24,89,Cerah,0,0.9
2026-08-31T06:03:33.402992+00:00,Kabupaten Bantul,34.02.08.2003,2026-09-01 01:00:00,23,94,Cerah,0,1.7
2026-08-31T06:03:33.402992+00:00,Kabupaten Bantul,34.02.08.2003,2026-09-01 04:00:00,22,98,Cerah,0,3
2026-08-31T06:03:33.402992+00:00,Kabupaten Bantul,34.02.08.2003,2026-09-01 07:00:00,27,72,Cerah,0,3.9
2026-08-31T06:03:33.402992+00:00,Kabupaten Bantul,34.02.08.2003,2026-09-01 10:00:00,32,48,Cerah,0,10.3
2026-08-31T06:03:33.402992+00:00,Kabupaten Bantul,34.02.08.2003,2026-09-01 13:00:00,32,52,Cerah,0,16.9
2026-08-31T06:03:33.402992+00:00,Kabupaten Bantul,34.02.08.2003,2026-09-01 16:00:00,28,68,Cerah,0,18.1
2026-08-31T06:03:33.402992+00:00,Kabupaten Bantul,34.02.08.2003,2026-09-01 19:00:00,25,82,Cerah,0,3.7
2026-08-31T06:03:33.402992+00:00,Kabupaten Bantul,34.02.08.2003,2026-09-01 22:00:00,24,89,Cerah,0,1.4
2026-08-31T06:03:33.402992+00:00,Kabupaten Bantul,34.02.08.2003,2026-09-02 01:00:00,22,97,Cerah,0,1
2026-08-31T06:03:33.402992+00:00,Kabupaten Bantul,34.02.08.2003,2026-09-02 04:00:00,21,97,Cerah Berawan,0,4.1
2026-08-31T06:03:33.402992+00:00,Kabupaten Bantul,34.02.08.2003,2026-09-02 07:00:00,27,71,Cerah,0,2.9
2026-08-31T06:03:33.402992+00:00,Kabupaten Bantul,34.02.08.2003,2026-09-02 10:00:00,32,46,Cerah,0,22.8
2026-08-31T06:03:33.402992+00:00,Kabupaten Bantul,34.02.08.2003,2026-09-02 13:00:00,30,59,Cerah,0,22.8
2026-08-31T06:03:33.402992+00:00,Kabupaten Bantul,34.02.08.2003,2026-09-02 16:00:00,27,70,Cerah,0,7.5
2026-08-31T06:03:33.402992+00:00,Kabupaten Bantul,34.02.08.2003,2026-09-02 19:00:00,25,79,Cerah,0,7.5
2026-08-31T06:03:33.402992+00:00,Kabupaten Bantul,34.02.08.2003,2026-09-02 22:00:00,24,84,Cerah,0,0.8
2026-08-31T06:03:34.175745+00:00,Kabupaten Kulon Progo,34.01.02.1008,2026-08-31 14:00:00,28,75,Berawan,0,15.6
2026-08-31T06:03:34.175745+00:00,Kabupaten Kulon Progo,34.01.02.1008,2026-08-31 17:00:00,25,85,Cerah,0,8.2
2026-08-31T06:03:34.175745+00:00,Kabupaten Kulon Progo,34.01.02.1008,2026-08-31 20:00:00,24,90,Cerah,0,1.2
2026-08-31T06:03:34.175745+00:00,Kabupaten Kulon Progo,34.01.02.1008,2026-08-31 23:00:00,23,93,Cerah,0,1
2026-08-31T06:03:34.175745+00:00,Kabupaten Kulon Progo,34.01.02.1008,2026-09-01 02:00:00,23,93,Cerah,0,1.7
2026-08-31T06:03:34.175745+00:00,Kabupaten Kulon Progo,34.01.02.1008,2026-09-01 05:00:00,22,96,Cerah,0,3.7
2026-08-31T06:03:34.175745+00:00,Kabupaten Kulon Progo,34.01.02.1008,2026-09-01 08:00:00,28,65,Cerah,0,12.9
2026-08-31T06:03:34.175745+00:00,Kabupaten Kulon Progo,34.01.02.1008,2026-09-01 11:00:00,30,58,Cerah,0,20
2026-08-31T06:03:34.175745+00:00,Kabupaten Kulon Progo,34.01.02.1008,2026-09-01 14:00:00,28,67,Cerah,0,18.5
2026-08-31T06:03:34.175745+00:00,Kabupaten Kulon Progo,34.01.02.1008,2026-09-01 17:00:00,24,84,Cerah,0,4.3
2026-08-31T06:03:34.175745+00:00,Kabupaten Kulon Progo,34.01.02.1008,2026-09-01 20:00:00,23,91,Cerah,0,1.1
2026-08-31T06:03:34.175745+00:00,Kabupaten Kulon Progo,34.01.02.1008,2026-09-01 23:00:00,22,93,Udara Kabur,0,1.1
2026-08-31T06:03:34.175745+00:00,Kabupaten Kulon Progo,34.01.02.1008,2026-09-02 02:00:00,22,96,Kabut/Asap,0,2.8
2026-08-31T06:03:34.175745+00:00,Kabupaten Kulon Progo,34.01.02.1008,2026-09-02 05:00:00,21,98,Cerah Berawan,0,4.7
2026-08-31T06:03:34.175745+00:00,Kabupaten Kulon Progo,34.01.02.1008,2026-09-02 08:00:00,28,65,Cerah Berawan,0,4.7
2026-08-31T06:03:34.175745+00:00,Kabupaten Kulon Progo,34.01.02.1008,2026-09-02 11:00:00,29,67,Cerah,0,23.4
2026-08-31T06:03:34.175745+00:00,Kabupaten Kulon Progo,34.01.02.1008,2026-09-02 14:00:00,28,70,Cerah,0,23.4
2026-08-31T06:03:34.175745+00:00,Kabupaten Kulon Progo,34.01.02.1008,2026-09-02 17:00:00,25,83,Cerah,0,8.1
2026-08-31T06:03:34.175745+00:00,Kabupaten Kulon Progo,34.01.02.1008,2026-09-02 20:00:00,24,84,Cerah,0,8.1
2026-08-31T06:03:34.175745+00:00,Kabupaten Kulon Progo,34.01.02.1008,2026-09-02 23:00:00,24,87,Cerah Berawan,0,4.7
2026-08-31T06:03:34.472353+00:00,Kabupaten Gunungkidul,34.03.01.2001,2026-08-31 13:00:00,30,58,Berawan,0.1,18.5
2026-08-31T06:03:34.472353+00:00,Kabupaten Gunungkidul,34.03.01.2001,2026-08-31 16:00:00,26,73,Cerah,0,21.7
2026-08-31T06:03:34.472353+00:00,Kabupaten Gunungkidul,34.03.01.2001,2026-08-31 19:00:00,24,86,Cerah,0,15.8
2026-08-31T06:03:34.472353+00:00,Kabupaten Gunungkidul,34.03.01.2001,2026-08-31 22:00:00,23,88,Cerah,0,13.7
2026-08-31T06:03:34.472353+00:00,Kabupaten Gunungkidul,34.03.01.2001,2026-09-01 01:00:00,22,93,Cerah,0,12.4
2026-08-31T06:03:34.472353+00:00,Kabupaten Gunungkidul,34.03.01.2001,2026-09-01 04:00:00,22,94,Cerah,0,9
2026-08-31T06:03:34.472353+00:00,Kabupaten Gunungkidul,34.03.01.2001,2026-09-01 07:00:00,26,65,Cerah,0,13.7
2026-08-31T06:03:34.472353+00:00,Kabupaten Gunungkidul,34.03.01.2001,2026-09-01 10:00:00,31,48,Cerah,0,16.9
2026-08-31T06:03:34.472353+00:00,Kabupaten Gunungkidul,34.03.01.2001,2026-09-01 13:00:00,31,51,Cerah,0,18
2026-08-31T06:03:34.472353+00:00,Kabupaten Gunungkidul,34.03.01.2001,2026-09-01 16:00:00,27,70,Cerah,0,21.5
2026-08-31T06:03:34.472353+00:00,Kabupaten Gunungkidul,34.03.01.2001,2026-09-01 19:00:00,24,84,Cerah,0,17.1
2026-08-31T06:03:34.472353+00:00,Kabupaten Gunungkidul,34.03.01.2001,2026-09-01 22:00:00,23,88,Cerah,0,16.1
2026-08-31T06:03:34.472353+00:00,Kabupaten Gunungkidul,34.03.01.2001,2026-09-02 01:00:00,22,92,Cerah,0,11.4
2026-08-31T06:03:34.472353+00:00,Kabupaten Gunungkidul,34.03.01.2001,2026-09-02 04:00:00,21,92,Cerah,0,10.2
2026-08-31T06:03:34.472353+00:00,Kabupaten Gunungkidul,34.03.01.2001,2026-09-02 07:00:00,26,68,Cerah,0,12.5
2026-08-31T06:03:34.472353+00:00,Kabupaten Gunungkidul,34.03.01.2001,2026-09-02 10:00:00,32,43,Cerah,0,23.3
2026-08-31T06:03:34.472353+00:00,Kabupaten Gunungkidul,34.03.01.2001,2026-09-02 13:00:00,31,55,Cerah,0,23.3
2026-08-31T06:03:34.472353+00:00,Kabupaten Gunungkidul,34.03.01.2001,2026-09-02 16:00:00,26,71,Cerah,0,19.2
2026-08-31T06:03:34.472353+00:00,Kabupaten Gunungkidul,34.03.01.2001,2026-09-02 19:00:00,24,84,Cerah,0,19.2
2026-08-31T06:03:34.472353+00:00,Kabupaten Gunungkidul,34.03.01.2001,2026-09-02 22:00:00,23,86,Cerah,0,17.2
2026-08-31T07:50:45.221193+00:00,Kota Yogyakarta,34.71.10.1001,2026-08-31 15:00:00,30,61,Cerah Berawan,0.2,13
2026-08-31T07:50:45.221193+00:00,Kota Yogyakarta,34.71.10.1001,2026-08-31 18:00:00,26,77,Cerah Berawan,0,10.2
2026-08-31T07:50:45.221193+00:00,Kota Yogyakarta,34.71.10.1001,2026-08-31 21:00:00,25,84,Cerah,0,1.9
2026-08-31T07:50:45.221193+00:00,Kota Yogyakarta,34.71.10.1001,2026-09-01 00:00:00,23,92,Cerah,0,3.9
2026-08-31T07:50:45.221193+00:00,Kota Yogyakarta,34.71.10.1001,2026-09-01 03:00:00,22,94,Udara Kabur,0,4.1
2026-08-31T07:50:45.221193+00:00,Kota Yogyakarta,34.71.10.1001,2026-09-01 06:00:00,24,84,Cerah,0,3.6
2026-08-31T07:50:45.221193+00:00,Kota Yogyakarta,34.71.10.1001,2026-09-01 09:00:00,31,50,Cerah,0,6.6
2026-08-31T07:50:45.221193+00:00,Kota Yogyakarta,34.71.10.1001,2026-09-01 12:00:00,34,40,Cerah,0,8.5
2026-08-31T07:50:45.221193+00:00,Kota Yogyakarta,34.71.10.1001,2026-09-01 15:00:00,31,56,Cerah,0,15.9
2026-08-31T07:50:45.221193+00:00,Kota Yogyakarta,34.71.10.1001,2026-09-01 18:00:00,26,74,Cerah,0,5.5
2026-08-31T07:50:45.221193+00:00,Kota Yogyakarta,34.71.10.1001,2026-09-01 21:00:00,25,83,Cerah,0,1
2026-08-31T07:50:45.221193+00:00,Kota Yogyakarta,34.71.10.1001,2026-09-02 00:00:00,22,92,Cerah,0,2.7
2026-08-31T07:50:45.221193+00:00,Kota Yogyakarta,34.71.10.1001,2026-09-02 03:00:00,22,92,Cerah,0,1
2026-08-31T07:50:45.221193+00:00,Kota Yogyakarta,34.71.10.1001,2026-09-02 06:00:00,24,82,Cerah,0,1.8
2026-08-31T07:50:45.221193+00:00,Kota Yogyakarta,34.71.10.1001,2026-09-02 09:00:00,31,48,Cerah,0,1.8
2026-08-31T07:50:45.221193+00:00,Kota Yogyakarta,34.71.10.1001,2026-09-02 12:00:00,34,38,Cerah,0,6
2026-08-31T07:50:45.221193+00:00,Kota Yogyakarta,34.71.10.1001,2026-09-02 15:00:00,30,60,Cerah,0,6
2026-08-31T07:50:45.221193+00:00,Kota Yogyakarta,34.71.10.1001,2026-09-02 18:00:00,26,74,Cerah,0,7.4
2026-08-31T07:50:45.221193+00:00,Kota Yogyakarta,34.71.10.1001,2026-09-02 21:00:00,25,79,Cerah,0,7.4
2026-08-31T07:50:45.498874+00:00,Kabupaten Sleman,34.04.13.2002,2026-08-31 15:00:00,29,64,Cerah Berawan,0.1,10.3
2026-08-31T07:50:45.498874+00:00,Kabupaten Sleman,34.04.13.2002,2026-08-31 18:00:00,25,80,Cerah Berawan,0,6.5
2026-08-31T07:50:45.498874+00:00,Kabupaten Sleman,34.04.13.2002,2026-08-31 21:00:00,23,91,Cerah,0,1.7
2026-08-31T07:50:45.498874+00:00,Kabupaten Sleman,34.04.13.2002,2026-09-01 00:00:00,22,96,Kabut/Asap,0,4.6
2026-08-31T07:50:45.498874+00:00,Kabupaten Sleman,34.04.13.2002,2026-09-01 03:00:00,21,93,Kabut/Asap,0,4.3
2026-08-31T07:50:45.498874+00:00,Kabupaten Sleman,34.04.13.2002,2026-09-01 06:00:00,23,85,Cerah,0,3.5
2026-08-31T07:50:45.498874+00:00,Kabupaten Sleman,34.04.13.2002,2026-09-01 09:00:00,28,61,Cerah,0,7.2
2026-08-31T07:50:45.498874+00:00,Kabupaten Sleman,34.04.13.2002,2026-09-01 12:00:00,32,45,Cerah,0,9.5
2026-08-31T07:50:45.498874+00:00,Kabupaten Sleman,34.04.13.2002,2026-09-01 15:00:00,30,60,Cerah,0,14.3
2026-08-31T07:50:45.498874+00:00,Kabupaten Sleman,34.04.13.2002,2026-09-01 18:00:00,24,82,Cerah,0,4
2026-08-31T07:50:45.498874+00:00,Kabupaten Sleman,34.04.13.2002,2026-09-01 21:00:00,22,91,Cerah,0,2.1
2026-08-31T07:50:45.498874+00:00,Kabupaten Sleman,34.04.13.2002,2026-09-02 00:00:00,21,95,Cerah,0,5.5
2026-08-31T07:50:45.498874+00:00,Kabupaten Sleman,34.04.13.2002,2026-09-02 03:00:00,21,90,Kabut/Asap,0,2
2026-08-31T07:50:45.498874+00:00,Kabupaten Sleman,34.04.13.2002,2026-09-02 06:00:00,23,84,Cerah,0,1.8
2026-08-31T07:50:45.498874+00:00,Kabupaten Sleman,34.04.13.2002,2026-09-02 09:00:00,29,60,Cerah,0,1.8
2026-08-31T07:50:45.498874+00:00,Kabupaten Sleman,34.04.13.2002,2026-09-02 12:00:00,32,44,Cerah,0,5.4
2026-08-31T07:50:45.498874+00:00,Kabupaten Sleman,34.04.13.2002,2026-09-02 15:00:00,28,66,Cerah,0,5.4
2026-08-31T07:50:45.498874+00:00,Kabupaten Sleman,34.04.13.2002,2026-09-02 18:00:00,25,79,Cerah Berawan,0,7.3
2026-08-31T07:50:45.498874+00:00,Kabupaten Sleman,34.04.13.2002,2026-09-02 21:00:00,24,85,Berawan,0,7.3
2026-08-31T07:50:45.770837+00:00,Kabupaten Bantul,34.02.08.2003,2026-08-31 15:00:00,29,66,Cerah Berawan,0,14.5
2026-08-31T07:50:45.770837+00:00,Kabupaten Bantul,34.02.08.2003,2026-08-31 18:00:00,26,79,Cerah Berawan,0,8.6
2026-08-31T07:50:45.770837+00:00,Kabupaten Bantul,34.02.08.2003,2026-08-31 21:00:00,24,87,Cerah,0,0.9
2026-08-31T07:50:45.770837+00:00,Kabupaten Bantul,34.02.08.2003,2026-09-01 00:00:00,23,92,Cerah,0,1.7
2026-08-31T07:50:45.770837+00:00,Kabupaten Bantul,34.02.08.2003,2026-09-01 03:00:00,22,96,Cerah,0,3
2026-08-31T07:50:45.770837+00:00,Kabupaten Bantul,34.02.08.2003,2026-09-01 06:00:00,24,88,Cerah,0,3.9
2026-08-31T07:50:45.770837+00:00,Kabupaten Bantul,34.02.08.2003,2026-09-01 09:00:00,31,52,Cerah,0,10.3
2026-08-31T07:50:45.770837+00:00,Kabupaten Bantul,34.02.08.2003,2026-09-01 12:00:00,32,48,Cerah,0,16.9
2026-08-31T07:50:45.770837+00:00,Kabupaten Bantul,34.02.08.2003,2026-09-01 15:00:00,29,63,Cerah,0,18.1
2026-08-31T07:50:45.770837+00:00,Kabupaten Bantul,34.02.08.2003,2026-09-01 18:00:00,26,80,Cerah,0,3.7
2026-08-31T07:50:45.770837+00:00,Kabupaten Bantul,34.02.08.2003,2026-09-01 21:00:00,24,87,Cerah,0,1.4
2026-08-31T07:50:45.770837+00:00,Kabupaten Bantul,34.02.08.2003,2026-09-02 00:00:00,22,95,Cerah,0,1
2026-08-31T07:50:45.770837+00:00,Kabupaten Bantul,34.02.08.2003,2026-09-02 03:00:00,22,97,Cerah,0,4.1
2026-08-31T07:50:45.770837+00:00,Kabupaten Bantul,34.02.08.2003,2026-09-02 06:00:00,24,86,Cerah,0,2.9
2026-08-31T07:50:45.770837+00:00,Kabupaten Bantul,34.02.08.2003,2026-09-02 09:00:00,31,49,Cerah,0,2.9
2026-08-31T07:50:45.770837+00:00,Kabupaten Bantul,34.02.08.2003,2026-09-02 12:00:00,32,54,Cerah,0,22.8
2026-08-31T07:50:45.770837+00:00,Kabupaten Bantul,34.02.08.2003,2026-09-02 15:00:00,29,65,Cerah,0,22.8
2026-08-31T07:50:45.770837+00:00,Kabupaten Bantul,34.02.08.2003,2026-09-02 18:00:00,26,77,Cerah,0,7.5
2026-08-31T07:50:45.770837+00:00,Kabupaten Bantul,34.02.08.2003,2026-09-02 21:00:00,25,83,Cerah,0,7.5
2026-08-31T07:50:46.029053+00:00,Kabupaten Kulon Progo,34.01.02.1008,2026-08-31 15:00:00,27,79,Cerah Berawan,0,15.6
2026-08-31T07:50:46.029053+00:00,Kabupaten Kulon Progo,34.01.02.1008,2026-08-31 18:00:00,25,87,Cerah,0,8.2
2026-08-31T07:50:46.029053+00:00,Kabupaten Kulon Progo,34.01.02.1008,2026-08-31 21:00:00,24,92,Cerah,0,1.2
2026-08-31T07:50:46.029053+00:00,Kabupaten Kulon Progo,34.01.02.1008,2026-09-01 00:00:00,23,93,Cerah,0,1
2026-08-31T07:50:46.029053+00:00,Kabupaten Kulon Progo,34.01.02.1008,2026-09-01 03:00:00,22,94,Cerah,0,1.7
2026-08-31T07:50:46.029053+00:00,Kabupaten Kulon Progo,34.01.02.1008,2026-09-01 06:00:00,24,89,Cerah,0,3.7
2026-08-31T07:50:46.029053+00:00,Kabupaten Kulon Progo,34.01.02.1008,2026-09-01 09:00:00,29,60,Cerah,0,12.9
2026-08-31T07:50:46.029053+00:00,Kabupaten Kulon Progo,34.01.02.1008,2026-09-01 12:00:00,30,59,Cerah,0,20
2026-08-31T07:50:46.029053+00:00,Kabupaten Kulon Progo,34.01.02.1008,2026-09-01 15:00:00,27,73,Cerah,0,18.5
2026-08-31T07:50:46.029053+00:00,Kabupaten Kulon Progo,34.01.02.1008,2026-09-01 18:00:00,24,88,Cerah,0,4.3
2026-08-31T07:50:46.029053+00:00,Kabupaten Kulon Progo,34.01.02.1008,2026-09-01 21:00:00,23,91,Cerah,0,1.1
2026-08-31T07:50:46.029053+00:00,Kabupaten Kulon Progo,34.01.02.1008,2026-09-02 00:00:00,22,96,Udara Kabur,0,1.1
2026-08-31T07:50:46.029053+00:00,Kabupaten Kulon Progo,34.01.02.1008,2026-09-02 03:00:00,22,95,Kabut/Asap,0,2.8
2026-08-31T07:50:46.029053+00:00,Kabupaten Kulon Progo,34.01.02.1008,2026-09-02 06:00:00,24,89,Cerah,0,4.7
2026-08-31T07:50:46.029053+00:00,Kabupaten Kulon Progo,34.01.02.1008,2026-09-02 09:00:00,29,61,Cerah Berawan,0,4.7
2026-08-31T07:50:46.029053+00:00,Kabupaten Kulon Progo,34.01.02.1008,2026-09-02 12:00:00,29,68,Cerah,0,23.4
2026-08-31T07:50:46.029053+00:00,Kabupaten Kulon Progo,34.01.02.1008,2026-09-02 15:00:00,27,74,Cerah,0,23.4
2026-08-31T07:50:46.029053+00:00,Kabupaten Kulon Progo,34.01.02.1008,2026-09-02 18:00:00,24,84,Cerah,0,8.1
2026-08-31T07:50:46.029053+00:00,Kabupaten Kulon Progo,34.01.02.1008,2026-09-02 21:00:00,24,86,Cerah,0,8.1
2026-08-31T07:50:46.294656+00:00,Kabupaten Gunungkidul,34.03.01.2001,2026-08-31 15:00:00,28,67,Cerah Berawan,0.1,21.7
2026-08-31T07:50:46.294656+00:00,Kabupaten Gunungkidul,34.03.01.2001,2026-08-31 18:00:00,24,85,Cerah,0,15.8
2026-08-31T07:50:46.294656+00:00,Kabupaten Gunungkidul,34.03.01.2001,2026-08-31 21:00:00,24,88,Cerah,0,13.7
2026-08-31T07:50:46.294656+00:00,Kabupaten Gunungkidul,34.03.01.2001,2026-09-01 00:00:00,23,92,Cerah,0,12.4
2026-08-31T07:50:46.294656+00:00,Kabupaten Gunungkidul,34.03.01.2001,2026-09-01 03:00:00,22,94,Cerah,0,9
2026-08-31T07:50:46.294656+00:00,Kabupaten Gunungkidul,34.03.01.2001,2026-09-01 06:00:00,24,75,Cerah,0,13.7
2026-08-31T07:50:46.294656+00:00,Kabupaten Gunungkidul,34.03.01.2001,2026-09-01 09:00:00,30,51,Cerah,0,16.9
2026-08-31T07:50:46.294656+00:00,Kabupaten Gunungkidul,34.03.01.2001,2026-09-01 12:00:00,32,48,Cerah,0,18
2026-08-31T07:50:46.294656+00:00,Kabupaten Gunungkidul,34.03.01.2001,2026-09-01 15:00:00,29,60,Cerah,0,21.5
2026-08-31T07:50:46.294656+00:00,Kabupaten Gunungkidul,34.03.01.2001,2026-09-01 18:00:00,24,83,Cerah,0,17.1
2026-08-31T07:50:46.294656+00:00,Kabupaten Gunungkidul,34.03.01.2001,2026-09-01 21:00:00,23,86,Cerah,0,16.1
2026-08-31T07:50:46.294656+00:00,Kabupaten Gunungkidul,34.03.01.2001,2026-09-02 00:00:00,22,91,Cerah,0,11.4
2026-08-31T07:50:46.294656+00:00,Kabupaten Gunungkidul,34.03.01.2001,2026-09-02 03:00:00,21,92,Cerah,0,10.2
2026-08-31T07:50:46.294656+00:00,Kabupaten Gunungkidul,34.03.01.2001,2026-09-02 06:00:00,24,79,Cerah,0,12.5
2026-08-31T07:50:46.294656+00:00,Kabupaten Gunungkidul,34.03.01.2001,2026-09-02 09:00:00,30,49,Cerah,0,12.5
2026-08-31T07:50:46.294656+00:00,Kabupaten Gunungkidul,34.03.01.2001,2026-09-02 12:00:00,32,47,Cerah,0,23.3
2026-08-31T07:50:46.294656+00:00,Kabupaten Gunungkidul,34.03.01.2001,2026-09-02 15:00:00,28,65,Cerah,0,23.3
2026-08-31T07:50:46.294656+00:00,Kabupaten Gunungkidul,34.03.01.2001,2026-09-02 18:00:00,24,82,Cerah,0,19.2
2026-08-31T07:50:46.294656+00:00,Kabupaten Gunungkidul,34.03.01.2001,2026-09-02 21:00:00,23,86,Cerah,0,19.2
2026-08-31T07:58:30.667552+00:00,Kota Yogyakarta,34.71.10.1001,2026-08-31 15:00:00,30,61,Cerah Berawan,0.2,13
2026-08-31T07:58:30.667552+00:00,Kota Yogyakarta,34.71.10.1001,2026-08-31 18:00:00,26,77,Cerah Berawan,0,10.2
2026-08-31T07:58:30.667552+00:00,Kota Yogyakarta,34.71.10.1001,2026-08-31 21:00:00,25,84,Cerah,0,1.9
2026-08-31T07:58:30.667552+00:00,Kota Yogyakarta,34.71.10.1001,2026-09-01 00:00:00,23,92,Cerah,0,3.9
2026-08-31T07:58:30.667552+00:00,Kota Yogyakarta,34.71.10.1001,2026-09-01 03:00:00,22,94,Udara Kabur,0,4.1
2026-08-31T07:58:30.667552+00:00,Kota Yogyakarta,34.71.10.1001,2026-09-01 06:00:00,24,84,Cerah,0,3.6
2026-08-31T07:58:30.667552+00:00,Kota Yogyakarta,34.71.10.1001,2026-09-01 09:00:00,31,50,Cerah,0,6.6
2026-08-31T07:58:30.667552+00:00,Kota Yogyakarta,34.71.10.1001,2026-09-01 12:00:00,34,40,Cerah,0,8.5
2026-08-31T07:58:30.667552+00:00,Kota Yogyakarta,34.71.10.1001,2026-09-01 15:00:00,31,56,Cerah,0,15.9
2026-08-31T07:58:30.667552+00:00,Kota Yogyakarta,34.71.10.1001,2026-09-01 18:00:00,26,74,Cerah,0,5.5
2026-08-31T07:58:30.667552+00:00,Kota Yogyakarta,34.71.10.1001,2026-09-01 21:00:00,25,83,Cerah,0,1
2026-08-31T07:58:30.667552+00:00,Kota Yogyakarta,34.71.10.1001,2026-09-02 00:00:00,22,92,Cerah,0,2.7
2026-08-31T07:58:30.667552+00:00,Kota Yogyakarta,34.71.10.1001,2026-09-02 03:00:00,22,92,Cerah,0,1
2026-08-31T07:58:30.667552+00:00,Kota Yogyakarta,34.71.10.1001,2026-09-02 06:00:00,24,82,Cerah,0,1.8
2026-08-31T07:58:30.667552+00:00,Kota Yogyakarta,34.71.10.1001,2026-09-02 09:00:00,31,48,Cerah,0,1.8
2026-08-31T07:58:30.667552+00:00,Kota Yogyakarta,34.71.10.1001,2026-09-02 12:00:00,34,38,Cerah,0,6
2026-08-31T07:58:30.667552+00:00,Kota Yogyakarta,34.71.10.1001,2026-09-02 15:00:00,30,60,Cerah,0,6
2026-08-31T07:58:30.667552+00:00,Kota Yogyakarta,34.71.10.1001,2026-09-02 18:00:00,26,74,Cerah,0,7.4
2026-08-31T07:58:30.667552+00:00,Kota Yogyakarta,34.71.10.1001,2026-09-02 21:00:00,25,79,Cerah,0,7.4
2026-08-31T07:58:30.896157+00:00,Kabupaten Sleman,34.04.13.2002,2026-08-31 15:00:00,29,64,Cerah Berawan,0.1,10.3
2026-08-31T07:58:30.896157+00:00,Kabupaten Sleman,34.04.13.2002,2026-08-31 18:00:00,25,80,Cerah Berawan,0,6.5
2026-08-31T07:58:30.896157+00:00,Kabupaten Sleman,34.04.13.2002,2026-08-31 21:00:00,23,91,Cerah,0,1.7
2026-08-31T07:58:30.896157+00:00,Kabupaten Sleman,34.04.13.2002,2026-09-01 00:00:00,22,96,Kabut/Asap,0,4.6
2026-08-31T07:58:30.896157+00:00,Kabupaten Sleman,34.04.13.2002,2026-09-01 03:00:00,21,93,Kabut/Asap,0,4.3
2026-08-31T07:58:30.896157+00:00,Kabupaten Sleman,34.04.13.2002,2026-09-01 06:00:00,23,85,Cerah,0,3.5
2026-08-31T07:58:30.896157+00:00,Kabupaten Sleman,34.04.13.2002,2026-09-01 09:00:00,28,61,Cerah,0,7.2
2026-08-31T07:58:30.896157+00:00,Kabupaten Sleman,34.04.13.2002,2026-09-01 12:00:00,32,45,Cerah,0,9.5
2026-08-31T07:58:30.896157+00:00,Kabupaten Sleman,34.04.13.2002,2026-09-01 15:00:00,30,60,Cerah,0,14.3
2026-08-31T07:58:30.896157+00:00,Kabupaten Sleman,34.04.13.2002,2026-09-01 18:00:00,24,82,Cerah,0,4
2026-08-31T07:58:30.896157+00:00,Kabupaten Sleman,34.04.13.2002,2026-09-01 21:00:00,22,91,Cerah,0,2.1
2026-08-31T07:58:30.896157+00:00,Kabupaten Sleman,34.04.13.2002,2026-09-02 00:00:00,21,95,Cerah,0,5.5
2026-08-31T07:58:30.896157+00:00,Kabupaten Sleman,34.04.13.2002,2026-09-02 03:00:00,21,90,Kabut/Asap,0,2
2026-08-31T07:58:30.896157+00:00,Kabupaten Sleman,34.04.13.2002,2026-09-02 06:00:00,23,84,Cerah,0,1.8
2026-08-31T07:58:30.896157+00:00,Kabupaten Sleman,34.04.13.2002,2026-09-02 09:00:00,29,60,Cerah,0,1.8
2026-08-31T07:58:30.896157+00:00,Kabupaten Sleman,34.04.13.2002,2026-09-02 12:00:00,32,44,Cerah,0,5.4
2026-08-31T07:58:30.896157+00:00,Kabupaten Sleman,34.04.13.2002,2026-09-02 15:00:00,28,66,Cerah,0,5.4
2026-08-31T07:58:30.896157+00:00,Kabupaten Sleman,34.04.13.2002,2026-09-02 18:00:00,25,79,Cerah Berawan,0,7.3
2026-08-31T07:58:30.896157+00:00,Kabupaten Sleman,34.04.13.2002,2026-09-02 21:00:00,24,85,Berawan,0,7.3
2026-08-31T07:58:31.136968+00:00,Kabupaten Bantul,34.02.08.2003,2026-08-31 15:00:00,29,66,Cerah Berawan,0,14.5
2026-08-31T07:58:31.136968+00:00,Kabupaten Bantul,34.02.08.2003,2026-08-31 18:00:00,26,79,Cerah Berawan,0,8.6
2026-08-31T07:58:31.136968+00:00,Kabupaten Bantul,34.02.08.2003,2026-08-31 21:00:00,24,87,Cerah,0,0.9
2026-08-31T07:58:31.136968+00:00,Kabupaten Bantul,34.02.08.2003,2026-09-01 00:00:00,23,92,Cerah,0,1.7
2026-08-31T07:58:31.136968+00:00,Kabupaten Bantul,34.02.08.2003,2026-09-01 03:00:00,22,96,Cerah,0,3
2026-08-31T07:58:31.136968+00:00,Kabupaten Bantul,34.02.08.2003,2026-09-01 06:00:00,24,88,Cerah,0,3.9
2026-08-31T07:58:31.136968+00:00,Kabupaten Bantul,34.02.08.2003,2026-09-01 09:00:00,31,52,Cerah,0,10.3
2026-08-31T07:58:31.136968+00:00,Kabupaten Bantul,34.02.08.2003,2026-09-01 12:00:00,32,48,Cerah,0,16.9
2026-08-31T07:58:31.136968+00:00,Kabupaten Bantul,34.02.08.2003,2026-09-01 15:00:00,29,63,Cerah,0,18.1
2026-08-31T07:58:31.136968+00:00,Kabupaten Bantul,34.02.08.2003,2026-09-01 18:00:00,26,80,Cerah,0,3.7
2026-08-31T07:58:31.136968+00:00,Kabupaten Bantul,34.02.08.2003,2026-09-01 21:00:00,24,87,Cerah,0,1.4
2026-08-31T07:58:31.136968+00:00,Kabupaten Bantul,34.02.08.2003,2026-09-02 00:00:00,22,95,Cerah,0,1
2026-08-31T07:58:31.136968+00:00,Kabupaten Bantul,34.02.08.2003,2026-09-02 03:00:00,22,97,Cerah,0,4.1
2026-08-31T07:58:31.136968+00:00,Kabupaten Bantul,34.02.08.2003,2026-09-02 06:00:00,24,86,Cerah,0,2.9
2026-08-31T07:58:31.136968+00:00,Kabupaten Bantul,34.02.08.2003,2026-09-02 09:00:00,31,49,Cerah,0,2.9
2026-08-31T07:58:31.136968+00:00,Kabupaten Bantul,34.02.08.2003,2026-09-02 12:00:00,32,54,Cerah,0,22.8
2026-08-31T07:58:31.136968+00:00,Kabupaten Bantul,34.02.08.2003,2026-09-02 15:00:00,29,65,Cerah,0,22.8
2026-08-31T07:58:31.136968+00:00,Kabupaten Bantul,34.02.08.2003,2026-09-02 18:00:00,26,77,Cerah,0,7.5
2026-08-31T07:58:31.136968+00:00,Kabupaten Bantul,34.02.08.2003,2026-09-02 21:00:00,25,83,Cerah,0,7.5
2026-08-31T07:58:31.394621+00:00,Kabupaten Kulon Progo,34.01.02.1008,2026-08-31 15:00:00,27,79,Cerah Berawan,0,15.6
2026-08-31T07:58:31.394621+00:00,Kabupaten Kulon Progo,34.01.02.1008,2026-08-31 18:00:00,25,87,Cerah,0,8.2
2026-08-31T07:58:31.394621+00:00,Kabupaten Kulon Progo,34.01.02.1008,2026-08-31 21:00:00,24,92,Cerah,0,1.2
2026-08-31T07:58:31.394621+00:00,Kabupaten Kulon Progo,34.01.02.1008,2026-09-01 00:00:00,23,93,Cerah,0,1
2026-08-31T07:58:31.394621+00:00,Kabupaten Kulon Progo,34.01.02.1008,2026-09-01 03:00:00,22,94,Cerah,0,1.7
2026-08-31T07:58:31.394621+00:00,Kabupaten Kulon Progo,34.01.02.1008,2026-09-01 06:00:00,24,89,Cerah,0,3.7
2026-08-31T07:58:31.394621+00:00,Kabupaten Kulon Progo,34.01.02.1008,2026-09-01 09:00:00,29,60,Cerah,0,12.9
2026-08-31T07:58:31.394621+00:00,Kabupaten Kulon Progo,34.01.02.1008,2026-09-01 12:00:00,30,59,Cerah,0,20
2026-08-31T07:58:31.394621+00:00,Kabupaten Kulon Progo,34.01.02.1008,2026-09-01 15:00:00,27,73,Cerah,0,18.5
2026-08-31T07:58:31.394621+00:00,Kabupaten Kulon Progo,34.01.02.1008,2026-09-01 18:00:00,24,88,Cerah,0,4.3
2026-08-31T07:58:31.394621+00:00,Kabupaten Kulon Progo,34.01.02.1008,2026-09-01 21:00:00,23,91,Cerah,0,1.1
2026-08-31T07:58:31.394621+00:00,Kabupaten Kulon Progo,34.01.02.1008,2026-09-02 00:00:00,22,96,Udara Kabur,0,1.1
2026-08-31T07:58:31.394621+00:00,Kabupaten Kulon Progo,34.01.02.1008,2026-09-02 03:00:00,22,95,Kabut/Asap,0,2.8
2026-08-31T07:58:31.394621+00:00,Kabupaten Kulon Progo,34.01.02.1008,2026-09-02 06:00:00,24,89,Cerah,0,4.7
2026-08-31T07:58:31.394621+00:00,Kabupaten Kulon Progo,34.01.02.1008,2026-09-02 09:00:00,29,61,Cerah Berawan,0,4.7
2026-08-31T07:58:31.394621+00:00,Kabupaten Kulon Progo,34.01.02.1008,2026-09-02 12:00:00,29,68,Cerah,0,23.4
2026-08-31T07:58:31.394621+00:00,Kabupaten Kulon Progo,34.01.02.1008,2026-09-02 15:00:00,27,74,Cerah,0,23.4
2026-08-31T07:58:31.394621+00:00,Kabupaten Kulon Progo,34.01.02.1008,2026-09-02 18:00:00,24,84,Cerah,0,8.1
2026-08-31T07:58:31.394621+00:00,Kabupaten Kulon Progo,34.01.02.1008,2026-09-02 21:00:00,24,86,Cerah,0,8.1
2026-08-31T07:58:31.643155+00:00,Kabupaten Gunungkidul,34.03.01.2001,2026-08-31 15:00:00,28,67,Cerah Berawan,0.1,21.7
2026-08-31T07:58:31.643155+00:00,Kabupaten Gunungkidul,34.03.01.2001,2026-08-31 18:00:00,24,85,Cerah,0,15.8
2026-08-31T07:58:31.643155+00:00,Kabupaten Gunungkidul,34.03.01.2001,2026-08-31 21:00:00,24,88,Cerah,0,13.7
2026-08-31T07:58:31.643155+00:00,Kabupaten Gunungkidul,34.03.01.2001,2026-09-01 00:00:00,23,92,Cerah,0,12.4
2026-08-31T07:58:31.643155+00:00,Kabupaten Gunungkidul,34.03.01.2001,2026-09-01 03:00:00,22,94,Cerah,0,9
2026-08-31T07:58:31.643155+00:00,Kabupaten Gunungkidul,34.03.01.2001,2026-09-01 06:00:00,24,75,Cerah,0,13.7
2026-08-31T07:58:31.643155+00:00,Kabupaten Gunungkidul,34.03.01.2001,2026-09-01 09:00:00,30,51,Cerah,0,16.9
2026-08-31T07:58:31.643155+00:00,Kabupaten Gunungkidul,34.03.01.2001,2026-09-01 12:00:00,32,48,Cerah,0,18
2026-08-31T07:58:31.643155+00:00,Kabupaten Gunungkidul,34.03.01.2001,2026-09-01 15:00:00,29,60,Cerah,0,21.5
2026-08-31T07:58:31.643155+00:00,Kabupaten Gunungkidul,34.03.01.2001,2026-09-01 18:00:00,24,83,Cerah,0,17.1
2026-08-31T07:58:31.643155+00:00,Kabupaten Gunungkidul,34.03.01.2001,2026-09-01 21:00:00,23,86,Cerah,0,16.1
2026-08-31T07:58:31.643155+00:00,Kabupaten Gunungkidul,34.03.01.2001,2026-09-02 00:00:00,22,91,Cerah,0,11.4
2026-08-31T07:58:31.643155+00:00,Kabupaten Gunungkidul,34.03.01.2001,2026-09-02 03:00:00,21,92,Cerah,0,10.2
2026-08-31T07:58:31.643155+00:00,Kabupaten Gunungkidul,34.03.01.2001,2026-09-02 06:00:00,24,79,Cerah,0,12.5
2026-08-31T07:58:31.643155+00:00,Kabupaten Gunungkidul,34.03.01.2001,2026-09-02 09:00:00,30,49,Cerah,0,12.5
2026-08-31T07:58:31.643155+00:00,Kabupaten Gunungkidul,34.03.01.2001,2026-09-02 12:00:00,32,47,Cerah,0,23.3
2026-08-31T07:58:31.643155+00:00,Kabupaten Gunungkidul,34.03.01.2001,2026-09-02 15:00:00,28,65,Cerah,0,23.3
2026-08-31T07:58:31.643155+00:00,Kabupaten Gunungkidul,34.03.01.2001,2026-09-02 18:00:00,24,82,Cerah,0,19.2
2026-08-31T07:58:31.643155+00:00,Kabupaten Gunungkidul,34.03.01.2001,2026-09-02 21:00:00,23,86,Cerah,0,19.2
2026-08-31T08:12:16.351273+00:00,Kota Yogyakarta,34.71.10.1001,2026-08-31 15:00:00,30,61,Cerah Berawan,0.2,13
2026-08-31T08:12:16.351273+00:00,Kota Yogyakarta,34.71.10.1001,2026-08-31 18:00:00,26,77,Cerah Berawan,0,10.2
2026-08-31T08:12:16.351273+00:00,Kota Yogyakarta,34.71.10.1001,2026-08-31 21:00:00,25,84,Cerah,0,1.9
2026-08-31T08:12:16.351273+00:00,Kota Yogyakarta,34.71.10.1001,2026-09-01 00:00:00,23,92,Cerah,0,3.9
2026-08-31T08:12:16.351273+00:00,Kota Yogyakarta,34.71.10.1001,2026-09-01 03:00:00,22,94,Udara Kabur,0,4.1
2026-08-31T08:12:16.351273+00:00,Kota Yogyakarta,34.71.10.1001,2026-09-01 06:00:00,24,84,Cerah,0,3.6
2026-08-31T08:12:16.351273+00:00,Kota Yogyakarta,34.71.10.1001,2026-09-01 09:00:00,31,50,Cerah,0,6.6
2026-08-31T08:12:16.351273+00:00,Kota Yogyakarta,34.71.10.1001,2026-09-01 12:00:00,34,40,Cerah,0,8.5
2026-08-31T08:12:16.351273+00:00,Kota Yogyakarta,34.71.10.1001,2026-09-01 15:00:00,31,56,Cerah,0,15.9
2026-08-31T08:12:16.351273+00:00,Kota Yogyakarta,34.71.10.1001,2026-09-01 18:00:00,26,74,Cerah,0,5.5
2026-08-31T08:12:16.351273+00:00,Kota Yogyakarta,34.71.10.1001,2026-09-01 21:00:00,25,83,Cerah,0,1
2026-08-31T08:12:16.351273+00:00,Kota Yogyakarta,34.71.10.1001,2026-09-02 00:00:00,22,92,Cerah,0,2.7
2026-08-31T08:12:16.351273+00:00,Kota Yogyakarta,34.71.10.1001,2026-09-02 03:00:00,22,92,Cerah,0,1
2026-08-31T08:12:16.351273+00:00,Kota Yogyakarta,34.71.10.1001,2026-09-02 06:00:00,24,82,Cerah,0,1.8
2026-08-31T08:12:16.351273+00:00,Kota Yogyakarta,34.71.10.1001,2026-09-02 09:00:00,31,48,Cerah,0,1.8
2026-08-31T08:12:16.351273+00:00,Kota Yogyakarta,34.71.10.1001,2026-09-02 12:00:00,34,38,Cerah,0,6
2026-08-31T08:12:16.351273+00:00,Kota Yogyakarta,34.71.10.1001,2026-09-02 15:00:00,30,60,Cerah,0,6
2026-08-31T08:12:16.351273+00:00,Kota Yogyakarta,34.71.10.1001,2026-09-02 18:00:00,26,74,Cerah,0,7.4
2026-08-31T08:12:16.351273+00:00,Kota Yogyakarta,34.71.10.1001,2026-09-02 21:00:00,25,79,Cerah,0,7.4
2026-08-31T08:12:16.657919+00:00,Kabupaten Sleman,34.04.13.2002,2026-08-31 15:00:00,29,64,Cerah Berawan,0.1,10.3
2026-08-31T08:12:16.657919+00:00,Kabupaten Sleman,34.04.13.2002,2026-08-31 18:00:00,25,80,Cerah Berawan,0,6.5
2026-08-31T08:12:16.657919+00:00,Kabupaten Sleman,34.04.13.2002,2026-08-31 21:00:00,23,91,Cerah,0,1.7
2026-08-31T08:12:16.657919+00:00,Kabupaten Sleman,34.04.13.2002,2026-09-01 00:00:00,22,96,Kabut/Asap,0,4.6
2026-08-31T08:12:16.657919+00:00,Kabupaten Sleman,34.04.13.2002,2026-09-01 03:00:00,21,93,Kabut/Asap,0,4.3
2026-08-31T08:12:16.657919+00:00,Kabupaten Sleman,34.04.13.2002,2026-09-01 06:00:00,23,85,Cerah,0,3.5
2026-08-31T08:12:16.657919+00:00,Kabupaten Sleman,34.04.13.2002,2026-09-01 09:00:00,28,61,Cerah,0,7.2
2026-08-31T08:12:16.657919+00:00,Kabupaten Sleman,34.04.13.2002,2026-09-01 12:00:00,32,45,Cerah,0,9.5
2026-08-31T08:12:16.657919+00:00,Kabupaten Sleman,34.04.13.2002,2026-09-01 15:00:00,30,60,Cerah,0,14.3
2026-08-31T08:12:16.657919+00:00,Kabupaten Sleman,34.04.13.2002,2026-09-01 18:00:00,24,82,Cerah,0,4
2026-08-31T08:12:16.657919+00:00,Kabupaten Sleman,34.04.13.2002,2026-09-01 21:00:00,22,91,Cerah,0,2.1
2026-08-31T08:12:16.657919+00:00,Kabupaten Sleman,34.04.13.2002,2026-09-02 00:00:00,21,95,Cerah,0,5.5
2026-08-31T08:12:16.657919+00:00,Kabupaten Sleman,34.04.13.2002,2026-09-02 03:00:00,21,90,Kabut/Asap,0,2
2026-08-31T08:12:16.657919+00:00,Kabupaten Sleman,34.04.13.2002,2026-09-02 06:00:00,23,84,Cerah,0,1.8
2026-08-31T08:12:16.657919+00:00,Kabupaten Sleman,34.04.13.2002,2026-09-02 09:00:00,29,60,Cerah,0,1.8
2026-08-31T08:12:16.657919+00:00,Kabupaten Sleman,34.04.13.2002,2026-09-02 12:00:00,32,44,Cerah,0,5.4
2026-08-31T08:12:16.657919+00:00,Kabupaten Sleman,34.04.13.2002,2026-09-02 15:00:00,28,66,Cerah,0,5.4
2026-08-31T08:12:16.657919+00:00,Kabupaten Sleman,34.04.13.2002,2026-09-02 18:00:00,25,79,Cerah Berawan,0,7.3
2026-08-31T08:12:16.657919+00:00,Kabupaten Sleman,34.04.13.2002,2026-09-02 21:00:00,24,85,Berawan,0,7.3
2026-08-31T08:12:16.980152+00:00,Kabupaten Bantul,34.02.08.2003,2026-08-31 15:00:00,29,66,Cerah Berawan,0,14.5
2026-08-31T08:12:16.980152+00:00,Kabupaten Bantul,34.02.08.2003,2026-08-31 18:00:00,26,79,Cerah Berawan,0,8.6
2026-08-31T08:12:16.980152+00:00,Kabupaten Bantul,34.02.08.2003,2026-08-31 21:00:00,24,87,Cerah,0,0.9
2026-08-31T08:12:16.980152+00:00,Kabupaten Bantul,34.02.08.2003,2026-09-01 00:00:00,23,92,Cerah,0,1.7
2026-08-31T08:12:16.980152+00:00,Kabupaten Bantul,34.02.08.2003,2026-09-01 03:00:00,22,96,Cerah,0,3
2026-08-31T08:12:16.980152+00:00,Kabupaten Bantul,34.02.08.2003,2026-09-01 06:00:00,24,88,Cerah,0,3.9
2026-08-31T08:12:16.980152+00:00,Kabupaten Bantul,34.02.08.2003,2026-09-01 09:00:00,31,52,Cerah,0,10.3
2026-08-31T08:12:16.980152+00:00,Kabupaten Bantul,34.02.08.2003,2026-09-01 12:00:00,32,48,Cerah,0,16.9
2026-08-31T08:12:16.980152+00:00,Kabupaten Bantul,34.02.08.2003,2026-09-01 15:00:00,29,63,Cerah,0,18.1
2026-08-31T08:12:16.980152+00:00,Kabupaten Bantul,34.02.08.2003,2026-09-01 18:00:00,26,80,Cerah,0,3.7
2026-08-31T08:12:16.980152+00:00,Kabupaten Bantul,34.02.08.2003,2026-09-01 21:00:00,24,87,Cerah,0,1.4
2026-08-31T08:12:16.980152+00:00,Kabupaten Bantul,34.02.08.2003,2026-09-02 00:00:00,22,95,Cerah,0,1
2026-08-31T08:12:16.980152+00:00,Kabupaten Bantul,34.02.08.2003,2026-09-02 03:00:00,22,97,Cerah,0,4.1
2026-08-31T08:12:16.980152+00:00,Kabupaten Bantul,34.02.08.2003,2026-09-02 06:00:00,24,86,Cerah,0,2.9
2026-08-31T08:12:16.980152+00:00,Kabupaten Bantul,34.02.08.2003,2026-09-02 09:00:00,31,49,Cerah,0,2.9
2026-08-31T08:12:16.980152+00:00,Kabupaten Bantul,34.02.08.2003,2026-09-02 12:00:00,32,54,Cerah,0,22.8
2026-08-31T08:12:16.980152+00:00,Kabupaten Bantul,34.02.08.2003,2026-09-02 15:00:00,29,65,Cerah,0,22.8
2026-08-31T08:12:16.980152+00:00,Kabupaten Bantul,34.02.08.2003,2026-09-02 18:00:00,26,77,Cerah,0,7.5
2026-08-31T08:12:16.980152+00:00,Kabupaten Bantul,34.02.08.2003,2026-09-02 21:00:00,25,83,Cerah,0,7.5
2026-08-31T08:12:17.292701+00:00,Kabupaten Kulon Progo,34.01.02.1008,2026-08-31 16:00:00,26,81,Cerah Berawan,0,15.6
2026-08-31T08:12:17.292701+00:00,Kabupaten Kulon Progo,34.01.02.1008,2026-08-31 19:00:00,24,89,Cerah,0,8.2
2026-08-31T08:12:17.292701+00:00,Kabupaten Kulon Progo,34.01.02.1008,2026-08-31 22:00:00,23,93,Cerah,0,1.2
2026-08-31T08:12:17.292701+00:00,Kabupaten Kulon Progo,34.01.02.1008,2026-09-01 01:00:00,23,93,Cerah,0,1
2026-08-31T08:12:17.292701+00:00,Kabupaten Kulon Progo,34.01.02.1008,2026-09-01 04:00:00,22,95,Cerah,0,1.7
2026-08-31T08:12:17.292701+00:00,Kabupaten Kulon Progo,34.01.02.1008,2026-09-01 07:00:00,26,75,Cerah,0,3.7
2026-08-31T08:12:17.292701+00:00,Kabupaten Kulon Progo,34.01.02.1008,2026-09-01 10:00:00,30,58,Cerah,0,12.9
2026-08-31T08:12:17.292701+00:00,Kabupaten Kulon Progo,34.01.02.1008,2026-09-01 13:00:00,29,63,Cerah,0,20
2026-08-31T08:12:17.292701+00:00,Kabupaten Kulon Progo,34.01.02.1008,2026-09-01 16:00:00,26,78,Cerah,0,18.5
2026-08-31T08:12:17.292701+00:00,Kabupaten Kulon Progo,34.01.02.1008,2026-09-01 19:00:00,24,89,Cerah,0,4.3
2026-08-31T08:12:17.292701+00:00,Kabupaten Kulon Progo,34.01.02.1008,2026-09-01 22:00:00,23,92,Cerah,0,1.1
2026-08-31T08:12:17.292701+00:00,Kabupaten Kulon Progo,34.01.02.1008,2026-09-02 01:00:00,22,97,Udara Kabur,0,1.1
2026-08-31T08:12:17.292701+00:00,Kabupaten Kulon Progo,34.01.02.1008,2026-09-02 04:00:00,22,97,Kabut/Asap,0,2.8
2026-08-31T08:12:17.292701+00:00,Kabupaten Kulon Progo,34.01.02.1008,2026-09-02 07:00:00,26,74,Cerah,0,4.7
2026-08-31T08:12:17.292701+00:00,Kabupaten Kulon Progo,34.01.02.1008,2026-09-02 10:00:00,29,65,Cerah Berawan,0,23.4
2026-08-31T08:12:17.292701+00:00,Kabupaten Kulon Progo,34.01.02.1008,2026-09-02 13:00:00,28,69,Cerah,0,23.4
2026-08-31T08:12:17.292701+00:00,Kabupaten Kulon Progo,34.01.02.1008,2026-09-02 16:00:00,26,78,Cerah,0,8.1
2026-08-31T08:12:17.292701+00:00,Kabupaten Kulon Progo,34.01.02.1008,2026-09-02 19:00:00,24,84,Cerah,0,8.1
2026-08-31T08:12:17.292701+00:00,Kabupaten Kulon Progo,34.01.02.1008,2026-09-02 22:00:00,24,88,Cerah,0,4.7
2026-08-31T08:12:17.599349+00:00,Kabupaten Gunungkidul,34.03.01.2001,2026-08-31 15:00:00,28,67,Cerah Berawan,0.1,21.7
2026-08-31T08:12:17.599349+00:00,Kabupaten Gunungkidul,34.03.01.2001,2026-08-31 18:00:00,24,85,Cerah,0,15.8
2026-08-31T08:12:17.599349+00:00,Kabupaten Gunungkidul,34.03.01.2001,2026-08-31 21:00:00,24,88,Cerah,0,13.7
2026-08-31T08:12:17.599349+00:00,Kabupaten Gunungkidul,34.03.01.2001,2026-09-01 00:00:00,23,92,Cerah,0,12.4
2026-08-31T08:12:17.599349+00:00,Kabupaten Gunungkidul,34.03.01.2001,2026-09-01 03:00:00,22,94,Cerah,0,9
2026-08-31T08:12:17.599349+00:00,Kabupaten Gunungkidul,34.03.01.2001,2026-09-01 06:00:00,24,75,Cerah,0,13.7
2026-08-31T08:12:17.599349+00:00,Kabupaten Gunungkidul,34.03.01.2001,2026-09-01 09:00:00,30,51,Cerah,0,16.9
2026-08-31T08:12:17.599349+00:00,Kabupaten Gunungkidul,34.03.01.2001,2026-09-01 12:00:00,32,48,Cerah,0,18
2026-08-31T08:12:17.599349+00:00,Kabupaten Gunungkidul,34.03.01.2001,2026-09-01 15:00:00,29,60,Cerah,0,21.5
2026-08-31T08:12:17.599349+00:00,Kabupaten Gunungkidul,34.03.01.2001,2026-09-01 18:00:00,24,83,Cerah,0,17.1
2026-08-31T08:12:17.599349+00:00,Kabupaten Gunungkidul,34.03.01.2001,2026-09-01 21:00:00,23,86,Cerah,0,16.1
2026-08-31T08:12:17.599349+00:00,Kabupaten Gunungkidul,34.03.01.2001,2026-09-02 00:00:00,22,91,Cerah,0,11.4
2026-08-31T08:12:17.599349+00:00,Kabupaten Gunungkidul,34.03.01.2001,2026-09-02 03:00:00,21,92,Cerah,0,10.2
2026-08-31T08:12:17.599349+00:00,Kabupaten Gunungkidul,34.03.01.2001,2026-09-02 06:00:00,24,79,Cerah,0,12.5
2026-08-31T08:12:17.599349+00:00,Kabupaten Gunungkidul,34.03.01.2001,2026-09-02 09:00:00,30,49,Cerah,0,12.5
2026-08-31T08:12:17.599349+00:00,Kabupaten Gunungkidul,34.03.01.2001,2026-09-02 12:00:00,32,47,Cerah,0,23.3
2026-08-31T08:12:17.599349+00:00,Kabupaten Gunungkidul,34.03.01.2001,2026-09-02 15:00:00,28,65,Cerah,0,23.3
2026-08-31T08:12:17.599349+00:00,Kabupaten Gunungkidul,34.03.01.2001,2026-09-02 18:00:00,24,82,Cerah,0,19.2
2026-08-31T08:12:17.599349+00:00,Kabupaten Gunungkidul,34.03.01.2001,2026-09-02 21:00:00,23,86,Cerah,0,19.2
2026-08-31T12:03:34.733290+00:00,Kota Yogyakarta,34.71.10.1001,2026-08-31 19:00:00,26,79,Cerah,0,10.2
2026-08-31T12:03:34.733290+00:00,Kota Yogyakarta,34.71.10.1001,2026-08-31 22:00:00,24,86,Cerah,0,1.9
2026-08-31T12:03:34.733290+00:00,Kota Yogyakarta,34.71.10.1001,2026-09-01 01:00:00,23,93,Cerah,0,3.9
2026-08-31T12:03:34.733290+00:00,Kota Yogyakarta,34.71.10.1001,2026-09-01 04:00:00,22,95,Udara Kabur,0,4.1
2026-08-31T12:03:34.733290+00:00,Kota Yogyakarta,34.71.10.1001,2026-09-01 07:00:00,26,71,Cerah,0,3.6
2026-08-31T12:03:34.733290+00:00,Kota Yogyakarta,34.71.10.1001,2026-09-01 10:00:00,32,44,Cerah,0,6.6
2026-08-31T12:03:34.733290+00:00,Kota Yogyakarta,34.71.10.1001,2026-09-01 13:00:00,34,43,Cerah,0,8.5
2026-08-31T12:03:34.733290+00:00,Kota Yogyakarta,34.71.10.1001,2026-09-01 16:00:00,29,62,Cerah,0,15.9
2026-08-31T12:03:34.733290+00:00,Kota Yogyakarta,34.71.10.1001,2026-09-01 19:00:00,26,78,Cerah,0,5.5
2026-08-31T12:03:34.733290+00:00,Kota Yogyakarta,34.71.10.1001,2026-09-01 22:00:00,24,85,Cerah,0,1
2026-08-31T12:03:34.733290+00:00,Kota Yogyakarta,34.71.10.1001,2026-09-02 01:00:00,22,94,Cerah,0,2.7
2026-08-31T12:03:34.733290+00:00,Kota Yogyakarta,34.71.10.1001,2026-09-02 04:00:00,22,92,Cerah Berawan,0,1
2026-08-31T12:03:34.733290+00:00,Kota Yogyakarta,34.71.10.1001,2026-09-02 07:00:00,26,70,Cerah,0,1.8
2026-08-31T12:03:34.733290+00:00,Kota Yogyakarta,34.71.10.1001,2026-09-02 10:00:00,33,41,Cerah,0,6
2026-08-31T12:03:34.733290+00:00,Kota Yogyakarta,34.71.10.1001,2026-09-02 13:00:00,33,48,Cerah,0,6
2026-08-31T12:03:34.733290+00:00,Kota Yogyakarta,34.71.10.1001,2026-09-02 16:00:00,28,65,Cerah,0,7.4
2026-08-31T12:03:34.733290+00:00,Kota Yogyakarta,34.71.10.1001,2026-09-02 19:00:00,26,76,Cerah,0,7.4
2026-08-31T12:03:34.733290+00:00,Kota Yogyakarta,34.71.10.1001,2026-09-02 22:00:00,25,81,Cerah,0,1.7
2026-08-31T12:03:34.988214+00:00,Kabupaten Sleman,34.04.13.2002,2026-08-31 19:00:00,24,84,Cerah Berawan,0,6.5
2026-08-31T12:03:34.988214+00:00,Kabupaten Sleman,34.04.13.2002,2026-08-31 22:00:00,23,93,Cerah,0,1.7
2026-08-31T12:03:34.988214+00:00,Kabupaten Sleman,34.04.13.2002,2026-09-01 01:00:00,22,95,Kabut/Asap,0,4.6
2026-08-31T12:03:34.988214+00:00,Kabupaten Sleman,34.04.13.2002,2026-09-01 04:00:00,20,94,Kabut/Asap,0,4.3
2026-08-31T12:03:34.988214+00:00,Kabupaten Sleman,34.04.13.2002,2026-09-01 07:00:00,25,78,Cerah,0,3.5
2026-08-31T12:03:34.988214+00:00,Kabupaten Sleman,34.04.13.2002,2026-09-01 10:00:00,30,53,Cerah,0,7.2
2026-08-31T12:03:34.988214+00:00,Kabupaten Sleman,34.04.13.2002,2026-09-01 13:00:00,32,46,Cerah,0,9.5
2026-08-31T12:03:34.988214+00:00,Kabupaten Sleman,34.04.13.2002,2026-09-01 16:00:00,28,68,Cerah,0,14.3
2026-08-31T12:03:34.988214+00:00,Kabupaten Sleman,34.04.13.2002,2026-09-01 19:00:00,24,87,Cerah,0,4
2026-08-31T12:03:34.988214+00:00,Kabupaten Sleman,34.04.13.2002,2026-09-01 22:00:00,22,92,Cerah,0,2.1
2026-08-31T12:03:34.988214+00:00,Kabupaten Sleman,34.04.13.2002,2026-09-02 01:00:00,21,94,Cerah,0,5.5
2026-08-31T12:03:34.988214+00:00,Kabupaten Sleman,34.04.13.2002,2026-09-02 04:00:00,21,90,Kabut/Asap,0,2
2026-08-31T12:03:34.988214+00:00,Kabupaten Sleman,34.04.13.2002,2026-09-02 07:00:00,25,76,Cerah,0,1.8
2026-08-31T12:03:34.988214+00:00,Kabupaten Sleman,34.04.13.2002,2026-09-02 10:00:00,30,53,Cerah,0,5.4
2026-08-31T12:03:34.988214+00:00,Kabupaten Sleman,34.04.13.2002,2026-09-02 13:00:00,31,52,Cerah,0,5.4
2026-08-31T12:03:34.988214+00:00,Kabupaten Sleman,34.04.13.2002,2026-09-02 16:00:00,27,72,Cerah Berawan,0,7.3
2026-08-31T12:03:34.988214+00:00,Kabupaten Sleman,34.04.13.2002,2026-09-02 19:00:00,24,82,Cerah Berawan,0,7.3
2026-08-31T12:03:34.988214+00:00,Kabupaten Sleman,34.04.13.2002,2026-09-02 22:00:00,23,89,Berawan,0,2.1
2026-08-31T12:03:35.240124+00:00,Kabupaten Bantul,34.02.08.2003,2026-08-31 19:00:00,26,82,Cerah,0,8.6
2026-08-31T12:03:35.240124+00:00,Kabupaten Bantul,34.02.08.2003,2026-08-31 22:00:00,24,89,Cerah,0,0.9
2026-08-31T12:03:35.240124+00:00,Kabupaten Bantul,34.02.08.2003,2026-09-01 01:00:00,23,94,Cerah,0,1.7
2026-08-31T12:03:35.240124+00:00,Kabupaten Bantul,34.02.08.2003,2026-09-01 04:00:00,22,98,Cerah,0,3
2026-08-31T12:03:35.240124+00:00,Kabupaten Bantul,34.02.08.2003,2026-09-01 07:00:00,27,72,Cerah,0,3.9
2026-08-31T12:03:35.240124+00:00,Kabupaten Bantul,34.02.08.2003,2026-09-01 10:00:00,32,48,Cerah,0,10.3
2026-08-31T12:03:35.240124+00:00,Kabupaten Bantul,34.02.08.2003,2026-09-01 13:00:00,32,52,Cerah,0,16.9
2026-08-31T12:03:35.240124+00:00,Kabupaten Bantul,34.02.08.2003,2026-09-01 16:00:00,28,68,Cerah,0,18.1
2026-08-31T12:03:35.240124+00:00,Kabupaten Bantul,34.02.08.2003,2026-09-01 19:00:00,25,82,Cerah,0,3.7
2026-08-31T12:03:35.240124+00:00,Kabupaten Bantul,34.02.08.2003,2026-09-01 22:00:00,24,89,Cerah,0,1.4
2026-08-31T12:03:35.240124+00:00,Kabupaten Bantul,34.02.08.2003,2026-09-02 01:00:00,22,97,Cerah,0,1
2026-08-31T12:03:35.240124+00:00,Kabupaten Bantul,34.02.08.2003,2026-09-02 04:00:00,21,97,Cerah Berawan,0,4.1
2026-08-31T12:03:35.240124+00:00,Kabupaten Bantul,34.02.08.2003,2026-09-02 07:00:00,27,71,Cerah,0,2.9
2026-08-31T12:03:35.240124+00:00,Kabupaten Bantul,34.02.08.2003,2026-09-02 10:00:00,32,46,Cerah,0,22.8
2026-08-31T12:03:35.240124+00:00,Kabupaten Bantul,34.02.08.2003,2026-09-02 13:00:00,30,59,Cerah,0,22.8
2026-08-31T12:03:35.240124+00:00,Kabupaten Bantul,34.02.08.2003,2026-09-02 16:00:00,27,70,Cerah,0,7.5
2026-08-31T12:03:35.240124+00:00,Kabupaten Bantul,34.02.08.2003,2026-09-02 19:00:00,25,79,Cerah,0,7.5
2026-08-31T12:03:35.240124+00:00,Kabupaten Bantul,34.02.08.2003,2026-09-02 22:00:00,24,84,Cerah,0,0.8
2026-08-31T12:03:35.494165+00:00,Kabupaten Kulon Progo,34.01.02.1008,2026-08-31 19:00:00,24,89,Cerah,0,8.2
2026-08-31T12:03:35.494165+00:00,Kabupaten Kulon Progo,34.01.02.1008,2026-08-31 22:00:00,23,93,Cerah,0,1.2
2026-08-31T12:03:35.494165+00:00,Kabupaten Kulon Progo,34.01.02.1008,2026-09-01 01:00:00,23,93,Cerah,0,1
2026-08-31T12:03:35.494165+00:00,Kabupaten Kulon Progo,34.01.02.1008,2026-09-01 04:00:00,22,95,Cerah,0,1.7
2026-08-31T12:03:35.494165+00:00,Kabupaten Kulon Progo,34.01.02.1008,2026-09-01 07:00:00,26,75,Cerah,0,3.7
2026-08-31T12:03:35.494165+00:00,Kabupaten Kulon Progo,34.01.02.1008,2026-09-01 10:00:00,30,58,Cerah,0,12.9
2026-08-31T12:03:35.494165+00:00,Kabupaten Kulon Progo,34.01.02.1008,2026-09-01 13:00:00,29,63,Cerah,0,20
2026-08-31T12:03:35.494165+00:00,Kabupaten Kulon Progo,34.01.02.1008,2026-09-01 16:00:00,26,78,Cerah,0,18.5
2026-08-31T12:03:35.494165+00:00,Kabupaten Kulon Progo,34.01.02.1008,2026-09-01 19:00:00,24,89,Cerah,0,4.3
2026-08-31T12:03:35.494165+00:00,Kabupaten Kulon Progo,34.01.02.1008,2026-09-01 22:00:00,23,92,Cerah,0,1.1
2026-08-31T12:03:35.494165+00:00,Kabupaten Kulon Progo,34.01.02.1008,2026-09-02 01:00:00,22,97,Udara Kabur,0,1.1
2026-08-31T12:03:35.494165+00:00,Kabupaten Kulon Progo,34.01.02.1008,2026-09-02 04:00:00,22,97,Kabut/Asap,0,2.8
2026-08-31T12:03:35.494165+00:00,Kabupaten Kulon Progo,34.01.02.1008,2026-09-02 07:00:00,26,74,Cerah,0,4.7
2026-08-31T12:03:35.494165+00:00,Kabupaten Kulon Progo,34.01.02.1008,2026-09-02 10:00:00,29,65,Cerah Berawan,0,23.4
2026-08-31T12:03:35.494165+00:00,Kabupaten Kulon Progo,34.01.02.1008,2026-09-02 13:00:00,28,69,Cerah,0,23.4
2026-08-31T12:03:35.494165+00:00,Kabupaten Kulon Progo,34.01.02.1008,2026-09-02 16:00:00,26,78,Cerah,0,8.1
2026-08-31T12:03:35.494165+00:00,Kabupaten Kulon Progo,34.01.02.1008,2026-09-02 19:00:00,24,84,Cerah,0,8.1
2026-08-31T12:03:35.494165+00:00,Kabupaten Kulon Progo,34.01.02.1008,2026-09-02 22:00:00,24,88,Cerah,0,4.7
2026-08-31T12:03:35.808509+00:00,Kabupaten Gunungkidul,34.03.01.2001,2026-08-31 19:00:00,24,86,Cerah,0,15.8
2026-08-31T12:03:35.808509+00:00,Kabupaten Gunungkidul,34.03.01.2001,2026-08-31 22:00:00,23,88,Cerah,0,13.7
2026-08-31T12:03:35.808509+00:00,Kabupaten Gunungkidul,34.03.01.2001,2026-09-01 01:00:00,22,93,Cerah,0,12.4
2026-08-31T12:03:35.808509+00:00,Kabupaten Gunungkidul,34.03.01.2001,2026-09-01 04:00:00,22,94,Cerah,0,9
2026-08-31T12:03:35.808509+00:00,Kabupaten Gunungkidul,34.03.01.2001,2026-09-01 07:00:00,26,65,Cerah,0,13.7
2026-08-31T12:03:35.808509+00:00,Kabupaten Gunungkidul,34.03.01.2001,2026-09-01 10:00:00,31,48,Cerah,0,16.9
2026-08-31T12:03:35.808509+00:00,Kabupaten Gunungkidul,34.03.01.2001,2026-09-01 13:00:00,31,51,Cerah,0,18
2026-08-31T12:03:35.808509+00:00,Kabupaten Gunungkidul,34.03.01.2001,2026-09-01 16:00:00,27,70,Cerah,0,21.5
2026-08-31T12:03:35.808509+00:00,Kabupaten Gunungkidul,34.03.01.2001,2026-09-01 19:00:00,24,84,Cerah,0,17.1
2026-08-31T12:03:35.808509+00:00,Kabupaten Gunungkidul,34.03.01.2001,2026-09-01 22:00:00,23,88,Cerah,0,16.1
2026-08-31T12:03:35.808509+00:00,Kabupaten Gunungkidul,34.03.01.2001,2026-09-02 01:00:00,22,92,Cerah,0,11.4
2026-08-31T12:03:35.808509+00:00,Kabupaten Gunungkidul,34.03.01.2001,2026-09-02 04:00:00,21,92,Cerah,0,10.2
2026-08-31T12:03:35.808509+00:00,Kabupaten Gunungkidul,34.03.01.2001,2026-09-02 07:00:00,26,68,Cerah,0,12.5
2026-08-31T12:03:35.808509+00:00,Kabupaten Gunungkidul,34.03.01.2001,2026-09-02 10:00:00,32,43,Cerah,0,23.3
2026-08-31T12:03:35.808509+00:00,Kabupaten Gunungkidul,34.03.01.2001,2026-09-02 13:00:00,31,55,Cerah,0,23.3
2026-08-31T12:03:35.808509+00:00,Kabupaten Gunungkidul,34.03.01.2001,2026-09-02 16:00:00,26,71,Cerah,0,19.2
2026-08-31T12:03:35.808509+00:00,Kabupaten Gunungkidul,34.03.01.2001,2026-09-02 19:00:00,24,84,Cerah,0,19.2
2026-08-31T12:03:35.808509+00:00,Kabupaten Gunungkidul,34.03.01.2001,2026-09-02 22:00:00,23,86,Cerah,0,17.2
2026-08-31T13:25:57.491066+00:00,Kota Yogyakarta,34.71.10.1001,2026-08-31 21:00:00,25,82,Cerah,0,1.6
2026-08-31T13:25:57.491066+00:00,Kota Yogyakarta,34.71.10.1001,2026-09-01 00:00:00,23,91,Cerah,0,2.4
2026-08-31T13:25:57.491066+00:00,Kota Yogyakarta,34.71.10.1001,2026-09-01 03:00:00,22,93,Udara Kabur,0,4.6
2026-08-31T13:25:57.491066+00:00,Kota Yogyakarta,34.71.10.1001,2026-09-01 06:00:00,24,82,Cerah Berawan,0,3.9
2026-08-31T13:25:57.491066+00:00,Kota Yogyakarta,34.71.10.1001,2026-09-01 09:00:00,31,49,Cerah,0,7.8
2026-08-31T13:25:57.491066+00:00,Kota Yogyakarta,34.71.10.1001,2026-09-01 12:00:00,32,41,Cerah,0,10
2026-08-31T13:25:57.491066+00:00,Kota Yogyakarta,34.71.10.1001,2026-09-01 15:00:00,31,54,Cerah,0,14.5
2026-08-31T13:25:57.491066+00:00,Kota Yogyakarta,34.71.10.1001,2026-09-01 18:00:00,26,74,Cerah,0,5.6
2026-08-31T13:25:57.491066+00:00,Kota Yogyakarta,34.71.10.1001,2026-09-01 21:00:00,24,83,Cerah,0,2.7
2026-08-31T13:25:57.491066+00:00,Kota Yogyakarta,34.71.10.1001,2026-09-02 00:00:00,23,89,Cerah,0,1.4
2026-08-31T13:25:57.491066+00:00,Kota Yogyakarta,34.71.10.1001,2026-09-02 03:00:00,22,91,Cerah,0,0.7
2026-08-31T13:25:57.491066+00:00,Kota Yogyakarta,34.71.10.1001,2026-09-02 06:00:00,24,82,Udara Kabur,0,2.7
2026-08-31T13:25:57.491066+00:00,Kota Yogyakarta,34.71.10.1001,2026-09-02 09:00:00,31,48,Cerah,0,5.7
2026-08-31T13:25:57.491066+00:00,Kota Yogyakarta,34.71.10.1001,2026-09-02 12:00:00,32,37,Cerah,0,6.1
2026-08-31T13:25:57.491066+00:00,Kota Yogyakarta,34.71.10.1001,2026-09-02 15:00:00,30,58,Cerah,0,17.7
2026-08-31T13:25:57.491066+00:00,Kota Yogyakarta,34.71.10.1001,2026-09-02 18:00:00,26,73,Cerah,0,7.9
2026-08-31T13:25:57.491066+00:00,Kota Yogyakarta,34.71.10.1001,2026-09-02 21:00:00,25,80,Cerah,0,1.5
2026-08-31T13:25:57.767502+00:00,Kabupaten Sleman,34.04.13.2002,2026-08-31 21:00:00,23,91,Cerah,0,0.8
2026-08-31T13:25:57.767502+00:00,Kabupaten Sleman,34.04.13.2002,2026-09-01 00:00:00,21,94,Udara Kabur,0,1.9
2026-08-31T13:25:57.767502+00:00,Kabupaten Sleman,34.04.13.2002,2026-09-01 03:00:00,20,95,Udara Kabur,0,5.7
2026-08-31T13:25:57.767502+00:00,Kabupaten Sleman,34.04.13.2002,2026-09-01 06:00:00,22,84,Cerah Berawan,0,4.2
2026-08-31T13:25:57.767502+00:00,Kabupaten Sleman,34.04.13.2002,2026-09-01 09:00:00,28,60,Cerah,0,7.8
2026-08-31T13:25:57.767502+00:00,Kabupaten Sleman,34.04.13.2002,2026-09-01 12:00:00,31,46,Cerah,0,10.2
2026-08-31T13:25:57.767502+00:00,Kabupaten Sleman,34.04.13.2002,2026-09-01 15:00:00,30,58,Cerah,0,13.4
2026-08-31T13:25:57.767502+00:00,Kabupaten Sleman,34.04.13.2002,2026-09-01 18:00:00,24,81,Cerah,0,5.4
2026-08-31T13:25:57.767502+00:00,Kabupaten Sleman,34.04.13.2002,2026-09-01 21:00:00,23,90,Cerah,0,3.2
2026-08-31T13:25:57.767502+00:00,Kabupaten Sleman,34.04.13.2002,2026-09-02 00:00:00,21,92,Cerah,0,3
2026-08-31T13:25:57.767502+00:00,Kabupaten Sleman,34.04.13.2002,2026-09-02 03:00:00,21,90,Udara Kabur,0,2.3
2026-08-31T13:25:57.767502+00:00,Kabupaten Sleman,34.04.13.2002,2026-09-02 06:00:00,23,84,Udara Kabur,0,2
2026-08-31T13:25:57.767502+00:00,Kabupaten Sleman,34.04.13.2002,2026-09-02 09:00:00,28,60,Cerah,0,6.2
2026-08-31T13:25:57.767502+00:00,Kabupaten Sleman,34.04.13.2002,2026-09-02 12:00:00,31,44,Cerah,0,5.1
2026-08-31T13:25:57.767502+00:00,Kabupaten Sleman,34.04.13.2002,2026-09-02 15:00:00,29,62,Cerah,0,15.1
2026-08-31T13:25:57.767502+00:00,Kabupaten Sleman,34.04.13.2002,2026-09-02 18:00:00,25,77,Cerah Berawan,0,5.7
2026-08-31T13:25:57.767502+00:00,Kabupaten Sleman,34.04.13.2002,2026-09-02 21:00:00,23,88,Cerah,0,1.3
2026-08-31T13:25:58.016545+00:00,Kabupaten Bantul,34.02.08.2003,2026-08-31 20:00:00,25,84,Cerah,0,0.9
2026-08-31T13:25:58.016545+00:00,Kabupaten Bantul,34.02.08.2003,2026-08-31 23:00:00,24,91,Cerah,0,1.7
2026-08-31T13:25:58.016545+00:00,Kabupaten Bantul,34.02.08.2003,2026-09-01 02:00:00,23,94,Cerah,0,3
2026-08-31T13:25:58.016545+00:00,Kabupaten Bantul,34.02.08.2003,2026-09-01 05:00:00,21,98,Berawan,0,3.9
2026-08-31T13:25:58.016545+00:00,Kabupaten Bantul,34.02.08.2003,2026-09-01 08:00:00,29,58,Cerah,0,10.3
2026-08-31T13:25:58.016545+00:00,Kabupaten Bantul,34.02.08.2003,2026-09-01 11:00:00,32,47,Cerah,0,16.9
2026-08-31T13:25:58.016545+00:00,Kabupaten Bantul,34.02.08.2003,2026-09-01 14:00:00,30,58,Cerah,0,18.1
2026-08-31T13:25:58.016545+00:00,Kabupaten Bantul,34.02.08.2003,2026-09-01 17:00:00,26,75,Cerah,0,3.7
2026-08-31T13:25:58.016545+00:00,Kabupaten Bantul,34.02.08.2003,2026-09-01 20:00:00,24,85,Cerah,0,1.4
2026-08-31T13:25:58.016545+00:00,Kabupaten Bantul,34.02.08.2003,2026-09-01 23:00:00,23,91,Cerah,0,1
2026-08-31T13:25:58.016545+00:00,Kabupaten Bantul,34.02.08.2003,2026-09-02 02:00:00,22,97,Cerah,0,4.1
2026-08-31T13:25:58.016545+00:00,Kabupaten Bantul,34.02.08.2003,2026-09-02 05:00:00,21,97,Cerah Berawan,0,2.9
2026-08-31T13:25:58.016545+00:00,Kabupaten Bantul,34.02.08.2003,2026-09-02 08:00:00,30,57,Cerah,0,2.9
2026-08-31T13:25:58.016545+00:00,Kabupaten Bantul,34.02.08.2003,2026-09-02 11:00:00,32,49,Cerah,0,22.8
2026-08-31T13:25:58.016545+00:00,Kabupaten Bantul,34.02.08.2003,2026-09-02 14:00:00,30,62,Cerah,0,22.8
2026-08-31T13:25:58.016545+00:00,Kabupaten Bantul,34.02.08.2003,2026-09-02 17:00:00,26,74,Cerah,0,7.5
2026-08-31T13:25:58.016545+00:00,Kabupaten Bantul,34.02.08.2003,2026-09-02 20:00:00,25,81,Cerah,0,7.5
2026-08-31T13:25:58.016545+00:00,Kabupaten Bantul,34.02.08.2003,2026-09-02 23:00:00,24,85,Cerah,0,0.8
2026-08-31T13:25:58.248581+00:00,Kabupaten Kulon Progo,34.01.02.1008,2026-08-31 20:00:00,24,90,Cerah,0,1.2
2026-08-31T13:25:58.248581+00:00,Kabupaten Kulon Progo,34.01.02.1008,2026-08-31 23:00:00,23,93,Cerah,0,1
2026-08-31T13:25:58.248581+00:00,Kabupaten Kulon Progo,34.01.02.1008,2026-09-01 02:00:00,23,93,Cerah,0,1.7
2026-08-31T13:25:58.248581+00:00,Kabupaten Kulon Progo,34.01.02.1008,2026-09-01 05:00:00,22,96,Cerah,0,3.7
2026-08-31T13:25:58.248581+00:00,Kabupaten Kulon Progo,34.01.02.1008,2026-09-01 08:00:00,28,65,Cerah,0,12.9
2026-08-31T13:25:58.248581+00:00,Kabupaten Kulon Progo,34.01.02.1008,2026-09-01 11:00:00,30,58,Cerah,0,20
2026-08-31T13:25:58.248581+00:00,Kabupaten Kulon Progo,34.01.02.1008,2026-09-01 14:00:00,28,67,Cerah,0,18.5
2026-08-31T13:25:58.248581+00:00,Kabupaten Kulon Progo,34.01.02.1008,2026-09-01 17:00:00,24,84,Cerah,0,4.3
2026-08-31T13:25:58.248581+00:00,Kabupaten Kulon Progo,34.01.02.1008,2026-09-01 20:00:00,23,91,Cerah,0,1.1
2026-08-31T13:25:58.248581+00:00,Kabupaten Kulon Progo,34.01.02.1008,2026-09-01 23:00:00,22,93,Udara Kabur,0,1.1
2026-08-31T13:25:58.248581+00:00,Kabupaten Kulon Progo,34.01.02.1008,2026-09-02 02:00:00,22,96,Kabut/Asap,0,2.8
2026-08-31T13:25:58.248581+00:00,Kabupaten Kulon Progo,34.01.02.1008,2026-09-02 05:00:00,21,98,Cerah Berawan,0,4.7
2026-08-31T13:25:58.248581+00:00,Kabupaten Kulon Progo,34.01.02.1008,2026-09-02 08:00:00,28,65,Cerah Berawan,0,4.7
2026-08-31T13:25:58.248581+00:00,Kabupaten Kulon Progo,34.01.02.1008,2026-09-02 11:00:00,29,67,Cerah,0,23.4
2026-08-31T13:25:58.248581+00:00,Kabupaten Kulon Progo,34.01.02.1008,2026-09-02 14:00:00,28,70,Cerah,0,23.4
2026-08-31T13:25:58.248581+00:00,Kabupaten Kulon Progo,34.01.02.1008,2026-09-02 17:00:00,25,83,Cerah,0,8.1
2026-08-31T13:25:58.248581+00:00,Kabupaten Kulon Progo,34.01.02.1008,2026-09-02 20:00:00,24,84,Cerah,0,8.1
2026-08-31T13:25:58.248581+00:00,Kabupaten Kulon Progo,34.01.02.1008,2026-09-02 23:00:00,24,87,Cerah Berawan,0,4.7
2026-08-31T13:25:58.540822+00:00,Kabupaten Gunungkidul,34.03.01.2001,2026-08-31 20:00:00,24,86,Cerah Berawan,0,12.7
2026-08-31T13:25:58.540822+00:00,Kabupaten Gunungkidul,34.03.01.2001,2026-08-31 23:00:00,23,88,Cerah,0,12.9
2026-08-31T13:25:58.540822+00:00,Kabupaten Gunungkidul,34.03.01.2001,2026-09-01 02:00:00,22,90,Cerah,0,10
2026-08-31T13:25:58.540822+00:00,Kabupaten Gunungkidul,34.03.01.2001,2026-09-01 05:00:00,22,92,Cerah Berawan,0,13.1
2026-08-31T13:25:58.540822+00:00,Kabupaten Gunungkidul,34.03.01.2001,2026-09-01 08:00:00,28,59,Cerah,0,16.8
2026-08-31T13:25:58.540822+00:00,Kabupaten Gunungkidul,34.03.01.2001,2026-09-01 11:00:00,31,48,Cerah,0,19.2
2026-08-31T13:25:58.540822+00:00,Kabupaten Gunungkidul,34.03.01.2001,2026-09-01 14:00:00,30,54,Cerah,0,21.3
2026-08-31T13:25:58.540822+00:00,Kabupaten Gunungkidul,34.03.01.2001,2026-09-01 17:00:00,25,78,Cerah,0,18.8
2026-08-31T13:25:58.540822+00:00,Kabupaten Gunungkidul,34.03.01.2001,2026-09-01 20:00:00,24,83,Cerah,0,13.6
2026-08-31T13:25:58.540822+00:00,Kabupaten Gunungkidul,34.03.01.2001,2026-09-01 23:00:00,22,90,Cerah,0,5.9
2026-08-31T13:25:58.540822+00:00,Kabupaten Gunungkidul,34.03.01.2001,2026-09-02 02:00:00,21,95,Cerah,0,6.8
2026-08-31T13:25:58.540822+00:00,Kabupaten Gunungkidul,34.03.01.2001,2026-09-02 05:00:00,22,93,Cerah,0,9.7
2026-08-31T13:25:58.540822+00:00,Kabupaten Gunungkidul,34.03.01.2001,2026-09-02 08:00:00,29,57,Cerah,0,14.2
2026-08-31T13:25:58.540822+00:00,Kabupaten Gunungkidul,34.03.01.2001,2026-09-02 11:00:00,32,42,Cerah,0,23.4
2026-08-31T13:25:58.540822+00:00,Kabupaten Gunungkidul,34.03.01.2001,2026-09-02 14:00:00,29,59,Cerah,0,27.3
2026-08-31T13:25:58.540822+00:00,Kabupaten Gunungkidul,34.03.01.2001,2026-09-02 17:00:00,24,78,Cerah,0,21.2
2026-08-31T13:25:58.540822+00:00,Kabupaten Gunungkidul,34.03.01.2001,2026-09-02 20:00:00,24,84,Cerah,0,18.2
2026-08-31T13:25:58.540822+00:00,Kabupaten Gunungkidul,34.03.01.2001,2026-09-02 23:00:00,23,85,Cerah,0,15.3
2026-08-31T18:03:14.766434+00:00,Kota Yogyakarta,34.71.10.1001,2026-09-01 02:00:00,22,93,Udara Kabur,0,4.6
2026-08-31T18:03:14.766434+00:00,Kota Yogyakarta,34.71.10.1001,2026-09-01 05:00:00,21,96,Berawan,0,3.9
2026-08-31T18:03:14.766434+00:00,Kota Yogyakarta,34.71.10.1001,2026-09-01 08:00:00,29,57,Cerah,0,7.8
2026-08-31T18:03:14.766434+00:00,Kota Yogyakarta,34.71.10.1001,2026-09-01 11:00:00,32,42,Cerah,0,10
2026-08-31T18:03:14.766434+00:00,Kota Yogyakarta,34.71.10.1001,2026-09-01 14:00:00,32,49,Cerah,0,14.5
2026-08-31T18:03:14.766434+00:00,Kota Yogyakarta,34.71.10.1001,2026-09-01 17:00:00,27,69,Cerah,0,5.6
2026-08-31T18:03:14.766434+00:00,Kota Yogyakarta,34.71.10.1001,2026-09-01 20:00:00,25,80,Cerah,0,2.7
2026-08-31T18:03:14.766434+00:00,Kota Yogyakarta,34.71.10.1001,2026-09-01 23:00:00,24,87,Cerah,0,1.4
2026-08-31T18:03:14.766434+00:00,Kota Yogyakarta,34.71.10.1001,2026-09-02 02:00:00,22,91,Cerah,0,0.7
2026-08-31T18:03:14.766434+00:00,Kota Yogyakarta,34.71.10.1001,2026-09-02 05:00:00,22,89,Udara Kabur,0,2.7
2026-08-31T18:03:14.766434+00:00,Kota Yogyakarta,34.71.10.1001,2026-09-02 08:00:00,29,59,Cerah,0,5.7
2026-08-31T18:03:14.766434+00:00,Kota Yogyakarta,34.71.10.1001,2026-09-02 11:00:00,32,38,Cerah,0,6.1
2026-08-31T18:03:14.766434+00:00,Kota Yogyakarta,34.71.10.1001,2026-09-02 14:00:00,30,54,Cerah,0,17.7
2026-08-31T18:03:14.766434+00:00,Kota Yogyakarta,34.71.10.1001,2026-09-02 17:00:00,27,69,Cerah,0,7.9
2026-08-31T18:03:14.766434+00:00,Kota Yogyakarta,34.71.10.1001,2026-09-02 20:00:00,25,78,Cerah,0,1.5
2026-08-31T18:03:14.766434+00:00,Kota Yogyakarta,34.71.10.1001,2026-09-02 23:00:00,24,84,Cerah Berawan,0,3.6
2026-08-31T18:03:14.766434+00:00,Kota Yogyakarta,34.71.10.1001,2026-09-03 02:00:00,23,90,Udara Kabur,0,3
2026-08-31T18:03:14.766434+00:00,Kota Yogyakarta,34.71.10.1001,2026-09-03 05:00:00,21,94,Cerah,0,1.5
2026-08-31T18:03:15.097096+00:00,Kabupaten Sleman,34.04.13.2002,2026-09-01 01:00:00,21,93,Udara Kabur,0,1.9
2026-08-31T18:03:15.097096+00:00,Kabupaten Sleman,34.04.13.2002,2026-09-01 04:00:00,19,96,Udara Kabur,0,5.7
2026-08-31T18:03:15.097096+00:00,Kabupaten Sleman,34.04.13.2002,2026-09-01 07:00:00,25,76,Cerah,0,4.2
2026-08-31T18:03:15.097096+00:00,Kabupaten Sleman,34.04.13.2002,2026-09-01 10:00:00,30,53,Cerah,0,7.8
2026-08-31T18:03:15.097096+00:00,Kabupaten Sleman,34.04.13.2002,2026-09-01 13:00:00,31,47,Cerah,0,10.2
2026-08-31T18:03:15.097096+00:00,Kabupaten Sleman,34.04.13.2002,2026-09-01 16:00:00,28,66,Cerah,0,13.4
2026-08-31T18:03:15.097096+00:00,Kabupaten Sleman,34.04.13.2002,2026-09-01 19:00:00,24,86,Cerah,0,5.4
2026-08-31T18:03:15.097096+00:00,Kabupaten Sleman,34.04.13.2002,2026-09-01 22:00:00,22,90,Cerah,0,3.2
2026-08-31T18:03:15.097096+00:00,Kabupaten Sleman,34.04.13.2002,2026-09-02 01:00:00,21,93,Cerah,0,3
2026-08-31T18:03:15.097096+00:00,Kabupaten Sleman,34.04.13.2002,2026-09-02 04:00:00,20,90,Udara Kabur,0,2.3
2026-08-31T18:03:15.097096+00:00,Kabupaten Sleman,34.04.13.2002,2026-09-02 07:00:00,25,78,Udara Kabur,0,2
2026-08-31T18:03:15.097096+00:00,Kabupaten Sleman,34.04.13.2002,2026-09-02 10:00:00,30,54,Cerah,0,6.2
2026-08-31T18:03:15.097096+00:00,Kabupaten Sleman,34.04.13.2002,2026-09-02 13:00:00,31,51,Cerah,0,5.1
2026-08-31T18:03:15.097096+00:00,Kabupaten Sleman,34.04.13.2002,2026-09-02 16:00:00,27,68,Cerah,0,15.1
2026-08-31T18:03:15.097096+00:00,Kabupaten Sleman,34.04.13.2002,2026-09-02 19:00:00,24,80,Cerah,0,5.7
2026-08-31T18:03:15.097096+00:00,Kabupaten Sleman,34.04.13.2002,2026-09-02 22:00:00,22,89,Cerah Berawan,0,1.3
2026-08-31T18:03:15.097096+00:00,Kabupaten Sleman,34.04.13.2002,2026-09-03 01:00:00,21,93,Udara Kabur,0,3.2
2026-08-31T18:03:15.097096+00:00,Kabupaten Sleman,34.04.13.2002,2026-09-03 04:00:00,20,96,Udara Kabur,0,3.7
2026-08-31T18:03:15.415632+00:00,Kabupaten Bantul,34.02.08.2003,2026-09-01 01:00:00,23,94,Cerah,0,1.6
2026-08-31T18:03:15.415632+00:00,Kabupaten Bantul,34.02.08.2003,2026-09-01 04:00:00,21,98,Cerah Berawan,0,3.4
2026-08-31T18:03:15.415632+00:00,Kabupaten Bantul,34.02.08.2003,2026-09-01 07:00:00,27,71,Cerah,0,4.8
2026-08-31T18:03:15.415632+00:00,Kabupaten Bantul,34.02.08.2003,2026-09-01 10:00:00,32,47,Cerah,0,9.3
2026-08-31T18:03:15.415632+00:00,Kabupaten Bantul,34.02.08.2003,2026-09-01 13:00:00,31,53,Cerah,0,17.6
2026-08-31T18:03:15.415632+00:00,Kabupaten Bantul,34.02.08.2003,2026-09-01 16:00:00,28,69,Cerah,0,18.2
2026-08-31T18:03:15.415632+00:00,Kabupaten Bantul,34.02.08.2003,2026-09-01 19:00:00,25,82,Cerah,0,2.6
2026-08-31T18:03:15.415632+00:00,Kabupaten Bantul,34.02.08.2003,2026-09-01 22:00:00,23,89,Cerah,0,0.9
2026-08-31T18:03:15.415632+00:00,Kabupaten Bantul,34.02.08.2003,2026-09-02 01:00:00,22,95,Cerah,0,1.2
2026-08-31T18:03:15.415632+00:00,Kabupaten Bantul,34.02.08.2003,2026-09-02 04:00:00,21,97,Cerah,0,2.5
2026-08-31T18:03:15.415632+00:00,Kabupaten Bantul,34.02.08.2003,2026-09-02 07:00:00,27,72,Cerah,0,3.3
2026-08-31T18:03:15.415632+00:00,Kabupaten Bantul,34.02.08.2003,2026-09-02 10:00:00,32,48,Cerah Berawan,0,9.1
2026-08-31T18:03:15.415632+00:00,Kabupaten Bantul,34.02.08.2003,2026-09-02 13:00:00,30,58,Cerah,0,21
2026-08-31T18:03:15.415632+00:00,Kabupaten Bantul,34.02.08.2003,2026-09-02 16:00:00,27,69,Cerah,0,20.2
2026-08-31T18:03:15.415632+00:00,Kabupaten Bantul,34.02.08.2003,2026-09-02 19:00:00,25,79,Cerah,0,6.2
2026-08-31T18:03:15.415632+00:00,Kabupaten Bantul,34.02.08.2003,2026-09-02 22:00:00,24,86,Cerah,0,1
2026-08-31T18:03:15.415632+00:00,Kabupaten Bantul,34.02.08.2003,2026-09-03 01:00:00,23,88,Cerah,0,1
2026-08-31T18:03:15.415632+00:00,Kabupaten Bantul,34.02.08.2003,2026-09-03 04:00:00,21,95,Cerah,0,1.7
2026-08-31T18:03:15.736645+00:00,Kabupaten Kulon Progo,34.01.02.1008,2026-09-01 01:00:00,23,94,Cerah,0,1
2026-08-31T18:03:15.736645+00:00,Kabupaten Kulon Progo,34.01.02.1008,2026-09-01 04:00:00,22,97,Cerah Berawan,0,0.7
2026-08-31T18:03:15.736645+00:00,Kabupaten Kulon Progo,34.01.02.1008,2026-09-01 07:00:00,26,75,Udara Kabur,0,5.2
2026-08-31T18:03:15.736645+00:00,Kabupaten Kulon Progo,34.01.02.1008,2026-09-01 10:00:00,30,58,Cerah,0,11.9
2026-08-31T18:03:15.736645+00:00,Kabupaten Kulon Progo,34.01.02.1008,2026-09-01 13:00:00,30,65,Cerah,0,20.8
2026-08-31T18:03:15.736645+00:00,Kabupaten Kulon Progo,34.01.02.1008,2026-09-01 16:00:00,26,79,Cerah,0,18.3
2026-08-31T18:03:15.736645+00:00,Kabupaten Kulon Progo,34.01.02.1008,2026-09-01 19:00:00,24,89,Cerah,0,2.6
2026-08-31T18:03:15.736645+00:00,Kabupaten Kulon Progo,34.01.02.1008,2026-09-01 22:00:00,23,92,Cerah,0,1.3
2026-08-31T18:03:15.736645+00:00,Kabupaten Kulon Progo,34.01.02.1008,2026-09-02 01:00:00,22,97,Cerah,0,0.8
2026-08-31T18:03:15.736645+00:00,Kabupaten Kulon Progo,34.01.02.1008,2026-09-02 04:00:00,22,98,Udara Kabur,0,2.4
2026-08-31T18:03:15.736645+00:00,Kabupaten Kulon Progo,34.01.02.1008,2026-09-02 07:00:00,26,76,Cerah,0,4.8
2026-08-31T18:03:15.736645+00:00,Kabupaten Kulon Progo,34.01.02.1008,2026-09-02 10:00:00,30,64,Cerah Berawan,0,12.2
2026-08-31T18:03:15.736645+00:00,Kabupaten Kulon Progo,34.01.02.1008,2026-09-02 13:00:00,30,69,Cerah,0,21.9
2026-08-31T18:03:15.736645+00:00,Kabupaten Kulon Progo,34.01.02.1008,2026-09-02 16:00:00,26,77,Cerah,0,18.9
2026-08-31T18:03:15.736645+00:00,Kabupaten Kulon Progo,34.01.02.1008,2026-09-02 19:00:00,24,85,Cerah,0,5.3
2026-08-31T18:03:15.736645+00:00,Kabupaten Kulon Progo,34.01.02.1008,2026-09-02 22:00:00,23,89,Cerah,0,1.4
2026-08-31T18:03:15.736645+00:00,Kabupaten Kulon Progo,34.01.02.1008,2026-09-03 01:00:00,23,88,Cerah,0,3.5
2026-08-31T18:03:15.736645+00:00,Kabupaten Kulon Progo,34.01.02.1008,2026-09-03 04:00:00,22,91,Cerah,0,1.9
2026-08-31T18:03:16.065217+00:00,Kabupaten Gunungkidul,34.03.01.2001,2026-09-01 01:00:00,22,90,Cerah,0,12.9
2026-08-31T18:03:16.065217+00:00,Kabupaten Gunungkidul,34.03.01.2001,2026-09-01 04:00:00,22,92,Cerah,0,10
2026-08-31T18:03:16.065217+00:00,Kabupaten Gunungkidul,34.03.01.2001,2026-09-01 07:00:00,26,68,Cerah,0,13.1
2026-08-31T18:03:16.065217+00:00,Kabupaten Gunungkidul,34.03.01.2001,2026-09-01 10:00:00,30,50,Cerah,0,16.8
2026-08-31T18:03:16.065217+00:00,Kabupaten Gunungkidul,34.03.01.2001,2026-09-01 13:00:00,31,53,Cerah,0,19.2
2026-08-31T18:03:16.065217+00:00,Kabupaten Gunungkidul,34.03.01.2001,2026-09-01 16:00:00,27,69,Cerah,0,21.3
2026-08-31T18:03:16.065217+00:00,Kabupaten Gunungkidul,34.03.01.2001,2026-09-01 19:00:00,24,82,Cerah,0,18.8
2026-08-31T18:03:16.065217+00:00,Kabupaten Gunungkidul,34.03.01.2001,2026-09-01 22:00:00,23,88,Cerah,0,13.6
2026-08-31T18:03:16.065217+00:00,Kabupaten Gunungkidul,34.03.01.2001,2026-09-02 01:00:00,21,94,Cerah,0,5.9
2026-08-31T18:03:16.065217+00:00,Kabupaten Gunungkidul,34.03.01.2001,2026-09-02 04:00:00,21,94,Cerah,0,6.8
2026-08-31T18:03:16.065217+00:00,Kabupaten Gunungkidul,34.03.01.2001,2026-09-02 07:00:00,26,69,Cerah,0,9.7
2026-08-31T18:03:16.065217+00:00,Kabupaten Gunungkidul,34.03.01.2001,2026-09-02 10:00:00,32,44,Cerah,0,14.2
2026-08-31T18:03:16.065217+00:00,Kabupaten Gunungkidul,34.03.01.2001,2026-09-02 13:00:00,30,56,Cerah,0,23.4
2026-08-31T18:03:16.065217+00:00,Kabupaten Gunungkidul,34.03.01.2001,2026-09-02 16:00:00,26,71,Cerah,0,27.3
2026-08-31T18:03:16.065217+00:00,Kabupaten Gunungkidul,34.03.01.2001,2026-09-02 19:00:00,24,82,Cerah,0,21.2
2026-08-31T18:03:16.065217+00:00,Kabupaten Gunungkidul,34.03.01.2001,2026-09-02 22:00:00,23,85,Cerah,0,18.2
2026-08-31T18:03:16.065217+00:00,Kabupaten Gunungkidul,34.03.01.2001,2026-09-03 01:00:00,22,84,Cerah,0,15.3
2026-08-31T18:03:16.065217+00:00,Kabupaten Gunungkidul,34.03.01.2001,2026-09-03 04:00:00,21,84,Cerah,0,16
2026-08-31T23:31:55.832755+00:00,Kota Yogyakarta,34.71.10.1001,2026-09-01 07:00:00,26,70,Cerah,0,3.9
2026-08-31T23:31:55.832755+00:00,Kota Yogyakarta,34.71.10.1001,2026-09-01 10:00:00,32,44,Cerah,0,7.8
2026-08-31T23:31:55.832755+00:00,Kota Yogyakarta,34.71.10.1001,2026-09-01 13:00:00,32,44,Cerah,0,10
2026-08-31T23:31:55.832755+00:00,Kota Yogyakarta,34.71.10.1001,2026-09-01 16:00:00,29,60,Cerah,0,14.5
2026-08-31T23:31:55.832755+00:00,Kota Yogyakarta,34.71.10.1001,2026-09-01 19:00:00,25,77,Cerah,0,5.6
2026-08-31T23:31:55.832755+00:00,Kota Yogyakarta,34.71.10.1001,2026-09-01 22:00:00,24,85,Cerah,0,2.7
2026-08-31T23:31:55.832755+00:00,Kota Yogyakarta,34.71.10.1001,2026-09-02 01:00:00,22,91,Cerah,0,1.4
2026-08-31T23:31:55.832755+00:00,Kota Yogyakarta,34.71.10.1001,2026-09-02 04:00:00,22,91,Cerah Berawan,0,0.7
2026-08-31T23:31:55.832755+00:00,Kota Yogyakarta,34.71.10.1001,2026-09-02 07:00:00,26,72,Udara Kabur,0,2.7
2026-08-31T23:31:55.832755+00:00,Kota Yogyakarta,34.71.10.1001,2026-09-02 10:00:00,32,42,Cerah,0,5.7
2026-08-31T23:31:55.832755+00:00,Kota Yogyakarta,34.71.10.1001,2026-09-02 13:00:00,32,45,Cerah,0,6.1
2026-08-31T23:31:55.832755+00:00,Kota Yogyakarta,34.71.10.1001,2026-09-02 16:00:00,28,63,Cerah,0,17.7
2026-08-31T23:31:55.832755+00:00,Kota Yogyakarta,34.71.10.1001,2026-09-02 19:00:00,25,76,Cerah,0,7.9
2026-08-31T23:31:55.832755+00:00,Kota Yogyakarta,34.71.10.1001,2026-09-02 22:00:00,24,82,Cerah,0,1.5
2026-08-31T23:31:55.832755+00:00,Kota Yogyakarta,34.71.10.1001,2026-09-03 01:00:00,23,87,Cerah,0,3.6
2026-08-31T23:31:55.832755+00:00,Kota Yogyakarta,34.71.10.1001,2026-09-03 04:00:00,21,95,Udara Kabur,0,3
2026-08-31T23:31:55.832755+00:00,Kota Yogyakarta,34.71.10.1001,2026-09-03 07:00:00,26,66,Cerah,0,1.5
2026-08-31T23:31:55.832755+00:00,Kota Yogyakarta,34.71.10.1001,2026-09-03 10:00:00,31,41,Cerah,0,8.4
2026-08-31T23:31:55.832755+00:00,Kota Yogyakarta,34.71.10.1001,2026-09-03 13:00:00,31,49,Cerah,0,8.4
2026-08-31T23:31:55.832755+00:00,Kota Yogyakarta,34.71.10.1001,2026-09-03 16:00:00,27,65,Cerah Berawan,0,6.1
2026-08-31T23:31:55.832755+00:00,Kota Yogyakarta,34.71.10.1001,2026-09-03 19:00:00,25,77,Cerah,0,6.1
2026-08-31T23:31:55.832755+00:00,Kota Yogyakarta,34.71.10.1001,2026-09-03 22:00:00,24,82,Cerah,0,5
2026-08-31T23:31:56.668076+00:00,Kabupaten Sleman,34.04.13.2002,2026-09-01 07:00:00,25,76,Cerah,0,4.2
2026-08-31T23:31:56.668076+00:00,Kabupaten Sleman,34.04.13.2002,2026-09-01 10:00:00,30,53,Cerah,0,7.8
2026-08-31T23:31:56.668076+00:00,Kabupaten Sleman,34.04.13.2002,2026-09-01 13:00:00,31,47,Cerah,0,10.2
2026-08-31T23:31:56.668076+00:00,Kabupaten Sleman,34.04.13.2002,2026-09-01 16:00:00,28,66,Cerah,0,13.4
2026-08-31T23:31:56.668076+00:00,Kabupaten Sleman,34.04.13.2002,2026-09-01 19:00:00,24,86,Cerah,0,5.4
2026-08-31T23:31:56.668076+00:00,Kabupaten Sleman,34.04.13.2002,2026-09-01 22:00:00,22,90,Cerah,0,3.2
2026-08-31T23:31:56.668076+00:00,Kabupaten Sleman,34.04.13.2002,2026-09-02 01:00:00,21,93,Cerah,0,3
2026-08-31T23:31:56.668076+00:00,Kabupaten Sleman,34.04.13.2002,2026-09-02 04:00:00,20,90,Udara Kabur,0,2.3
2026-08-31T23:31:56.668076+00:00,Kabupaten Sleman,34.04.13.2002,2026-09-02 07:00:00,25,78,Udara Kabur,0,2
2026-08-31T23:31:56.668076+00:00,Kabupaten Sleman,34.04.13.2002,2026-09-02 10:00:00,30,54,Cerah,0,6.2
2026-08-31T23:31:56.668076+00:00,Kabupaten Sleman,34.04.13.2002,2026-09-02 13:00:00,31,51,Cerah,0,5.1
2026-08-31T23:31:56.668076+00:00,Kabupaten Sleman,34.04.13.2002,2026-09-02 16:00:00,27,68,Cerah,0,15.1
2026-08-31T23:31:56.668076+00:00,Kabupaten Sleman,34.04.13.2002,2026-09-02 19:00:00,24,80,Cerah,0,5.7
2026-08-31T23:31:56.668076+00:00,Kabupaten Sleman,34.04.13.2002,2026-09-02 22:00:00,22,89,Cerah Berawan,0,1.3
2026-08-31T23:31:56.668076+00:00,Kabupaten Sleman,34.04.13.2002,2026-09-03 01:00:00,21,93,Udara Kabur,0,3.2
2026-08-31T23:31:56.668076+00:00,Kabupaten Sleman,34.04.13.2002,2026-09-03 04:00:00,20,96,Udara Kabur,0,3.7
2026-08-31T23:31:56.668076+00:00,Kabupaten Sleman,34.04.13.2002,2026-09-03 07:00:00,24,74,Cerah,0,2
2026-08-31T23:31:56.668076+00:00,Kabupaten Sleman,34.04.13.2002,2026-09-03 10:00:00,29,50,Cerah,0,8.5
2026-08-31T23:31:56.668076+00:00,Kabupaten Sleman,34.04.13.2002,2026-09-03 13:00:00,30,51,Cerah,0,8.5
2026-08-31T23:31:56.668076+00:00,Kabupaten Sleman,34.04.13.2002,2026-09-03 16:00:00,26,69,Cerah Berawan,0,5.6
2026-08-31T23:31:56.668076+00:00,Kabupaten Sleman,34.04.13.2002,2026-09-03 19:00:00,24,80,Cerah,0,5.6
2026-08-31T23:31:56.668076+00:00,Kabupaten Sleman,34.04.13.2002,2026-09-03 22:00:00,22,89,Udara Kabur,0,4.1
2026-08-31T23:31:57.069993+00:00,Kabupaten Bantul,34.02.08.2003,2026-09-01 07:00:00,27,71,Cerah,0,4.8
2026-08-31T23:31:57.069993+00:00,Kabupaten Bantul,34.02.08.2003,2026-09-01 10:00:00,32,47,Cerah,0,9.3
2026-08-31T23:31:57.069993+00:00,Kabupaten Bantul,34.02.08.2003,2026-09-01 13:00:00,31,53,Cerah,0,17.6
2026-08-31T23:31:57.069993+00:00,Kabupaten Bantul,34.02.08.2003,2026-09-01 16:00:00,28,69,Cerah,0,18.2
2026-08-31T23:31:57.069993+00:00,Kabupaten Bantul,34.02.08.2003,2026-09-01 19:00:00,25,82,Cerah,0,2.6
2026-08-31T23:31:57.069993+00:00,Kabupaten Bantul,34.02.08.2003,2026-09-01 22:00:00,23,89,Cerah,0,0.9
2026-08-31T23:31:57.069993+00:00,Kabupaten Bantul,34.02.08.2003,2026-09-02 01:00:00,22,95,Cerah,0,1.2
2026-08-31T23:31:57.069993+00:00,Kabupaten Bantul,34.02.08.2003,2026-09-02 04:00:00,21,97,Cerah,0,2.5
2026-08-31T23:31:57.069993+00:00,Kabupaten Bantul,34.02.08.2003,2026-09-02 07:00:00,27,72,Cerah,0,3.3
2026-08-31T23:31:57.069993+00:00,Kabupaten Bantul,34.02.08.2003,2026-09-02 10:00:00,32,48,Cerah Berawan,0,9.1
2026-08-31T23:31:57.069993+00:00,Kabupaten Bantul,34.02.08.2003,2026-09-02 13:00:00,30,58,Cerah,0,21
2026-08-31T23:31:57.069993+00:00,Kabupaten Bantul,34.02.08.2003,2026-09-02 16:00:00,27,69,Cerah,0,20.2
2026-08-31T23:31:57.069993+00:00,Kabupaten Bantul,34.02.08.2003,2026-09-02 19:00:00,25,79,Cerah,0,6.2
2026-08-31T23:31:57.069993+00:00,Kabupaten Bantul,34.02.08.2003,2026-09-02 22:00:00,24,86,Cerah,0,1
2026-08-31T23:31:57.069993+00:00,Kabupaten Bantul,34.02.08.2003,2026-09-03 01:00:00,23,88,Cerah,0,1
2026-08-31T23:31:57.069993+00:00,Kabupaten Bantul,34.02.08.2003,2026-09-03 04:00:00,21,95,Cerah,0,1.7
2026-08-31T23:31:57.069993+00:00,Kabupaten Bantul,34.02.08.2003,2026-09-03 07:00:00,26,67,Cerah,0,4.5
2026-08-31T23:31:57.069993+00:00,Kabupaten Bantul,34.02.08.2003,2026-09-03 10:00:00,31,46,Cerah,0,20.5
2026-08-31T23:31:57.069993+00:00,Kabupaten Bantul,34.02.08.2003,2026-09-03 13:00:00,30,58,Cerah,0,20.5
2026-08-31T23:31:57.069993+00:00,Kabupaten Bantul,34.02.08.2003,2026-09-03 16:00:00,27,70,Cerah Berawan,0,6.2
2026-08-31T23:31:57.069993+00:00,Kabupaten Bantul,34.02.08.2003,2026-09-03 19:00:00,25,81,Cerah,0,6.2
2026-08-31T23:31:57.069993+00:00,Kabupaten Bantul,34.02.08.2003,2026-09-03 22:00:00,23,87,Cerah,0,1.4
2026-08-31T23:31:57.421247+00:00,Kabupaten Kulon Progo,34.01.02.1008,2026-09-01 07:00:00,26,75,Udara Kabur,0,5.2
2026-08-31T23:31:57.421247+00:00,Kabupaten Kulon Progo,34.01.02.1008,2026-09-01 10:00:00,30,58,Cerah,0,11.9
2026-08-31T23:31:57.421247+00:00,Kabupaten Kulon Progo,34.01.02.1008,2026-09-01 13:00:00,30,65,Cerah,0,20.8
2026-08-31T23:31:57.421247+00:00,Kabupaten Kulon Progo,34.01.02.1008,2026-09-01 16:00:00,26,79,Cerah,0,18.3
2026-08-31T23:31:57.421247+00:00,Kabupaten Kulon Progo,34.01.02.1008,2026-09-01 19:00:00,24,89,Cerah,0,2.6
2026-08-31T23:31:57.421247+00:00,Kabupaten Kulon Progo,34.01.02.1008,2026-09-01 22:00:00,23,92,Cerah,0,1.3
2026-08-31T23:31:57.421247+00:00,Kabupaten Kulon Progo,34.01.02.1008,2026-09-02 01:00:00,22,97,Cerah,0,0.8
2026-08-31T23:31:57.421247+00:00,Kabupaten Kulon Progo,34.01.02.1008,2026-09-02 04:00:00,22,98,Udara Kabur,0,2.4
2026-08-31T23:31:57.421247+00:00,Kabupaten Kulon Progo,34.01.02.1008,2026-09-02 07:00:00,26,76,Cerah,0,4.8
2026-08-31T23:31:57.421247+00:00,Kabupaten Kulon Progo,34.01.02.1008,2026-09-02 10:00:00,30,64,Cerah Berawan,0,12.2
2026-08-31T23:31:57.421247+00:00,Kabupaten Kulon Progo,34.01.02.1008,2026-09-02 13:00:00,30,69,Cerah,0,21.9
2026-08-31T23:31:57.421247+00:00,Kabupaten Kulon Progo,34.01.02.1008,2026-09-02 16:00:00,26,77,Cerah,0,18.9
2026-08-31T23:31:57.421247+00:00,Kabupaten Kulon Progo,34.01.02.1008,2026-09-02 19:00:00,24,85,Cerah,0,5.3
2026-08-31T23:31:57.421247+00:00,Kabupaten Kulon Progo,34.01.02.1008,2026-09-02 22:00:00,23,89,Cerah,0,1.4
2026-08-31T23:31:57.421247+00:00,Kabupaten Kulon Progo,34.01.02.1008,2026-09-03 01:00:00,23,88,Cerah,0,3.5
2026-08-31T23:31:57.421247+00:00,Kabupaten Kulon Progo,34.01.02.1008,2026-09-03 04:00:00,22,91,Cerah,0,1.9
2026-08-31T23:31:57.421247+00:00,Kabupaten Kulon Progo,34.01.02.1008,2026-09-03 07:00:00,26,71,Cerah,0,4.4
2026-08-31T23:31:57.421247+00:00,Kabupaten Kulon Progo,34.01.02.1008,2026-09-03 10:00:00,31,59,Cerah,0,21.7
2026-08-31T23:31:57.421247+00:00,Kabupaten Kulon Progo,34.01.02.1008,2026-09-03 13:00:00,30,67,Cerah,0,21.7
2026-08-31T23:31:57.421247+00:00,Kabupaten Kulon Progo,34.01.02.1008,2026-09-03 16:00:00,26,76,Cerah Berawan,0,4.8
2026-08-31T23:31:57.421247+00:00,Kabupaten Kulon Progo,34.01.02.1008,2026-09-03 19:00:00,24,87,Cerah,0,4.8
2026-08-31T23:31:57.421247+00:00,Kabupaten Kulon Progo,34.01.02.1008,2026-09-03 22:00:00,22,92,Cerah,0,1.4
2026-08-31T23:31:57.736022+00:00,Kabupaten Gunungkidul,34.03.01.2001,2026-09-01 07:00:00,26,68,Cerah,0,13.1
2026-08-31T23:31:57.736022+00:00,Kabupaten Gunungkidul,34.03.01.2001,2026-09-01 10:00:00,30,50,Cerah,0,16.8
2026-08-31T23:31:57.736022+00:00,Kabupaten Gunungkidul,34.03.01.2001,2026-09-01 13:00:00,31,53,Cerah,0,19.2
2026-08-31T23:31:57.736022+00:00,Kabupaten Gunungkidul,34.03.01.2001,2026-09-01 16:00:00,27,69,Cerah,0,21.3
2026-08-31T23:31:57.736022+00:00,Kabupaten Gunungkidul,34.03.01.2001,2026-09-01 19:00:00,24,82,Cerah,0,18.8
2026-08-31T23:31:57.736022+00:00,Kabupaten Gunungkidul,34.03.01.2001,2026-09-01 22:00:00,23,88,Cerah,0,13.6
2026-08-31T23:31:57.736022+00:00,Kabupaten Gunungkidul,34.03.01.2001,2026-09-02 01:00:00,21,94,Cerah,0,5.9
2026-08-31T23:31:57.736022+00:00,Kabupaten Gunungkidul,34.03.01.2001,2026-09-02 04:00:00,21,94,Cerah,0,6.8
2026-08-31T23:31:57.736022+00:00,Kabupaten Gunungkidul,34.03.01.2001,2026-09-02 07:00:00,26,69,Cerah,0,9.7
2026-08-31T23:31:57.736022+00:00,Kabupaten Gunungkidul,34.03.01.2001,2026-09-02 10:00:00,32,44,Cerah,0,14.2
2026-08-31T23:31:57.736022+00:00,Kabupaten Gunungkidul,34.03.01.2001,2026-09-02 13:00:00,30,56,Cerah,0,23.4
2026-08-31T23:31:57.736022+00:00,Kabupaten Gunungkidul,34.03.01.2001,2026-09-02 16:00:00,26,71,Cerah,0,27.3
2026-08-31T23:31:57.736022+00:00,Kabupaten Gunungkidul,34.03.01.2001,2026-09-02 19:00:00,24,82,Cerah,0,21.2
2026-08-31T23:31:57.736022+00:00,Kabupaten Gunungkidul,34.03.01.2001,2026-09-02 22:00:00,23,85,Cerah,0,18.2
2026-08-31T23:31:57.736022+00:00,Kabupaten Gunungkidul,34.03.01.2001,2026-09-03 01:00:00,22,84,Cerah,0,15.3
2026-08-31T23:31:57.736022+00:00,Kabupaten Gunungkidul,34.03.01.2001,2026-09-03 04:00:00,21,84,Cerah,0,16
2026-08-31T23:31:57.736022+00:00,Kabupaten Gunungkidul,34.03.01.2001,2026-09-03 07:00:00,26,65,Cerah,0,18
2026-08-31T23:31:57.736022+00:00,Kabupaten Gunungkidul,34.03.01.2001,2026-09-03 10:00:00,30,45,Cerah,0,18.5
2026-08-31T23:31:57.736022+00:00,Kabupaten Gunungkidul,34.03.01.2001,2026-09-03 13:00:00,29,52,Cerah,0,18.5
2026-08-31T23:31:57.736022+00:00,Kabupaten Gunungkidul,34.03.01.2001,2026-09-03 16:00:00,25,72,Cerah Berawan,0,15.6
2026-08-31T23:31:57.736022+00:00,Kabupaten Gunungkidul,34.03.01.2001,2026-09-03 19:00:00,23,84,Cerah,0,15.6
2026-08-31T23:31:57.736022+00:00,Kabupaten Gunungkidul,34.03.01.2001,2026-09-03 22:00:00,23,88,Cerah,0,12.5
2026-09-01T00:07:11.840979+00:00,Kota Yogyakarta,34.71.10.1001,2026-09-01 07:00:00,26,70,Cerah,0,3.9
2026-09-01T00:07:11.840979+00:00,Kota Yogyakarta,34.71.10.1001,2026-09-01 10:00:00,32,44,Cerah,0,7.8
2026-09-01T00:07:11.840979+00:00,Kota Yogyakarta,34.71.10.1001,2026-09-01 13:00:00,32,44,Cerah,0,10
2026-09-01T00:07:11.840979+00:00,Kota Yogyakarta,34.71.10.1001,2026-09-01 16:00:00,29,60,Cerah,0,14.5
2026-09-01T00:07:11.840979+00:00,Kota Yogyakarta,34.71.10.1001,2026-09-01 19:00:00,25,77,Cerah,0,5.6
2026-09-01T00:07:11.840979+00:00,Kota Yogyakarta,34.71.10.1001,2026-09-01 22:00:00,24,85,Cerah,0,2.7
2026-09-01T00:07:11.840979+00:00,Kota Yogyakarta,34.71.10.1001,2026-09-02 01:00:00,22,91,Cerah,0,1.4
2026-09-01T00:07:11.840979+00:00,Kota Yogyakarta,34.71.10.1001,2026-09-02 04:00:00,22,91,Cerah Berawan,0,0.7
2026-09-01T00:07:11.840979+00:00,Kota Yogyakarta,34.71.10.1001,2026-09-02 07:00:00,26,72,Udara Kabur,0,2.7
2026-09-01T00:07:11.840979+00:00,Kota Yogyakarta,34.71.10.1001,2026-09-02 10:00:00,32,42,Cerah,0,5.7
2026-09-01T00:07:11.840979+00:00,Kota Yogyakarta,34.71.10.1001,2026-09-02 13:00:00,32,45,Cerah,0,6.1
2026-09-01T00:07:11.840979+00:00,Kota Yogyakarta,34.71.10.1001,2026-09-02 16:00:00,28,63,Cerah,0,17.7
2026-09-01T00:07:11.840979+00:00,Kota Yogyakarta,34.71.10.1001,2026-09-02 19:00:00,25,76,Cerah,0,7.9
2026-09-01T00:07:11.840979+00:00,Kota Yogyakarta,34.71.10.1001,2026-09-02 22:00:00,24,82,Cerah,0,1.5
2026-09-01T00:07:11.840979+00:00,Kota Yogyakarta,34.71.10.1001,2026-09-03 01:00:00,23,87,Cerah,0,3.6
2026-09-01T00:07:11.840979+00:00,Kota Yogyakarta,34.71.10.1001,2026-09-03 04:00:00,21,95,Udara Kabur,0,3
2026-09-01T00:07:11.840979+00:00,Kota Yogyakarta,34.71.10.1001,2026-09-03 07:00:00,26,66,Cerah,0,1.5
2026-09-01T00:07:11.840979+00:00,Kota Yogyakarta,34.71.10.1001,2026-09-03 10:00:00,31,41,Cerah,0,8.4
2026-09-01T00:07:11.840979+00:00,Kota Yogyakarta,34.71.10.1001,2026-09-03 13:00:00,31,49,Cerah,0,8.4
2026-09-01T00:07:11.840979+00:00,Kota Yogyakarta,34.71.10.1001,2026-09-03 16:00:00,27,65,Cerah Berawan,0,6.1
2026-09-01T00:07:11.840979+00:00,Kota Yogyakarta,34.71.10.1001,2026-09-03 19:00:00,25,77,Cerah,0,6.1
2026-09-01T00:07:11.840979+00:00,Kota Yogyakarta,34.71.10.1001,2026-09-03 22:00:00,24,82,Cerah,0,5
2026-09-01T00:07:12.138880+00:00,Kabupaten Sleman,34.04.13.2002,2026-09-01 07:00:00,25,76,Cerah,0,4.2
2026-09-01T00:07:12.138880+00:00,Kabupaten Sleman,34.04.13.2002,2026-09-01 10:00:00,30,53,Cerah,0,7.8
2026-09-01T00:07:12.138880+00:00,Kabupaten Sleman,34.04.13.2002,2026-09-01 13:00:00,31,47,Cerah,0,10.2
2026-09-01T00:07:12.138880+00:00,Kabupaten Sleman,34.04.13.2002,2026-09-01 16:00:00,28,66,Cerah,0,13.4
2026-09-01T00:07:12.138880+00:00,Kabupaten Sleman,34.04.13.2002,2026-09-01 19:00:00,24,86,Cerah,0,5.4
2026-09-01T00:07:12.138880+00:00,Kabupaten Sleman,34.04.13.2002,2026-09-01 22:00:00,22,90,Cerah,0,3.2
2026-09-01T00:07:12.138880+00:00,Kabupaten Sleman,34.04.13.2002,2026-09-02 01:00:00,21,93,Cerah,0,3
2026-09-01T00:07:12.138880+00:00,Kabupaten Sleman,34.04.13.2002,2026-09-02 04:00:00,20,90,Udara Kabur,0,2.3
2026-09-01T00:07:12.138880+00:00,Kabupaten Sleman,34.04.13.2002,2026-09-02 07:00:00,25,78,Udara Kabur,0,2
2026-09-01T00:07:12.138880+00:00,Kabupaten Sleman,34.04.13.2002,2026-09-02 10:00:00,30,54,Cerah,0,6.2
2026-09-01T00:07:12.138880+00:00,Kabupaten Sleman,34.04.13.2002,2026-09-02 13:00:00,31,51,Cerah,0,5.1
2026-09-01T00:07:12.138880+00:00,Kabupaten Sleman,34.04.13.2002,2026-09-02 16:00:00,27,68,Cerah,0,15.1
2026-09-01T00:07:12.138880+00:00,Kabupaten Sleman,34.04.13.2002,2026-09-02 19:00:00,24,80,Cerah,0,5.7
2026-09-01T00:07:12.138880+00:00,Kabupaten Sleman,34.04.13.2002,2026-09-02 22:00:00,22,89,Cerah Berawan,0,1.3
2026-09-01T00:07:12.138880+00:00,Kabupaten Sleman,34.04.13.2002,2026-09-03 01:00:00,21,93,Udara Kabur,0,3.2
2026-09-01T00:07:12.138880+00:00,Kabupaten Sleman,34.04.13.2002,2026-09-03 04:00:00,20,96,Udara Kabur,0,3.7
2026-09-01T00:07:12.138880+00:00,Kabupaten Sleman,34.04.13.2002,2026-09-03 07:00:00,24,74,Cerah,0,2
2026-09-01T00:07:12.138880+00:00,Kabupaten Sleman,34.04.13.2002,2026-09-03 10:00:00,29,50,Cerah,0,8.5
2026-09-01T00:07:12.138880+00:00,Kabupaten Sleman,34.04.13.2002,2026-09-03 13:00:00,30,51,Cerah,0,8.5
2026-09-01T00:07:12.138880+00:00,Kabupaten Sleman,34.04.13.2002,2026-09-03 16:00:00,26,69,Cerah Berawan,0,5.6
2026-09-01T00:07:12.138880+00:00,Kabupaten Sleman,34.04.13.2002,2026-09-03 19:00:00,24,80,Cerah,0,5.6
2026-09-01T00:07:12.138880+00:00,Kabupaten Sleman,34.04.13.2002,2026-09-03 22:00:00,22,89,Udara Kabur,0,4.1
2026-09-01T00:07:12.442521+00:00,Kabupaten Bantul,34.02.08.2003,2026-09-01 07:00:00,27,71,Cerah,0,4.8
2026-09-01T00:07:12.442521+00:00,Kabupaten Bantul,34.02.08.2003,2026-09-01 10:00:00,32,47,Cerah,0,9.3
2026-09-01T00:07:12.442521+00:00,Kabupaten Bantul,34.02.08.2003,2026-09-01 13:00:00,31,53,Cerah,0,17.6
2026-09-01T00:07:12.442521+00:00,Kabupaten Bantul,34.02.08.2003,2026-09-01 16:00:00,28,69,Cerah,0,18.2
2026-09-01T00:07:12.442521+00:00,Kabupaten Bantul,34.02.08.2003,2026-09-01 19:00:00,25,82,Cerah,0,2.6
2026-09-01T00:07:12.442521+00:00,Kabupaten Bantul,34.02.08.2003,2026-09-01 22:00:00,23,89,Cerah,0,0.9
2026-09-01T00:07:12.442521+00:00,Kabupaten Bantul,34.02.08.2003,2026-09-02 01:00:00,22,95,Cerah,0,1.2
2026-09-01T00:07:12.442521+00:00,Kabupaten Bantul,34.02.08.2003,2026-09-02 04:00:00,21,97,Cerah,0,2.5
2026-09-01T00:07:12.442521+00:00,Kabupaten Bantul,34.02.08.2003,2026-09-02 07:00:00,27,72,Cerah,0,3.3
2026-09-01T00:07:12.442521+00:00,Kabupaten Bantul,34.02.08.2003,2026-09-02 10:00:00,32,48,Cerah Berawan,0,9.1
2026-09-01T00:07:12.442521+00:00,Kabupaten Bantul,34.02.08.2003,2026-09-02 13:00:00,30,58,Cerah,0,21
2026-09-01T00:07:12.442521+00:00,Kabupaten Bantul,34.02.08.2003,2026-09-02 16:00:00,27,69,Cerah,0,20.2
2026-09-01T00:07:12.442521+00:00,Kabupaten Bantul,34.02.08.2003,2026-09-02 19:00:00,25,79,Cerah,0,6.2
2026-09-01T00:07:12.442521+00:00,Kabupaten Bantul,34.02.08.2003,2026-09-02 22:00:00,24,86,Cerah,0,1
2026-09-01T00:07:12.442521+00:00,Kabupaten Bantul,34.02.08.2003,2026-09-03 01:00:00,23,88,Cerah,0,1
2026-09-01T00:07:12.442521+00:00,Kabupaten Bantul,34.02.08.2003,2026-09-03 04:00:00,21,95,Cerah,0,1.7
2026-09-01T00:07:12.442521+00:00,Kabupaten Bantul,34.02.08.2003,2026-09-03 07:00:00,26,67,Cerah,0,4.5
2026-09-01T00:07:12.442521+00:00,Kabupaten Bantul,34.02.08.2003,2026-09-03 10:00:00,31,46,Cerah,0,20.5
2026-09-01T00:07:12.442521+00:00,Kabupaten Bantul,34.02.08.2003,2026-09-03 13:00:00,30,58,Cerah,0,20.5
2026-09-01T00:07:12.442521+00:00,Kabupaten Bantul,34.02.08.2003,2026-09-03 16:00:00,27,70,Cerah Berawan,0,6.2
2026-09-01T00:07:12.442521+00:00,Kabupaten Bantul,34.02.08.2003,2026-09-03 19:00:00,25,81,Cerah,0,6.2
2026-09-01T00:07:12.442521+00:00,Kabupaten Bantul,34.02.08.2003,2026-09-03 22:00:00,23,87,Cerah,0,1.4
2026-09-01T00:07:12.713201+00:00,Kabupaten Kulon Progo,34.01.02.1008,2026-09-01 07:00:00,26,75,Udara Kabur,0,5.2
2026-09-01T00:07:12.713201+00:00,Kabupaten Kulon Progo,34.01.02.1008,2026-09-01 10:00:00,30,58,Cerah,0,11.9
2026-09-01T00:07:12.713201+00:00,Kabupaten Kulon Progo,34.01.02.1008,2026-09-01 13:00:00,30,65,Cerah,0,20.8
2026-09-01T00:07:12.713201+00:00,Kabupaten Kulon Progo,34.01.02.1008,2026-09-01 16:00:00,26,79,Cerah,0,18.3
2026-09-01T00:07:12.713201+00:00,Kabupaten Kulon Progo,34.01.02.1008,2026-09-01 19:00:00,24,89,Cerah,0,2.6
2026-09-01T00:07:12.713201+00:00,Kabupaten Kulon Progo,34.01.02.1008,2026-09-01 22:00:00,23,92,Cerah,0,1.3
2026-09-01T00:07:12.713201+00:00,Kabupaten Kulon Progo,34.01.02.1008,2026-09-02 01:00:00,22,97,Cerah,0,0.8
2026-09-01T00:07:12.713201+00:00,Kabupaten Kulon Progo,34.01.02.1008,2026-09-02 04:00:00,22,98,Udara Kabur,0,2.4
2026-09-01T00:07:12.713201+00:00,Kabupaten Kulon Progo,34.01.02.1008,2026-09-02 07:00:00,26,76,Cerah,0,4.8
2026-09-01T00:07:12.713201+00:00,Kabupaten Kulon Progo,34.01.02.1008,2026-09-02 10:00:00,30,64,Cerah Berawan,0,12.2
2026-09-01T00:07:12.713201+00:00,Kabupaten Kulon Progo,34.01.02.1008,2026-09-02 13:00:00,30,69,Cerah,0,21.9
2026-09-01T00:07:12.713201+00:00,Kabupaten Kulon Progo,34.01.02.1008,2026-09-02 16:00:00,26,77,Cerah,0,18.9
2026-09-01T00:07:12.713201+00:00,Kabupaten Kulon Progo,34.01.02.1008,2026-09-02 19:00:00,24,85,Cerah,0,5.3
2026-09-01T00:07:12.713201+00:00,Kabupaten Kulon Progo,34.01.02.1008,2026-09-02 22:00:00,23,89,Cerah,0,1.4
2026-09-01T00:07:12.713201+00:00,Kabupaten Kulon Progo,34.01.02.1008,2026-09-03 01:00:00,23,88,Cerah,0,3.5
2026-09-01T00:07:12.713201+00:00,Kabupaten Kulon Progo,34.01.02.1008,2026-09-03 04:00:00,22,91,Cerah,0,1.9
2026-09-01T00:07:12.713201+00:00,Kabupaten Kulon Progo,34.01.02.1008,2026-09-03 07:00:00,26,71,Cerah,0,4.4
2026-09-01T00:07:12.713201+00:00,Kabupaten Kulon Progo,34.01.02.1008,2026-09-03 10:00:00,31,59,Cerah,0,21.7
2026-09-01T00:07:12.713201+00:00,Kabupaten Kulon Progo,34.01.02.1008,2026-09-03 13:00:00,30,67,Cerah,0,21.7
2026-09-01T00:07:12.713201+00:00,Kabupaten Kulon Progo,34.01.02.1008,2026-09-03 16:00:00,26,76,Cerah Berawan,0,4.8
2026-09-01T00:07:12.713201+00:00,Kabupaten Kulon Progo,34.01.02.1008,2026-09-03 19:00:00,24,87,Cerah,0,4.8
2026-09-01T00:07:12.713201+00:00,Kabupaten Kulon Progo,34.01.02.1008,2026-09-03 22:00:00,22,92,Cerah,0,1.4
2026-09-01T00:07:13.013966+00:00,Kabupaten Gunungkidul,34.03.01.2001,2026-09-01 07:00:00,26,68,Cerah,0,13.1
2026-09-01T00:07:13.013966+00:00,Kabupaten Gunungkidul,34.03.01.2001,2026-09-01 10:00:00,30,50,Cerah,0,16.8
2026-09-01T00:07:13.013966+00:00,Kabupaten Gunungkidul,34.03.01.2001,2026-09-01 13:00:00,31,53,Cerah,0,19.2
2026-09-01T00:07:13.013966+00:00,Kabupaten Gunungkidul,34.03.01.2001,2026-09-01 16:00:00,27,69,Cerah,0,21.3
2026-09-01T00:07:13.013966+00:00,Kabupaten Gunungkidul,34.03.01.2001,2026-09-01 19:00:00,24,82,Cerah,0,18.8
2026-09-01T00:07:13.013966+00:00,Kabupaten Gunungkidul,34.03.01.2001,2026-09-01 22:00:00,23,88,Cerah,0,13.6
2026-09-01T00:07:13.013966+00:00,Kabupaten Gunungkidul,34.03.01.2001,2026-09-02 01:00:00,21,94,Cerah,0,5.9
2026-09-01T00:07:13.013966+00:00,Kabupaten Gunungkidul,34.03.01.2001,2026-09-02 04:00:00,21,94,Cerah,0,6.8
2026-09-01T00:07:13.013966+00:00,Kabupaten Gunungkidul,34.03.01.2001,2026-09-02 07:00:00,26,69,Cerah,0,9.7
2026-09-01T00:07:13.013966+00:00,Kabupaten Gunungkidul,34.03.01.2001,2026-09-02 10:00:00,32,44,Cerah,0,14.2
2026-09-01T00:07:13.013966+00:00,Kabupaten Gunungkidul,34.03.01.2001,2026-09-02 13:00:00,30,56,Cerah,0,23.4
2026-09-01T00:07:13.013966+00:00,Kabupaten Gunungkidul,34.03.01.2001,2026-09-02 16:00:00,26,71,Cerah,0,27.3
2026-09-01T00:07:13.013966+00:00,Kabupaten Gunungkidul,34.03.01.2001,2026-09-02 19:00:00,24,82,Cerah,0,21.2
2026-09-01T00:07:13.013966+00:00,Kabupaten Gunungkidul,34.03.01.2001,2026-09-02 22:00:00,23,85,Cerah,0,18.2
2026-09-01T00:07:13.013966+00:00,Kabupaten Gunungkidul,34.03.01.2001,2026-09-03 01:00:00,22,84,Cerah,0,15.3
2026-09-01T00:07:13.013966+00:00,Kabupaten Gunungkidul,34.03.01.2001,2026-09-03 04:00:00,21,84,Cerah,0,16
2026-09-01T00:07:13.013966+00:00,Kabupaten Gunungkidul,34.03.01.2001,2026-09-03 07:00:00,26,65,Cerah,0,18
2026-09-01T00:07:13.013966+00:00,Kabupaten Gunungkidul,34.03.01.2001,2026-09-03 10:00:00,30,45,Cerah,0,18.5
2026-09-01T00:07:13.013966+00:00,Kabupaten Gunungkidul,34.03.01.2001,2026-09-03 13:00:00,29,52,Cerah,0,18.5
2026-09-01T00:07:13.013966+00:00,Kabupaten Gunungkidul,34.03.01.2001,2026-09-03 16:00:00,25,72,Cerah Berawan,0,15.6
2026-09-01T00:07:13.013966+00:00,Kabupaten Gunungkidul,34.03.01.2001,2026-09-03 19:00:00,23,84,Cerah,0,15.6
2026-09-01T00:07:13.013966+00:00,Kabupaten Gunungkidul,34.03.01.2001,2026-09-03 22:00:00,23,88,Cerah,0,12.5
2026-09-01T02:02:49.117935+00:00,Kota Yogyakarta,34.71.10.1001,2026-09-01 09:00:00,31,50,Cerah,0,7.6
2026-09-01T02:02:49.117935+00:00,Kota Yogyakarta,34.71.10.1001,2026-09-01 12:00:00,32,41,Cerah,0,9.1
2026-09-01T02:02:49.117935+00:00,Kota Yogyakarta,34.71.10.1001,2026-09-01 15:00:00,31,53,Cerah,0,14.8
2026-09-01T02:02:49.117935+00:00,Kota Yogyakarta,34.71.10.1001,2026-09-01 18:00:00,26,72,Cerah,0,5.6
2026-09-01T02:02:49.117935+00:00,Kota Yogyakarta,34.71.10.1001,2026-09-01 21:00:00,24,82,Cerah,0,3
2026-09-01T02:02:49.117935+00:00,Kota Yogyakarta,34.71.10.1001,2026-09-02 00:00:00,23,88,Cerah,0,2.2
2026-09-01T02:02:49.117935+00:00,Kota Yogyakarta,34.71.10.1001,2026-09-02 03:00:00,22,91,Udara Kabur,0,0.8
2026-09-01T02:02:49.117935+00:00,Kota Yogyakarta,34.71.10.1001,2026-09-02 06:00:00,24,82,Cerah,0,0.9
2026-09-01T02:02:49.117935+00:00,Kota Yogyakarta,34.71.10.1001,2026-09-02 09:00:00,31,50,Cerah,0,3.5
2026-09-01T02:02:49.117935+00:00,Kota Yogyakarta,34.71.10.1001,2026-09-02 12:00:00,32,41,Cerah,0,9.3
2026-09-01T02:02:49.117935+00:00,Kota Yogyakarta,34.71.10.1001,2026-09-02 15:00:00,29,62,Cerah,0,16.8
2026-09-01T02:02:49.117935+00:00,Kota Yogyakarta,34.71.10.1001,2026-09-02 18:00:00,26,74,Cerah,0,8.8
2026-09-01T02:02:49.117935+00:00,Kota Yogyakarta,34.71.10.1001,2026-09-02 21:00:00,25,79,Cerah,0,0.4
2026-09-01T02:02:49.117935+00:00,Kota Yogyakarta,34.71.10.1001,2026-09-03 00:00:00,24,81,Cerah Berawan,0,2.4
2026-09-01T02:02:49.117935+00:00,Kota Yogyakarta,34.71.10.1001,2026-09-03 03:00:00,23,88,Cerah,0,1.4
2026-09-01T02:02:49.117935+00:00,Kota Yogyakarta,34.71.10.1001,2026-09-03 06:00:00,24,76,Cerah,0,1.5
2026-09-01T02:02:49.117935+00:00,Kota Yogyakarta,34.71.10.1001,2026-09-03 09:00:00,30,41,Cerah,0,1.5
2026-09-01T02:02:49.117935+00:00,Kota Yogyakarta,34.71.10.1001,2026-09-03 12:00:00,32,36,Cerah,0,6
2026-09-01T02:02:49.117935+00:00,Kota Yogyakarta,34.71.10.1001,2026-09-03 15:00:00,28,58,Berawan,0,6
2026-09-01T02:02:49.117935+00:00,Kota Yogyakarta,34.71.10.1001,2026-09-03 18:00:00,26,74,Cerah Berawan,0,8.6
2026-09-01T02:02:49.117935+00:00,Kota Yogyakarta,34.71.10.1001,2026-09-03 21:00:00,25,79,Cerah Berawan,0.1,8.6
2026-09-01T02:02:49.450384+00:00,Kabupaten Sleman,34.04.13.2002,2026-09-01 09:00:00,29,62,Cerah,0,8.2
2026-09-01T02:02:49.450384+00:00,Kabupaten Sleman,34.04.13.2002,2026-09-01 12:00:00,31,45,Cerah,0,9.6
2026-09-01T02:02:49.450384+00:00,Kabupaten Sleman,34.04.13.2002,2026-09-01 15:00:00,30,56,Cerah,0,13.6
2026-09-01T02:02:49.450384+00:00,Kabupaten Sleman,34.04.13.2002,2026-09-01 18:00:00,25,80,Cerah,0,4.6
2026-09-01T02:02:49.450384+00:00,Kabupaten Sleman,34.04.13.2002,2026-09-01 21:00:00,22,89,Cerah,0,3.2
2026-09-01T02:02:49.450384+00:00,Kabupaten Sleman,34.04.13.2002,2026-09-02 00:00:00,22,90,Udara Kabur,0,4.4
2026-09-01T02:02:49.450384+00:00,Kabupaten Sleman,34.04.13.2002,2026-09-02 03:00:00,22,89,Udara Kabur,0,2.2
2026-09-01T02:02:49.450384+00:00,Kabupaten Sleman,34.04.13.2002,2026-09-02 06:00:00,23,86,Udara Kabur,0,1.5
2026-09-01T02:02:49.450384+00:00,Kabupaten Sleman,34.04.13.2002,2026-09-02 09:00:00,28,61,Cerah,0,7.4
2026-09-01T02:02:49.450384+00:00,Kabupaten Sleman,34.04.13.2002,2026-09-02 12:00:00,31,45,Cerah,0,6.6
2026-09-01T02:02:49.450384+00:00,Kabupaten Sleman,34.04.13.2002,2026-09-02 15:00:00,28,67,Cerah,0.1,16.5
2026-09-01T02:02:49.450384+00:00,Kabupaten Sleman,34.04.13.2002,2026-09-02 18:00:00,25,78,Cerah Berawan,0,6.5
2026-09-01T02:02:49.450384+00:00,Kabupaten Sleman,34.04.13.2002,2026-09-02 21:00:00,23,88,Cerah,0,0.8
2026-09-01T02:02:49.450384+00:00,Kabupaten Sleman,34.04.13.2002,2026-09-03 00:00:00,23,89,Udara Kabur,0,1.6
2026-09-01T02:02:49.450384+00:00,Kabupaten Sleman,34.04.13.2002,2026-09-03 03:00:00,22,93,Udara Kabur,0,2.1
2026-09-01T02:02:49.450384+00:00,Kabupaten Sleman,34.04.13.2002,2026-09-03 06:00:00,23,86,Cerah,0,1.7
2026-09-01T02:02:49.450384+00:00,Kabupaten Sleman,34.04.13.2002,2026-09-03 09:00:00,28,56,Cerah,0,1.7
2026-09-01T02:02:49.450384+00:00,Kabupaten Sleman,34.04.13.2002,2026-09-03 12:00:00,31,41,Cerah,0,7.2
2026-09-01T02:02:49.450384+00:00,Kabupaten Sleman,34.04.13.2002,2026-09-03 15:00:00,27,64,Berawan,0,7.2
2026-09-01T02:02:49.450384+00:00,Kabupaten Sleman,34.04.13.2002,2026-09-03 18:00:00,24,77,Berawan,0,6.6
2026-09-01T02:02:49.450384+00:00,Kabupaten Sleman,34.04.13.2002,2026-09-03 21:00:00,23,85,Cerah Berawan,0.1,6.6
2026-09-01T02:02:49.690838+00:00,Kabupaten Bantul,34.02.08.2003,2026-09-01 09:00:00,31,52,Cerah,0,10.2
2026-09-01T02:02:49.690838+00:00,Kabupaten Bantul,34.02.08.2003,2026-09-01 12:00:00,31,49,Cerah,0,17.8
2026-09-01T02:02:49.690838+00:00,Kabupaten Bantul,34.02.08.2003,2026-09-01 15:00:00,30,61,Cerah,0,18.2
2026-09-01T02:02:49.690838+00:00,Kabupaten Bantul,34.02.08.2003,2026-09-01 18:00:00,25,78,Cerah,0,3.2
2026-09-01T02:02:49.690838+00:00,Kabupaten Bantul,34.02.08.2003,2026-09-01 21:00:00,24,86,Cerah,0,0.9
2026-09-01T02:02:49.690838+00:00,Kabupaten Bantul,34.02.08.2003,2026-09-02 00:00:00,23,91,Cerah,0,0.3
2026-09-01T02:02:49.690838+00:00,Kabupaten Bantul,34.02.08.2003,2026-09-02 03:00:00,22,94,Cerah,0,1.9
2026-09-01T02:02:49.690838+00:00,Kabupaten Bantul,34.02.08.2003,2026-09-02 06:00:00,24,82,Cerah,0,2.6
2026-09-01T02:02:49.690838+00:00,Kabupaten Bantul,34.02.08.2003,2026-09-02 09:00:00,31,51,Cerah Berawan,0,7.8
2026-09-01T02:02:49.690838+00:00,Kabupaten Bantul,34.02.08.2003,2026-09-02 12:00:00,31,55,Cerah,0,21.2
2026-09-01T02:02:49.690838+00:00,Kabupaten Bantul,34.02.08.2003,2026-09-02 15:00:00,28,66,Cerah,0,20.3
2026-09-01T02:02:49.690838+00:00,Kabupaten Bantul,34.02.08.2003,2026-09-02 18:00:00,25,78,Cerah,0,9.3
2026-09-01T02:02:49.690838+00:00,Kabupaten Bantul,34.02.08.2003,2026-09-02 21:00:00,24,83,Cerah,0,0.6
2026-09-01T02:02:49.690838+00:00,Kabupaten Bantul,34.02.08.2003,2026-09-03 00:00:00,24,87,Cerah,0,1
2026-09-01T02:02:49.690838+00:00,Kabupaten Bantul,34.02.08.2003,2026-09-03 03:00:00,23,90,Cerah,0,0.8
2026-09-01T02:02:49.690838+00:00,Kabupaten Bantul,34.02.08.2003,2026-09-03 06:00:00,24,79,Cerah,0,3.7
2026-09-01T02:02:49.690838+00:00,Kabupaten Bantul,34.02.08.2003,2026-09-03 09:00:00,30,44,Cerah,0,3.7
2026-09-01T02:02:49.690838+00:00,Kabupaten Bantul,34.02.08.2003,2026-09-03 12:00:00,31,50,Cerah,0,19.5
2026-09-01T02:02:49.690838+00:00,Kabupaten Bantul,34.02.08.2003,2026-09-03 15:00:00,28,61,Berawan,0,19.5
2026-09-01T02:02:49.690838+00:00,Kabupaten Bantul,34.02.08.2003,2026-09-03 18:00:00,25,79,Cerah Berawan,0,6.2
2026-09-01T02:02:49.690838+00:00,Kabupaten Bantul,34.02.08.2003,2026-09-03 21:00:00,24,84,Cerah,0,6.2
2026-09-01T02:02:50.043613+00:00,Kabupaten Kulon Progo,34.01.02.1008,2026-09-01 09:00:00,29,59,Cerah,0,13
2026-09-01T02:02:50.043613+00:00,Kabupaten Kulon Progo,34.01.02.1008,2026-09-01 12:00:00,31,62,Cerah,0,21
2026-09-01T02:02:50.043613+00:00,Kabupaten Kulon Progo,34.01.02.1008,2026-09-01 15:00:00,27,72,Cerah,0,18.5
2026-09-01T02:02:50.043613+00:00,Kabupaten Kulon Progo,34.01.02.1008,2026-09-01 18:00:00,24,86,Cerah,0,4
2026-09-01T02:02:50.043613+00:00,Kabupaten Kulon Progo,34.01.02.1008,2026-09-01 21:00:00,23,91,Cerah,0,1.2
2026-09-01T02:02:50.043613+00:00,Kabupaten Kulon Progo,34.01.02.1008,2026-09-02 00:00:00,22,93,Cerah,0,1.7
2026-09-01T02:02:50.043613+00:00,Kabupaten Kulon Progo,34.01.02.1008,2026-09-02 03:00:00,23,93,Cerah Berawan,0,1.3
2026-09-01T02:02:50.043613+00:00,Kabupaten Kulon Progo,34.01.02.1008,2026-09-02 06:00:00,24,85,Cerah,0,2.8
2026-09-01T02:02:50.043613+00:00,Kabupaten Kulon Progo,34.01.02.1008,2026-09-02 09:00:00,29,63,Cerah Berawan,0,12.3
2026-09-01T02:02:50.043613+00:00,Kabupaten Kulon Progo,34.01.02.1008,2026-09-02 12:00:00,31,67,Cerah,0,21.9
2026-09-01T02:02:50.043613+00:00,Kabupaten Kulon Progo,34.01.02.1008,2026-09-02 15:00:00,27,74,Cerah,0,18.8
2026-09-01T02:02:50.043613+00:00,Kabupaten Kulon Progo,34.01.02.1008,2026-09-02 18:00:00,24,84,Cerah,0,7.9
2026-09-01T02:02:50.043613+00:00,Kabupaten Kulon Progo,34.01.02.1008,2026-09-02 21:00:00,24,86,Cerah,0,1.8
2026-09-01T02:02:50.043613+00:00,Kabupaten Kulon Progo,34.01.02.1008,2026-09-03 00:00:00,23,90,Berawan,0,1.6
2026-09-01T02:02:50.043613+00:00,Kabupaten Kulon Progo,34.01.02.1008,2026-09-03 03:00:00,23,88,Cerah,0,1.8
2026-09-01T02:02:50.043613+00:00,Kabupaten Kulon Progo,34.01.02.1008,2026-09-03 06:00:00,24,79,Cerah,0,3.9
2026-09-01T02:02:50.043613+00:00,Kabupaten Kulon Progo,34.01.02.1008,2026-09-03 09:00:00,30,55,Cerah,0,3.9
2026-09-01T02:02:50.043613+00:00,Kabupaten Kulon Progo,34.01.02.1008,2026-09-03 12:00:00,31,62,Cerah,0,22.6
2026-09-01T02:02:50.043613+00:00,Kabupaten Kulon Progo,34.01.02.1008,2026-09-03 15:00:00,28,70,Berawan,0,22.6
2026-09-01T02:02:50.043613+00:00,Kabupaten Kulon Progo,34.01.02.1008,2026-09-03 18:00:00,24,85,Berawan,0,4.2
2026-09-01T02:02:50.043613+00:00,Kabupaten Kulon Progo,34.01.02.1008,2026-09-03 21:00:00,23,89,Cerah Berawan,0.1,4.2
2026-09-01T02:02:50.282241+00:00,Kabupaten Gunungkidul,34.03.01.2001,2026-09-01 09:00:00,30,52,Cerah,0,16.7
2026-09-01T02:02:50.282241+00:00,Kabupaten Gunungkidul,34.03.01.2001,2026-09-01 12:00:00,31,50,Cerah,0,18.9
2026-09-01T02:02:50.282241+00:00,Kabupaten Gunungkidul,34.03.01.2001,2026-09-01 15:00:00,29,59,Cerah,0,22.3
2026-09-01T02:02:50.282241+00:00,Kabupaten Gunungkidul,34.03.01.2001,2026-09-01 18:00:00,24,81,Cerah,0,17.7
2026-09-01T02:02:50.282241+00:00,Kabupaten Gunungkidul,34.03.01.2001,2026-09-01 21:00:00,23,84,Cerah,0,14
2026-09-01T02:02:50.282241+00:00,Kabupaten Gunungkidul,34.03.01.2001,2026-09-02 00:00:00,22,91,Cerah,0,5.9
2026-09-01T02:02:50.282241+00:00,Kabupaten Gunungkidul,34.03.01.2001,2026-09-02 03:00:00,21,94,Cerah,0,5.9
2026-09-01T02:02:50.282241+00:00,Kabupaten Gunungkidul,34.03.01.2001,2026-09-02 06:00:00,24,83,Cerah,0,10.9
2026-09-01T02:02:50.282241+00:00,Kabupaten Gunungkidul,34.03.01.2001,2026-09-02 09:00:00,30,52,Cerah,0,13.4
2026-09-01T02:02:50.282241+00:00,Kabupaten Gunungkidul,34.03.01.2001,2026-09-02 12:00:00,31,46,Cerah,0,21.4
2026-09-01T02:02:50.282241+00:00,Kabupaten Gunungkidul,34.03.01.2001,2026-09-02 15:00:00,28,66,Cerah,0,27.1
2026-09-01T02:02:50.282241+00:00,Kabupaten Gunungkidul,34.03.01.2001,2026-09-02 18:00:00,24,82,Cerah,0,21.8
2026-09-01T02:02:50.282241+00:00,Kabupaten Gunungkidul,34.03.01.2001,2026-09-02 21:00:00,23,85,Cerah,0,18.9
2026-09-01T02:02:50.282241+00:00,Kabupaten Gunungkidul,34.03.01.2001,2026-09-03 00:00:00,22,88,Cerah,0,16.1
2026-09-01T02:02:50.282241+00:00,Kabupaten Gunungkidul,34.03.01.2001,2026-09-03 03:00:00,22,86,Cerah,0,16
2026-09-01T02:02:50.282241+00:00,Kabupaten Gunungkidul,34.03.01.2001,2026-09-03 06:00:00,23,73,Cerah,0,17.1
2026-09-01T02:02:50.282241+00:00,Kabupaten Gunungkidul,34.03.01.2001,2026-09-03 09:00:00,29,47,Cerah,0,17.1
2026-09-01T02:02:50.282241+00:00,Kabupaten Gunungkidul,34.03.01.2001,2026-09-03 12:00:00,31,44,Cerah,0,17
2026-09-01T02:02:50.282241+00:00,Kabupaten Gunungkidul,34.03.01.2001,2026-09-03 15:00:00,27,63,Berawan,0,17
2026-09-01T02:02:50.282241+00:00,Kabupaten Gunungkidul,34.03.01.2001,2026-09-03 18:00:00,24,81,Cerah Berawan,0,18.3
2026-09-01T02:02:50.282241+00:00,Kabupaten Gunungkidul,34.03.01.2001,2026-09-03 21:00:00,23,83,Cerah Berawan,0,18.3
2026-09-01T06:06:10.869229+00:00,Kota Yogyakarta,34.71.10.1001,2026-09-01 13:00:00,32,43,Cerah,0,9.1
2026-09-01T06:06:10.869229+00:00,Kota Yogyakarta,34.71.10.1001,2026-09-01 16:00:00,29,60,Cerah,0,14.8
2026-09-01T06:06:10.869229+00:00,Kota Yogyakarta,34.71.10.1001,2026-09-01 19:00:00,26,76,Cerah,0,5.6
2026-09-01T06:06:10.869229+00:00,Kota Yogyakarta,34.71.10.1001,2026-09-01 22:00:00,24,84,Cerah,0,3
2026-09-01T06:06:10.869229+00:00,Kota Yogyakarta,34.71.10.1001,2026-09-02 01:00:00,23,89,Cerah,0,2.2
2026-09-01T06:06:10.869229+00:00,Kota Yogyakarta,34.71.10.1001,2026-09-02 04:00:00,22,91,Udara Kabur,0,0.8
2026-09-01T06:06:10.869229+00:00,Kota Yogyakarta,34.71.10.1001,2026-09-02 07:00:00,26,72,Cerah,0,0.9
2026-09-01T06:06:10.869229+00:00,Kota Yogyakarta,34.71.10.1001,2026-09-02 10:00:00,32,43,Cerah,0,3.5
2026-09-01T06:06:10.869229+00:00,Kota Yogyakarta,34.71.10.1001,2026-09-02 13:00:00,31,49,Cerah,0,9.3
2026-09-01T06:06:10.869229+00:00,Kota Yogyakarta,34.71.10.1001,2026-09-02 16:00:00,28,66,Cerah,0,16.8
2026-09-01T06:06:10.869229+00:00,Kota Yogyakarta,34.71.10.1001,2026-09-02 19:00:00,25,77,Cerah,0,8.8
2026-09-01T06:06:10.869229+00:00,Kota Yogyakarta,34.71.10.1001,2026-09-02 22:00:00,24,82,Cerah Berawan,0,0.4
2026-09-01T06:06:10.869229+00:00,Kota Yogyakarta,34.71.10.1001,2026-09-03 01:00:00,24,81,Cerah,0,2.4
2026-09-01T06:06:10.869229+00:00,Kota Yogyakarta,34.71.10.1001,2026-09-03 04:00:00,22,90,Cerah,0,1.4
2026-09-01T06:06:10.869229+00:00,Kota Yogyakarta,34.71.10.1001,2026-09-03 07:00:00,26,64,Cerah,0,1.5
2026-09-01T06:06:10.869229+00:00,Kota Yogyakarta,34.71.10.1001,2026-09-03 10:00:00,31,36,Cerah,0,6
2026-09-01T06:06:10.869229+00:00,Kota Yogyakarta,34.71.10.1001,2026-09-03 13:00:00,31,45,Cerah Berawan,0,6
2026-09-01T06:06:10.869229+00:00,Kota Yogyakarta,34.71.10.1001,2026-09-03 16:00:00,27,64,Berawan,0,8.6
2026-09-01T06:06:10.869229+00:00,Kota Yogyakarta,34.71.10.1001,2026-09-03 19:00:00,25,77,Cerah Berawan,0.1,8.6
2026-09-01T06:06:10.869229+00:00,Kota Yogyakarta,34.71.10.1001,2026-09-03 22:00:00,24,80,Cerah Berawan,0.1,0.6
2026-09-01T06:06:11.160894+00:00,Kabupaten Sleman,34.04.13.2002,2026-09-01 13:00:00,32,45,Cerah,0,9.6
2026-09-01T06:06:11.160894+00:00,Kabupaten Sleman,34.04.13.2002,2026-09-01 16:00:00,28,65,Cerah,0,13.6
2026-09-01T06:06:11.160894+00:00,Kabupaten Sleman,34.04.13.2002,2026-09-01 19:00:00,24,85,Cerah,0,4.6
2026-09-01T06:06:11.160894+00:00,Kabupaten Sleman,34.04.13.2002,2026-09-01 22:00:00,22,90,Cerah,0,3.2
2026-09-01T06:06:11.160894+00:00,Kabupaten Sleman,34.04.13.2002,2026-09-02 01:00:00,22,90,Udara Kabur,0,4.4
2026-09-01T06:06:11.160894+00:00,Kabupaten Sleman,34.04.13.2002,2026-09-02 04:00:00,22,89,Udara Kabur,0,2.2
2026-09-01T06:06:11.160894+00:00,Kabupaten Sleman,34.04.13.2002,2026-09-02 07:00:00,25,78,Udara Kabur,0,1.5
2026-09-01T06:06:11.160894+00:00,Kabupaten Sleman,34.04.13.2002,2026-09-02 10:00:00,30,54,Cerah,0,7.4
2026-09-01T06:06:11.160894+00:00,Kabupaten Sleman,34.04.13.2002,2026-09-02 13:00:00,30,52,Cerah,0.1,6.6
2026-09-01T06:06:11.160894+00:00,Kabupaten Sleman,34.04.13.2002,2026-09-02 16:00:00,26,73,Cerah Berawan,0,16.5
2026-09-01T06:06:11.160894+00:00,Kabupaten Sleman,34.04.13.2002,2026-09-02 19:00:00,24,81,Cerah Berawan,0,6.5
2026-09-01T06:06:11.160894+00:00,Kabupaten Sleman,34.04.13.2002,2026-09-02 22:00:00,23,89,Cerah,0,0.8
2026-09-01T06:06:11.160894+00:00,Kabupaten Sleman,34.04.13.2002,2026-09-03 01:00:00,23,90,Udara Kabur,0,1.6
2026-09-01T06:06:11.160894+00:00,Kabupaten Sleman,34.04.13.2002,2026-09-03 04:00:00,21,94,Udara Kabur,0,2.1
2026-09-01T06:06:11.160894+00:00,Kabupaten Sleman,34.04.13.2002,2026-09-03 07:00:00,24,76,Cerah,0,1.7
2026-09-01T06:06:11.160894+00:00,Kabupaten Sleman,34.04.13.2002,2026-09-03 10:00:00,29,46,Cerah,0,7.2
2026-09-01T06:06:11.160894+00:00,Kabupaten Sleman,34.04.13.2002,2026-09-03 13:00:00,30,49,Cerah Berawan,0,7.2
2026-09-01T06:06:11.160894+00:00,Kabupaten Sleman,34.04.13.2002,2026-09-03 16:00:00,26,68,Berawan,0,6.6
2026-09-01T06:06:11.160894+00:00,Kabupaten Sleman,34.04.13.2002,2026-09-03 19:00:00,24,82,Berawan,0.1,6.6
2026-09-01T06:06:11.160894+00:00,Kabupaten Sleman,34.04.13.2002,2026-09-03 22:00:00,23,86,Berawan,0.1,1.6
2026-09-01T06:06:11.959793+00:00,Kabupaten Bantul,34.02.08.2003,2026-09-01 14:00:00,30,55,Cerah,0,18.2
2026-09-01T06:06:11.959793+00:00,Kabupaten Bantul,34.02.08.2003,2026-09-01 17:00:00,26,73,Cerah,0,3.2
2026-09-01T06:06:11.959793+00:00,Kabupaten Bantul,34.02.08.2003,2026-09-01 20:00:00,24,84,Cerah,0,0.9
2026-09-01T06:06:11.959793+00:00,Kabupaten Bantul,34.02.08.2003,2026-09-01 23:00:00,23,89,Cerah,0,0.3
2026-09-01T06:06:11.959793+00:00,Kabupaten Bantul,34.02.08.2003,2026-09-02 02:00:00,22,93,Cerah,0,1.9
2026-09-01T06:06:11.959793+00:00,Kabupaten Bantul,34.02.08.2003,2026-09-02 05:00:00,22,92,Cerah Berawan,0,2.6
2026-09-01T06:06:11.959793+00:00,Kabupaten Bantul,34.02.08.2003,2026-09-02 08:00:00,29,60,Cerah Berawan,0,7.8
2026-09-01T06:06:11.959793+00:00,Kabupaten Bantul,34.02.08.2003,2026-09-02 11:00:00,32,53,Cerah,0,21.2
2026-09-01T06:06:11.959793+00:00,Kabupaten Bantul,34.02.08.2003,2026-09-02 14:00:00,30,62,Cerah,0,20.3
2026-09-01T06:06:11.959793+00:00,Kabupaten Bantul,34.02.08.2003,2026-09-02 17:00:00,26,75,Cerah,0,9.3
2026-09-01T06:06:11.959793+00:00,Kabupaten Bantul,34.02.08.2003,2026-09-02 20:00:00,25,82,Cerah,0,0.6
2026-09-01T06:06:11.959793+00:00,Kabupaten Bantul,34.02.08.2003,2026-09-02 23:00:00,24,87,Cerah Berawan,0,1
2026-09-01T06:06:11.959793+00:00,Kabupaten Bantul,34.02.08.2003,2026-09-03 02:00:00,23,89,Cerah,0,0.8
2026-09-01T06:06:11.959793+00:00,Kabupaten Bantul,34.02.08.2003,2026-09-03 05:00:00,22,94,Cerah,0,3.7
2026-09-01T06:06:11.959793+00:00,Kabupaten Bantul,34.02.08.2003,2026-09-03 08:00:00,28,52,Cerah,0,3.7
2026-09-01T06:06:11.959793+00:00,Kabupaten Bantul,34.02.08.2003,2026-09-03 11:00:00,32,45,Cerah,0,19.5
2026-09-01T06:06:11.959793+00:00,Kabupaten Bantul,34.02.08.2003,2026-09-03 14:00:00,29,58,Berawan,0,19.5
2026-09-01T06:06:11.959793+00:00,Kabupaten Bantul,34.02.08.2003,2026-09-03 17:00:00,26,75,Cerah Berawan,0,6.2
2026-09-01T06:06:11.959793+00:00,Kabupaten Bantul,34.02.08.2003,2026-09-03 20:00:00,24,83,Cerah Berawan,0,6.2
2026-09-01T06:06:11.959793+00:00,Kabupaten Bantul,34.02.08.2003,2026-09-03 23:00:00,24,87,Cerah Berawan,0,1
2026-09-01T06:06:12.268205+00:00,Kabupaten Kulon Progo,34.01.02.1008,2026-09-01 13:00:00,30,63,Cerah,0,21
2026-09-01T06:06:12.268205+00:00,Kabupaten Kulon Progo,34.01.02.1008,2026-09-01 16:00:00,26,78,Cerah,0,18.5
2026-09-01T06:06:12.268205+00:00,Kabupaten Kulon Progo,34.01.02.1008,2026-09-01 19:00:00,24,87,Cerah,0,4
2026-09-01T06:06:12.268205+00:00,Kabupaten Kulon Progo,34.01.02.1008,2026-09-01 22:00:00,23,92,Cerah,0,1.2
2026-09-01T06:06:12.268205+00:00,Kabupaten Kulon Progo,34.01.02.1008,2026-09-02 01:00:00,23,92,Cerah Berawan,0,1.7
2026-09-01T06:06:12.268205+00:00,Kabupaten Kulon Progo,34.01.02.1008,2026-09-02 04:00:00,22,95,Cerah,0,1.3
2026-09-01T06:06:12.268205+00:00,Kabupaten Kulon Progo,34.01.02.1008,2026-09-02 07:00:00,26,74,Cerah,0,2.8
2026-09-01T06:06:12.268205+00:00,Kabupaten Kulon Progo,34.01.02.1008,2026-09-02 10:00:00,30,65,Cerah Berawan,0,12.3
2026-09-01T06:06:12.268205+00:00,Kabupaten Kulon Progo,34.01.02.1008,2026-09-02 13:00:00,30,68,Cerah,0,21.9
2026-09-01T06:06:12.268205+00:00,Kabupaten Kulon Progo,34.01.02.1008,2026-09-02 16:00:00,26,78,Cerah,0,18.8
2026-09-01T06:06:12.268205+00:00,Kabupaten Kulon Progo,34.01.02.1008,2026-09-02 19:00:00,24,84,Cerah,0,7.9
2026-09-01T06:06:12.268205+00:00,Kabupaten Kulon Progo,34.01.02.1008,2026-09-02 22:00:00,23,90,Cerah,0,1.8
2026-09-01T06:06:12.268205+00:00,Kabupaten Kulon Progo,34.01.02.1008,2026-09-03 01:00:00,23,88,Cerah Berawan,0,1.6
2026-09-01T06:06:12.268205+00:00,Kabupaten Kulon Progo,34.01.02.1008,2026-09-03 04:00:00,22,90,Cerah,0,1.8
2026-09-01T06:06:12.268205+00:00,Kabupaten Kulon Progo,34.01.02.1008,2026-09-03 07:00:00,26,70,Cerah,0,3.9
2026-09-01T06:06:12.268205+00:00,Kabupaten Kulon Progo,34.01.02.1008,2026-09-03 10:00:00,31,56,Cerah,0,22.6
2026-09-01T06:06:12.268205+00:00,Kabupaten Kulon Progo,34.01.02.1008,2026-09-03 13:00:00,30,64,Cerah,0,22.6
2026-09-01T06:06:12.268205+00:00,Kabupaten Kulon Progo,34.01.02.1008,2026-09-03 16:00:00,26,76,Berawan,0,4.2
2026-09-01T06:06:12.268205+00:00,Kabupaten Kulon Progo,34.01.02.1008,2026-09-03 19:00:00,23,88,Cerah Berawan,0.1,4.2
2026-09-01T06:06:12.268205+00:00,Kabupaten Kulon Progo,34.01.02.1008,2026-09-03 22:00:00,23,90,Cerah Berawan,0.1,2.4
2026-09-01T06:06:12.581014+00:00,Kabupaten Gunungkidul,34.03.01.2001,2026-09-01 13:00:00,31,51,Cerah,0,18.9
2026-09-01T06:06:12.581014+00:00,Kabupaten Gunungkidul,34.03.01.2001,2026-09-01 16:00:00,27,66,Cerah,0,22.3
2026-09-01T06:06:12.581014+00:00,Kabupaten Gunungkidul,34.03.01.2001,2026-09-01 19:00:00,24,81,Cerah,0,17.7
2026-09-01T06:06:12.581014+00:00,Kabupaten Gunungkidul,34.03.01.2001,2026-09-01 22:00:00,23,87,Cerah,0,14
2026-09-01T06:06:12.581014+00:00,Kabupaten Gunungkidul,34.03.01.2001,2026-09-02 01:00:00,22,93,Cerah,0,5.9
2026-09-01T06:06:12.581014+00:00,Kabupaten Gunungkidul,34.03.01.2001,2026-09-02 04:00:00,22,93,Cerah,0,5.9
2026-09-01T06:06:12.581014+00:00,Kabupaten Gunungkidul,34.03.01.2001,2026-09-02 07:00:00,26,70,Cerah,0,10.9
2026-09-01T06:06:12.581014+00:00,Kabupaten Gunungkidul,34.03.01.2001,2026-09-02 10:00:00,31,47,Cerah,0,13.4
2026-09-01T06:06:12.581014+00:00,Kabupaten Gunungkidul,34.03.01.2001,2026-09-02 13:00:00,30,53,Cerah,0,21.4
2026-09-01T06:06:12.581014+00:00,Kabupaten Gunungkidul,34.03.01.2001,2026-09-02 16:00:00,26,71,Cerah,0,27.1
2026-09-01T06:06:12.581014+00:00,Kabupaten Gunungkidul,34.03.01.2001,2026-09-02 19:00:00,24,83,Cerah,0,21.8
2026-09-01T06:06:12.581014+00:00,Kabupaten Gunungkidul,34.03.01.2001,2026-09-02 22:00:00,23,87,Cerah,0,18.9
2026-09-01T06:06:12.581014+00:00,Kabupaten Gunungkidul,34.03.01.2001,2026-09-03 01:00:00,22,87,Cerah,0,16.1
2026-09-01T06:06:12.581014+00:00,Kabupaten Gunungkidul,34.03.01.2001,2026-09-03 04:00:00,21,87,Cerah,0,16
2026-09-01T06:06:12.581014+00:00,Kabupaten Gunungkidul,34.03.01.2001,2026-09-03 07:00:00,26,59,Cerah,0,17.1
2026-09-01T06:06:12.581014+00:00,Kabupaten Gunungkidul,34.03.01.2001,2026-09-03 10:00:00,30,45,Cerah,0,17
2026-09-01T06:06:12.581014+00:00,Kabupaten Gunungkidul,34.03.01.2001,2026-09-03 13:00:00,30,51,Cerah Berawan,0,17
2026-09-01T06:06:12.581014+00:00,Kabupaten Gunungkidul,34.03.01.2001,2026-09-03 16:00:00,26,70,Berawan,0,18.3
2026-09-01T06:06:12.581014+00:00,Kabupaten Gunungkidul,34.03.01.2001,2026-09-03 19:00:00,24,82,Cerah Berawan,0,18.3
2026-09-01T06:06:12.581014+00:00,Kabupaten Gunungkidul,34.03.01.2001,2026-09-03 22:00:00,23,87,Cerah,0,11.9
2026-09-01T12:06:08.865100+00:00,Kota Yogyakarta,34.71.10.1001,2026-09-01 19:00:00,26,76,Cerah,0,5.6
2026-09-01T12:06:08.865100+00:00,Kota Yogyakarta,34.71.10.1001,2026-09-01 22:00:00,24,84,Cerah,0,3
2026-09-01T12:06:08.865100+00:00,Kota Yogyakarta,34.71.10.1001,2026-09-02 01:00:00,23,89,Cerah,0,2.2
2026-09-01T12:06:08.865100+00:00,Kota Yogyakarta,34.71.10.1001,2026-09-02 04:00:00,22,91,Udara Kabur,0,0.8
2026-09-01T12:06:08.865100+00:00,Kota Yogyakarta,34.71.10.1001,2026-09-02 07:00:00,26,72,Cerah,0,0.9
2026-09-01T12:06:08.865100+00:00,Kota Yogyakarta,34.71.10.1001,2026-09-02 10:00:00,32,43,Cerah,0,3.5
2026-09-01T12:06:08.865100+00:00,Kota Yogyakarta,34.71.10.1001,2026-09-02 13:00:00,31,49,Cerah,0,9.3
2026-09-01T12:06:08.865100+00:00,Kota Yogyakarta,34.71.10.1001,2026-09-02 16:00:00,28,66,Cerah,0,16.8
2026-09-01T12:06:08.865100+00:00,Kota Yogyakarta,34.71.10.1001,2026-09-02 19:00:00,25,77,Cerah,0,8.8
2026-09-01T12:06:08.865100+00:00,Kota Yogyakarta,34.71.10.1001,2026-09-02 22:00:00,24,82,Cerah Berawan,0,0.4
2026-09-01T12:06:08.865100+00:00,Kota Yogyakarta,34.71.10.1001,2026-09-03 01:00:00,24,81,Cerah,0,2.4
2026-09-01T12:06:08.865100+00:00,Kota Yogyakarta,34.71.10.1001,2026-09-03 04:00:00,22,90,Cerah,0,1.4
2026-09-01T12:06:08.865100+00:00,Kota Yogyakarta,34.71.10.1001,2026-09-03 07:00:00,26,64,Cerah,0,1.5
2026-09-01T12:06:08.865100+00:00,Kota Yogyakarta,34.71.10.1001,2026-09-03 10:00:00,31,36,Cerah,0,6
2026-09-01T12:06:08.865100+00:00,Kota Yogyakarta,34.71.10.1001,2026-09-03 13:00:00,31,45,Cerah Berawan,0,6
2026-09-01T12:06:08.865100+00:00,Kota Yogyakarta,34.71.10.1001,2026-09-03 16:00:00,27,64,Berawan,0,8.6
2026-09-01T12:06:08.865100+00:00,Kota Yogyakarta,34.71.10.1001,2026-09-03 19:00:00,25,77,Cerah Berawan,0.1,8.6
2026-09-01T12:06:08.865100+00:00,Kota Yogyakarta,34.71.10.1001,2026-09-03 22:00:00,24,80,Cerah Berawan,0.1,0.6
2026-09-01T12:06:09.186947+00:00,Kabupaten Sleman,34.04.13.2002,2026-09-01 19:00:00,24,85,Cerah,0,4.6
2026-09-01T12:06:09.186947+00:00,Kabupaten Sleman,34.04.13.2002,2026-09-01 22:00:00,22,90,Cerah,0,3.2
2026-09-01T12:06:09.186947+00:00,Kabupaten Sleman,34.04.13.2002,2026-09-02 01:00:00,22,90,Udara Kabur,0,4.4
2026-09-01T12:06:09.186947+00:00,Kabupaten Sleman,34.04.13.2002,2026-09-02 04:00:00,22,89,Udara Kabur,0,2.2
2026-09-01T12:06:09.186947+00:00,Kabupaten Sleman,34.04.13.2002,2026-09-02 07:00:00,25,78,Udara Kabur,0,1.5
2026-09-01T12:06:09.186947+00:00,Kabupaten Sleman,34.04.13.2002,2026-09-02 10:00:00,30,54,Cerah,0,7.4
2026-09-01T12:06:09.186947+00:00,Kabupaten Sleman,34.04.13.2002,2026-09-02 13:00:00,30,52,Cerah,0.1,6.6
2026-09-01T12:06:09.186947+00:00,Kabupaten Sleman,34.04.13.2002,2026-09-02 16:00:00,26,73,Cerah Berawan,0,16.5
2026-09-01T12:06:09.186947+00:00,Kabupaten Sleman,34.04.13.2002,2026-09-02 19:00:00,24,81,Cerah Berawan,0,6.5
2026-09-01T12:06:09.186947+00:00,Kabupaten Sleman,34.04.13.2002,2026-09-02 22:00:00,23,89,Cerah,0,0.8
2026-09-01T12:06:09.186947+00:00,Kabupaten Sleman,34.04.13.2002,2026-09-03 01:00:00,23,90,Udara Kabur,0,1.6
2026-09-01T12:06:09.186947+00:00,Kabupaten Sleman,34.04.13.2002,2026-09-03 04:00:00,21,94,Udara Kabur,0,2.1
2026-09-01T12:06:09.186947+00:00,Kabupaten Sleman,34.04.13.2002,2026-09-03 07:00:00,24,76,Cerah,0,1.7
2026-09-01T12:06:09.186947+00:00,Kabupaten Sleman,34.04.13.2002,2026-09-03 10:00:00,29,46,Cerah,0,7.2
2026-09-01T12:06:09.186947+00:00,Kabupaten Sleman,34.04.13.2002,2026-09-03 13:00:00,30,49,Cerah Berawan,0,7.2
2026-09-01T12:06:09.186947+00:00,Kabupaten Sleman,34.04.13.2002,2026-09-03 16:00:00,26,68,Berawan,0,6.6
2026-09-01T12:06:09.186947+00:00,Kabupaten Sleman,34.04.13.2002,2026-09-03 19:00:00,24,82,Berawan,0.1,6.6
2026-09-01T12:06:09.186947+00:00,Kabupaten Sleman,34.04.13.2002,2026-09-03 22:00:00,23,86,Berawan,0.1,1.6
2026-09-01T12:06:09.485671+00:00,Kabupaten Bantul,34.02.08.2003,2026-09-01 19:00:00,25,81,Cerah,0,3.2
2026-09-01T12:06:09.485671+00:00,Kabupaten Bantul,34.02.08.2003,2026-09-01 22:00:00,23,88,Cerah,0,0.9
2026-09-01T12:06:09.485671+00:00,Kabupaten Bantul,34.02.08.2003,2026-09-02 01:00:00,22,92,Cerah,0,0.3
2026-09-01T12:06:09.485671+00:00,Kabupaten Bantul,34.02.08.2003,2026-09-02 04:00:00,22,95,Cerah,0,1.9
2026-09-01T12:06:09.485671+00:00,Kabupaten Bantul,34.02.08.2003,2026-09-02 07:00:00,27,70,Cerah,0,2.6
2026-09-01T12:06:09.485671+00:00,Kabupaten Bantul,34.02.08.2003,2026-09-02 10:00:00,31,53,Cerah Berawan,0,7.8
2026-09-01T12:06:09.485671+00:00,Kabupaten Bantul,34.02.08.2003,2026-09-02 13:00:00,30,58,Cerah,0,21.2
2026-09-01T12:06:09.485671+00:00,Kabupaten Bantul,34.02.08.2003,2026-09-02 16:00:00,27,70,Cerah,0,20.3
2026-09-01T12:06:09.485671+00:00,Kabupaten Bantul,34.02.08.2003,2026-09-02 19:00:00,25,80,Cerah,0,9.3
2026-09-01T12:06:09.485671+00:00,Kabupaten Bantul,34.02.08.2003,2026-09-02 22:00:00,24,86,Cerah,0,0.6
2026-09-01T12:06:09.485671+00:00,Kabupaten Bantul,34.02.08.2003,2026-09-03 01:00:00,24,87,Cerah,0,1
2026-09-01T12:06:09.485671+00:00,Kabupaten Bantul,34.02.08.2003,2026-09-03 04:00:00,22,93,Cerah,0,0.8
2026-09-01T12:06:09.485671+00:00,Kabupaten Bantul,34.02.08.2003,2026-09-03 07:00:00,26,66,Cerah,0,3.7
2026-09-01T12:06:09.485671+00:00,Kabupaten Bantul,34.02.08.2003,2026-09-03 10:00:00,31,43,Cerah,0,19.5
2026-09-01T12:06:09.485671+00:00,Kabupaten Bantul,34.02.08.2003,2026-09-03 13:00:00,30,55,Cerah,0,19.5
2026-09-01T12:06:09.485671+00:00,Kabupaten Bantul,34.02.08.2003,2026-09-03 16:00:00,26,69,Berawan,0,6.2
2026-09-01T12:06:09.485671+00:00,Kabupaten Bantul,34.02.08.2003,2026-09-03 19:00:00,24,82,Cerah Berawan,0,6.2
2026-09-01T12:06:09.485671+00:00,Kabupaten Bantul,34.02.08.2003,2026-09-03 22:00:00,24,85,Cerah,0,1
2026-09-01T12:06:09.784989+00:00,Kabupaten Kulon Progo,34.01.02.1008,2026-09-01 19:00:00,24,87,Cerah,0,4
2026-09-01T12:06:09.784989+00:00,Kabupaten Kulon Progo,34.01.02.1008,2026-09-01 22:00:00,23,92,Cerah,0,1.2
2026-09-01T12:06:09.784989+00:00,Kabupaten Kulon Progo,34.01.02.1008,2026-09-02 01:00:00,23,92,Cerah Berawan,0,1.7
2026-09-01T12:06:09.784989+00:00,Kabupaten Kulon Progo,34.01.02.1008,2026-09-02 04:00:00,22,95,Cerah,0,1.3
2026-09-01T12:06:09.784989+00:00,Kabupaten Kulon Progo,34.01.02.1008,2026-09-02 07:00:00,26,74,Cerah,0,2.8
2026-09-01T12:06:09.784989+00:00,Kabupaten Kulon Progo,34.01.02.1008,2026-09-02 10:00:00,30,65,Cerah Berawan,0,12.3
2026-09-01T12:06:09.784989+00:00,Kabupaten Kulon Progo,34.01.02.1008,2026-09-02 13:00:00,30,68,Cerah,0,21.9
2026-09-01T12:06:09.784989+00:00,Kabupaten Kulon Progo,34.01.02.1008,2026-09-02 16:00:00,26,78,Cerah,0,18.8
2026-09-01T12:06:09.784989+00:00,Kabupaten Kulon Progo,34.01.02.1008,2026-09-02 19:00:00,24,84,Cerah,0,7.9
2026-09-01T12:06:09.784989+00:00,Kabupaten Kulon Progo,34.01.02.1008,2026-09-02 22:00:00,23,90,Cerah,0,1.8
2026-09-01T12:06:09.784989+00:00,Kabupaten Kulon Progo,34.01.02.1008,2026-09-03 01:00:00,23,88,Cerah Berawan,0,1.6
2026-09-01T12:06:09.784989+00:00,Kabupaten Kulon Progo,34.01.02.1008,2026-09-03 04:00:00,22,90,Cerah,0,1.8
2026-09-01T12:06:09.784989+00:00,Kabupaten Kulon Progo,34.01.02.1008,2026-09-03 07:00:00,26,70,Cerah,0,3.9
2026-09-01T12:06:09.784989+00:00,Kabupaten Kulon Progo,34.01.02.1008,2026-09-03 10:00:00,31,56,Cerah,0,22.6
2026-09-01T12:06:09.784989+00:00,Kabupaten Kulon Progo,34.01.02.1008,2026-09-03 13:00:00,30,64,Cerah,0,22.6
2026-09-01T12:06:09.784989+00:00,Kabupaten Kulon Progo,34.01.02.1008,2026-09-03 16:00:00,26,76,Berawan,0,4.2
2026-09-01T12:06:09.784989+00:00,Kabupaten Kulon Progo,34.01.02.1008,2026-09-03 19:00:00,23,88,Cerah Berawan,0.1,4.2
2026-09-01T12:06:09.784989+00:00,Kabupaten Kulon Progo,34.01.02.1008,2026-09-03 22:00:00,23,90,Cerah Berawan,0.1,2.4
2026-09-01T12:06:10.118723+00:00,Kabupaten Gunungkidul,34.03.01.2001,2026-09-01 20:00:00,24,81,Cerah,0,14
2026-09-01T12:06:10.118723+00:00,Kabupaten Gunungkidul,34.03.01.2001,2026-09-01 23:00:00,22,90,Cerah,0,5.9
2026-09-01T12:06:10.118723+00:00,Kabupaten Gunungkidul,34.03.01.2001,2026-09-02 02:00:00,22,94,Cerah,0,5.9
2026-09-01T12:06:10.118723+00:00,Kabupaten Gunungkidul,34.03.01.2001,2026-09-02 05:00:00,22,92,Cerah,0,10.9
2026-09-01T12:06:10.118723+00:00,Kabupaten Gunungkidul,34.03.01.2001,2026-09-02 08:00:00,28,59,Cerah,0,13.4
2026-09-01T12:06:10.118723+00:00,Kabupaten Gunungkidul,34.03.01.2001,2026-09-02 11:00:00,32,42,Cerah,0,21.4
2026-09-01T12:06:10.118723+00:00,Kabupaten Gunungkidul,34.03.01.2001,2026-09-02 14:00:00,29,59,Cerah,0,27.1
2026-09-01T12:06:10.118723+00:00,Kabupaten Gunungkidul,34.03.01.2001,2026-09-02 17:00:00,25,78,Cerah,0,21.8
2026-09-01T12:06:10.118723+00:00,Kabupaten Gunungkidul,34.03.01.2001,2026-09-02 20:00:00,23,84,Cerah,0,18.9
2026-09-01T12:06:10.118723+00:00,Kabupaten Gunungkidul,34.03.01.2001,2026-09-02 23:00:00,23,88,Cerah,0,16.1
2026-09-01T12:06:10.118723+00:00,Kabupaten Gunungkidul,34.03.01.2001,2026-09-03 02:00:00,22,86,Cerah,0,16
2026-09-01T12:06:10.118723+00:00,Kabupaten Gunungkidul,34.03.01.2001,2026-09-03 05:00:00,21,88,Cerah,0,17.1
2026-09-01T12:06:10.118723+00:00,Kabupaten Gunungkidul,34.03.01.2001,2026-09-03 08:00:00,28,50,Cerah,0,17.1
2026-09-01T12:06:10.118723+00:00,Kabupaten Gunungkidul,34.03.01.2001,2026-09-03 11:00:00,31,44,Cerah,0,17
2026-09-01T12:06:10.118723+00:00,Kabupaten Gunungkidul,34.03.01.2001,2026-09-03 14:00:00,28,58,Cerah Berawan,0,17
2026-09-01T12:06:10.118723+00:00,Kabupaten Gunungkidul,34.03.01.2001,2026-09-03 17:00:00,24,79,Berawan,0,18.3
2026-09-01T12:06:10.118723+00:00,Kabupaten Gunungkidul,34.03.01.2001,2026-09-03 20:00:00,24,82,Cerah Berawan,0,18.3
2026-09-01T12:06:10.118723+00:00,Kabupaten Gunungkidul,34.03.01.2001,2026-09-03 23:00:00,22,90,Cerah Berawan,0,11.9
2026-09-01T18:06:04.122012+00:00,Kota Yogyakarta,34.71.10.1001,2026-09-02 01:00:00,22,91,Cerah,0,2
2026-09-01T18:06:04.122012+00:00,Kota Yogyakarta,34.71.10.1001,2026-09-02 04:00:00,21,94,Cerah,0,0.6
2026-09-01T18:06:04.122012+00:00,Kota Yogyakarta,34.71.10.1001,2026-09-02 07:00:00,26,71,Cerah,0,2.5
2026-09-01T18:06:04.122012+00:00,Kota Yogyakarta,34.71.10.1001,2026-09-02 10:00:00,32,42,Cerah,0,7.2
2026-09-01T18:06:04.122012+00:00,Kota Yogyakarta,34.71.10.1001,2026-09-02 13:00:00,33,44,Cerah,0,4.7
2026-09-01T18:06:04.122012+00:00,Kota Yogyakarta,34.71.10.1001,2026-09-02 16:00:00,28,65,Cerah,0,17.2
2026-09-01T18:06:04.122012+00:00,Kota Yogyakarta,34.71.10.1001,2026-09-02 19:00:00,25,76,Cerah,0,7.4
2026-09-01T18:06:04.122012+00:00,Kota Yogyakarta,34.71.10.1001,2026-09-02 22:00:00,24,83,Cerah,0,3.3
2026-09-01T18:06:04.122012+00:00,Kota Yogyakarta,34.71.10.1001,2026-09-03 01:00:00,23,88,Cerah,0,1.1
2026-09-01T18:06:04.122012+00:00,Kota Yogyakarta,34.71.10.1001,2026-09-03 04:00:00,21,94,Cerah,0,1.7
2026-09-01T18:06:04.122012+00:00,Kota Yogyakarta,34.71.10.1001,2026-09-03 07:00:00,26,66,Cerah,0,0.8
2026-09-01T18:06:04.122012+00:00,Kota Yogyakarta,34.71.10.1001,2026-09-03 10:00:00,32,40,Cerah,0,3.6
2026-09-01T18:06:04.122012+00:00,Kota Yogyakarta,34.71.10.1001,2026-09-03 13:00:00,33,46,Cerah,0,5
2026-09-01T18:06:04.122012+00:00,Kota Yogyakarta,34.71.10.1001,2026-09-03 16:00:00,28,65,Cerah,0,16.4
2026-09-01T18:06:04.122012+00:00,Kota Yogyakarta,34.71.10.1001,2026-09-03 19:00:00,25,77,Cerah Berawan,0,7.2
2026-09-01T18:06:04.122012+00:00,Kota Yogyakarta,34.71.10.1001,2026-09-03 22:00:00,24,81,Cerah Berawan,0,2.9
2026-09-01T18:06:04.122012+00:00,Kota Yogyakarta,34.71.10.1001,2026-09-04 01:00:00,23,88,Berawan,0,2.4
2026-09-01T18:06:04.122012+00:00,Kota Yogyakarta,34.71.10.1001,2026-09-04 04:00:00,22,95,Berawan,0,2.3
2026-09-01T18:06:04.423216+00:00,Kabupaten Sleman,34.04.13.2002,2026-09-02 01:00:00,20,93,Cerah,0,4.9
2026-09-01T18:06:04.423216+00:00,Kabupaten Sleman,34.04.13.2002,2026-09-02 04:00:00,21,92,Cerah Berawan,0,2
2026-09-01T18:06:04.423216+00:00,Kabupaten Sleman,34.04.13.2002,2026-09-02 07:00:00,25,78,Cerah,0,1.3
2026-09-01T18:06:04.423216+00:00,Kabupaten Sleman,34.04.13.2002,2026-09-02 10:00:00,30,52,Cerah,0,7.5
2026-09-01T18:06:04.423216+00:00,Kabupaten Sleman,34.04.13.2002,2026-09-02 13:00:00,32,47,Cerah,0,6
2026-09-01T18:06:04.423216+00:00,Kabupaten Sleman,34.04.13.2002,2026-09-02 16:00:00,27,70,Cerah,0,16.1
2026-09-01T18:06:04.423216+00:00,Kabupaten Sleman,34.04.13.2002,2026-09-02 19:00:00,24,80,Cerah,0,6.6
2026-09-01T18:06:04.423216+00:00,Kabupaten Sleman,34.04.13.2002,2026-09-02 22:00:00,22,90,Cerah,0,2.5
2026-09-01T18:06:04.423216+00:00,Kabupaten Sleman,34.04.13.2002,2026-09-03 01:00:00,21,95,Cerah Berawan,0,1.9
2026-09-01T18:06:04.423216+00:00,Kabupaten Sleman,34.04.13.2002,2026-09-03 04:00:00,20,92,Cerah,0,2.3
2026-09-01T18:06:04.423216+00:00,Kabupaten Sleman,34.04.13.2002,2026-09-03 07:00:00,24,76,Udara Kabur,0,3.3
2026-09-01T18:06:04.423216+00:00,Kabupaten Sleman,34.04.13.2002,2026-09-03 10:00:00,29,51,Cerah,0,6
2026-09-01T18:06:04.423216+00:00,Kabupaten Sleman,34.04.13.2002,2026-09-03 13:00:00,31,49,Cerah,0,6.5
2026-09-01T18:06:04.423216+00:00,Kabupaten Sleman,34.04.13.2002,2026-09-03 16:00:00,26,70,Cerah Berawan,0,16.8
2026-09-01T18:06:04.423216+00:00,Kabupaten Sleman,34.04.13.2002,2026-09-03 19:00:00,24,82,Berawan,0,7.3
2026-09-01T18:06:04.423216+00:00,Kabupaten Sleman,34.04.13.2002,2026-09-03 22:00:00,23,89,Cerah Berawan,0,3
2026-09-01T18:06:04.423216+00:00,Kabupaten Sleman,34.04.13.2002,2026-09-04 01:00:00,22,92,Berawan,0,2
2026-09-01T18:06:04.423216+00:00,Kabupaten Sleman,34.04.13.2002,2026-09-04 04:00:00,20,93,Berawan,0,1.7
2026-09-01T18:06:04.723538+00:00,Kabupaten Bantul,34.02.08.2003,2026-09-02 01:00:00,22,94,Cerah,0,0.3
2026-09-01T18:06:04.723538+00:00,Kabupaten Bantul,34.02.08.2003,2026-09-02 04:00:00,21,98,Cerah,0,3.2
2026-09-01T18:06:04.723538+00:00,Kabupaten Bantul,34.02.08.2003,2026-09-02 07:00:00,27,70,Cerah,0,4.2
2026-09-01T18:06:04.723538+00:00,Kabupaten Bantul,34.02.08.2003,2026-09-02 10:00:00,32,48,Cerah,0,9.6
2026-09-01T18:06:04.723538+00:00,Kabupaten Bantul,34.02.08.2003,2026-09-02 13:00:00,31,57,Cerah,0,19.6
2026-09-01T18:06:04.723538+00:00,Kabupaten Bantul,34.02.08.2003,2026-09-02 16:00:00,27,70,Cerah,0,20.7
2026-09-01T18:06:04.723538+00:00,Kabupaten Bantul,34.02.08.2003,2026-09-02 19:00:00,25,80,Cerah,0,7.9
2026-09-01T18:06:04.723538+00:00,Kabupaten Bantul,34.02.08.2003,2026-09-02 22:00:00,24,86,Cerah,0,1.1
2026-09-01T18:06:04.723538+00:00,Kabupaten Bantul,34.02.08.2003,2026-09-03 01:00:00,23,90,Cerah,0,2.4
2026-09-01T18:06:04.723538+00:00,Kabupaten Bantul,34.02.08.2003,2026-09-03 04:00:00,21,96,Cerah,0,2.3
2026-09-01T18:06:04.723538+00:00,Kabupaten Bantul,34.02.08.2003,2026-09-03 07:00:00,26,67,Cerah,0,4
2026-09-01T18:06:04.723538+00:00,Kabupaten Bantul,34.02.08.2003,2026-09-03 10:00:00,32,44,Cerah,0,8.4
2026-09-01T18:06:04.723538+00:00,Kabupaten Bantul,34.02.08.2003,2026-09-03 13:00:00,30,57,Cerah,0,19.8
2026-09-01T18:06:04.723538+00:00,Kabupaten Bantul,34.02.08.2003,2026-09-03 16:00:00,27,70,Cerah,0,18.2
2026-09-01T18:06:04.723538+00:00,Kabupaten Bantul,34.02.08.2003,2026-09-03 19:00:00,24,81,Cerah Berawan,0,6.3
2026-09-01T18:06:04.723538+00:00,Kabupaten Bantul,34.02.08.2003,2026-09-03 22:00:00,24,86,Cerah,0,1.5
2026-09-01T18:06:04.723538+00:00,Kabupaten Bantul,34.02.08.2003,2026-09-04 01:00:00,23,92,Berawan,0,1.2
2026-09-01T18:06:04.723538+00:00,Kabupaten Bantul,34.02.08.2003,2026-09-04 04:00:00,21,97,Berawan,0,3.8
2026-09-01T18:06:05.021206+00:00,Kabupaten Kulon Progo,34.01.02.1008,2026-09-02 01:00:00,22,94,Cerah,0,1.2
2026-09-01T18:06:05.021206+00:00,Kabupaten Kulon Progo,34.01.02.1008,2026-09-02 04:00:00,22,94,Cerah,0,1.6
2026-09-01T18:06:05.021206+00:00,Kabupaten Kulon Progo,34.01.02.1008,2026-09-02 07:00:00,26,73,Cerah,0,5
2026-09-01T18:06:05.021206+00:00,Kabupaten Kulon Progo,34.01.02.1008,2026-09-02 10:00:00,29,63,Cerah Berawan,0,13.2
2026-09-01T18:06:05.021206+00:00,Kabupaten Kulon Progo,34.01.02.1008,2026-09-02 13:00:00,28,70,Cerah,0,22.6
2026-09-01T18:06:05.021206+00:00,Kabupaten Kulon Progo,34.01.02.1008,2026-09-02 16:00:00,26,78,Cerah,0,19
2026-09-01T18:06:05.021206+00:00,Kabupaten Kulon Progo,34.01.02.1008,2026-09-02 19:00:00,24,84,Cerah,0,7.2
2026-09-01T18:06:05.021206+00:00,Kabupaten Kulon Progo,34.01.02.1008,2026-09-02 22:00:00,23,89,Cerah,0,1.6
2026-09-01T18:06:05.021206+00:00,Kabupaten Kulon Progo,34.01.02.1008,2026-09-03 01:00:00,23,91,Cerah,0,1.3
2026-09-01T18:06:05.021206+00:00,Kabupaten Kulon Progo,34.01.02.1008,2026-09-03 04:00:00,22,92,Cerah,0,1.4
2026-09-01T18:06:05.021206+00:00,Kabupaten Kulon Progo,34.01.02.1008,2026-09-03 07:00:00,25,70,Cerah,0,4
2026-09-01T18:06:05.021206+00:00,Kabupaten Kulon Progo,34.01.02.1008,2026-09-03 10:00:00,29,57,Cerah,0,11.1
2026-09-01T18:06:05.021206+00:00,Kabupaten Kulon Progo,34.01.02.1008,2026-09-03 13:00:00,28,66,Cerah,0,23.7
2026-09-01T18:06:05.021206+00:00,Kabupaten Kulon Progo,34.01.02.1008,2026-09-03 16:00:00,25,77,Cerah,0,17.9
2026-09-01T18:06:05.021206+00:00,Kabupaten Kulon Progo,34.01.02.1008,2026-09-03 19:00:00,24,87,Cerah Berawan,0,5.3
2026-09-01T18:06:05.021206+00:00,Kabupaten Kulon Progo,34.01.02.1008,2026-09-03 22:00:00,23,90,Cerah,0,3.5
2026-09-01T18:06:05.021206+00:00,Kabupaten Kulon Progo,34.01.02.1008,2026-09-04 01:00:00,23,90,Berawan,0,1.5
2026-09-01T18:06:05.021206+00:00,Kabupaten Kulon Progo,34.01.02.1008,2026-09-04 04:00:00,21,94,Berawan,0,0.9
2026-09-01T18:06:05.790538+00:00,Kabupaten Gunungkidul,34.03.01.2001,2026-09-02 01:00:00,21,93,Cerah,0,6.8
2026-09-01T18:06:05.790538+00:00,Kabupaten Gunungkidul,34.03.01.2001,2026-09-02 04:00:00,21,93,Cerah,0,7.9
2026-09-01T18:06:05.790538+00:00,Kabupaten Gunungkidul,34.03.01.2001,2026-09-02 07:00:00,26,68,Cerah,0,15
2026-09-01T18:06:05.790538+00:00,Kabupaten Gunungkidul,34.03.01.2001,2026-09-02 10:00:00,31,45,Cerah,0,14.5
2026-09-01T18:06:05.790538+00:00,Kabupaten Gunungkidul,34.03.01.2001,2026-09-02 13:00:00,31,54,Cerah,0,20.2
2026-09-01T18:06:05.790538+00:00,Kabupaten Gunungkidul,34.03.01.2001,2026-09-02 16:00:00,26,71,Cerah,0,27
2026-09-01T18:06:05.790538+00:00,Kabupaten Gunungkidul,34.03.01.2001,2026-09-02 19:00:00,24,84,Cerah,0,21
2026-09-01T18:06:05.790538+00:00,Kabupaten Gunungkidul,34.03.01.2001,2026-09-02 22:00:00,23,87,Cerah,0,18.7
2026-09-01T18:06:05.790538+00:00,Kabupaten Gunungkidul,34.03.01.2001,2026-09-03 01:00:00,22,88,Cerah,0,16.6
2026-09-01T18:06:05.790538+00:00,Kabupaten Gunungkidul,34.03.01.2001,2026-09-03 04:00:00,21,88,Cerah,0,14.8
2026-09-01T18:06:05.790538+00:00,Kabupaten Gunungkidul,34.03.01.2001,2026-09-03 07:00:00,26,66,Cerah,0,16.7
2026-09-01T18:06:05.790538+00:00,Kabupaten Gunungkidul,34.03.01.2001,2026-09-03 10:00:00,31,46,Cerah,0,15.8
2026-09-01T18:06:05.790538+00:00,Kabupaten Gunungkidul,34.03.01.2001,2026-09-03 13:00:00,31,49,Cerah,0,15.2
2026-09-01T18:06:05.790538+00:00,Kabupaten Gunungkidul,34.03.01.2001,2026-09-03 16:00:00,26,71,Cerah,0,25.4
2026-09-01T18:06:05.790538+00:00,Kabupaten Gunungkidul,34.03.01.2001,2026-09-03 19:00:00,23,84,Cerah Berawan,0,17.2
2026-09-01T18:06:05.790538+00:00,Kabupaten Gunungkidul,34.03.01.2001,2026-09-03 22:00:00,23,87,Cerah,0,16.2
2026-09-01T18:06:05.790538+00:00,Kabupaten Gunungkidul,34.03.01.2001,2026-09-04 01:00:00,22,89,Berawan,0,14.3
2026-09-01T18:06:05.790538+00:00,Kabupaten Gunungkidul,34.03.01.2001,2026-09-04 04:00:00,20,91,Berawan,0,9.8
