tahun,bulan,kabupaten_kota,hujan_mm,hari_hujan,hari_data,sumber,diambil_pada_utc
1991,1,Bantul,373.4,30,31,Open-Meteo ERA5 (ECMWF) reanalisis,2026-10-09T02:10:17.430367+00:00
1991,2,Bantul,165.9,28,28,Open-Meteo ERA5 (ECMWF) reanalisis,2026-10-09T02:10:17.430367+00:00
1991,3,Bantul,263.3,26,31,Open-Meteo ERA5 (ECMWF) reanalisis,2026-10-09T02:10:17.430367+00:00
1991,4,Bantul,302.6,29,30,Open-Meteo ERA5 (ECMWF) reanalisis,2026-10-09T02:10:17.430367+00:00
1991,5,Bantul,73.5,8,31,Open-Meteo ERA5 (ECMWF) reanalisis,2026-10-09T02:10:17.430367+00:00
1991,6,Bantul,16.8,6,30,Open-Meteo ERA5 (ECMWF) reanalisis,2026-10-09T02:10:17.430367+00:00
1991,7,Bantul,17.3,6,31,Open-Meteo ERA5 (ECMWF) reanalisis,2026-10-09T02:10:17.430367+00:00
1991,8,Bantul,1.7,0,31,Open-Meteo ERA5 (ECMWF) reanalisis,2026-10-09T02:10:17.430367+00:00
1991,9,Bantul,13.9,5,30,Open-Meteo ERA5 (ECMWF) reanalisis,2026-10-09T02:10:17.430367+00:00
1991,10,Bantul,39.2,9,31,Open-Meteo ERA5 (ECMWF) reanalisis,2026-10-09T02:10:17.430367+00:00
1991,11,Bantul,431.7,29,30,Open-Meteo ERA5 (ECMWF) reanalisis,2026-10-09T02:10:17.430367+00:00
1991,12,Bantul,613.6,30,31,Open-Meteo ERA5 (ECMWF) reanalisis,2026-10-09T02:10:17.430367+00:00
1992,1,Bantul,482.4,31,31,Open-Meteo ERA5 (ECMWF) reanalisis,2026-10-09T02:10:17.430367+00:00
1992,2,Bantul,343.8,27,29,Open-Meteo ERA5 (ECMWF) reanalisis,2026-10-09T02:10:17.430367+00:00
1992,3,Bantul,388.1,30,31,Open-Meteo ERA5 (ECMWF) reanalisis,2026-10-09T02:10:17.430367+00:00
1992,4,Bantul,352.0,29,30,Open-Meteo ERA5 (ECMWF) reanalisis,2026-10-09T02:10:17.430367+00:00
1992,5,Bantul,163.5,25,31,Open-Meteo ERA5 (ECMWF) reanalisis,2026-10-09T02:10:17.430367+00:00
1992,6,Bantul,65.0,15,30,Open-Meteo ERA5 (ECMWF) reanalisis,2026-10-09T02:10:17.430367+00:00
1992,7,Bantul,58.8,11,31,Open-Meteo ERA5 (ECMWF) reanalisis,2026-10-09T02:10:17.430367+00:00
1992,8,Bantul,373.1,17,31,Open-Meteo ERA5 (ECMWF) reanalisis,2026-10-09T02:10:17.430367+00:00
1992,9,Bantul,215.8,24,30,Open-Meteo ERA5 (ECMWF) reanalisis,2026-10-09T02:10:17.430367+00:00
1992,10,Bantul,368.1,30,31,Open-Meteo ERA5 (ECMWF) reanalisis,2026-10-09T02:10:17.430367+00:00
1992,11,Bantul,397.3,29,30,Open-Meteo ERA5 (ECMWF) reanalisis,2026-10-09T02:10:17.430367+00:00
1992,12,Bantul,386.8,29,31,Open-Meteo ERA5 (ECMWF) reanalisis,2026-10-09T02:10:17.430367+00:00
1993,1,Bantul,299.3,31,31,Open-Meteo ERA5 (ECMWF) reanalisis,2026-10-09T02:10:17.430367+00:00
1993,2,Bantul,131.0,25,28,Open-Meteo ERA5 (ECMWF) reanalisis,2026-10-09T02:10:17.430367+00:00
1993,3,Bantul,402.9,30,31,Open-Meteo ERA5 (ECMWF) reanalisis,2026-10-09T02:10:17.430367+00:00
1993,4,Bantul,346.5,27,30,Open-Meteo ERA5 (ECMWF) reanalisis,2026-10-09T02:10:17.430367+00:00
1993,5,Bantul,130.7,19,31,Open-Meteo ERA5 (ECMWF) reanalisis,2026-10-09T02:10:17.430367+00:00
1993,6,Bantul,206.2,22,30,Open-Meteo ERA5 (ECMWF) reanalisis,2026-10-09T02:10:17.430367+00:00
1993,7,Bantul,16.6,6,31,Open-Meteo ERA5 (ECMWF) reanalisis,2026-10-09T02:10:17.430367+00:00
1993,8,Bantul,35.6,7,31,Open-Meteo ERA5 (ECMWF) reanalisis,2026-10-09T02:10:17.430367+00:00
1993,9,Bantul,29.4,9,30,Open-Meteo ERA5 (ECMWF) reanalisis,2026-10-09T02:10:17.430367+00:00
1993,10,Bantul,70.6,20,31,Open-Meteo ERA5 (ECMWF) reanalisis,2026-10-09T02:10:17.430367+00:00
1993,11,Bantul,375.5,27,30,Open-Meteo ERA5 (ECMWF) reanalisis,2026-10-09T02:10:17.430367+00:00
1993,12,Bantul,377.7,28,31,Open-Meteo ERA5 (ECMWF) reanalisis,2026-10-09T02:10:17.430367+00:00
1994,1,Bantul,420.3,31,31,Open-Meteo ERA5 (ECMWF) reanalisis,2026-10-09T02:10:17.430367+00:00
1994,2,Bantul,347.4,26,28,Open-Meteo ERA5 (ECMWF) reanalisis,2026-10-09T02:10:17.430367+00:00
1994,3,Bantul,487.4,31,31,Open-Meteo ERA5 (ECMWF) reanalisis,2026-10-09T02:10:17.430367+00:00
1994,4,Bantul,289.2,24,30,Open-Meteo ERA5 (ECMWF) reanalisis,2026-10-09T02:10:17.430367+00:00
1994,5,Bantul,65.5,8,31,Open-Meteo ERA5 (ECMWF) reanalisis,2026-10-09T02:10:17.430367+00:00
1994,6,Bantul,5.3,2,30,Open-Meteo ERA5 (ECMWF) reanalisis,2026-10-09T02:10:17.430367+00:00
1994,7,Bantul,5.0,1,31,Open-Meteo ERA5 (ECMWF) reanalisis,2026-10-09T02:10:17.430367+00:00
1994,8,Bantul,5.9,2,31,Open-Meteo ERA5 (ECMWF) reanalisis,2026-10-09T02:10:17.430367+00:00
1994,9,Bantul,3.0,1,30,Open-Meteo ERA5 (ECMWF) reanalisis,2026-10-09T02:10:17.430367+00:00
1994,10,Bantul,42.8,16,31,Open-Meteo ERA5 (ECMWF) reanalisis,2026-10-09T02:10:17.430367+00:00
1994,11,Bantul,273.0,30,30,Open-Meteo ERA5 (ECMWF) reanalisis,2026-10-09T02:10:17.430367+00:00
1994,12,Bantul,232.8,26,31,Open-Meteo ERA5 (ECMWF) reanalisis,2026-10-09T02:10:17.430367+00:00
1995,1,Bantul,412.6,29,31,Open-Meteo ERA5 (ECMWF) reanalisis,2026-10-09T02:10:17.430367+00:00
1995,2,Bantul,385.6,28,28,Open-Meteo ERA5 (ECMWF) reanalisis,2026-10-09T02:10:17.430367+00:00
1995,3,Bantul,429.5,31,31,Open-Meteo ERA5 (ECMWF) reanalisis,2026-10-09T02:10:17.430367+00:00
1995,4,Bantul,158.2,21,30,Open-Meteo ERA5 (ECMWF) reanalisis,2026-10-09T02:10:17.430367+00:00
1995,5,Bantul,146.1,23,31,Open-Meteo ERA5 (ECMWF) reanalisis,2026-10-09T02:10:17.430367+00:00
1995,6,Bantul,262.5,23,30,Open-Meteo ERA5 (ECMWF) reanalisis,2026-10-09T02:10:17.430367+00:00
1995,7,Bantul,81.6,18,31,Open-Meteo ERA5 (ECMWF) reanalisis,2026-10-09T02:10:17.430367+00:00
1995,8,Bantul,11.4,4,31,Open-Meteo ERA5 (ECMWF) reanalisis,2026-10-09T02:10:17.430367+00:00
1995,9,Bantul,35.7,10,30,Open-Meteo ERA5 (ECMWF) reanalisis,2026-10-09T02:10:17.430367+00:00
1995,10,Bantul,242.6,24,31,Open-Meteo ERA5 (ECMWF) reanalisis,2026-10-09T02:10:17.430367+00:00
1995,11,Bantul,661.9,30,30,Open-Meteo ERA5 (ECMWF) reanalisis,2026-10-09T02:10:17.430367+00:00
1995,12,Bantul,323.1,30,31,Open-Meteo ERA5 (ECMWF) reanalisis,2026-10-09T02:10:17.430367+00:00
1996,1,Bantul,331.0,30,31,Open-Meteo ERA5 (ECMWF) reanalisis,2026-10-09T02:10:17.430367+00:00
1996,2,Bantul,279.1,27,29,Open-Meteo ERA5 (ECMWF) reanalisis,2026-10-09T02:10:17.430367+00:00
1996,3,Bantul,233.1,29,31,Open-Meteo ERA5 (ECMWF) reanalisis,2026-10-09T02:10:17.430367+00:00
1996,4,Bantul,311.4,23,30,Open-Meteo ERA5 (ECMWF) reanalisis,2026-10-09T02:10:17.430367+00:00
1996,5,Bantul,88.0,19,31,Open-Meteo ERA5 (ECMWF) reanalisis,2026-10-09T02:10:17.430367+00:00
1996,6,Bantul,100.0,23,30,Open-Meteo ERA5 (ECMWF) reanalisis,2026-10-09T02:10:17.430367+00:00
1996,7,Bantul,70.7,12,31,Open-Meteo ERA5 (ECMWF) reanalisis,2026-10-09T02:10:17.430367+00:00
1996,8,Bantul,159.3,16,31,Open-Meteo ERA5 (ECMWF) reanalisis,2026-10-09T02:10:17.430367+00:00
1996,9,Bantul,35.7,13,30,Open-Meteo ERA5 (ECMWF) reanalisis,2026-10-09T02:10:17.430367+00:00
1996,10,Bantul,460.9,28,31,Open-Meteo ERA5 (ECMWF) reanalisis,2026-10-09T02:10:17.430367+00:00
1996,11,Bantul,319.7,30,30,Open-Meteo ERA5 (ECMWF) reanalisis,2026-10-09T02:10:17.430367+00:00
1996,12,Bantul,424.5,28,31,Open-Meteo ERA5 (ECMWF) reanalisis,2026-10-09T02:10:17.430367+00:00
1997,1,Bantul,242.9,28,31,Open-Meteo ERA5 (ECMWF) reanalisis,2026-10-09T02:10:17.430367+00:00
1997,2,Bantul,221.2,23,28,Open-Meteo ERA5 (ECMWF) reanalisis,2026-10-09T02:10:17.430367+00:00
1997,3,Bantul,108.9,25,31,Open-Meteo ERA5 (ECMWF) reanalisis,2026-10-09T02:10:17.430367+00:00
1997,4,Bantul,272.7,29,30,Open-Meteo ERA5 (ECMWF) reanalisis,2026-10-09T02:10:17.430367+00:00
1997,5,Bantul,129.2,25,31,Open-Meteo ERA5 (ECMWF) reanalisis,2026-10-09T02:10:17.430367+00:00
1997,6,Bantul,41.7,14,30,Open-Meteo ERA5 (ECMWF) reanalisis,2026-10-09T02:10:17.430367+00:00
1997,7,Bantul,27.3,6,31,Open-Meteo ERA5 (ECMWF) reanalisis,2026-10-09T02:10:17.430367+00:00
1997,8,Bantul,10.8,4,31,Open-Meteo ERA5 (ECMWF) reanalisis,2026-10-09T02:10:17.430367+00:00
1997,9,Bantul,0.9,0,30,Open-Meteo ERA5 (ECMWF) reanalisis,2026-10-09T02:10:17.430367+00:00
1997,10,Bantul,29.8,10,31,Open-Meteo ERA5 (ECMWF) reanalisis,2026-10-09T02:10:17.430367+00:00
1997,11,Bantul,144.6,27,30,Open-Meteo ERA5 (ECMWF) reanalisis,2026-10-09T02:10:17.430367+00:00
1997,12,Bantul,390.3,28,31,Open-Meteo ERA5 (ECMWF) reanalisis,2026-10-09T02:10:17.430367+00:00
1998,1,Bantul,250.0,27,31,Open-Meteo ERA5 (ECMWF) reanalisis,2026-10-09T02:10:17.430367+00:00
1998,2,Bantul,387.6,28,28,Open-Meteo ERA5 (ECMWF) reanalisis,2026-10-09T02:10:17.430367+00:00
1998,3,Bantul,534.5,31,31,Open-Meteo ERA5 (ECMWF) reanalisis,2026-10-09T02:10:17.430367+00:00
1998,4,Bantul,485.8,30,30,Open-Meteo ERA5 (ECMWF) reanalisis,2026-10-09T02:10:17.430367+00:00
1998,5,Bantul,99.4,19,31,Open-Meteo ERA5 (ECMWF) reanalisis,2026-10-09T02:10:17.430367+00:00
1998,6,Bantul,272.0,29,30,Open-Meteo ERA5 (ECMWF) reanalisis,2026-10-09T02:10:17.430367+00:00
1998,7,Bantul,312.1,29,31,Open-Meteo ERA5 (ECMWF) reanalisis,2026-10-09T02:10:17.430367+00:00
1998,8,Bantul,57.5,17,31,Open-Meteo ERA5 (ECMWF) reanalisis,2026-10-09T02:10:17.430367+00:00
1998,9,Bantul,272.8,22,30,Open-Meteo ERA5 (ECMWF) reanalisis,2026-10-09T02:10:17.430367+00:00
1998,10,Bantul,485.9,31,31,Open-Meteo ERA5 (ECMWF) reanalisis,2026-10-09T02:10:17.430367+00:00
1998,11,Bantul,415.5,28,30,Open-Meteo ERA5 (ECMWF) reanalisis,2026-10-09T02:10:17.430367+00:00
1998,12,Bantul,369.6,27,31,Open-Meteo ERA5 (ECMWF) reanalisis,2026-10-09T02:10:17.430367+00:00
1999,1,Bantul,425.5,30,31,Open-Meteo ERA5 (ECMWF) reanalisis,2026-10-09T02:10:17.430367+00:00
1999,2,Bantul,222.7,25,28,Open-Meteo ERA5 (ECMWF) reanalisis,2026-10-09T02:10:17.430367+00:00
1999,3,Bantul,419.6,29,31,Open-Meteo ERA5 (ECMWF) reanalisis,2026-10-09T02:10:17.430367+00:00
1999,4,Bantul,311.8,28,30,Open-Meteo ERA5 (ECMWF) reanalisis,2026-10-09T02:10:17.430367+00:00
1999,5,Bantul,153.8,23,31,Open-Meteo ERA5 (ECMWF) reanalisis,2026-10-09T02:10:17.430367+00:00
1999,6,Bantul,64.9,16,30,Open-Meteo ERA5 (ECMWF) reanalisis,2026-10-09T02:10:17.430367+00:00
1999,7,Bantul,37.6,9,31,Open-Meteo ERA5 (ECMWF) reanalisis,2026-10-09T02:10:17.430367+00:00
1999,8,Bantul,42.6,9,31,Open-Meteo ERA5 (ECMWF) reanalisis,2026-10-09T02:10:17.430367+00:00
1999,9,Bantul,13.2,3,30,Open-Meteo ERA5 (ECMWF) reanalisis,2026-10-09T02:10:17.430367+00:00
1999,10,Bantul,346.8,25,31,Open-Meteo ERA5 (ECMWF) reanalisis,2026-10-09T02:10:17.430367+00:00
1999,11,Bantul,362.6,28,30,Open-Meteo ERA5 (ECMWF) reanalisis,2026-10-09T02:10:17.430367+00:00
1999,12,Bantul,274.3,29,31,Open-Meteo ERA5 (ECMWF) reanalisis,2026-10-09T02:10:17.430367+00:00
2000,1,Bantul,296.4,30,31,Open-Meteo ERA5 (ECMWF) reanalisis,2026-10-09T02:10:17.430367+00:00
2000,2,Bantul,291.0,24,29,Open-Meteo ERA5 (ECMWF) reanalisis,2026-10-09T02:10:17.430367+00:00
2000,3,Bantul,456.4,30,31,Open-Meteo ERA5 (ECMWF) reanalisis,2026-10-09T02:10:17.430367+00:00
2000,4,Bantul,312.4,27,30,Open-Meteo ERA5 (ECMWF) reanalisis,2026-10-09T02:10:17.430367+00:00
2000,5,Bantul,163.8,27,31,Open-Meteo ERA5 (ECMWF) reanalisis,2026-10-09T02:10:17.430367+00:00
2000,6,Bantul,98.9,13,30,Open-Meteo ERA5 (ECMWF) reanalisis,2026-10-09T02:10:17.430367+00:00
2000,7,Bantul,11.1,4,31,Open-Meteo ERA5 (ECMWF) reanalisis,2026-10-09T02:10:17.430367+00:00
2000,8,Bantul,67.9,11,31,Open-Meteo ERA5 (ECMWF) reanalisis,2026-10-09T02:10:17.430367+00:00
2000,9,Bantul,43.7,13,30,Open-Meteo ERA5 (ECMWF) reanalisis,2026-10-09T02:10:17.430367+00:00
2000,10,Bantul,414.1,28,31,Open-Meteo ERA5 (ECMWF) reanalisis,2026-10-09T02:10:17.430367+00:00
2000,11,Bantul,490.8,30,30,Open-Meteo ERA5 (ECMWF) reanalisis,2026-10-09T02:10:17.430367+00:00
2000,12,Bantul,147.7,21,31,Open-Meteo ERA5 (ECMWF) reanalisis,2026-10-09T02:10:17.430367+00:00
2001,1,Bantul,453.9,31,31,Open-Meteo ERA5 (ECMWF) reanalisis,2026-10-09T02:10:17.430367+00:00
2001,2,Bantul,294.1,25,28,Open-Meteo ERA5 (ECMWF) reanalisis,2026-10-09T02:10:17.430367+00:00
2001,3,Bantul,391.5,31,31,Open-Meteo ERA5 (ECMWF) reanalisis,2026-10-09T02:10:17.430367+00:00
2001,4,Bantul,298.7,26,30,Open-Meteo ERA5 (ECMWF) reanalisis,2026-10-09T02:10:17.430367+00:00
2001,5,Bantul,115.3,17,31,Open-Meteo ERA5 (ECMWF) reanalisis,2026-10-09T02:10:17.430367+00:00
2001,6,Bantul,141.1,23,30,Open-Meteo ERA5 (ECMWF) reanalisis,2026-10-09T02:10:17.430367+00:00
2001,7,Bantul,59.5,13,31,Open-Meteo ERA5 (ECMWF) reanalisis,2026-10-09T02:10:17.430367+00:00
2001,8,Bantul,7.8,3,31,Open-Meteo ERA5 (ECMWF) reanalisis,2026-10-09T02:10:17.430367+00:00
2001,9,Bantul,74.1,13,30,Open-Meteo ERA5 (ECMWF) reanalisis,2026-10-09T02:10:17.430367+00:00
2001,10,Bantul,308.5,29,31,Open-Meteo ERA5 (ECMWF) reanalisis,2026-10-09T02:10:17.430367+00:00
2001,11,Bantul,395.6,27,30,Open-Meteo ERA5 (ECMWF) reanalisis,2026-10-09T02:10:17.430367+00:00
2001,12,Bantul,309.6,23,31,Open-Meteo ERA5 (ECMWF) reanalisis,2026-10-09T02:10:17.430367+00:00
2002,1,Bantul,388.7,29,31,Open-Meteo ERA5 (ECMWF) reanalisis,2026-10-09T02:10:17.430367+00:00
2002,2,Bantul,246.9,28,28,Open-Meteo ERA5 (ECMWF) reanalisis,2026-10-09T02:10:17.430367+00:00
2002,3,Bantul,358.0,29,31,Open-Meteo ERA5 (ECMWF) reanalisis,2026-10-09T02:10:17.430367+00:00
2002,4,Bantul,269.6,26,30,Open-Meteo ERA5 (ECMWF) reanalisis,2026-10-09T02:10:17.430367+00:00
2002,5,Bantul,92.2,15,31,Open-Meteo ERA5 (ECMWF) reanalisis,2026-10-09T02:10:17.430367+00:00
2002,6,Bantul,30.9,9,30,Open-Meteo ERA5 (ECMWF) reanalisis,2026-10-09T02:10:17.430367+00:00
2002,7,Bantul,17.4,7,31,Open-Meteo ERA5 (ECMWF) reanalisis,2026-10-09T02:10:17.430367+00:00
2002,8,Bantul,3.0,0,31,Open-Meteo ERA5 (ECMWF) reanalisis,2026-10-09T02:10:17.430367+00:00
2002,9,Bantul,16.8,7,30,Open-Meteo ERA5 (ECMWF) reanalisis,2026-10-09T02:10:17.430367+00:00
2002,10,Bantul,19.4,6,31,Open-Meteo ERA5 (ECMWF) reanalisis,2026-10-09T02:10:17.430367+00:00
2002,11,Bantul,227.2,29,30,Open-Meteo ERA5 (ECMWF) reanalisis,2026-10-09T02:10:17.430367+00:00
2002,12,Bantul,432.0,30,31,Open-Meteo ERA5 (ECMWF) reanalisis,2026-10-09T02:10:17.430367+00:00
2003,1,Bantul,404.5,26,31,Open-Meteo ERA5 (ECMWF) reanalisis,2026-10-09T02:10:17.430367+00:00
2003,2,Bantul,366.8,28,28,Open-Meteo ERA5 (ECMWF) reanalisis,2026-10-09T02:10:17.430367+00:00
2003,3,Bantul,258.9,29,31,Open-Meteo ERA5 (ECMWF) reanalisis,2026-10-09T02:10:17.430367+00:00
2003,4,Bantul,136.6,26,30,Open-Meteo ERA5 (ECMWF) reanalisis,2026-10-09T02:10:17.430367+00:00
2003,5,Bantul,107.3,19,31,Open-Meteo ERA5 (ECMWF) reanalisis,2026-10-09T02:10:17.430367+00:00
2003,6,Bantul,40.5,9,30,Open-Meteo ERA5 (ECMWF) reanalisis,2026-10-09T02:10:17.430367+00:00
2003,7,Bantul,1.7,1,31,Open-Meteo ERA5 (ECMWF) reanalisis,2026-10-09T02:10:17.430367+00:00
2003,8,Bantul,3.2,1,31,Open-Meteo ERA5 (ECMWF) reanalisis,2026-10-09T02:10:17.430367+00:00
2003,9,Bantul,35.8,12,30,Open-Meteo ERA5 (ECMWF) reanalisis,2026-10-09T02:10:17.430367+00:00
2003,10,Bantul,146.5,25,31,Open-Meteo ERA5 (ECMWF) reanalisis,2026-10-09T02:10:17.430367+00:00
2003,11,Bantul,280.2,26,30,Open-Meteo ERA5 (ECMWF) reanalisis,2026-10-09T02:10:17.430367+00:00
2003,12,Bantul,319.6,29,31,Open-Meteo ERA5 (ECMWF) reanalisis,2026-10-09T02:10:17.430367+00:00
2004,1,Bantul,326.9,30,31,Open-Meteo ERA5 (ECMWF) reanalisis,2026-10-09T02:10:17.430367+00:00
2004,2,Bantul,249.2,29,29,Open-Meteo ERA5 (ECMWF) reanalisis,2026-10-09T02:10:17.430367+00:00
2004,3,Bantul,286.0,28,31,Open-Meteo ERA5 (ECMWF) reanalisis,2026-10-09T02:10:17.430367+00:00
2004,4,Bantul,137.3,27,30,Open-Meteo ERA5 (ECMWF) reanalisis,2026-10-09T02:10:17.430367+00:00
2004,5,Bantul,179.6,26,31,Open-Meteo ERA5 (ECMWF) reanalisis,2026-10-09T02:10:17.430367+00:00
2004,6,Bantul,26.3,9,30,Open-Meteo ERA5 (ECMWF) reanalisis,2026-10-09T02:10:17.430367+00:00
2004,7,Bantul,107.5,16,31,Open-Meteo ERA5 (ECMWF) reanalisis,2026-10-09T02:10:17.430367+00:00
2004,8,Bantul,7.2,3,31,Open-Meteo ERA5 (ECMWF) reanalisis,2026-10-09T02:10:17.430367+00:00
2004,9,Bantul,28.9,10,30,Open-Meteo ERA5 (ECMWF) reanalisis,2026-10-09T02:10:17.430367+00:00
2004,10,Bantul,81.2,17,31,Open-Meteo ERA5 (ECMWF) reanalisis,2026-10-09T02:10:17.430367+00:00
2004,11,Bantul,507.4,29,30,Open-Meteo ERA5 (ECMWF) reanalisis,2026-10-09T02:10:17.430367+00:00
2004,12,Bantul,459.8,29,31,Open-Meteo ERA5 (ECMWF) reanalisis,2026-10-09T02:10:17.430367+00:00
2005,1,Bantul,275.9,28,31,Open-Meteo ERA5 (ECMWF) reanalisis,2026-10-09T02:10:17.430367+00:00
2005,2,Bantul,290.6,27,28,Open-Meteo ERA5 (ECMWF) reanalisis,2026-10-09T02:10:17.430367+00:00
2005,3,Bantul,219.1,29,31,Open-Meteo ERA5 (ECMWF) reanalisis,2026-10-09T02:10:17.430367+00:00
2005,4,Bantul,226.7,27,30,Open-Meteo ERA5 (ECMWF) reanalisis,2026-10-09T02:10:17.430367+00:00
2005,5,Bantul,57.5,15,31,Open-Meteo ERA5 (ECMWF) reanalisis,2026-10-09T02:10:17.430367+00:00
2005,6,Bantul,307.8,26,30,Open-Meteo ERA5 (ECMWF) reanalisis,2026-10-09T02:10:17.430367+00:00
2005,7,Bantul,139.2,16,31,Open-Meteo ERA5 (ECMWF) reanalisis,2026-10-09T02:10:17.430367+00:00
2005,8,Bantul,48.4,13,31,Open-Meteo ERA5 (ECMWF) reanalisis,2026-10-09T02:10:17.430367+00:00
2005,9,Bantul,83.4,21,30,Open-Meteo ERA5 (ECMWF) reanalisis,2026-10-09T02:10:17.430367+00:00
2005,10,Bantul,206.8,26,31,Open-Meteo ERA5 (ECMWF) reanalisis,2026-10-09T02:10:17.430367+00:00
2005,11,Bantul,207.2,22,30,Open-Meteo ERA5 (ECMWF) reanalisis,2026-10-09T02:10:17.430367+00:00
2005,12,Bantul,488.7,30,31,Open-Meteo ERA5 (ECMWF) reanalisis,2026-10-09T02:10:17.430367+00:00
2006,1,Bantul,344.0,30,31,Open-Meteo ERA5 (ECMWF) reanalisis,2026-10-09T02:10:17.430367+00:00
2006,2,Bantul,268.0,28,28,Open-Meteo ERA5 (ECMWF) reanalisis,2026-10-09T02:10:17.430367+00:00
2006,3,Bantul,339.9,27,31,Open-Meteo ERA5 (ECMWF) reanalisis,2026-10-09T02:10:17.430367+00:00
2006,4,Bantul,320.0,29,30,Open-Meteo ERA5 (ECMWF) reanalisis,2026-10-09T02:10:17.430367+00:00
2006,5,Bantul,242.8,26,31,Open-Meteo ERA5 (ECMWF) reanalisis,2026-10-09T02:10:17.430367+00:00
2006,6,Bantul,31.9,9,30,Open-Meteo ERA5 (ECMWF) reanalisis,2026-10-09T02:10:17.430367+00:00
2006,7,Bantul,17.4,3,31,Open-Meteo ERA5 (ECMWF) reanalisis,2026-10-09T02:10:17.430367+00:00
2006,8,Bantul,4.6,1,31,Open-Meteo ERA5 (ECMWF) reanalisis,2026-10-09T02:10:17.430367+00:00
2006,9,Bantul,7.4,4,30,Open-Meteo ERA5 (ECMWF) reanalisis,2026-10-09T02:10:17.430367+00:00
2006,10,Bantul,15.5,7,31,Open-Meteo ERA5 (ECMWF) reanalisis,2026-10-09T02:10:17.430367+00:00
2006,11,Bantul,166.2,26,30,Open-Meteo ERA5 (ECMWF) reanalisis,2026-10-09T02:10:17.430367+00:00
2006,12,Bantul,461.6,31,31,Open-Meteo ERA5 (ECMWF) reanalisis,2026-10-09T02:10:17.430367+00:00
2007,1,Bantul,182.6,20,31,Open-Meteo ERA5 (ECMWF) reanalisis,2026-10-09T02:10:17.430367+00:00
2007,2,Bantul,403.7,28,28,Open-Meteo ERA5 (ECMWF) reanalisis,2026-10-09T02:10:17.430367+00:00
2007,3,Bantul,318.1,31,31,Open-Meteo ERA5 (ECMWF) reanalisis,2026-10-09T02:10:17.430367+00:00
2007,4,Bantul,386.9,30,30,Open-Meteo ERA5 (ECMWF) reanalisis,2026-10-09T02:10:17.430367+00:00
2007,5,Bantul,167.5,25,31,Open-Meteo ERA5 (ECMWF) reanalisis,2026-10-09T02:10:17.430367+00:00
2007,6,Bantul,106.5,14,30,Open-Meteo ERA5 (ECMWF) reanalisis,2026-10-09T02:10:17.430367+00:00
2007,7,Bantul,19.9,7,31,Open-Meteo ERA5 (ECMWF) reanalisis,2026-10-09T02:10:17.430367+00:00
2007,8,Bantul,18.7,7,31,Open-Meteo ERA5 (ECMWF) reanalisis,2026-10-09T02:10:17.430367+00:00
2007,9,Bantul,22.0,7,30,Open-Meteo ERA5 (ECMWF) reanalisis,2026-10-09T02:10:17.430367+00:00
2007,10,Bantul,146.8,20,31,Open-Meteo ERA5 (ECMWF) reanalisis,2026-10-09T02:10:17.430367+00:00
2007,11,Bantul,269.8,23,30,Open-Meteo ERA5 (ECMWF) reanalisis,2026-10-09T02:10:17.430367+00:00
2007,12,Bantul,545.2,30,31,Open-Meteo ERA5 (ECMWF) reanalisis,2026-10-09T02:10:17.430367+00:00
2008,1,Bantul,304.0,29,31,Open-Meteo ERA5 (ECMWF) reanalisis,2026-10-09T02:10:17.430367+00:00
2008,2,Bantul,255.9,28,29,Open-Meteo ERA5 (ECMWF) reanalisis,2026-10-09T02:10:17.430367+00:00
2008,3,Bantul,420.1,29,31,Open-Meteo ERA5 (ECMWF) reanalisis,2026-10-09T02:10:17.430367+00:00
2008,4,Bantul,224.4,22,30,Open-Meteo ERA5 (ECMWF) reanalisis,2026-10-09T02:10:17.430367+00:00
2008,5,Bantul,78.7,15,31,Open-Meteo ERA5 (ECMWF) reanalisis,2026-10-09T02:10:17.430367+00:00
2008,6,Bantul,41.6,8,30,Open-Meteo ERA5 (ECMWF) reanalisis,2026-10-09T02:10:17.430367+00:00
2008,7,Bantul,4.5,1,31,Open-Meteo ERA5 (ECMWF) reanalisis,2026-10-09T02:10:17.430367+00:00
2008,8,Bantul,24.0,9,31,Open-Meteo ERA5 (ECMWF) reanalisis,2026-10-09T02:10:17.430367+00:00
2008,9,Bantul,24.0,8,30,Open-Meteo ERA5 (ECMWF) reanalisis,2026-10-09T02:10:17.430367+00:00
2008,10,Bantul,252.7,29,31,Open-Meteo ERA5 (ECMWF) reanalisis,2026-10-09T02:10:17.430367+00:00
2008,11,Bantul,443.4,29,30,Open-Meteo ERA5 (ECMWF) reanalisis,2026-10-09T02:10:17.430367+00:00
2008,12,Bantul,253.4,30,31,Open-Meteo ERA5 (ECMWF) reanalisis,2026-10-09T02:10:17.430367+00:00
2009,1,Bantul,296.8,28,31,Open-Meteo ERA5 (ECMWF) reanalisis,2026-10-09T02:10:17.430367+00:00
2009,2,Bantul,356.9,26,28,Open-Meteo ERA5 (ECMWF) reanalisis,2026-10-09T02:10:17.430367+00:00
2009,3,Bantul,268.9,26,31,Open-Meteo ERA5 (ECMWF) reanalisis,2026-10-09T02:10:17.430367+00:00
2009,4,Bantul,238.1,27,30,Open-Meteo ERA5 (ECMWF) reanalisis,2026-10-09T02:10:17.430367+00:00
2009,5,Bantul,224.3,24,31,Open-Meteo ERA5 (ECMWF) reanalisis,2026-10-09T02:10:17.430367+00:00
2009,6,Bantul,78.1,16,30,Open-Meteo ERA5 (ECMWF) reanalisis,2026-10-09T02:10:17.430367+00:00
2009,7,Bantul,37.3,6,31,Open-Meteo ERA5 (ECMWF) reanalisis,2026-10-09T02:10:17.430367+00:00
2009,8,Bantul,4.7,2,31,Open-Meteo ERA5 (ECMWF) reanalisis,2026-10-09T02:10:17.430367+00:00
2009,9,Bantul,38.3,14,30,Open-Meteo ERA5 (ECMWF) reanalisis,2026-10-09T02:10:17.430367+00:00
2009,10,Bantul,137.3,23,31,Open-Meteo ERA5 (ECMWF) reanalisis,2026-10-09T02:10:17.430367+00:00
2009,11,Bantul,274.4,25,30,Open-Meteo ERA5 (ECMWF) reanalisis,2026-10-09T02:10:17.430367+00:00
2009,12,Bantul,287.6,23,31,Open-Meteo ERA5 (ECMWF) reanalisis,2026-10-09T02:10:17.430367+00:00
2010,1,Bantul,280.4,31,31,Open-Meteo ERA5 (ECMWF) reanalisis,2026-10-09T02:10:17.430367+00:00
2010,2,Bantul,374.2,28,28,Open-Meteo ERA5 (ECMWF) reanalisis,2026-10-09T02:10:17.430367+00:00
2010,3,Bantul,464.2,30,31,Open-Meteo ERA5 (ECMWF) reanalisis,2026-10-09T02:10:17.430367+00:00
2010,4,Bantul,280.2,28,30,Open-Meteo ERA5 (ECMWF) reanalisis,2026-10-09T02:10:17.430367+00:00
2010,5,Bantul,509.5,30,31,Open-Meteo ERA5 (ECMWF) reanalisis,2026-10-09T02:10:17.430367+00:00
2010,6,Bantul,178.2,24,30,Open-Meteo ERA5 (ECMWF) reanalisis,2026-10-09T02:10:17.430367+00:00
2010,7,Bantul,203.7,25,31,Open-Meteo ERA5 (ECMWF) reanalisis,2026-10-09T02:10:17.430367+00:00
2010,8,Bantul,99.1,22,31,Open-Meteo ERA5 (ECMWF) reanalisis,2026-10-09T02:10:17.430367+00:00
2010,9,Bantul,402.3,27,30,Open-Meteo ERA5 (ECMWF) reanalisis,2026-10-09T02:10:17.430367+00:00
2010,10,Bantul,309.4,29,31,Open-Meteo ERA5 (ECMWF) reanalisis,2026-10-09T02:10:17.430367+00:00
2010,11,Bantul,401.9,29,30,Open-Meteo ERA5 (ECMWF) reanalisis,2026-10-09T02:10:17.430367+00:00
2010,12,Bantul,418.1,30,31,Open-Meteo ERA5 (ECMWF) reanalisis,2026-10-09T02:10:17.430367+00:00
2011,1,Bantul,268.2,29,31,Open-Meteo ERA5 (ECMWF) reanalisis,2026-10-09T02:10:17.430367+00:00
2011,2,Bantul,203.7,26,28,Open-Meteo ERA5 (ECMWF) reanalisis,2026-10-09T02:10:17.430367+00:00
2011,3,Bantul,217.7,30,31,Open-Meteo ERA5 (ECMWF) reanalisis,2026-10-09T02:10:17.430367+00:00
2011,4,Bantul,300.1,30,30,Open-Meteo ERA5 (ECMWF) reanalisis,2026-10-09T02:10:17.430367+00:00
2011,5,Bantul,162.3,22,31,Open-Meteo ERA5 (ECMWF) reanalisis,2026-10-09T02:10:17.430367+00:00
2011,6,Bantul,30.8,11,30,Open-Meteo ERA5 (ECMWF) reanalisis,2026-10-09T02:10:17.430367+00:00
2011,7,Bantul,28.5,11,31,Open-Meteo ERA5 (ECMWF) reanalisis,2026-10-09T02:10:17.430367+00:00
2011,8,Bantul,4.5,2,31,Open-Meteo ERA5 (ECMWF) reanalisis,2026-10-09T02:10:17.430367+00:00
2011,9,Bantul,21.7,6,30,Open-Meteo ERA5 (ECMWF) reanalisis,2026-10-09T02:10:17.430367+00:00
2011,10,Bantul,124.8,19,31,Open-Meteo ERA5 (ECMWF) reanalisis,2026-10-09T02:10:17.430367+00:00
2011,11,Bantul,533.9,29,30,Open-Meteo ERA5 (ECMWF) reanalisis,2026-10-09T02:10:17.430367+00:00
2011,12,Bantul,271.2,27,31,Open-Meteo ERA5 (ECMWF) reanalisis,2026-10-09T02:10:17.430367+00:00
2012,1,Bantul,290.6,29,31,Open-Meteo ERA5 (ECMWF) reanalisis,2026-10-09T02:10:17.430367+00:00
2012,2,Bantul,326.2,26,29,Open-Meteo ERA5 (ECMWF) reanalisis,2026-10-09T02:10:17.430367+00:00
2012,3,Bantul,297.7,25,31,Open-Meteo ERA5 (ECMWF) reanalisis,2026-10-09T02:10:17.430367+00:00
2012,4,Bantul,330.2,24,30,Open-Meteo ERA5 (ECMWF) reanalisis,2026-10-09T02:10:17.430367+00:00
2012,5,Bantul,184.3,19,31,Open-Meteo ERA5 (ECMWF) reanalisis,2026-10-09T02:10:17.430367+00:00
2012,6,Bantul,78.8,11,30,Open-Meteo ERA5 (ECMWF) reanalisis,2026-10-09T02:10:17.430367+00:00
2012,7,Bantul,12.1,4,31,Open-Meteo ERA5 (ECMWF) reanalisis,2026-10-09T02:10:17.430367+00:00
2012,8,Bantul,6.9,4,31,Open-Meteo ERA5 (ECMWF) reanalisis,2026-10-09T02:10:17.430367+00:00
2012,9,Bantul,18.6,7,30,Open-Meteo ERA5 (ECMWF) reanalisis,2026-10-09T02:10:17.430367+00:00
2012,10,Bantul,122.2,18,31,Open-Meteo ERA5 (ECMWF) reanalisis,2026-10-09T02:10:17.430367+00:00
2012,11,Bantul,354.5,29,30,Open-Meteo ERA5 (ECMWF) reanalisis,2026-10-09T02:10:17.430367+00:00
2012,12,Bantul,502.7,31,31,Open-Meteo ERA5 (ECMWF) reanalisis,2026-10-09T02:10:17.430367+00:00
2013,1,Bantul,340.6,31,31,Open-Meteo ERA5 (ECMWF) reanalisis,2026-10-09T02:10:17.430367+00:00
2013,2,Bantul,385.9,27,28,Open-Meteo ERA5 (ECMWF) reanalisis,2026-10-09T02:10:17.430367+00:00
2013,3,Bantul,191.0,29,31,Open-Meteo ERA5 (ECMWF) reanalisis,2026-10-09T02:10:17.430367+00:00
2013,4,Bantul,301.3,27,30,Open-Meteo ERA5 (ECMWF) reanalisis,2026-10-09T02:10:17.430367+00:00
2013,5,Bantul,271.4,25,31,Open-Meteo ERA5 (ECMWF) reanalisis,2026-10-09T02:10:17.430367+00:00
2013,6,Bantul,225.9,26,30,Open-Meteo ERA5 (ECMWF) reanalisis,2026-10-09T02:10:17.430367+00:00
2013,7,Bantul,155.4,21,31,Open-Meteo ERA5 (ECMWF) reanalisis,2026-10-09T02:10:17.430367+00:00
2013,8,Bantul,10.8,5,31,Open-Meteo ERA5 (ECMWF) reanalisis,2026-10-09T02:10:17.430367+00:00
2013,9,Bantul,7.6,3,30,Open-Meteo ERA5 (ECMWF) reanalisis,2026-10-09T02:10:17.430367+00:00
2013,10,Bantul,129.7,17,31,Open-Meteo ERA5 (ECMWF) reanalisis,2026-10-09T02:10:17.430367+00:00
2013,11,Bantul,256.6,25,30,Open-Meteo ERA5 (ECMWF) reanalisis,2026-10-09T02:10:17.430367+00:00
2013,12,Bantul,434.2,27,31,Open-Meteo ERA5 (ECMWF) reanalisis,2026-10-09T02:10:17.430367+00:00
2014,1,Bantul,389.0,30,31,Open-Meteo ERA5 (ECMWF) reanalisis,2026-10-09T02:10:17.430367+00:00
2014,2,Bantul,339.7,23,28,Open-Meteo ERA5 (ECMWF) reanalisis,2026-10-09T02:10:17.430367+00:00
2014,3,Bantul,271.6,27,31,Open-Meteo ERA5 (ECMWF) reanalisis,2026-10-09T02:10:17.430367+00:00
2014,4,Bantul,201.2,26,30,Open-Meteo ERA5 (ECMWF) reanalisis,2026-10-09T02:10:17.430367+00:00
2014,5,Bantul,115.2,25,31,Open-Meteo ERA5 (ECMWF) reanalisis,2026-10-09T02:10:17.430367+00:00
2014,6,Bantul,153.5,19,30,Open-Meteo ERA5 (ECMWF) reanalisis,2026-10-09T02:10:17.430367+00:00
2014,7,Bantul,88.8,13,31,Open-Meteo ERA5 (ECMWF) reanalisis,2026-10-09T02:10:17.430367+00:00
2014,8,Bantul,12.8,4,31,Open-Meteo ERA5 (ECMWF) reanalisis,2026-10-09T02:10:17.430367+00:00
2014,9,Bantul,3.8,0,30,Open-Meteo ERA5 (ECMWF) reanalisis,2026-10-09T02:10:17.430367+00:00
2014,10,Bantul,41.3,11,31,Open-Meteo ERA5 (ECMWF) reanalisis,2026-10-09T02:10:17.430367+00:00
2014,11,Bantul,298.6,27,30,Open-Meteo ERA5 (ECMWF) reanalisis,2026-10-09T02:10:17.430367+00:00
2014,12,Bantul,393.4,29,31,Open-Meteo ERA5 (ECMWF) reanalisis,2026-10-09T02:10:17.430367+00:00
2015,1,Bantul,267.5,27,31,Open-Meteo ERA5 (ECMWF) reanalisis,2026-10-09T02:10:17.430367+00:00
2015,2,Bantul,323.2,26,28,Open-Meteo ERA5 (ECMWF) reanalisis,2026-10-09T02:10:17.430367+00:00
2015,3,Bantul,331.8,31,31,Open-Meteo ERA5 (ECMWF) reanalisis,2026-10-09T02:10:17.430367+00:00
2015,4,Bantul,476.0,30,30,Open-Meteo ERA5 (ECMWF) reanalisis,2026-10-09T02:10:17.430367+00:00
2015,5,Bantul,96.3,16,31,Open-Meteo ERA5 (ECMWF) reanalisis,2026-10-09T02:10:17.430367+00:00
2015,6,Bantul,48.1,8,30,Open-Meteo ERA5 (ECMWF) reanalisis,2026-10-09T02:10:17.430367+00:00
2015,7,Bantul,13.4,4,31,Open-Meteo ERA5 (ECMWF) reanalisis,2026-10-09T02:10:17.430367+00:00
2015,8,Bantul,9.3,5,31,Open-Meteo ERA5 (ECMWF) reanalisis,2026-10-09T02:10:17.430367+00:00
2015,9,Bantul,1.7,0,30,Open-Meteo ERA5 (ECMWF) reanalisis,2026-10-09T02:10:17.430367+00:00
2015,10,Bantul,14.6,6,31,Open-Meteo ERA5 (ECMWF) reanalisis,2026-10-09T02:10:17.430367+00:00
2015,11,Bantul,275.7,25,30,Open-Meteo ERA5 (ECMWF) reanalisis,2026-10-09T02:10:17.430367+00:00
2015,12,Bantul,446.1,30,31,Open-Meteo ERA5 (ECMWF) reanalisis,2026-10-09T02:10:17.430367+00:00
2016,1,Bantul,317.9,30,31,Open-Meteo ERA5 (ECMWF) reanalisis,2026-10-09T02:10:17.430367+00:00
2016,2,Bantul,387.7,27,29,Open-Meteo ERA5 (ECMWF) reanalisis,2026-10-09T02:10:17.430367+00:00
2016,3,Bantul,348.0,29,31,Open-Meteo ERA5 (ECMWF) reanalisis,2026-10-09T02:10:17.430367+00:00
2016,4,Bantul,326.8,29,30,Open-Meteo ERA5 (ECMWF) reanalisis,2026-10-09T02:10:17.430367+00:00
2016,5,Bantul,232.5,29,31,Open-Meteo ERA5 (ECMWF) reanalisis,2026-10-09T02:10:17.430367+00:00
2016,6,Bantul,389.5,25,30,Open-Meteo ERA5 (ECMWF) reanalisis,2026-10-09T02:10:17.430367+00:00
2016,7,Bantul,161.8,22,31,Open-Meteo ERA5 (ECMWF) reanalisis,2026-10-09T02:10:17.430367+00:00
2016,8,Bantul,121.9,24,31,Open-Meteo ERA5 (ECMWF) reanalisis,2026-10-09T02:10:17.430367+00:00
2016,9,Bantul,341.9,26,30,Open-Meteo ERA5 (ECMWF) reanalisis,2026-10-09T02:10:17.430367+00:00
2016,10,Bantul,492.3,31,31,Open-Meteo ERA5 (ECMWF) reanalisis,2026-10-09T02:10:17.430367+00:00
2016,11,Bantul,417.5,30,30,Open-Meteo ERA5 (ECMWF) reanalisis,2026-10-09T02:10:17.430367+00:00
2016,12,Bantul,350.3,29,31,Open-Meteo ERA5 (ECMWF) reanalisis,2026-10-09T02:10:17.430367+00:00
2017,1,Bantul,289.6,29,31,Open-Meteo ERA5 (ECMWF) reanalisis,2026-10-09T02:10:17.430367+00:00
2017,2,Bantul,357.6,28,28,Open-Meteo ERA5 (ECMWF) reanalisis,2026-10-09T02:10:17.430367+00:00
2017,3,Bantul,227.7,28,31,Open-Meteo ERA5 (ECMWF) reanalisis,2026-10-09T02:10:17.430367+00:00
2017,4,Bantul,283.1,26,30,Open-Meteo ERA5 (ECMWF) reanalisis,2026-10-09T02:10:17.430367+00:00
2017,5,Bantul,86.7,17,31,Open-Meteo ERA5 (ECMWF) reanalisis,2026-10-09T02:10:17.430367+00:00
2017,6,Bantul,47.3,14,30,Open-Meteo ERA5 (ECMWF) reanalisis,2026-10-09T02:10:17.430367+00:00
2017,7,Bantul,23.8,5,31,Open-Meteo ERA5 (ECMWF) reanalisis,2026-10-09T02:10:17.430367+00:00
2017,8,Bantul,3.5,1,31,Open-Meteo ERA5 (ECMWF) reanalisis,2026-10-09T02:10:17.430367+00:00
2017,9,Bantul,52.1,7,30,Open-Meteo ERA5 (ECMWF) reanalisis,2026-10-09T02:10:17.430367+00:00
2017,10,Bantul,125.4,23,31,Open-Meteo ERA5 (ECMWF) reanalisis,2026-10-09T02:10:17.430367+00:00
2017,11,Bantul,607.2,28,30,Open-Meteo ERA5 (ECMWF) reanalisis,2026-10-09T02:10:17.430367+00:00
2017,12,Bantul,188.8,25,31,Open-Meteo ERA5 (ECMWF) reanalisis,2026-10-09T02:10:17.430367+00:00
2018,1,Bantul,525.1,31,31,Open-Meteo ERA5 (ECMWF) reanalisis,2026-10-09T02:10:17.430367+00:00
2018,2,Bantul,249.9,27,28,Open-Meteo ERA5 (ECMWF) reanalisis,2026-10-09T02:10:17.430367+00:00
2018,3,Bantul,195.2,25,31,Open-Meteo ERA5 (ECMWF) reanalisis,2026-10-09T02:10:17.430367+00:00
2018,4,Bantul,125.0,22,30,Open-Meteo ERA5 (ECMWF) reanalisis,2026-10-09T02:10:17.430367+00:00
2018,5,Bantul,34.1,8,31,Open-Meteo ERA5 (ECMWF) reanalisis,2026-10-09T02:10:17.430367+00:00
2018,6,Bantul,15.9,6,30,Open-Meteo ERA5 (ECMWF) reanalisis,2026-10-09T02:10:17.430367+00:00
2018,7,Bantul,4.8,2,31,Open-Meteo ERA5 (ECMWF) reanalisis,2026-10-09T02:10:17.430367+00:00
2018,8,Bantul,8.6,3,31,Open-Meteo ERA5 (ECMWF) reanalisis,2026-10-09T02:10:17.430367+00:00
2018,9,Bantul,21.6,8,30,Open-Meteo ERA5 (ECMWF) reanalisis,2026-10-09T02:10:17.430367+00:00
2018,10,Bantul,20.9,11,31,Open-Meteo ERA5 (ECMWF) reanalisis,2026-10-09T02:10:17.430367+00:00
2018,11,Bantul,253.5,23,30,Open-Meteo ERA5 (ECMWF) reanalisis,2026-10-09T02:10:17.430367+00:00
2018,12,Bantul,224.2,27,31,Open-Meteo ERA5 (ECMWF) reanalisis,2026-10-09T02:10:17.430367+00:00
2019,1,Bantul,451.7,30,31,Open-Meteo ERA5 (ECMWF) reanalisis,2026-10-09T02:10:17.430367+00:00
2019,2,Bantul,233.7,28,28,Open-Meteo ERA5 (ECMWF) reanalisis,2026-10-09T02:10:17.430367+00:00
2019,3,Bantul,547.7,29,31,Open-Meteo ERA5 (ECMWF) reanalisis,2026-10-09T02:10:17.430367+00:00
2019,4,Bantul,145.4,25,30,Open-Meteo ERA5 (ECMWF) reanalisis,2026-10-09T02:10:17.430367+00:00
2019,5,Bantul,34.8,15,31,Open-Meteo ERA5 (ECMWF) reanalisis,2026-10-09T02:10:17.430367+00:00
2019,6,Bantul,4.9,1,30,Open-Meteo ERA5 (ECMWF) reanalisis,2026-10-09T02:10:17.430367+00:00
2019,7,Bantul,5.0,3,31,Open-Meteo ERA5 (ECMWF) reanalisis,2026-10-09T02:10:17.430367+00:00
2019,8,Bantul,3.6,1,31,Open-Meteo ERA5 (ECMWF) reanalisis,2026-10-09T02:10:17.430367+00:00
2019,9,Bantul,2.9,0,30,Open-Meteo ERA5 (ECMWF) reanalisis,2026-10-09T02:10:17.430367+00:00
2019,10,Bantul,13.1,4,31,Open-Meteo ERA5 (ECMWF) reanalisis,2026-10-09T02:10:17.430367+00:00
2019,11,Bantul,58.0,16,30,Open-Meteo ERA5 (ECMWF) reanalisis,2026-10-09T02:10:17.430367+00:00
2019,12,Bantul,320.7,31,31,Open-Meteo ERA5 (ECMWF) reanalisis,2026-10-09T02:10:17.430367+00:00
2020,1,Bantul,297.3,27,31,Open-Meteo ERA5 (ECMWF) reanalisis,2026-10-09T02:10:17.430367+00:00
2020,2,Bantul,357.0,29,29,Open-Meteo ERA5 (ECMWF) reanalisis,2026-10-09T02:10:17.430367+00:00
2020,3,Bantul,553.8,30,31,Open-Meteo ERA5 (ECMWF) reanalisis,2026-10-09T02:10:17.430367+00:00
2020,4,Bantul,246.4,26,30,Open-Meteo ERA5 (ECMWF) reanalisis,2026-10-09T02:10:17.430367+00:00
2020,5,Bantul,184.6,21,31,Open-Meteo ERA5 (ECMWF) reanalisis,2026-10-09T02:10:17.430367+00:00
2020,6,Bantul,52.1,16,30,Open-Meteo ERA5 (ECMWF) reanalisis,2026-10-09T02:10:17.430367+00:00
2020,7,Bantul,16.2,6,31,Open-Meteo ERA5 (ECMWF) reanalisis,2026-10-09T02:10:17.430367+00:00
2020,8,Bantul,25.7,8,31,Open-Meteo ERA5 (ECMWF) reanalisis,2026-10-09T02:10:17.430367+00:00
2020,9,Bantul,47.3,13,30,Open-Meteo ERA5 (ECMWF) reanalisis,2026-10-09T02:10:17.430367+00:00
2020,10,Bantul,169.8,26,31,Open-Meteo ERA5 (ECMWF) reanalisis,2026-10-09T02:10:17.430367+00:00
2020,11,Bantul,363.7,28,30,Open-Meteo ERA5 (ECMWF) reanalisis,2026-10-09T02:10:17.430367+00:00
2020,12,Bantul,440.6,30,31,Open-Meteo ERA5 (ECMWF) reanalisis,2026-10-09T02:10:17.430367+00:00
2021,1,Bantul,396.3,27,31,Open-Meteo ERA5 (ECMWF) reanalisis,2026-10-09T02:10:17.430367+00:00
2021,2,Bantul,442.5,26,28,Open-Meteo ERA5 (ECMWF) reanalisis,2026-10-09T02:10:17.430367+00:00
2021,3,Bantul,213.5,29,31,Open-Meteo ERA5 (ECMWF) reanalisis,2026-10-09T02:10:17.430367+00:00
2021,4,Bantul,168.4,21,30,Open-Meteo ERA5 (ECMWF) reanalisis,2026-10-09T02:10:17.430367+00:00
2021,5,Bantul,43.4,18,31,Open-Meteo ERA5 (ECMWF) reanalisis,2026-10-09T02:10:17.430367+00:00
2021,6,Bantul,350.6,24,30,Open-Meteo ERA5 (ECMWF) reanalisis,2026-10-09T02:10:17.430367+00:00
2021,7,Bantul,18.1,8,31,Open-Meteo ERA5 (ECMWF) reanalisis,2026-10-09T02:10:17.430367+00:00
2021,8,Bantul,36.0,11,31,Open-Meteo ERA5 (ECMWF) reanalisis,2026-10-09T02:10:17.430367+00:00
2021,9,Bantul,72.0,18,30,Open-Meteo ERA5 (ECMWF) reanalisis,2026-10-09T02:10:17.430367+00:00
2021,10,Bantul,145.9,15,31,Open-Meteo ERA5 (ECMWF) reanalisis,2026-10-09T02:10:17.430367+00:00
2021,11,Bantul,478.0,28,30,Open-Meteo ERA5 (ECMWF) reanalisis,2026-10-09T02:10:17.430367+00:00
2021,12,Bantul,351.8,30,31,Open-Meteo ERA5 (ECMWF) reanalisis,2026-10-09T02:10:17.430367+00:00
2022,1,Bantul,288.2,25,31,Open-Meteo ERA5 (ECMWF) reanalisis,2026-10-09T02:10:17.430367+00:00
2022,2,Bantul,283.0,26,28,Open-Meteo ERA5 (ECMWF) reanalisis,2026-10-09T02:10:17.430367+00:00
2022,3,Bantul,404.0,31,31,Open-Meteo ERA5 (ECMWF) reanalisis,2026-10-09T02:10:17.430367+00:00
2022,4,Bantul,303.3,30,30,Open-Meteo ERA5 (ECMWF) reanalisis,2026-10-09T02:10:17.430367+00:00
2022,5,Bantul,229.7,28,31,Open-Meteo ERA5 (ECMWF) reanalisis,2026-10-09T02:10:17.430367+00:00
2022,6,Bantul,186.1,25,30,Open-Meteo ERA5 (ECMWF) reanalisis,2026-10-09T02:10:17.430367+00:00
2022,7,Bantul,83.3,13,31,Open-Meteo ERA5 (ECMWF) reanalisis,2026-10-09T02:10:17.430367+00:00
2022,8,Bantul,87.6,13,31,Open-Meteo ERA5 (ECMWF) reanalisis,2026-10-09T02:10:17.430367+00:00
2022,9,Bantul,148.9,24,30,Open-Meteo ERA5 (ECMWF) reanalisis,2026-10-09T02:10:17.430367+00:00
2022,10,Bantul,311.5,26,31,Open-Meteo ERA5 (ECMWF) reanalisis,2026-10-09T02:10:17.430367+00:00
2022,11,Bantul,437.9,29,30,Open-Meteo ERA5 (ECMWF) reanalisis,2026-10-09T02:10:17.430367+00:00
2022,12,Bantul,395.1,29,31,Open-Meteo ERA5 (ECMWF) reanalisis,2026-10-09T02:10:17.430367+00:00
2023,1,Bantul,223.5,26,31,Open-Meteo ERA5 (ECMWF) reanalisis,2026-10-09T02:10:17.430367+00:00
2023,2,Bantul,449.1,28,28,Open-Meteo ERA5 (ECMWF) reanalisis,2026-10-09T02:10:17.430367+00:00
2023,3,Bantul,296.4,27,31,Open-Meteo ERA5 (ECMWF) reanalisis,2026-10-09T02:10:17.430367+00:00
2023,4,Bantul,225.3,23,30,Open-Meteo ERA5 (ECMWF) reanalisis,2026-10-09T02:10:17.430367+00:00
2023,5,Bantul,120.7,13,31,Open-Meteo ERA5 (ECMWF) reanalisis,2026-10-09T02:10:17.430367+00:00
2023,6,Bantul,50.0,16,30,Open-Meteo ERA5 (ECMWF) reanalisis,2026-10-09T02:10:17.430367+00:00
2023,7,Bantul,62.3,7,31,Open-Meteo ERA5 (ECMWF) reanalisis,2026-10-09T02:10:17.430367+00:00
2023,8,Bantul,6.4,2,31,Open-Meteo ERA5 (ECMWF) reanalisis,2026-10-09T02:10:17.430367+00:00
2023,9,Bantul,9.8,3,30,Open-Meteo ERA5 (ECMWF) reanalisis,2026-10-09T02:10:17.430367+00:00
2023,10,Bantul,26.4,12,31,Open-Meteo ERA5 (ECMWF) reanalisis,2026-10-09T02:10:17.430367+00:00
2023,11,Bantul,147.1,23,30,Open-Meteo ERA5 (ECMWF) reanalisis,2026-10-09T02:10:17.430367+00:00
2023,12,Bantul,158.5,17,31,Open-Meteo ERA5 (ECMWF) reanalisis,2026-10-09T02:10:17.430367+00:00
2024,1,Bantul,369.5,29,31,Open-Meteo ERA5 (ECMWF) reanalisis,2026-10-09T02:10:17.430367+00:00
2024,2,Bantul,260.6,26,29,Open-Meteo ERA5 (ECMWF) reanalisis,2026-10-09T02:10:17.430367+00:00
2024,3,Bantul,259.5,26,31,Open-Meteo ERA5 (ECMWF) reanalisis,2026-10-09T02:10:17.430367+00:00
2024,4,Bantul,267.2,27,30,Open-Meteo ERA5 (ECMWF) reanalisis,2026-10-09T02:10:17.430367+00:00
2024,5,Bantul,68.5,10,31,Open-Meteo ERA5 (ECMWF) reanalisis,2026-10-09T02:10:17.430367+00:00
2024,6,Bantul,41.4,14,30,Open-Meteo ERA5 (ECMWF) reanalisis,2026-10-09T02:10:17.430367+00:00
2024,7,Bantul,27.3,3,31,Open-Meteo ERA5 (ECMWF) reanalisis,2026-10-09T02:10:17.430367+00:00
2024,8,Bantul,12.4,5,31,Open-Meteo ERA5 (ECMWF) reanalisis,2026-10-09T02:10:17.430367+00:00
2024,9,Bantul,79.2,13,30,Open-Meteo ERA5 (ECMWF) reanalisis,2026-10-09T02:10:17.430367+00:00
2024,10,Bantul,68.1,22,31,Open-Meteo ERA5 (ECMWF) reanalisis,2026-10-09T02:10:17.430367+00:00
2024,11,Bantul,415.9,30,30,Open-Meteo ERA5 (ECMWF) reanalisis,2026-10-09T02:10:17.430367+00:00
2024,12,Bantul,451.1,30,31,Open-Meteo ERA5 (ECMWF) reanalisis,2026-10-09T02:10:17.430367+00:00
2025,1,Bantul,344.7,27,31,Open-Meteo ERA5 (ECMWF) reanalisis,2026-10-09T02:10:17.430367+00:00
2025,2,Bantul,324.7,24,28,Open-Meteo ERA5 (ECMWF) reanalisis,2026-10-09T02:10:17.430367+00:00
2025,3,Bantul,282.5,26,31,Open-Meteo ERA5 (ECMWF) reanalisis,2026-10-09T02:10:17.430367+00:00
2025,4,Bantul,243.1,19,30,Open-Meteo ERA5 (ECMWF) reanalisis,2026-10-09T02:10:17.430367+00:00
2025,5,Bantul,377.6,29,31,Open-Meteo ERA5 (ECMWF) reanalisis,2026-10-09T02:10:17.430367+00:00
2025,6,Bantul,101.4,17,30,Open-Meteo ERA5 (ECMWF) reanalisis,2026-10-09T02:10:17.430367+00:00
2025,7,Bantul,39.5,12,31,Open-Meteo ERA5 (ECMWF) reanalisis,2026-10-09T02:10:17.430367+00:00
2025,8,Bantul,95.2,17,31,Open-Meteo ERA5 (ECMWF) reanalisis,2026-10-09T02:10:17.430367+00:00
2025,9,Bantul,140.3,16,30,Open-Meteo ERA5 (ECMWF) reanalisis,2026-10-09T02:10:17.430367+00:00
2025,10,Bantul,340.2,28,31,Open-Meteo ERA5 (ECMWF) reanalisis,2026-10-09T02:10:17.430367+00:00
2025,11,Bantul,435.9,28,30,Open-Meteo ERA5 (ECMWF) reanalisis,2026-10-09T02:10:17.430367+00:00
2025,12,Bantul,192.9,27,31,Open-Meteo ERA5 (ECMWF) reanalisis,2026-10-09T02:10:17.430367+00:00
2026,1,Bantul,381.2,29,31,Open-Meteo ERA5 (ECMWF) reanalisis,2026-10-09T02:10:17.430367+00:00
2026,2,Bantul,357.4,28,28,Open-Meteo ERA5 (ECMWF) reanalisis,2026-10-09T02:10:17.430367+00:00
2026,3,Bantul,253.9,23,31,Open-Meteo ERA5 (ECMWF) reanalisis,2026-10-09T02:10:17.430367+00:00
2026,4,Bantul,292.7,24,30,Open-Meteo ERA5 (ECMWF) reanalisis,2026-10-09T02:10:17.430367+00:00
2026,5,Bantul,110.0,22,31,Open-Meteo ERA5 (ECMWF) reanalisis,2026-10-09T02:10:17.430367+00:00
2026,6,Bantul,38.4,10,30,Open-Meteo ERA5 (ECMWF) reanalisis,2026-10-09T02:10:17.430367+00:00
2026,7,Bantul,10.6,5,31,Open-Meteo ERA5 (ECMWF) reanalisis,2026-10-09T02:10:17.430367+00:00
2026,8,Bantul,7.3,2,31,Open-Meteo ERA5 (ECMWF) reanalisis,2026-10-09T02:10:17.430367+00:00
2026,9,Bantul,5.3,1,30,Open-Meteo ERA5 (ECMWF) reanalisis,2026-10-09T02:10:17.430367+00:00
2026,10,Bantul,2.1,1,3,Open-Meteo ERA5 (ECMWF) reanalisis,2026-10-09T02:10:17.430367+00:00
1991,1,Gunungkidul,402.2,31,31,Open-Meteo ERA5 (ECMWF) reanalisis,2026-10-09T02:10:17.430367+00:00
1991,2,Gunungkidul,161.7,27,28,Open-Meteo ERA5 (ECMWF) reanalisis,2026-10-09T02:10:17.430367+00:00
1991,3,Gunungkidul,158.5,23,31,Open-Meteo ERA5 (ECMWF) reanalisis,2026-10-09T02:10:17.430367+00:00
1991,4,Gunungkidul,224.5,27,30,Open-Meteo ERA5 (ECMWF) reanalisis,2026-10-09T02:10:17.430367+00:00
1991,5,Gunungkidul,27.9,5,31,Open-Meteo ERA5 (ECMWF) reanalisis,2026-10-09T02:10:17.430367+00:00
1991,6,Gunungkidul,5.1,2,30,Open-Meteo ERA5 (ECMWF) reanalisis,2026-10-09T02:10:17.430367+00:00
1991,7,Gunungkidul,3.5,1,31,Open-Meteo ERA5 (ECMWF) reanalisis,2026-10-09T02:10:17.430367+00:00
1991,8,Gunungkidul,0.1,0,31,Open-Meteo ERA5 (ECMWF) reanalisis,2026-10-09T02:10:17.430367+00:00
1991,9,Gunungkidul,4.8,2,30,Open-Meteo ERA5 (ECMWF) reanalisis,2026-10-09T02:10:17.430367+00:00
1991,10,Gunungkidul,10.1,5,31,Open-Meteo ERA5 (ECMWF) reanalisis,2026-10-09T02:10:17.430367+00:00
1991,11,Gunungkidul,126.3,26,30,Open-Meteo ERA5 (ECMWF) reanalisis,2026-10-09T02:10:17.430367+00:00
1991,12,Gunungkidul,274.1,27,31,Open-Meteo ERA5 (ECMWF) reanalisis,2026-10-09T02:10:17.430367+00:00
1992,1,Gunungkidul,275.7,29,31,Open-Meteo ERA5 (ECMWF) reanalisis,2026-10-09T02:10:17.430367+00:00
1992,2,Gunungkidul,338.8,29,29,Open-Meteo ERA5 (ECMWF) reanalisis,2026-10-09T02:10:17.430367+00:00
1992,3,Gunungkidul,282.4,30,31,Open-Meteo ERA5 (ECMWF) reanalisis,2026-10-09T02:10:17.430367+00:00
1992,4,Gunungkidul,207.2,27,30,Open-Meteo ERA5 (ECMWF) reanalisis,2026-10-09T02:10:17.430367+00:00
1992,5,Gunungkidul,78.4,15,31,Open-Meteo ERA5 (ECMWF) reanalisis,2026-10-09T02:10:17.430367+00:00
1992,6,Gunungkidul,23.6,7,30,Open-Meteo ERA5 (ECMWF) reanalisis,2026-10-09T02:10:17.430367+00:00
1992,7,Gunungkidul,20.1,8,31,Open-Meteo ERA5 (ECMWF) reanalisis,2026-10-09T02:10:17.430367+00:00
1992,8,Gunungkidul,182.2,11,31,Open-Meteo ERA5 (ECMWF) reanalisis,2026-10-09T02:10:17.430367+00:00
1992,9,Gunungkidul,50.5,14,30,Open-Meteo ERA5 (ECMWF) reanalisis,2026-10-09T02:10:17.430367+00:00
1992,10,Gunungkidul,155.9,22,31,Open-Meteo ERA5 (ECMWF) reanalisis,2026-10-09T02:10:17.430367+00:00
1992,11,Gunungkidul,270.9,27,30,Open-Meteo ERA5 (ECMWF) reanalisis,2026-10-09T02:10:17.430367+00:00
1992,12,Gunungkidul,296.4,29,31,Open-Meteo ERA5 (ECMWF) reanalisis,2026-10-09T02:10:17.430367+00:00
1993,1,Gunungkidul,230.7,31,31,Open-Meteo ERA5 (ECMWF) reanalisis,2026-10-09T02:10:17.430367+00:00
1993,2,Gunungkidul,132.9,27,28,Open-Meteo ERA5 (ECMWF) reanalisis,2026-10-09T02:10:17.430367+00:00
1993,3,Gunungkidul,168.1,28,31,Open-Meteo ERA5 (ECMWF) reanalisis,2026-10-09T02:10:17.430367+00:00
1993,4,Gunungkidul,178.9,22,30,Open-Meteo ERA5 (ECMWF) reanalisis,2026-10-09T02:10:17.430367+00:00
1993,5,Gunungkidul,70.5,11,31,Open-Meteo ERA5 (ECMWF) reanalisis,2026-10-09T02:10:17.430367+00:00
1993,6,Gunungkidul,88.1,15,30,Open-Meteo ERA5 (ECMWF) reanalisis,2026-10-09T02:10:17.430367+00:00
1993,7,Gunungkidul,0.8,0,31,Open-Meteo ERA5 (ECMWF) reanalisis,2026-10-09T02:10:17.430367+00:00
1993,8,Gunungkidul,10.8,3,31,Open-Meteo ERA5 (ECMWF) reanalisis,2026-10-09T02:10:17.430367+00:00
1993,9,Gunungkidul,7.3,3,30,Open-Meteo ERA5 (ECMWF) reanalisis,2026-10-09T02:10:17.430367+00:00
1993,10,Gunungkidul,22.8,7,31,Open-Meteo ERA5 (ECMWF) reanalisis,2026-10-09T02:10:17.430367+00:00
1993,11,Gunungkidul,229.0,25,30,Open-Meteo ERA5 (ECMWF) reanalisis,2026-10-09T02:10:17.430367+00:00
1993,12,Gunungkidul,290.1,27,31,Open-Meteo ERA5 (ECMWF) reanalisis,2026-10-09T02:10:17.430367+00:00
1994,1,Gunungkidul,412.2,30,31,Open-Meteo ERA5 (ECMWF) reanalisis,2026-10-09T02:10:17.430367+00:00
1994,2,Gunungkidul,278.9,27,28,Open-Meteo ERA5 (ECMWF) reanalisis,2026-10-09T02:10:17.430367+00:00
1994,3,Gunungkidul,377.7,29,31,Open-Meteo ERA5 (ECMWF) reanalisis,2026-10-09T02:10:17.430367+00:00
1994,4,Gunungkidul,124.7,19,30,Open-Meteo ERA5 (ECMWF) reanalisis,2026-10-09T02:10:17.430367+00:00
1994,5,Gunungkidul,12.0,3,31,Open-Meteo ERA5 (ECMWF) reanalisis,2026-10-09T02:10:17.430367+00:00
1994,6,Gunungkidul,2.3,0,30,Open-Meteo ERA5 (ECMWF) reanalisis,2026-10-09T02:10:17.430367+00:00
1994,7,Gunungkidul,0.9,0,31,Open-Meteo ERA5 (ECMWF) reanalisis,2026-10-09T02:10:17.430367+00:00
1994,8,Gunungkidul,1.2,0,31,Open-Meteo ERA5 (ECMWF) reanalisis,2026-10-09T02:10:17.430367+00:00
1994,9,Gunungkidul,0.1,0,30,Open-Meteo ERA5 (ECMWF) reanalisis,2026-10-09T02:10:17.430367+00:00
1994,10,Gunungkidul,12.3,5,31,Open-Meteo ERA5 (ECMWF) reanalisis,2026-10-09T02:10:17.430367+00:00
1994,11,Gunungkidul,92.4,23,30,Open-Meteo ERA5 (ECMWF) reanalisis,2026-10-09T02:10:17.430367+00:00
1994,12,Gunungkidul,140.6,21,31,Open-Meteo ERA5 (ECMWF) reanalisis,2026-10-09T02:10:17.430367+00:00
1995,1,Gunungkidul,366.3,30,31,Open-Meteo ERA5 (ECMWF) reanalisis,2026-10-09T02:10:17.430367+00:00
1995,2,Gunungkidul,312.9,28,28,Open-Meteo ERA5 (ECMWF) reanalisis,2026-10-09T02:10:17.430367+00:00
1995,3,Gunungkidul,284.8,27,31,Open-Meteo ERA5 (ECMWF) reanalisis,2026-10-09T02:10:17.430367+00:00
1995,4,Gunungkidul,121.7,21,30,Open-Meteo ERA5 (ECMWF) reanalisis,2026-10-09T02:10:17.430367+00:00
1995,5,Gunungkidul,64.8,15,31,Open-Meteo ERA5 (ECMWF) reanalisis,2026-10-09T02:10:17.430367+00:00
1995,6,Gunungkidul,306.2,16,30,Open-Meteo ERA5 (ECMWF) reanalisis,2026-10-09T02:10:17.430367+00:00
1995,7,Gunungkidul,20.5,5,31,Open-Meteo ERA5 (ECMWF) reanalisis,2026-10-09T02:10:17.430367+00:00
1995,8,Gunungkidul,2.7,1,31,Open-Meteo ERA5 (ECMWF) reanalisis,2026-10-09T02:10:17.430367+00:00
1995,9,Gunungkidul,11.2,3,30,Open-Meteo ERA5 (ECMWF) reanalisis,2026-10-09T02:10:17.430367+00:00
1995,10,Gunungkidul,56.7,15,31,Open-Meteo ERA5 (ECMWF) reanalisis,2026-10-09T02:10:17.430367+00:00
1995,11,Gunungkidul,381.0,30,30,Open-Meteo ERA5 (ECMWF) reanalisis,2026-10-09T02:10:17.430367+00:00
1995,12,Gunungkidul,410.5,31,31,Open-Meteo ERA5 (ECMWF) reanalisis,2026-10-09T02:10:17.430367+00:00
1996,1,Gunungkidul,285.7,31,31,Open-Meteo ERA5 (ECMWF) reanalisis,2026-10-09T02:10:17.430367+00:00
1996,2,Gunungkidul,325.5,27,29,Open-Meteo ERA5 (ECMWF) reanalisis,2026-10-09T02:10:17.430367+00:00
1996,3,Gunungkidul,119.3,29,31,Open-Meteo ERA5 (ECMWF) reanalisis,2026-10-09T02:10:17.430367+00:00
1996,4,Gunungkidul,122.6,20,30,Open-Meteo ERA5 (ECMWF) reanalisis,2026-10-09T02:10:17.430367+00:00
1996,5,Gunungkidul,30.6,12,31,Open-Meteo ERA5 (ECMWF) reanalisis,2026-10-09T02:10:17.430367+00:00
1996,6,Gunungkidul,24.8,6,30,Open-Meteo ERA5 (ECMWF) reanalisis,2026-10-09T02:10:17.430367+00:00
1996,7,Gunungkidul,35.9,9,31,Open-Meteo ERA5 (ECMWF) reanalisis,2026-10-09T02:10:17.430367+00:00
1996,8,Gunungkidul,27.8,9,31,Open-Meteo ERA5 (ECMWF) reanalisis,2026-10-09T02:10:17.430367+00:00
1996,9,Gunungkidul,7.8,3,30,Open-Meteo ERA5 (ECMWF) reanalisis,2026-10-09T02:10:17.430367+00:00
1996,10,Gunungkidul,176.6,27,31,Open-Meteo ERA5 (ECMWF) reanalisis,2026-10-09T02:10:17.430367+00:00
1996,11,Gunungkidul,208.7,29,30,Open-Meteo ERA5 (ECMWF) reanalisis,2026-10-09T02:10:17.430367+00:00
1996,12,Gunungkidul,464.7,31,31,Open-Meteo ERA5 (ECMWF) reanalisis,2026-10-09T02:10:17.430367+00:00
1997,1,Gunungkidul,314.9,28,31,Open-Meteo ERA5 (ECMWF) reanalisis,2026-10-09T02:10:17.430367+00:00
1997,2,Gunungkidul,150.1,23,28,Open-Meteo ERA5 (ECMWF) reanalisis,2026-10-09T02:10:17.430367+00:00
1997,3,Gunungkidul,61.2,20,31,Open-Meteo ERA5 (ECMWF) reanalisis,2026-10-09T02:10:17.430367+00:00
1997,4,Gunungkidul,119.3,20,30,Open-Meteo ERA5 (ECMWF) reanalisis,2026-10-09T02:10:17.430367+00:00
1997,5,Gunungkidul,61.0,15,31,Open-Meteo ERA5 (ECMWF) reanalisis,2026-10-09T02:10:17.430367+00:00
1997,6,Gunungkidul,6.6,2,30,Open-Meteo ERA5 (ECMWF) reanalisis,2026-10-09T02:10:17.430367+00:00
1997,7,Gunungkidul,3.8,2,31,Open-Meteo ERA5 (ECMWF) reanalisis,2026-10-09T02:10:17.430367+00:00
1997,8,Gunungkidul,0.4,0,31,Open-Meteo ERA5 (ECMWF) reanalisis,2026-10-09T02:10:17.430367+00:00
1997,9,Gunungkidul,0.0,0,30,Open-Meteo ERA5 (ECMWF) reanalisis,2026-10-09T02:10:17.430367+00:00
1997,10,Gunungkidul,3.9,2,31,Open-Meteo ERA5 (ECMWF) reanalisis,2026-10-09T02:10:17.430367+00:00
1997,11,Gunungkidul,41.1,12,30,Open-Meteo ERA5 (ECMWF) reanalisis,2026-10-09T02:10:17.430367+00:00
1997,12,Gunungkidul,188.2,26,31,Open-Meteo ERA5 (ECMWF) reanalisis,2026-10-09T02:10:17.430367+00:00
1998,1,Gunungkidul,173.2,26,31,Open-Meteo ERA5 (ECMWF) reanalisis,2026-10-09T02:10:17.430367+00:00
1998,2,Gunungkidul,231.5,27,28,Open-Meteo ERA5 (ECMWF) reanalisis,2026-10-09T02:10:17.430367+00:00
1998,3,Gunungkidul,401.4,31,31,Open-Meteo ERA5 (ECMWF) reanalisis,2026-10-09T02:10:17.430367+00:00
1998,4,Gunungkidul,258.9,29,30,Open-Meteo ERA5 (ECMWF) reanalisis,2026-10-09T02:10:17.430367+00:00
1998,5,Gunungkidul,68.7,15,31,Open-Meteo ERA5 (ECMWF) reanalisis,2026-10-09T02:10:17.430367+00:00
1998,6,Gunungkidul,159.9,25,30,Open-Meteo ERA5 (ECMWF) reanalisis,2026-10-09T02:10:17.430367+00:00
1998,7,Gunungkidul,162.3,25,31,Open-Meteo ERA5 (ECMWF) reanalisis,2026-10-09T02:10:17.430367+00:00
1998,8,Gunungkidul,16.6,4,31,Open-Meteo ERA5 (ECMWF) reanalisis,2026-10-09T02:10:17.430367+00:00
1998,9,Gunungkidul,73.8,15,30,Open-Meteo ERA5 (ECMWF) reanalisis,2026-10-09T02:10:17.430367+00:00
1998,10,Gunungkidul,264.8,25,31,Open-Meteo ERA5 (ECMWF) reanalisis,2026-10-09T02:10:17.430367+00:00
1998,11,Gunungkidul,326.2,28,30,Open-Meteo ERA5 (ECMWF) reanalisis,2026-10-09T02:10:17.430367+00:00
1998,12,Gunungkidul,340.3,30,31,Open-Meteo ERA5 (ECMWF) reanalisis,2026-10-09T02:10:17.430367+00:00
1999,1,Gunungkidul,497.6,29,31,Open-Meteo ERA5 (ECMWF) reanalisis,2026-10-09T02:10:17.430367+00:00
1999,2,Gunungkidul,243.9,25,28,Open-Meteo ERA5 (ECMWF) reanalisis,2026-10-09T02:10:17.430367+00:00
1999,3,Gunungkidul,298.8,28,31,Open-Meteo ERA5 (ECMWF) reanalisis,2026-10-09T02:10:17.430367+00:00
1999,4,Gunungkidul,258.2,22,30,Open-Meteo ERA5 (ECMWF) reanalisis,2026-10-09T02:10:17.430367+00:00
1999,5,Gunungkidul,70.0,15,31,Open-Meteo ERA5 (ECMWF) reanalisis,2026-10-09T02:10:17.430367+00:00
1999,6,Gunungkidul,5.3,0,30,Open-Meteo ERA5 (ECMWF) reanalisis,2026-10-09T02:10:17.430367+00:00
1999,7,Gunungkidul,10.8,1,31,Open-Meteo ERA5 (ECMWF) reanalisis,2026-10-09T02:10:17.430367+00:00
1999,8,Gunungkidul,10.3,5,31,Open-Meteo ERA5 (ECMWF) reanalisis,2026-10-09T02:10:17.430367+00:00
1999,9,Gunungkidul,4.1,0,30,Open-Meteo ERA5 (ECMWF) reanalisis,2026-10-09T02:10:17.430367+00:00
1999,10,Gunungkidul,106.8,17,31,Open-Meteo ERA5 (ECMWF) reanalisis,2026-10-09T02:10:17.430367+00:00
1999,11,Gunungkidul,188.0,29,30,Open-Meteo ERA5 (ECMWF) reanalisis,2026-10-09T02:10:17.430367+00:00
1999,12,Gunungkidul,217.5,30,31,Open-Meteo ERA5 (ECMWF) reanalisis,2026-10-09T02:10:17.430367+00:00
2000,1,Gunungkidul,269.2,29,31,Open-Meteo ERA5 (ECMWF) reanalisis,2026-10-09T02:10:17.430367+00:00
2000,2,Gunungkidul,266.6,26,29,Open-Meteo ERA5 (ECMWF) reanalisis,2026-10-09T02:10:17.430367+00:00
2000,3,Gunungkidul,321.6,31,31,Open-Meteo ERA5 (ECMWF) reanalisis,2026-10-09T02:10:17.430367+00:00
2000,4,Gunungkidul,205.5,28,30,Open-Meteo ERA5 (ECMWF) reanalisis,2026-10-09T02:10:17.430367+00:00
2000,5,Gunungkidul,87.5,22,31,Open-Meteo ERA5 (ECMWF) reanalisis,2026-10-09T02:10:17.430367+00:00
2000,6,Gunungkidul,38.5,6,30,Open-Meteo ERA5 (ECMWF) reanalisis,2026-10-09T02:10:17.430367+00:00
2000,7,Gunungkidul,2.9,0,31,Open-Meteo ERA5 (ECMWF) reanalisis,2026-10-09T02:10:17.430367+00:00
2000,8,Gunungkidul,8.1,3,31,Open-Meteo ERA5 (ECMWF) reanalisis,2026-10-09T02:10:17.430367+00:00
2000,9,Gunungkidul,7.3,2,30,Open-Meteo ERA5 (ECMWF) reanalisis,2026-10-09T02:10:17.430367+00:00
2000,10,Gunungkidul,271.4,27,31,Open-Meteo ERA5 (ECMWF) reanalisis,2026-10-09T02:10:17.430367+00:00
2000,11,Gunungkidul,400.7,29,30,Open-Meteo ERA5 (ECMWF) reanalisis,2026-10-09T02:10:17.430367+00:00
2000,12,Gunungkidul,99.1,20,31,Open-Meteo ERA5 (ECMWF) reanalisis,2026-10-09T02:10:17.430367+00:00
2001,1,Gunungkidul,319.3,30,31,Open-Meteo ERA5 (ECMWF) reanalisis,2026-10-09T02:10:17.430367+00:00
2001,2,Gunungkidul,342.6,25,28,Open-Meteo ERA5 (ECMWF) reanalisis,2026-10-09T02:10:17.430367+00:00
2001,3,Gunungkidul,241.9,29,31,Open-Meteo ERA5 (ECMWF) reanalisis,2026-10-09T02:10:17.430367+00:00
2001,4,Gunungkidul,143.5,20,30,Open-Meteo ERA5 (ECMWF) reanalisis,2026-10-09T02:10:17.430367+00:00
2001,5,Gunungkidul,41.5,10,31,Open-Meteo ERA5 (ECMWF) reanalisis,2026-10-09T02:10:17.430367+00:00
2001,6,Gunungkidul,127.2,14,30,Open-Meteo ERA5 (ECMWF) reanalisis,2026-10-09T02:10:17.430367+00:00
2001,7,Gunungkidul,29.7,6,31,Open-Meteo ERA5 (ECMWF) reanalisis,2026-10-09T02:10:17.430367+00:00
2001,8,Gunungkidul,2.1,2,31,Open-Meteo ERA5 (ECMWF) reanalisis,2026-10-09T02:10:17.430367+00:00
2001,9,Gunungkidul,14.5,5,30,Open-Meteo ERA5 (ECMWF) reanalisis,2026-10-09T02:10:17.430367+00:00
2001,10,Gunungkidul,93.3,21,31,Open-Meteo ERA5 (ECMWF) reanalisis,2026-10-09T02:10:17.430367+00:00
2001,11,Gunungkidul,191.9,25,30,Open-Meteo ERA5 (ECMWF) reanalisis,2026-10-09T02:10:17.430367+00:00
2001,12,Gunungkidul,294.8,26,31,Open-Meteo ERA5 (ECMWF) reanalisis,2026-10-09T02:10:17.430367+00:00
2002,1,Gunungkidul,289.7,29,31,Open-Meteo ERA5 (ECMWF) reanalisis,2026-10-09T02:10:17.430367+00:00
2002,2,Gunungkidul,226.9,26,28,Open-Meteo ERA5 (ECMWF) reanalisis,2026-10-09T02:10:17.430367+00:00
2002,3,Gunungkidul,231.6,26,31,Open-Meteo ERA5 (ECMWF) reanalisis,2026-10-09T02:10:17.430367+00:00
2002,4,Gunungkidul,141.7,20,30,Open-Meteo ERA5 (ECMWF) reanalisis,2026-10-09T02:10:17.430367+00:00
2002,5,Gunungkidul,76.9,9,31,Open-Meteo ERA5 (ECMWF) reanalisis,2026-10-09T02:10:17.430367+00:00
2002,6,Gunungkidul,7.3,3,30,Open-Meteo ERA5 (ECMWF) reanalisis,2026-10-09T02:10:17.430367+00:00
2002,7,Gunungkidul,2.2,1,31,Open-Meteo ERA5 (ECMWF) reanalisis,2026-10-09T02:10:17.430367+00:00
2002,8,Gunungkidul,0.8,0,31,Open-Meteo ERA5 (ECMWF) reanalisis,2026-10-09T02:10:17.430367+00:00
2002,9,Gunungkidul,4.6,0,30,Open-Meteo ERA5 (ECMWF) reanalisis,2026-10-09T02:10:17.430367+00:00
2002,10,Gunungkidul,5.7,3,31,Open-Meteo ERA5 (ECMWF) reanalisis,2026-10-09T02:10:17.430367+00:00
2002,11,Gunungkidul,78.7,22,30,Open-Meteo ERA5 (ECMWF) reanalisis,2026-10-09T02:10:17.430367+00:00
2002,12,Gunungkidul,218.1,27,31,Open-Meteo ERA5 (ECMWF) reanalisis,2026-10-09T02:10:17.430367+00:00
2003,1,Gunungkidul,366.9,24,31,Open-Meteo ERA5 (ECMWF) reanalisis,2026-10-09T02:10:17.430367+00:00
2003,2,Gunungkidul,393.4,27,28,Open-Meteo ERA5 (ECMWF) reanalisis,2026-10-09T02:10:17.430367+00:00
2003,3,Gunungkidul,178.5,23,31,Open-Meteo ERA5 (ECMWF) reanalisis,2026-10-09T02:10:17.430367+00:00
2003,4,Gunungkidul,57.6,16,30,Open-Meteo ERA5 (ECMWF) reanalisis,2026-10-09T02:10:17.430367+00:00
2003,5,Gunungkidul,45.4,9,31,Open-Meteo ERA5 (ECMWF) reanalisis,2026-10-09T02:10:17.430367+00:00
2003,6,Gunungkidul,11.2,4,30,Open-Meteo ERA5 (ECMWF) reanalisis,2026-10-09T02:10:17.430367+00:00
2003,7,Gunungkidul,0.1,0,31,Open-Meteo ERA5 (ECMWF) reanalisis,2026-10-09T02:10:17.430367+00:00
2003,8,Gunungkidul,0.0,0,31,Open-Meteo ERA5 (ECMWF) reanalisis,2026-10-09T02:10:17.430367+00:00
2003,9,Gunungkidul,12.1,6,30,Open-Meteo ERA5 (ECMWF) reanalisis,2026-10-09T02:10:17.430367+00:00
2003,10,Gunungkidul,37.5,11,31,Open-Meteo ERA5 (ECMWF) reanalisis,2026-10-09T02:10:17.430367+00:00
2003,11,Gunungkidul,186.0,19,30,Open-Meteo ERA5 (ECMWF) reanalisis,2026-10-09T02:10:17.430367+00:00
2003,12,Gunungkidul,285.3,29,31,Open-Meteo ERA5 (ECMWF) reanalisis,2026-10-09T02:10:17.430367+00:00
2004,1,Gunungkidul,194.3,30,31,Open-Meteo ERA5 (ECMWF) reanalisis,2026-10-09T02:10:17.430367+00:00
2004,2,Gunungkidul,216.0,29,29,Open-Meteo ERA5 (ECMWF) reanalisis,2026-10-09T02:10:17.430367+00:00
2004,3,Gunungkidul,241.6,29,31,Open-Meteo ERA5 (ECMWF) reanalisis,2026-10-09T02:10:17.430367+00:00
2004,4,Gunungkidul,44.0,18,30,Open-Meteo ERA5 (ECMWF) reanalisis,2026-10-09T02:10:17.430367+00:00
2004,5,Gunungkidul,69.6,19,31,Open-Meteo ERA5 (ECMWF) reanalisis,2026-10-09T02:10:17.430367+00:00
2004,6,Gunungkidul,4.7,2,30,Open-Meteo ERA5 (ECMWF) reanalisis,2026-10-09T02:10:17.430367+00:00
2004,7,Gunungkidul,18.8,7,31,Open-Meteo ERA5 (ECMWF) reanalisis,2026-10-09T02:10:17.430367+00:00
2004,8,Gunungkidul,2.2,0,31,Open-Meteo ERA5 (ECMWF) reanalisis,2026-10-09T02:10:17.430367+00:00
2004,9,Gunungkidul,8.1,2,30,Open-Meteo ERA5 (ECMWF) reanalisis,2026-10-09T02:10:17.430367+00:00
2004,10,Gunungkidul,28.4,6,31,Open-Meteo ERA5 (ECMWF) reanalisis,2026-10-09T02:10:17.430367+00:00
2004,11,Gunungkidul,248.7,23,30,Open-Meteo ERA5 (ECMWF) reanalisis,2026-10-09T02:10:17.430367+00:00
2004,12,Gunungkidul,412.4,29,31,Open-Meteo ERA5 (ECMWF) reanalisis,2026-10-09T02:10:17.430367+00:00
2005,1,Gunungkidul,192.9,26,31,Open-Meteo ERA5 (ECMWF) reanalisis,2026-10-09T02:10:17.430367+00:00
2005,2,Gunungkidul,205.7,28,28,Open-Meteo ERA5 (ECMWF) reanalisis,2026-10-09T02:10:17.430367+00:00
2005,3,Gunungkidul,135.0,28,31,Open-Meteo ERA5 (ECMWF) reanalisis,2026-10-09T02:10:17.430367+00:00
2005,4,Gunungkidul,142.4,27,30,Open-Meteo ERA5 (ECMWF) reanalisis,2026-10-09T02:10:17.430367+00:00
2005,5,Gunungkidul,17.0,6,31,Open-Meteo ERA5 (ECMWF) reanalisis,2026-10-09T02:10:17.430367+00:00
2005,6,Gunungkidul,116.9,13,30,Open-Meteo ERA5 (ECMWF) reanalisis,2026-10-09T02:10:17.430367+00:00
2005,7,Gunungkidul,39.0,9,31,Open-Meteo ERA5 (ECMWF) reanalisis,2026-10-09T02:10:17.430367+00:00
2005,8,Gunungkidul,10.3,4,31,Open-Meteo ERA5 (ECMWF) reanalisis,2026-10-09T02:10:17.430367+00:00
2005,9,Gunungkidul,16.1,7,30,Open-Meteo ERA5 (ECMWF) reanalisis,2026-10-09T02:10:17.430367+00:00
2005,10,Gunungkidul,88.3,20,31,Open-Meteo ERA5 (ECMWF) reanalisis,2026-10-09T02:10:17.430367+00:00
2005,11,Gunungkidul,96.3,17,30,Open-Meteo ERA5 (ECMWF) reanalisis,2026-10-09T02:10:17.430367+00:00
2005,12,Gunungkidul,545.3,31,31,Open-Meteo ERA5 (ECMWF) reanalisis,2026-10-09T02:10:17.430367+00:00
2006,1,Gunungkidul,367.7,29,31,Open-Meteo ERA5 (ECMWF) reanalisis,2026-10-09T02:10:17.430367+00:00
2006,2,Gunungkidul,236.4,27,28,Open-Meteo ERA5 (ECMWF) reanalisis,2026-10-09T02:10:17.430367+00:00
2006,3,Gunungkidul,321.3,29,31,Open-Meteo ERA5 (ECMWF) reanalisis,2026-10-09T02:10:17.430367+00:00
2006,4,Gunungkidul,207.9,25,30,Open-Meteo ERA5 (ECMWF) reanalisis,2026-10-09T02:10:17.430367+00:00
2006,5,Gunungkidul,129.3,20,31,Open-Meteo ERA5 (ECMWF) reanalisis,2026-10-09T02:10:17.430367+00:00
2006,6,Gunungkidul,8.9,4,30,Open-Meteo ERA5 (ECMWF) reanalisis,2026-10-09T02:10:17.430367+00:00
2006,7,Gunungkidul,1.7,1,31,Open-Meteo ERA5 (ECMWF) reanalisis,2026-10-09T02:10:17.430367+00:00
2006,8,Gunungkidul,0.7,0,31,Open-Meteo ERA5 (ECMWF) reanalisis,2026-10-09T02:10:17.430367+00:00
2006,9,Gunungkidul,2.1,1,30,Open-Meteo ERA5 (ECMWF) reanalisis,2026-10-09T02:10:17.430367+00:00
2006,10,Gunungkidul,2.6,0,31,Open-Meteo ERA5 (ECMWF) reanalisis,2026-10-09T02:10:17.430367+00:00
2006,11,Gunungkidul,52.4,11,30,Open-Meteo ERA5 (ECMWF) reanalisis,2026-10-09T02:10:17.430367+00:00
2006,12,Gunungkidul,185.1,28,31,Open-Meteo ERA5 (ECMWF) reanalisis,2026-10-09T02:10:17.430367+00:00
2007,1,Gunungkidul,155.4,23,31,Open-Meteo ERA5 (ECMWF) reanalisis,2026-10-09T02:10:17.430367+00:00
2007,2,Gunungkidul,359.9,28,28,Open-Meteo ERA5 (ECMWF) reanalisis,2026-10-09T02:10:17.430367+00:00
2007,3,Gunungkidul,325.4,30,31,Open-Meteo ERA5 (ECMWF) reanalisis,2026-10-09T02:10:17.430367+00:00
2007,4,Gunungkidul,249.3,26,30,Open-Meteo ERA5 (ECMWF) reanalisis,2026-10-09T02:10:17.430367+00:00
2007,5,Gunungkidul,84.4,17,31,Open-Meteo ERA5 (ECMWF) reanalisis,2026-10-09T02:10:17.430367+00:00
2007,6,Gunungkidul,49.9,9,30,Open-Meteo ERA5 (ECMWF) reanalisis,2026-10-09T02:10:17.430367+00:00
2007,7,Gunungkidul,6.0,2,31,Open-Meteo ERA5 (ECMWF) reanalisis,2026-10-09T02:10:17.430367+00:00
2007,8,Gunungkidul,3.7,0,31,Open-Meteo ERA5 (ECMWF) reanalisis,2026-10-09T02:10:17.430367+00:00
2007,9,Gunungkidul,4.3,1,30,Open-Meteo ERA5 (ECMWF) reanalisis,2026-10-09T02:10:17.430367+00:00
2007,10,Gunungkidul,44.9,12,31,Open-Meteo ERA5 (ECMWF) reanalisis,2026-10-09T02:10:17.430367+00:00
2007,11,Gunungkidul,127.5,16,30,Open-Meteo ERA5 (ECMWF) reanalisis,2026-10-09T02:10:17.430367+00:00
2007,12,Gunungkidul,460.8,31,31,Open-Meteo ERA5 (ECMWF) reanalisis,2026-10-09T02:10:17.430367+00:00
2008,1,Gunungkidul,248.0,27,31,Open-Meteo ERA5 (ECMWF) reanalisis,2026-10-09T02:10:17.430367+00:00
2008,2,Gunungkidul,321.8,29,29,Open-Meteo ERA5 (ECMWF) reanalisis,2026-10-09T02:10:17.430367+00:00
2008,3,Gunungkidul,224.8,29,31,Open-Meteo ERA5 (ECMWF) reanalisis,2026-10-09T02:10:17.430367+00:00
2008,4,Gunungkidul,129.3,19,30,Open-Meteo ERA5 (ECMWF) reanalisis,2026-10-09T02:10:17.430367+00:00
2008,5,Gunungkidul,30.6,6,31,Open-Meteo ERA5 (ECMWF) reanalisis,2026-10-09T02:10:17.430367+00:00
2008,6,Gunungkidul,8.3,3,30,Open-Meteo ERA5 (ECMWF) reanalisis,2026-10-09T02:10:17.430367+00:00
2008,7,Gunungkidul,0.4,0,31,Open-Meteo ERA5 (ECMWF) reanalisis,2026-10-09T02:10:17.430367+00:00
2008,8,Gunungkidul,3.5,1,31,Open-Meteo ERA5 (ECMWF) reanalisis,2026-10-09T02:10:17.430367+00:00
2008,9,Gunungkidul,4.6,3,30,Open-Meteo ERA5 (ECMWF) reanalisis,2026-10-09T02:10:17.430367+00:00
2008,10,Gunungkidul,130.9,19,31,Open-Meteo ERA5 (ECMWF) reanalisis,2026-10-09T02:10:17.430367+00:00
2008,11,Gunungkidul,201.7,27,30,Open-Meteo ERA5 (ECMWF) reanalisis,2026-10-09T02:10:17.430367+00:00
2008,12,Gunungkidul,234.7,29,31,Open-Meteo ERA5 (ECMWF) reanalisis,2026-10-09T02:10:17.430367+00:00
2009,1,Gunungkidul,259.2,26,31,Open-Meteo ERA5 (ECMWF) reanalisis,2026-10-09T02:10:17.430367+00:00
2009,2,Gunungkidul,352.9,25,28,Open-Meteo ERA5 (ECMWF) reanalisis,2026-10-09T02:10:17.430367+00:00
2009,3,Gunungkidul,160.1,24,31,Open-Meteo ERA5 (ECMWF) reanalisis,2026-10-09T02:10:17.430367+00:00
2009,4,Gunungkidul,143.5,23,30,Open-Meteo ERA5 (ECMWF) reanalisis,2026-10-09T02:10:17.430367+00:00
2009,5,Gunungkidul,114.7,22,31,Open-Meteo ERA5 (ECMWF) reanalisis,2026-10-09T02:10:17.430367+00:00
2009,6,Gunungkidul,32.3,8,30,Open-Meteo ERA5 (ECMWF) reanalisis,2026-10-09T02:10:17.430367+00:00
2009,7,Gunungkidul,6.4,4,31,Open-Meteo ERA5 (ECMWF) reanalisis,2026-10-09T02:10:17.430367+00:00
2009,8,Gunungkidul,0.6,0,31,Open-Meteo ERA5 (ECMWF) reanalisis,2026-10-09T02:10:17.430367+00:00
2009,9,Gunungkidul,17.8,10,30,Open-Meteo ERA5 (ECMWF) reanalisis,2026-10-09T02:10:17.430367+00:00
2009,10,Gunungkidul,40.6,12,31,Open-Meteo ERA5 (ECMWF) reanalisis,2026-10-09T02:10:17.430367+00:00
2009,11,Gunungkidul,143.8,16,30,Open-Meteo ERA5 (ECMWF) reanalisis,2026-10-09T02:10:17.430367+00:00
2009,12,Gunungkidul,136.3,19,31,Open-Meteo ERA5 (ECMWF) reanalisis,2026-10-09T02:10:17.430367+00:00
2010,1,Gunungkidul,258.3,31,31,Open-Meteo ERA5 (ECMWF) reanalisis,2026-10-09T02:10:17.430367+00:00
2010,2,Gunungkidul,241.6,27,28,Open-Meteo ERA5 (ECMWF) reanalisis,2026-10-09T02:10:17.430367+00:00
2010,3,Gunungkidul,279.4,31,31,Open-Meteo ERA5 (ECMWF) reanalisis,2026-10-09T02:10:17.430367+00:00
2010,4,Gunungkidul,236.8,27,30,Open-Meteo ERA5 (ECMWF) reanalisis,2026-10-09T02:10:17.430367+00:00
2010,5,Gunungkidul,422.2,30,31,Open-Meteo ERA5 (ECMWF) reanalisis,2026-10-09T02:10:17.430367+00:00
2010,6,Gunungkidul,64.9,13,30,Open-Meteo ERA5 (ECMWF) reanalisis,2026-10-09T02:10:17.430367+00:00
2010,7,Gunungkidul,67.4,12,31,Open-Meteo ERA5 (ECMWF) reanalisis,2026-10-09T02:10:17.430367+00:00
2010,8,Gunungkidul,32.5,4,31,Open-Meteo ERA5 (ECMWF) reanalisis,2026-10-09T02:10:17.430367+00:00
2010,9,Gunungkidul,202.0,23,30,Open-Meteo ERA5 (ECMWF) reanalisis,2026-10-09T02:10:17.430367+00:00
2010,10,Gunungkidul,106.5,22,31,Open-Meteo ERA5 (ECMWF) reanalisis,2026-10-09T02:10:17.430367+00:00
2010,11,Gunungkidul,201.6,27,30,Open-Meteo ERA5 (ECMWF) reanalisis,2026-10-09T02:10:17.430367+00:00
2010,12,Gunungkidul,476.3,28,31,Open-Meteo ERA5 (ECMWF) reanalisis,2026-10-09T02:10:17.430367+00:00
2011,1,Gunungkidul,318.2,28,31,Open-Meteo ERA5 (ECMWF) reanalisis,2026-10-09T02:10:17.430367+00:00
2011,2,Gunungkidul,228.4,20,28,Open-Meteo ERA5 (ECMWF) reanalisis,2026-10-09T02:10:17.430367+00:00
2011,3,Gunungkidul,195.0,31,31,Open-Meteo ERA5 (ECMWF) reanalisis,2026-10-09T02:10:17.430367+00:00
2011,4,Gunungkidul,276.0,30,30,Open-Meteo ERA5 (ECMWF) reanalisis,2026-10-09T02:10:17.430367+00:00
2011,5,Gunungkidul,163.8,19,31,Open-Meteo ERA5 (ECMWF) reanalisis,2026-10-09T02:10:17.430367+00:00
2011,6,Gunungkidul,5.7,2,30,Open-Meteo ERA5 (ECMWF) reanalisis,2026-10-09T02:10:17.430367+00:00
2011,7,Gunungkidul,3.3,1,31,Open-Meteo ERA5 (ECMWF) reanalisis,2026-10-09T02:10:17.430367+00:00
2011,8,Gunungkidul,1.1,0,31,Open-Meteo ERA5 (ECMWF) reanalisis,2026-10-09T02:10:17.430367+00:00
2011,9,Gunungkidul,3.0,1,30,Open-Meteo ERA5 (ECMWF) reanalisis,2026-10-09T02:10:17.430367+00:00
2011,10,Gunungkidul,30.5,9,31,Open-Meteo ERA5 (ECMWF) reanalisis,2026-10-09T02:10:17.430367+00:00
2011,11,Gunungkidul,275.7,27,30,Open-Meteo ERA5 (ECMWF) reanalisis,2026-10-09T02:10:17.430367+00:00
2011,12,Gunungkidul,298.2,29,31,Open-Meteo ERA5 (ECMWF) reanalisis,2026-10-09T02:10:17.430367+00:00
2012,1,Gunungkidul,325.1,30,31,Open-Meteo ERA5 (ECMWF) reanalisis,2026-10-09T02:10:17.430367+00:00
2012,2,Gunungkidul,232.6,26,29,Open-Meteo ERA5 (ECMWF) reanalisis,2026-10-09T02:10:17.430367+00:00
2012,3,Gunungkidul,291.0,27,31,Open-Meteo ERA5 (ECMWF) reanalisis,2026-10-09T02:10:17.430367+00:00
2012,4,Gunungkidul,159.4,17,30,Open-Meteo ERA5 (ECMWF) reanalisis,2026-10-09T02:10:17.430367+00:00
2012,5,Gunungkidul,90.9,12,31,Open-Meteo ERA5 (ECMWF) reanalisis,2026-10-09T02:10:17.430367+00:00
2012,6,Gunungkidul,22.0,5,30,Open-Meteo ERA5 (ECMWF) reanalisis,2026-10-09T02:10:17.430367+00:00
2012,7,Gunungkidul,3.5,1,31,Open-Meteo ERA5 (ECMWF) reanalisis,2026-10-09T02:10:17.430367+00:00
2012,8,Gunungkidul,1.9,0,31,Open-Meteo ERA5 (ECMWF) reanalisis,2026-10-09T02:10:17.430367+00:00
2012,9,Gunungkidul,4.0,0,30,Open-Meteo ERA5 (ECMWF) reanalisis,2026-10-09T02:10:17.430367+00:00
2012,10,Gunungkidul,22.1,7,31,Open-Meteo ERA5 (ECMWF) reanalisis,2026-10-09T02:10:17.430367+00:00
2012,11,Gunungkidul,124.3,24,30,Open-Meteo ERA5 (ECMWF) reanalisis,2026-10-09T02:10:17.430367+00:00
2012,12,Gunungkidul,424.0,31,31,Open-Meteo ERA5 (ECMWF) reanalisis,2026-10-09T02:10:17.430367+00:00
2013,1,Gunungkidul,344.5,31,31,Open-Meteo ERA5 (ECMWF) reanalisis,2026-10-09T02:10:17.430367+00:00
2013,2,Gunungkidul,267.2,23,28,Open-Meteo ERA5 (ECMWF) reanalisis,2026-10-09T02:10:17.430367+00:00
2013,3,Gunungkidul,189.1,25,31,Open-Meteo ERA5 (ECMWF) reanalisis,2026-10-09T02:10:17.430367+00:00
2013,4,Gunungkidul,163.1,21,30,Open-Meteo ERA5 (ECMWF) reanalisis,2026-10-09T02:10:17.430367+00:00
2013,5,Gunungkidul,160.1,23,31,Open-Meteo ERA5 (ECMWF) reanalisis,2026-10-09T02:10:17.430367+00:00
2013,6,Gunungkidul,187.6,25,30,Open-Meteo ERA5 (ECMWF) reanalisis,2026-10-09T02:10:17.430367+00:00
2013,7,Gunungkidul,54.5,12,31,Open-Meteo ERA5 (ECMWF) reanalisis,2026-10-09T02:10:17.430367+00:00
2013,8,Gunungkidul,1.4,0,31,Open-Meteo ERA5 (ECMWF) reanalisis,2026-10-09T02:10:17.430367+00:00
2013,9,Gunungkidul,2.6,1,30,Open-Meteo ERA5 (ECMWF) reanalisis,2026-10-09T02:10:17.430367+00:00
2013,10,Gunungkidul,37.2,9,31,Open-Meteo ERA5 (ECMWF) reanalisis,2026-10-09T02:10:17.430367+00:00
2013,11,Gunungkidul,184.0,25,30,Open-Meteo ERA5 (ECMWF) reanalisis,2026-10-09T02:10:17.430367+00:00
2013,12,Gunungkidul,381.9,29,31,Open-Meteo ERA5 (ECMWF) reanalisis,2026-10-09T02:10:17.430367+00:00
2014,1,Gunungkidul,435.5,31,31,Open-Meteo ERA5 (ECMWF) reanalisis,2026-10-09T02:10:17.430367+00:00
2014,2,Gunungkidul,267.8,21,28,Open-Meteo ERA5 (ECMWF) reanalisis,2026-10-09T02:10:17.430367+00:00
2014,3,Gunungkidul,126.2,27,31,Open-Meteo ERA5 (ECMWF) reanalisis,2026-10-09T02:10:17.430367+00:00
2014,4,Gunungkidul,153.8,24,30,Open-Meteo ERA5 (ECMWF) reanalisis,2026-10-09T02:10:17.430367+00:00
2014,5,Gunungkidul,55.7,10,31,Open-Meteo ERA5 (ECMWF) reanalisis,2026-10-09T02:10:17.430367+00:00
2014,6,Gunungkidul,65.5,10,30,Open-Meteo ERA5 (ECMWF) reanalisis,2026-10-09T02:10:17.430367+00:00
2014,7,Gunungkidul,30.4,6,31,Open-Meteo ERA5 (ECMWF) reanalisis,2026-10-09T02:10:17.430367+00:00
2014,8,Gunungkidul,2.5,1,31,Open-Meteo ERA5 (ECMWF) reanalisis,2026-10-09T02:10:17.430367+00:00
2014,9,Gunungkidul,1.4,0,30,Open-Meteo ERA5 (ECMWF) reanalisis,2026-10-09T02:10:17.430367+00:00
2014,10,Gunungkidul,7.1,1,31,Open-Meteo ERA5 (ECMWF) reanalisis,2026-10-09T02:10:17.430367+00:00
2014,11,Gunungkidul,134.6,23,30,Open-Meteo ERA5 (ECMWF) reanalisis,2026-10-09T02:10:17.430367+00:00
2014,12,Gunungkidul,349.5,31,31,Open-Meteo ERA5 (ECMWF) reanalisis,2026-10-09T02:10:17.430367+00:00
2015,1,Gunungkidul,210.5,28,31,Open-Meteo ERA5 (ECMWF) reanalisis,2026-10-09T02:10:17.430367+00:00
2015,2,Gunungkidul,313.8,23,28,Open-Meteo ERA5 (ECMWF) reanalisis,2026-10-09T02:10:17.430367+00:00
2015,3,Gunungkidul,239.6,29,31,Open-Meteo ERA5 (ECMWF) reanalisis,2026-10-09T02:10:17.430367+00:00
2015,4,Gunungkidul,278.0,28,30,Open-Meteo ERA5 (ECMWF) reanalisis,2026-10-09T02:10:17.430367+00:00
2015,5,Gunungkidul,70.1,10,31,Open-Meteo ERA5 (ECMWF) reanalisis,2026-10-09T02:10:17.430367+00:00
2015,6,Gunungkidul,7.6,3,30,Open-Meteo ERA5 (ECMWF) reanalisis,2026-10-09T02:10:17.430367+00:00
2015,7,Gunungkidul,1.0,0,31,Open-Meteo ERA5 (ECMWF) reanalisis,2026-10-09T02:10:17.430367+00:00
2015,8,Gunungkidul,0.9,0,31,Open-Meteo ERA5 (ECMWF) reanalisis,2026-10-09T02:10:17.430367+00:00
2015,9,Gunungkidul,0.6,0,30,Open-Meteo ERA5 (ECMWF) reanalisis,2026-10-09T02:10:17.430367+00:00
2015,10,Gunungkidul,1.4,0,31,Open-Meteo ERA5 (ECMWF) reanalisis,2026-10-09T02:10:17.430367+00:00
2015,11,Gunungkidul,69.9,16,30,Open-Meteo ERA5 (ECMWF) reanalisis,2026-10-09T02:10:17.430367+00:00
2015,12,Gunungkidul,295.6,24,31,Open-Meteo ERA5 (ECMWF) reanalisis,2026-10-09T02:10:17.430367+00:00
2016,1,Gunungkidul,204.0,26,31,Open-Meteo ERA5 (ECMWF) reanalisis,2026-10-09T02:10:17.430367+00:00
2016,2,Gunungkidul,477.9,28,29,Open-Meteo ERA5 (ECMWF) reanalisis,2026-10-09T02:10:17.430367+00:00
2016,3,Gunungkidul,211.6,29,31,Open-Meteo ERA5 (ECMWF) reanalisis,2026-10-09T02:10:17.430367+00:00
2016,4,Gunungkidul,226.2,24,30,Open-Meteo ERA5 (ECMWF) reanalisis,2026-10-09T02:10:17.430367+00:00
2016,5,Gunungkidul,153.2,25,31,Open-Meteo ERA5 (ECMWF) reanalisis,2026-10-09T02:10:17.430367+00:00
2016,6,Gunungkidul,314.6,22,30,Open-Meteo ERA5 (ECMWF) reanalisis,2026-10-09T02:10:17.430367+00:00
2016,7,Gunungkidul,68.0,15,31,Open-Meteo ERA5 (ECMWF) reanalisis,2026-10-09T02:10:17.430367+00:00
2016,8,Gunungkidul,36.3,13,31,Open-Meteo ERA5 (ECMWF) reanalisis,2026-10-09T02:10:17.430367+00:00
2016,9,Gunungkidul,142.3,21,30,Open-Meteo ERA5 (ECMWF) reanalisis,2026-10-09T02:10:17.430367+00:00
2016,10,Gunungkidul,347.1,26,31,Open-Meteo ERA5 (ECMWF) reanalisis,2026-10-09T02:10:17.430367+00:00
2016,11,Gunungkidul,295.6,30,30,Open-Meteo ERA5 (ECMWF) reanalisis,2026-10-09T02:10:17.430367+00:00
2016,12,Gunungkidul,365.1,31,31,Open-Meteo ERA5 (ECMWF) reanalisis,2026-10-09T02:10:17.430367+00:00
2017,1,Gunungkidul,316.2,31,31,Open-Meteo ERA5 (ECMWF) reanalisis,2026-10-09T02:10:17.430367+00:00
2017,2,Gunungkidul,327.6,28,28,Open-Meteo ERA5 (ECMWF) reanalisis,2026-10-09T02:10:17.430367+00:00
2017,3,Gunungkidul,220.1,30,31,Open-Meteo ERA5 (ECMWF) reanalisis,2026-10-09T02:10:17.430367+00:00
2017,4,Gunungkidul,320.5,26,30,Open-Meteo ERA5 (ECMWF) reanalisis,2026-10-09T02:10:17.430367+00:00
2017,5,Gunungkidul,88.3,16,31,Open-Meteo ERA5 (ECMWF) reanalisis,2026-10-09T02:10:17.430367+00:00
2017,6,Gunungkidul,62.1,17,30,Open-Meteo ERA5 (ECMWF) reanalisis,2026-10-09T02:10:17.430367+00:00
2017,7,Gunungkidul,26.1,9,31,Open-Meteo ERA5 (ECMWF) reanalisis,2026-10-09T02:10:17.430367+00:00
2017,8,Gunungkidul,5.3,1,31,Open-Meteo ERA5 (ECMWF) reanalisis,2026-10-09T02:10:17.430367+00:00
2017,9,Gunungkidul,70.4,9,30,Open-Meteo ERA5 (ECMWF) reanalisis,2026-10-09T02:10:17.430367+00:00
2017,10,Gunungkidul,104.9,22,31,Open-Meteo ERA5 (ECMWF) reanalisis,2026-10-09T02:10:17.430367+00:00
2017,11,Gunungkidul,741.3,28,30,Open-Meteo ERA5 (ECMWF) reanalisis,2026-10-09T02:10:17.430367+00:00
2017,12,Gunungkidul,199.7,24,31,Open-Meteo ERA5 (ECMWF) reanalisis,2026-10-09T02:10:17.430367+00:00
2018,1,Gunungkidul,424.3,31,31,Open-Meteo ERA5 (ECMWF) reanalisis,2026-10-09T02:10:17.430367+00:00
2018,2,Gunungkidul,254.3,26,28,Open-Meteo ERA5 (ECMWF) reanalisis,2026-10-09T02:10:17.430367+00:00
2018,3,Gunungkidul,253.3,26,31,Open-Meteo ERA5 (ECMWF) reanalisis,2026-10-09T02:10:17.430367+00:00
2018,4,Gunungkidul,155.7,23,30,Open-Meteo ERA5 (ECMWF) reanalisis,2026-10-09T02:10:17.430367+00:00
2018,5,Gunungkidul,41.5,9,31,Open-Meteo ERA5 (ECMWF) reanalisis,2026-10-09T02:10:17.430367+00:00
2018,6,Gunungkidul,19.9,7,30,Open-Meteo ERA5 (ECMWF) reanalisis,2026-10-09T02:10:17.430367+00:00
2018,7,Gunungkidul,2.9,1,31,Open-Meteo ERA5 (ECMWF) reanalisis,2026-10-09T02:10:17.430367+00:00
2018,8,Gunungkidul,8.8,2,31,Open-Meteo ERA5 (ECMWF) reanalisis,2026-10-09T02:10:17.430367+00:00
2018,9,Gunungkidul,28.0,11,30,Open-Meteo ERA5 (ECMWF) reanalisis,2026-10-09T02:10:17.430367+00:00
2018,10,Gunungkidul,21.7,10,31,Open-Meteo ERA5 (ECMWF) reanalisis,2026-10-09T02:10:17.430367+00:00
2018,11,Gunungkidul,220.1,25,30,Open-Meteo ERA5 (ECMWF) reanalisis,2026-10-09T02:10:17.430367+00:00
2018,12,Gunungkidul,231.1,27,31,Open-Meteo ERA5 (ECMWF) reanalisis,2026-10-09T02:10:17.430367+00:00
2019,1,Gunungkidul,501.1,29,31,Open-Meteo ERA5 (ECMWF) reanalisis,2026-10-09T02:10:17.430367+00:00
2019,2,Gunungkidul,242.0,28,28,Open-Meteo ERA5 (ECMWF) reanalisis,2026-10-09T02:10:17.430367+00:00
2019,3,Gunungkidul,550.9,29,31,Open-Meteo ERA5 (ECMWF) reanalisis,2026-10-09T02:10:17.430367+00:00
2019,4,Gunungkidul,210.7,28,30,Open-Meteo ERA5 (ECMWF) reanalisis,2026-10-09T02:10:17.430367+00:00
2019,5,Gunungkidul,32.0,15,31,Open-Meteo ERA5 (ECMWF) reanalisis,2026-10-09T02:10:17.430367+00:00
2019,6,Gunungkidul,3.9,1,30,Open-Meteo ERA5 (ECMWF) reanalisis,2026-10-09T02:10:17.430367+00:00
2019,7,Gunungkidul,3.8,1,31,Open-Meteo ERA5 (ECMWF) reanalisis,2026-10-09T02:10:17.430367+00:00
2019,8,Gunungkidul,6.3,3,31,Open-Meteo ERA5 (ECMWF) reanalisis,2026-10-09T02:10:17.430367+00:00
2019,9,Gunungkidul,2.0,0,30,Open-Meteo ERA5 (ECMWF) reanalisis,2026-10-09T02:10:17.430367+00:00
2019,10,Gunungkidul,18.0,8,31,Open-Meteo ERA5 (ECMWF) reanalisis,2026-10-09T02:10:17.430367+00:00
2019,11,Gunungkidul,86.9,17,30,Open-Meteo ERA5 (ECMWF) reanalisis,2026-10-09T02:10:17.430367+00:00
2019,12,Gunungkidul,300.3,30,31,Open-Meteo ERA5 (ECMWF) reanalisis,2026-10-09T02:10:17.430367+00:00
2020,1,Gunungkidul,293.7,27,31,Open-Meteo ERA5 (ECMWF) reanalisis,2026-10-09T02:10:17.430367+00:00
2020,2,Gunungkidul,378.4,29,29,Open-Meteo ERA5 (ECMWF) reanalisis,2026-10-09T02:10:17.430367+00:00
2020,3,Gunungkidul,502.3,30,31,Open-Meteo ERA5 (ECMWF) reanalisis,2026-10-09T02:10:17.430367+00:00
2020,4,Gunungkidul,318.1,29,30,Open-Meteo ERA5 (ECMWF) reanalisis,2026-10-09T02:10:17.430367+00:00
2020,5,Gunungkidul,240.7,25,31,Open-Meteo ERA5 (ECMWF) reanalisis,2026-10-09T02:10:17.430367+00:00
2020,6,Gunungkidul,63.5,14,30,Open-Meteo ERA5 (ECMWF) reanalisis,2026-10-09T02:10:17.430367+00:00
2020,7,Gunungkidul,24.3,7,31,Open-Meteo ERA5 (ECMWF) reanalisis,2026-10-09T02:10:17.430367+00:00
2020,8,Gunungkidul,27.1,8,31,Open-Meteo ERA5 (ECMWF) reanalisis,2026-10-09T02:10:17.430367+00:00
2020,9,Gunungkidul,37.5,8,30,Open-Meteo ERA5 (ECMWF) reanalisis,2026-10-09T02:10:17.430367+00:00
2020,10,Gunungkidul,208.5,26,31,Open-Meteo ERA5 (ECMWF) reanalisis,2026-10-09T02:10:17.430367+00:00
2020,11,Gunungkidul,306.8,26,30,Open-Meteo ERA5 (ECMWF) reanalisis,2026-10-09T02:10:17.430367+00:00
2020,12,Gunungkidul,409.7,30,31,Open-Meteo ERA5 (ECMWF) reanalisis,2026-10-09T02:10:17.430367+00:00
2021,1,Gunungkidul,420.3,29,31,Open-Meteo ERA5 (ECMWF) reanalisis,2026-10-09T02:10:17.430367+00:00
2021,2,Gunungkidul,405.0,27,28,Open-Meteo ERA5 (ECMWF) reanalisis,2026-10-09T02:10:17.430367+00:00
2021,3,Gunungkidul,227.0,29,31,Open-Meteo ERA5 (ECMWF) reanalisis,2026-10-09T02:10:17.430367+00:00
2021,4,Gunungkidul,217.8,22,30,Open-Meteo ERA5 (ECMWF) reanalisis,2026-10-09T02:10:17.430367+00:00
2021,5,Gunungkidul,66.4,20,31,Open-Meteo ERA5 (ECMWF) reanalisis,2026-10-09T02:10:17.430367+00:00
2021,6,Gunungkidul,344.4,24,30,Open-Meteo ERA5 (ECMWF) reanalisis,2026-10-09T02:10:17.430367+00:00
2021,7,Gunungkidul,20.7,8,31,Open-Meteo ERA5 (ECMWF) reanalisis,2026-10-09T02:10:17.430367+00:00
2021,8,Gunungkidul,33.4,10,31,Open-Meteo ERA5 (ECMWF) reanalisis,2026-10-09T02:10:17.430367+00:00
2021,9,Gunungkidul,70.8,19,30,Open-Meteo ERA5 (ECMWF) reanalisis,2026-10-09T02:10:17.430367+00:00
2021,10,Gunungkidul,164.8,21,31,Open-Meteo ERA5 (ECMWF) reanalisis,2026-10-09T02:10:17.430367+00:00
2021,11,Gunungkidul,472.3,28,30,Open-Meteo ERA5 (ECMWF) reanalisis,2026-10-09T02:10:17.430367+00:00
2021,12,Gunungkidul,347.5,29,31,Open-Meteo ERA5 (ECMWF) reanalisis,2026-10-09T02:10:17.430367+00:00
2022,1,Gunungkidul,229.3,26,31,Open-Meteo ERA5 (ECMWF) reanalisis,2026-10-09T02:10:17.430367+00:00
2022,2,Gunungkidul,330.6,27,28,Open-Meteo ERA5 (ECMWF) reanalisis,2026-10-09T02:10:17.430367+00:00
2022,3,Gunungkidul,419.0,31,31,Open-Meteo ERA5 (ECMWF) reanalisis,2026-10-09T02:10:17.430367+00:00
2022,4,Gunungkidul,296.6,28,30,Open-Meteo ERA5 (ECMWF) reanalisis,2026-10-09T02:10:17.430367+00:00
2022,5,Gunungkidul,254.8,29,31,Open-Meteo ERA5 (ECMWF) reanalisis,2026-10-09T02:10:17.430367+00:00
2022,6,Gunungkidul,207.3,25,30,Open-Meteo ERA5 (ECMWF) reanalisis,2026-10-09T02:10:17.430367+00:00
2022,7,Gunungkidul,53.1,16,31,Open-Meteo ERA5 (ECMWF) reanalisis,2026-10-09T02:10:17.430367+00:00
2022,8,Gunungkidul,103.0,16,31,Open-Meteo ERA5 (ECMWF) reanalisis,2026-10-09T02:10:17.430367+00:00
2022,9,Gunungkidul,141.7,23,30,Open-Meteo ERA5 (ECMWF) reanalisis,2026-10-09T02:10:17.430367+00:00
2022,10,Gunungkidul,278.5,29,31,Open-Meteo ERA5 (ECMWF) reanalisis,2026-10-09T02:10:17.430367+00:00
2022,11,Gunungkidul,450.8,29,30,Open-Meteo ERA5 (ECMWF) reanalisis,2026-10-09T02:10:17.430367+00:00
2022,12,Gunungkidul,330.0,29,31,Open-Meteo ERA5 (ECMWF) reanalisis,2026-10-09T02:10:17.430367+00:00
2023,1,Gunungkidul,187.9,26,31,Open-Meteo ERA5 (ECMWF) reanalisis,2026-10-09T02:10:17.430367+00:00
2023,2,Gunungkidul,366.3,28,28,Open-Meteo ERA5 (ECMWF) reanalisis,2026-10-09T02:10:17.430367+00:00
2023,3,Gunungkidul,237.4,30,31,Open-Meteo ERA5 (ECMWF) reanalisis,2026-10-09T02:10:17.430367+00:00
2023,4,Gunungkidul,201.0,25,30,Open-Meteo ERA5 (ECMWF) reanalisis,2026-10-09T02:10:17.430367+00:00
2023,5,Gunungkidul,144.0,12,31,Open-Meteo ERA5 (ECMWF) reanalisis,2026-10-09T02:10:17.430367+00:00
2023,6,Gunungkidul,39.5,15,30,Open-Meteo ERA5 (ECMWF) reanalisis,2026-10-09T02:10:17.430367+00:00
2023,7,Gunungkidul,46.6,7,31,Open-Meteo ERA5 (ECMWF) reanalisis,2026-10-09T02:10:17.430367+00:00
2023,8,Gunungkidul,4.0,2,31,Open-Meteo ERA5 (ECMWF) reanalisis,2026-10-09T02:10:17.430367+00:00
2023,9,Gunungkidul,4.1,0,30,Open-Meteo ERA5 (ECMWF) reanalisis,2026-10-09T02:10:17.430367+00:00
2023,10,Gunungkidul,37.1,15,31,Open-Meteo ERA5 (ECMWF) reanalisis,2026-10-09T02:10:17.430367+00:00
2023,11,Gunungkidul,108.5,22,30,Open-Meteo ERA5 (ECMWF) reanalisis,2026-10-09T02:10:17.430367+00:00
2023,12,Gunungkidul,126.4,19,31,Open-Meteo ERA5 (ECMWF) reanalisis,2026-10-09T02:10:17.430367+00:00
2024,1,Gunungkidul,350.7,29,31,Open-Meteo ERA5 (ECMWF) reanalisis,2026-10-09T02:10:17.430367+00:00
2024,2,Gunungkidul,263.4,25,29,Open-Meteo ERA5 (ECMWF) reanalisis,2026-10-09T02:10:17.430367+00:00
2024,3,Gunungkidul,289.7,26,31,Open-Meteo ERA5 (ECMWF) reanalisis,2026-10-09T02:10:17.430367+00:00
2024,4,Gunungkidul,301.1,28,30,Open-Meteo ERA5 (ECMWF) reanalisis,2026-10-09T02:10:17.430367+00:00
2024,5,Gunungkidul,69.3,13,31,Open-Meteo ERA5 (ECMWF) reanalisis,2026-10-09T02:10:17.430367+00:00
2024,6,Gunungkidul,45.5,17,30,Open-Meteo ERA5 (ECMWF) reanalisis,2026-10-09T02:10:17.430367+00:00
2024,7,Gunungkidul,24.4,4,31,Open-Meteo ERA5 (ECMWF) reanalisis,2026-10-09T02:10:17.430367+00:00
2024,8,Gunungkidul,13.2,7,31,Open-Meteo ERA5 (ECMWF) reanalisis,2026-10-09T02:10:17.430367+00:00
2024,9,Gunungkidul,83.0,14,30,Open-Meteo ERA5 (ECMWF) reanalisis,2026-10-09T02:10:17.430367+00:00
2024,10,Gunungkidul,68.2,18,31,Open-Meteo ERA5 (ECMWF) reanalisis,2026-10-09T02:10:17.430367+00:00
2024,11,Gunungkidul,456.3,30,30,Open-Meteo ERA5 (ECMWF) reanalisis,2026-10-09T02:10:17.430367+00:00
2024,12,Gunungkidul,396.3,30,31,Open-Meteo ERA5 (ECMWF) reanalisis,2026-10-09T02:10:17.430367+00:00
2025,1,Gunungkidul,380.2,29,31,Open-Meteo ERA5 (ECMWF) reanalisis,2026-10-09T02:10:17.430367+00:00
2025,2,Gunungkidul,301.4,23,28,Open-Meteo ERA5 (ECMWF) reanalisis,2026-10-09T02:10:17.430367+00:00
2025,3,Gunungkidul,348.5,26,31,Open-Meteo ERA5 (ECMWF) reanalisis,2026-10-09T02:10:17.430367+00:00
2025,4,Gunungkidul,171.6,20,30,Open-Meteo ERA5 (ECMWF) reanalisis,2026-10-09T02:10:17.430367+00:00
2025,5,Gunungkidul,431.3,28,31,Open-Meteo ERA5 (ECMWF) reanalisis,2026-10-09T02:10:17.430367+00:00
2025,6,Gunungkidul,113.2,18,30,Open-Meteo ERA5 (ECMWF) reanalisis,2026-10-09T02:10:17.430367+00:00
2025,7,Gunungkidul,42.2,13,31,Open-Meteo ERA5 (ECMWF) reanalisis,2026-10-09T02:10:17.430367+00:00
2025,8,Gunungkidul,104.2,16,31,Open-Meteo ERA5 (ECMWF) reanalisis,2026-10-09T02:10:17.430367+00:00
2025,9,Gunungkidul,101.3,20,30,Open-Meteo ERA5 (ECMWF) reanalisis,2026-10-09T02:10:17.430367+00:00
2025,10,Gunungkidul,301.7,28,31,Open-Meteo ERA5 (ECMWF) reanalisis,2026-10-09T02:10:17.430367+00:00
2025,11,Gunungkidul,375.9,26,30,Open-Meteo ERA5 (ECMWF) reanalisis,2026-10-09T02:10:17.430367+00:00
2025,12,Gunungkidul,159.5,22,31,Open-Meteo ERA5 (ECMWF) reanalisis,2026-10-09T02:10:17.430367+00:00
2026,1,Gunungkidul,388.0,29,31,Open-Meteo ERA5 (ECMWF) reanalisis,2026-10-09T02:10:17.430367+00:00
2026,2,Gunungkidul,371.0,27,28,Open-Meteo ERA5 (ECMWF) reanalisis,2026-10-09T02:10:17.430367+00:00
2026,3,Gunungkidul,266.3,25,31,Open-Meteo ERA5 (ECMWF) reanalisis,2026-10-09T02:10:17.430367+00:00
2026,4,Gunungkidul,331.3,25,30,Open-Meteo ERA5 (ECMWF) reanalisis,2026-10-09T02:10:17.430367+00:00
2026,5,Gunungkidul,81.3,22,31,Open-Meteo ERA5 (ECMWF) reanalisis,2026-10-09T02:10:17.430367+00:00
2026,6,Gunungkidul,55.4,11,30,Open-Meteo ERA5 (ECMWF) reanalisis,2026-10-09T02:10:17.430367+00:00
2026,7,Gunungkidul,6.2,3,31,Open-Meteo ERA5 (ECMWF) reanalisis,2026-10-09T02:10:17.430367+00:00
2026,8,Gunungkidul,9.5,3,31,Open-Meteo ERA5 (ECMWF) reanalisis,2026-10-09T02:10:17.430367+00:00
2026,9,Gunungkidul,12.4,7,30,Open-Meteo ERA5 (ECMWF) reanalisis,2026-10-09T02:10:17.430367+00:00
2026,10,Gunungkidul,2.8,2,3,Open-Meteo ERA5 (ECMWF) reanalisis,2026-10-09T02:10:17.430367+00:00
1991,1,Kota Yogyakarta,373.4,30,31,Open-Meteo ERA5 (ECMWF) reanalisis,2026-10-09T02:10:17.430367+00:00
1991,2,Kota Yogyakarta,165.9,28,28,Open-Meteo ERA5 (ECMWF) reanalisis,2026-10-09T02:10:17.430367+00:00
1991,3,Kota Yogyakarta,263.3,26,31,Open-Meteo ERA5 (ECMWF) reanalisis,2026-10-09T02:10:17.430367+00:00
1991,4,Kota Yogyakarta,302.6,29,30,Open-Meteo ERA5 (ECMWF) reanalisis,2026-10-09T02:10:17.430367+00:00
1991,5,Kota Yogyakarta,73.5,8,31,Open-Meteo ERA5 (ECMWF) reanalisis,2026-10-09T02:10:17.430367+00:00
1991,6,Kota Yogyakarta,16.8,6,30,Open-Meteo ERA5 (ECMWF) reanalisis,2026-10-09T02:10:17.430367+00:00
1991,7,Kota Yogyakarta,17.3,6,31,Open-Meteo ERA5 (ECMWF) reanalisis,2026-10-09T02:10:17.430367+00:00
1991,8,Kota Yogyakarta,1.7,0,31,Open-Meteo ERA5 (ECMWF) reanalisis,2026-10-09T02:10:17.430367+00:00
1991,9,Kota Yogyakarta,13.9,5,30,Open-Meteo ERA5 (ECMWF) reanalisis,2026-10-09T02:10:17.430367+00:00
1991,10,Kota Yogyakarta,39.2,9,31,Open-Meteo ERA5 (ECMWF) reanalisis,2026-10-09T02:10:17.430367+00:00
1991,11,Kota Yogyakarta,431.7,29,30,Open-Meteo ERA5 (ECMWF) reanalisis,2026-10-09T02:10:17.430367+00:00
1991,12,Kota Yogyakarta,613.6,30,31,Open-Meteo ERA5 (ECMWF) reanalisis,2026-10-09T02:10:17.430367+00:00
1992,1,Kota Yogyakarta,482.4,31,31,Open-Meteo ERA5 (ECMWF) reanalisis,2026-10-09T02:10:17.430367+00:00
1992,2,Kota Yogyakarta,343.8,27,29,Open-Meteo ERA5 (ECMWF) reanalisis,2026-10-09T02:10:17.430367+00:00
1992,3,Kota Yogyakarta,388.1,30,31,Open-Meteo ERA5 (ECMWF) reanalisis,2026-10-09T02:10:17.430367+00:00
1992,4,Kota Yogyakarta,352.0,29,30,Open-Meteo ERA5 (ECMWF) reanalisis,2026-10-09T02:10:17.430367+00:00
1992,5,Kota Yogyakarta,163.5,25,31,Open-Meteo ERA5 (ECMWF) reanalisis,2026-10-09T02:10:17.430367+00:00
1992,6,Kota Yogyakarta,65.0,15,30,Open-Meteo ERA5 (ECMWF) reanalisis,2026-10-09T02:10:17.430367+00:00
1992,7,Kota Yogyakarta,58.8,11,31,Open-Meteo ERA5 (ECMWF) reanalisis,2026-10-09T02:10:17.430367+00:00
1992,8,Kota Yogyakarta,373.1,17,31,Open-Meteo ERA5 (ECMWF) reanalisis,2026-10-09T02:10:17.430367+00:00
1992,9,Kota Yogyakarta,215.8,24,30,Open-Meteo ERA5 (ECMWF) reanalisis,2026-10-09T02:10:17.430367+00:00
1992,10,Kota Yogyakarta,368.1,30,31,Open-Meteo ERA5 (ECMWF) reanalisis,2026-10-09T02:10:17.430367+00:00
1992,11,Kota Yogyakarta,397.3,29,30,Open-Meteo ERA5 (ECMWF) reanalisis,2026-10-09T02:10:17.430367+00:00
1992,12,Kota Yogyakarta,386.8,29,31,Open-Meteo ERA5 (ECMWF) reanalisis,2026-10-09T02:10:17.430367+00:00
1993,1,Kota Yogyakarta,299.3,31,31,Open-Meteo ERA5 (ECMWF) reanalisis,2026-10-09T02:10:17.430367+00:00
1993,2,Kota Yogyakarta,131.0,25,28,Open-Meteo ERA5 (ECMWF) reanalisis,2026-10-09T02:10:17.430367+00:00
1993,3,Kota Yogyakarta,402.9,30,31,Open-Meteo ERA5 (ECMWF) reanalisis,2026-10-09T02:10:17.430367+00:00
1993,4,Kota Yogyakarta,346.5,27,30,Open-Meteo ERA5 (ECMWF) reanalisis,2026-10-09T02:10:17.430367+00:00
1993,5,Kota Yogyakarta,130.7,19,31,Open-Meteo ERA5 (ECMWF) reanalisis,2026-10-09T02:10:17.430367+00:00
1993,6,Kota Yogyakarta,206.2,22,30,Open-Meteo ERA5 (ECMWF) reanalisis,2026-10-09T02:10:17.430367+00:00
1993,7,Kota Yogyakarta,16.6,6,31,Open-Meteo ERA5 (ECMWF) reanalisis,2026-10-09T02:10:17.430367+00:00
1993,8,Kota Yogyakarta,35.6,7,31,Open-Meteo ERA5 (ECMWF) reanalisis,2026-10-09T02:10:17.430367+00:00
1993,9,Kota Yogyakarta,29.4,9,30,Open-Meteo ERA5 (ECMWF) reanalisis,2026-10-09T02:10:17.430367+00:00
1993,10,Kota Yogyakarta,70.6,20,31,Open-Meteo ERA5 (ECMWF) reanalisis,2026-10-09T02:10:17.430367+00:00
1993,11,Kota Yogyakarta,375.5,27,30,Open-Meteo ERA5 (ECMWF) reanalisis,2026-10-09T02:10:17.430367+00:00
1993,12,Kota Yogyakarta,377.7,28,31,Open-Meteo ERA5 (ECMWF) reanalisis,2026-10-09T02:10:17.430367+00:00
1994,1,Kota Yogyakarta,420.3,31,31,Open-Meteo ERA5 (ECMWF) reanalisis,2026-10-09T02:10:17.430367+00:00
1994,2,Kota Yogyakarta,347.4,26,28,Open-Meteo ERA5 (ECMWF) reanalisis,2026-10-09T02:10:17.430367+00:00
1994,3,Kota Yogyakarta,487.4,31,31,Open-Meteo ERA5 (ECMWF) reanalisis,2026-10-09T02:10:17.430367+00:00
1994,4,Kota Yogyakarta,289.2,24,30,Open-Meteo ERA5 (ECMWF) reanalisis,2026-10-09T02:10:17.430367+00:00
1994,5,Kota Yogyakarta,65.5,8,31,Open-Meteo ERA5 (ECMWF) reanalisis,2026-10-09T02:10:17.430367+00:00
1994,6,Kota Yogyakarta,5.3,2,30,Open-Meteo ERA5 (ECMWF) reanalisis,2026-10-09T02:10:17.430367+00:00
1994,7,Kota Yogyakarta,5.0,1,31,Open-Meteo ERA5 (ECMWF) reanalisis,2026-10-09T02:10:17.430367+00:00
1994,8,Kota Yogyakarta,5.9,2,31,Open-Meteo ERA5 (ECMWF) reanalisis,2026-10-09T02:10:17.430367+00:00
1994,9,Kota Yogyakarta,3.0,1,30,Open-Meteo ERA5 (ECMWF) reanalisis,2026-10-09T02:10:17.430367+00:00
1994,10,Kota Yogyakarta,42.8,16,31,Open-Meteo ERA5 (ECMWF) reanalisis,2026-10-09T02:10:17.430367+00:00
1994,11,Kota Yogyakarta,273.0,30,30,Open-Meteo ERA5 (ECMWF) reanalisis,2026-10-09T02:10:17.430367+00:00
1994,12,Kota Yogyakarta,232.8,26,31,Open-Meteo ERA5 (ECMWF) reanalisis,2026-10-09T02:10:17.430367+00:00
1995,1,Kota Yogyakarta,412.6,29,31,Open-Meteo ERA5 (ECMWF) reanalisis,2026-10-09T02:10:17.430367+00:00
1995,2,Kota Yogyakarta,385.6,28,28,Open-Meteo ERA5 (ECMWF) reanalisis,2026-10-09T02:10:17.430367+00:00
1995,3,Kota Yogyakarta,429.5,31,31,Open-Meteo ERA5 (ECMWF) reanalisis,2026-10-09T02:10:17.430367+00:00
1995,4,Kota Yogyakarta,158.2,21,30,Open-Meteo ERA5 (ECMWF) reanalisis,2026-10-09T02:10:17.430367+00:00
1995,5,Kota Yogyakarta,146.1,23,31,Open-Meteo ERA5 (ECMWF) reanalisis,2026-10-09T02:10:17.430367+00:00
1995,6,Kota Yogyakarta,262.5,23,30,Open-Meteo ERA5 (ECMWF) reanalisis,2026-10-09T02:10:17.430367+00:00
1995,7,Kota Yogyakarta,81.6,18,31,Open-Meteo ERA5 (ECMWF) reanalisis,2026-10-09T02:10:17.430367+00:00
1995,8,Kota Yogyakarta,11.4,4,31,Open-Meteo ERA5 (ECMWF) reanalisis,2026-10-09T02:10:17.430367+00:00
1995,9,Kota Yogyakarta,35.7,10,30,Open-Meteo ERA5 (ECMWF) reanalisis,2026-10-09T02:10:17.430367+00:00
1995,10,Kota Yogyakarta,242.6,24,31,Open-Meteo ERA5 (ECMWF) reanalisis,2026-10-09T02:10:17.430367+00:00
1995,11,Kota Yogyakarta,661.9,30,30,Open-Meteo ERA5 (ECMWF) reanalisis,2026-10-09T02:10:17.430367+00:00
1995,12,Kota Yogyakarta,323.1,30,31,Open-Meteo ERA5 (ECMWF) reanalisis,2026-10-09T02:10:17.430367+00:00
1996,1,Kota Yogyakarta,331.0,30,31,Open-Meteo ERA5 (ECMWF) reanalisis,2026-10-09T02:10:17.430367+00:00
1996,2,Kota Yogyakarta,279.1,27,29,Open-Meteo ERA5 (ECMWF) reanalisis,2026-10-09T02:10:17.430367+00:00
1996,3,Kota Yogyakarta,233.1,29,31,Open-Meteo ERA5 (ECMWF) reanalisis,2026-10-09T02:10:17.430367+00:00
1996,4,Kota Yogyakarta,311.4,23,30,Open-Meteo ERA5 (ECMWF) reanalisis,2026-10-09T02:10:17.430367+00:00
1996,5,Kota Yogyakarta,88.0,19,31,Open-Meteo ERA5 (ECMWF) reanalisis,2026-10-09T02:10:17.430367+00:00
1996,6,Kota Yogyakarta,100.0,23,30,Open-Meteo ERA5 (ECMWF) reanalisis,2026-10-09T02:10:17.430367+00:00
1996,7,Kota Yogyakarta,70.7,12,31,Open-Meteo ERA5 (ECMWF) reanalisis,2026-10-09T02:10:17.430367+00:00
1996,8,Kota Yogyakarta,159.3,16,31,Open-Meteo ERA5 (ECMWF) reanalisis,2026-10-09T02:10:17.430367+00:00
1996,9,Kota Yogyakarta,35.7,13,30,Open-Meteo ERA5 (ECMWF) reanalisis,2026-10-09T02:10:17.430367+00:00
1996,10,Kota Yogyakarta,460.9,28,31,Open-Meteo ERA5 (ECMWF) reanalisis,2026-10-09T02:10:17.430367+00:00
1996,11,Kota Yogyakarta,319.7,30,30,Open-Meteo ERA5 (ECMWF) reanalisis,2026-10-09T02:10:17.430367+00:00
1996,12,Kota Yogyakarta,424.5,28,31,Open-Meteo ERA5 (ECMWF) reanalisis,2026-10-09T02:10:17.430367+00:00
1997,1,Kota Yogyakarta,242.9,28,31,Open-Meteo ERA5 (ECMWF) reanalisis,2026-10-09T02:10:17.430367+00:00
1997,2,Kota Yogyakarta,221.2,23,28,Open-Meteo ERA5 (ECMWF) reanalisis,2026-10-09T02:10:17.430367+00:00
1997,3,Kota Yogyakarta,108.9,25,31,Open-Meteo ERA5 (ECMWF) reanalisis,2026-10-09T02:10:17.430367+00:00
1997,4,Kota Yogyakarta,272.7,29,30,Open-Meteo ERA5 (ECMWF) reanalisis,2026-10-09T02:10:17.430367+00:00
1997,5,Kota Yogyakarta,129.2,25,31,Open-Meteo ERA5 (ECMWF) reanalisis,2026-10-09T02:10:17.430367+00:00
1997,6,Kota Yogyakarta,41.7,14,30,Open-Meteo ERA5 (ECMWF) reanalisis,2026-10-09T02:10:17.430367+00:00
1997,7,Kota Yogyakarta,27.3,6,31,Open-Meteo ERA5 (ECMWF) reanalisis,2026-10-09T02:10:17.430367+00:00
1997,8,Kota Yogyakarta,10.8,4,31,Open-Meteo ERA5 (ECMWF) reanalisis,2026-10-09T02:10:17.430367+00:00
1997,9,Kota Yogyakarta,0.9,0,30,Open-Meteo ERA5 (ECMWF) reanalisis,2026-10-09T02:10:17.430367+00:00
1997,10,Kota Yogyakarta,29.8,10,31,Open-Meteo ERA5 (ECMWF) reanalisis,2026-10-09T02:10:17.430367+00:00
1997,11,Kota Yogyakarta,144.6,27,30,Open-Meteo ERA5 (ECMWF) reanalisis,2026-10-09T02:10:17.430367+00:00
1997,12,Kota Yogyakarta,390.3,28,31,Open-Meteo ERA5 (ECMWF) reanalisis,2026-10-09T02:10:17.430367+00:00
1998,1,Kota Yogyakarta,250.0,27,31,Open-Meteo ERA5 (ECMWF) reanalisis,2026-10-09T02:10:17.430367+00:00
1998,2,Kota Yogyakarta,387.6,28,28,Open-Meteo ERA5 (ECMWF) reanalisis,2026-10-09T02:10:17.430367+00:00
1998,3,Kota Yogyakarta,534.5,31,31,Open-Meteo ERA5 (ECMWF) reanalisis,2026-10-09T02:10:17.430367+00:00
1998,4,Kota Yogyakarta,485.8,30,30,Open-Meteo ERA5 (ECMWF) reanalisis,2026-10-09T02:10:17.430367+00:00
1998,5,Kota Yogyakarta,99.4,19,31,Open-Meteo ERA5 (ECMWF) reanalisis,2026-10-09T02:10:17.430367+00:00
1998,6,Kota Yogyakarta,272.0,29,30,Open-Meteo ERA5 (ECMWF) reanalisis,2026-10-09T02:10:17.430367+00:00
1998,7,Kota Yogyakarta,312.1,29,31,Open-Meteo ERA5 (ECMWF) reanalisis,2026-10-09T02:10:17.430367+00:00
1998,8,Kota Yogyakarta,57.5,17,31,Open-Meteo ERA5 (ECMWF) reanalisis,2026-10-09T02:10:17.430367+00:00
1998,9,Kota Yogyakarta,272.8,22,30,Open-Meteo ERA5 (ECMWF) reanalisis,2026-10-09T02:10:17.430367+00:00
1998,10,Kota Yogyakarta,485.9,31,31,Open-Meteo ERA5 (ECMWF) reanalisis,2026-10-09T02:10:17.430367+00:00
1998,11,Kota Yogyakarta,415.5,28,30,Open-Meteo ERA5 (ECMWF) reanalisis,2026-10-09T02:10:17.430367+00:00
1998,12,Kota Yogyakarta,369.6,27,31,Open-Meteo ERA5 (ECMWF) reanalisis,2026-10-09T02:10:17.430367+00:00
1999,1,Kota Yogyakarta,425.5,30,31,Open-Meteo ERA5 (ECMWF) reanalisis,2026-10-09T02:10:17.430367+00:00
1999,2,Kota Yogyakarta,222.7,25,28,Open-Meteo ERA5 (ECMWF) reanalisis,2026-10-09T02:10:17.430367+00:00
1999,3,Kota Yogyakarta,419.6,29,31,Open-Meteo ERA5 (ECMWF) reanalisis,2026-10-09T02:10:17.430367+00:00
1999,4,Kota Yogyakarta,311.8,28,30,Open-Meteo ERA5 (ECMWF) reanalisis,2026-10-09T02:10:17.430367+00:00
1999,5,Kota Yogyakarta,153.8,23,31,Open-Meteo ERA5 (ECMWF) reanalisis,2026-10-09T02:10:17.430367+00:00
1999,6,Kota Yogyakarta,64.9,16,30,Open-Meteo ERA5 (ECMWF) reanalisis,2026-10-09T02:10:17.430367+00:00
1999,7,Kota Yogyakarta,37.6,9,31,Open-Meteo ERA5 (ECMWF) reanalisis,2026-10-09T02:10:17.430367+00:00
1999,8,Kota Yogyakarta,42.6,9,31,Open-Meteo ERA5 (ECMWF) reanalisis,2026-10-09T02:10:17.430367+00:00
1999,9,Kota Yogyakarta,13.2,3,30,Open-Meteo ERA5 (ECMWF) reanalisis,2026-10-09T02:10:17.430367+00:00
1999,10,Kota Yogyakarta,346.8,25,31,Open-Meteo ERA5 (ECMWF) reanalisis,2026-10-09T02:10:17.430367+00:00
1999,11,Kota Yogyakarta,362.6,28,30,Open-Meteo ERA5 (ECMWF) reanalisis,2026-10-09T02:10:17.430367+00:00
1999,12,Kota Yogyakarta,274.3,29,31,Open-Meteo ERA5 (ECMWF) reanalisis,2026-10-09T02:10:17.430367+00:00
2000,1,Kota Yogyakarta,296.4,30,31,Open-Meteo ERA5 (ECMWF) reanalisis,2026-10-09T02:10:17.430367+00:00
2000,2,Kota Yogyakarta,291.0,24,29,Open-Meteo ERA5 (ECMWF) reanalisis,2026-10-09T02:10:17.430367+00:00
2000,3,Kota Yogyakarta,456.4,30,31,Open-Meteo ERA5 (ECMWF) reanalisis,2026-10-09T02:10:17.430367+00:00
2000,4,Kota Yogyakarta,312.4,27,30,Open-Meteo ERA5 (ECMWF) reanalisis,2026-10-09T02:10:17.430367+00:00
2000,5,Kota Yogyakarta,163.8,27,31,Open-Meteo ERA5 (ECMWF) reanalisis,2026-10-09T02:10:17.430367+00:00
2000,6,Kota Yogyakarta,98.9,13,30,Open-Meteo ERA5 (ECMWF) reanalisis,2026-10-09T02:10:17.430367+00:00
2000,7,Kota Yogyakarta,11.1,4,31,Open-Meteo ERA5 (ECMWF) reanalisis,2026-10-09T02:10:17.430367+00:00
2000,8,Kota Yogyakarta,67.9,11,31,Open-Meteo ERA5 (ECMWF) reanalisis,2026-10-09T02:10:17.430367+00:00
2000,9,Kota Yogyakarta,43.7,13,30,Open-Meteo ERA5 (ECMWF) reanalisis,2026-10-09T02:10:17.430367+00:00
2000,10,Kota Yogyakarta,414.1,28,31,Open-Meteo ERA5 (ECMWF) reanalisis,2026-10-09T02:10:17.430367+00:00
2000,11,Kota Yogyakarta,490.8,30,30,Open-Meteo ERA5 (ECMWF) reanalisis,2026-10-09T02:10:17.430367+00:00
2000,12,Kota Yogyakarta,147.7,21,31,Open-Meteo ERA5 (ECMWF) reanalisis,2026-10-09T02:10:17.430367+00:00
2001,1,Kota Yogyakarta,453.9,31,31,Open-Meteo ERA5 (ECMWF) reanalisis,2026-10-09T02:10:17.430367+00:00
2001,2,Kota Yogyakarta,294.1,25,28,Open-Meteo ERA5 (ECMWF) reanalisis,2026-10-09T02:10:17.430367+00:00
2001,3,Kota Yogyakarta,391.5,31,31,Open-Meteo ERA5 (ECMWF) reanalisis,2026-10-09T02:10:17.430367+00:00
2001,4,Kota Yogyakarta,298.7,26,30,Open-Meteo ERA5 (ECMWF) reanalisis,2026-10-09T02:10:17.430367+00:00
2001,5,Kota Yogyakarta,115.3,17,31,Open-Meteo ERA5 (ECMWF) reanalisis,2026-10-09T02:10:17.430367+00:00
2001,6,Kota Yogyakarta,141.1,23,30,Open-Meteo ERA5 (ECMWF) reanalisis,2026-10-09T02:10:17.430367+00:00
2001,7,Kota Yogyakarta,59.5,13,31,Open-Meteo ERA5 (ECMWF) reanalisis,2026-10-09T02:10:17.430367+00:00
2001,8,Kota Yogyakarta,7.8,3,31,Open-Meteo ERA5 (ECMWF) reanalisis,2026-10-09T02:10:17.430367+00:00
2001,9,Kota Yogyakarta,74.1,13,30,Open-Meteo ERA5 (ECMWF) reanalisis,2026-10-09T02:10:17.430367+00:00
2001,10,Kota Yogyakarta,308.5,29,31,Open-Meteo ERA5 (ECMWF) reanalisis,2026-10-09T02:10:17.430367+00:00
2001,11,Kota Yogyakarta,395.6,27,30,Open-Meteo ERA5 (ECMWF) reanalisis,2026-10-09T02:10:17.430367+00:00
2001,12,Kota Yogyakarta,309.6,23,31,Open-Meteo ERA5 (ECMWF) reanalisis,2026-10-09T02:10:17.430367+00:00
2002,1,Kota Yogyakarta,388.7,29,31,Open-Meteo ERA5 (ECMWF) reanalisis,2026-10-09T02:10:17.430367+00:00
2002,2,Kota Yogyakarta,246.9,28,28,Open-Meteo ERA5 (ECMWF) reanalisis,2026-10-09T02:10:17.430367+00:00
2002,3,Kota Yogyakarta,358.0,29,31,Open-Meteo ERA5 (ECMWF) reanalisis,2026-10-09T02:10:17.430367+00:00
2002,4,Kota Yogyakarta,269.6,26,30,Open-Meteo ERA5 (ECMWF) reanalisis,2026-10-09T02:10:17.430367+00:00
2002,5,Kota Yogyakarta,92.2,15,31,Open-Meteo ERA5 (ECMWF) reanalisis,2026-10-09T02:10:17.430367+00:00
2002,6,Kota Yogyakarta,30.9,9,30,Open-Meteo ERA5 (ECMWF) reanalisis,2026-10-09T02:10:17.430367+00:00
2002,7,Kota Yogyakarta,17.4,7,31,Open-Meteo ERA5 (ECMWF) reanalisis,2026-10-09T02:10:17.430367+00:00
2002,8,Kota Yogyakarta,3.0,0,31,Open-Meteo ERA5 (ECMWF) reanalisis,2026-10-09T02:10:17.430367+00:00
2002,9,Kota Yogyakarta,16.8,7,30,Open-Meteo ERA5 (ECMWF) reanalisis,2026-10-09T02:10:17.430367+00:00
2002,10,Kota Yogyakarta,19.4,6,31,Open-Meteo ERA5 (ECMWF) reanalisis,2026-10-09T02:10:17.430367+00:00
2002,11,Kota Yogyakarta,227.2,29,30,Open-Meteo ERA5 (ECMWF) reanalisis,2026-10-09T02:10:17.430367+00:00
2002,12,Kota Yogyakarta,432.0,30,31,Open-Meteo ERA5 (ECMWF) reanalisis,2026-10-09T02:10:17.430367+00:00
2003,1,Kota Yogyakarta,404.5,26,31,Open-Meteo ERA5 (ECMWF) reanalisis,2026-10-09T02:10:17.430367+00:00
2003,2,Kota Yogyakarta,366.8,28,28,Open-Meteo ERA5 (ECMWF) reanalisis,2026-10-09T02:10:17.430367+00:00
2003,3,Kota Yogyakarta,258.9,29,31,Open-Meteo ERA5 (ECMWF) reanalisis,2026-10-09T02:10:17.430367+00:00
2003,4,Kota Yogyakarta,136.6,26,30,Open-Meteo ERA5 (ECMWF) reanalisis,2026-10-09T02:10:17.430367+00:00
2003,5,Kota Yogyakarta,107.3,19,31,Open-Meteo ERA5 (ECMWF) reanalisis,2026-10-09T02:10:17.430367+00:00
2003,6,Kota Yogyakarta,40.5,9,30,Open-Meteo ERA5 (ECMWF) reanalisis,2026-10-09T02:10:17.430367+00:00
2003,7,Kota Yogyakarta,1.7,1,31,Open-Meteo ERA5 (ECMWF) reanalisis,2026-10-09T02:10:17.430367+00:00
2003,8,Kota Yogyakarta,3.2,1,31,Open-Meteo ERA5 (ECMWF) reanalisis,2026-10-09T02:10:17.430367+00:00
2003,9,Kota Yogyakarta,35.8,12,30,Open-Meteo ERA5 (ECMWF) reanalisis,2026-10-09T02:10:17.430367+00:00
2003,10,Kota Yogyakarta,146.5,25,31,Open-Meteo ERA5 (ECMWF) reanalisis,2026-10-09T02:10:17.430367+00:00
2003,11,Kota Yogyakarta,280.2,26,30,Open-Meteo ERA5 (ECMWF) reanalisis,2026-10-09T02:10:17.430367+00:00
2003,12,Kota Yogyakarta,319.6,29,31,Open-Meteo ERA5 (ECMWF) reanalisis,2026-10-09T02:10:17.430367+00:00
2004,1,Kota Yogyakarta,326.9,30,31,Open-Meteo ERA5 (ECMWF) reanalisis,2026-10-09T02:10:17.430367+00:00
2004,2,Kota Yogyakarta,249.2,29,29,Open-Meteo ERA5 (ECMWF) reanalisis,2026-10-09T02:10:17.430367+00:00
2004,3,Kota Yogyakarta,286.0,28,31,Open-Meteo ERA5 (ECMWF) reanalisis,2026-10-09T02:10:17.430367+00:00
2004,4,Kota Yogyakarta,137.3,27,30,Open-Meteo ERA5 (ECMWF) reanalisis,2026-10-09T02:10:17.430367+00:00
2004,5,Kota Yogyakarta,179.6,26,31,Open-Meteo ERA5 (ECMWF) reanalisis,2026-10-09T02:10:17.430367+00:00
2004,6,Kota Yogyakarta,26.3,9,30,Open-Meteo ERA5 (ECMWF) reanalisis,2026-10-09T02:10:17.430367+00:00
2004,7,Kota Yogyakarta,107.5,16,31,Open-Meteo ERA5 (ECMWF) reanalisis,2026-10-09T02:10:17.430367+00:00
2004,8,Kota Yogyakarta,7.2,3,31,Open-Meteo ERA5 (ECMWF) reanalisis,2026-10-09T02:10:17.430367+00:00
2004,9,Kota Yogyakarta,28.9,10,30,Open-Meteo ERA5 (ECMWF) reanalisis,2026-10-09T02:10:17.430367+00:00
2004,10,Kota Yogyakarta,81.2,17,31,Open-Meteo ERA5 (ECMWF) reanalisis,2026-10-09T02:10:17.430367+00:00
2004,11,Kota Yogyakarta,507.4,29,30,Open-Meteo ERA5 (ECMWF) reanalisis,2026-10-09T02:10:17.430367+00:00
2004,12,Kota Yogyakarta,459.8,29,31,Open-Meteo ERA5 (ECMWF) reanalisis,2026-10-09T02:10:17.430367+00:00
2005,1,Kota Yogyakarta,275.9,28,31,Open-Meteo ERA5 (ECMWF) reanalisis,2026-10-09T02:10:17.430367+00:00
2005,2,Kota Yogyakarta,290.6,27,28,Open-Meteo ERA5 (ECMWF) reanalisis,2026-10-09T02:10:17.430367+00:00
2005,3,Kota Yogyakarta,219.1,29,31,Open-Meteo ERA5 (ECMWF) reanalisis,2026-10-09T02:10:17.430367+00:00
2005,4,Kota Yogyakarta,226.7,27,30,Open-Meteo ERA5 (ECMWF) reanalisis,2026-10-09T02:10:17.430367+00:00
2005,5,Kota Yogyakarta,57.5,15,31,Open-Meteo ERA5 (ECMWF) reanalisis,2026-10-09T02:10:17.430367+00:00
2005,6,Kota Yogyakarta,307.8,26,30,Open-Meteo ERA5 (ECMWF) reanalisis,2026-10-09T02:10:17.430367+00:00
2005,7,Kota Yogyakarta,139.2,16,31,Open-Meteo ERA5 (ECMWF) reanalisis,2026-10-09T02:10:17.430367+00:00
2005,8,Kota Yogyakarta,48.4,13,31,Open-Meteo ERA5 (ECMWF) reanalisis,2026-10-09T02:10:17.430367+00:00
2005,9,Kota Yogyakarta,83.4,21,30,Open-Meteo ERA5 (ECMWF) reanalisis,2026-10-09T02:10:17.430367+00:00
2005,10,Kota Yogyakarta,206.8,26,31,Open-Meteo ERA5 (ECMWF) reanalisis,2026-10-09T02:10:17.430367+00:00
2005,11,Kota Yogyakarta,207.2,22,30,Open-Meteo ERA5 (ECMWF) reanalisis,2026-10-09T02:10:17.430367+00:00
2005,12,Kota Yogyakarta,488.7,30,31,Open-Meteo ERA5 (ECMWF) reanalisis,2026-10-09T02:10:17.430367+00:00
2006,1,Kota Yogyakarta,344.0,30,31,Open-Meteo ERA5 (ECMWF) reanalisis,2026-10-09T02:10:17.430367+00:00
2006,2,Kota Yogyakarta,268.0,28,28,Open-Meteo ERA5 (ECMWF) reanalisis,2026-10-09T02:10:17.430367+00:00
2006,3,Kota Yogyakarta,339.9,27,31,Open-Meteo ERA5 (ECMWF) reanalisis,2026-10-09T02:10:17.430367+00:00
2006,4,Kota Yogyakarta,320.0,29,30,Open-Meteo ERA5 (ECMWF) reanalisis,2026-10-09T02:10:17.430367+00:00
2006,5,Kota Yogyakarta,242.8,26,31,Open-Meteo ERA5 (ECMWF) reanalisis,2026-10-09T02:10:17.430367+00:00
2006,6,Kota Yogyakarta,31.9,9,30,Open-Meteo ERA5 (ECMWF) reanalisis,2026-10-09T02:10:17.430367+00:00
2006,7,Kota Yogyakarta,17.4,3,31,Open-Meteo ERA5 (ECMWF) reanalisis,2026-10-09T02:10:17.430367+00:00
2006,8,Kota Yogyakarta,4.6,1,31,Open-Meteo ERA5 (ECMWF) reanalisis,2026-10-09T02:10:17.430367+00:00
2006,9,Kota Yogyakarta,7.4,4,30,Open-Meteo ERA5 (ECMWF) reanalisis,2026-10-09T02:10:17.430367+00:00
2006,10,Kota Yogyakarta,15.5,7,31,Open-Meteo ERA5 (ECMWF) reanalisis,2026-10-09T02:10:17.430367+00:00
2006,11,Kota Yogyakarta,166.2,26,30,Open-Meteo ERA5 (ECMWF) reanalisis,2026-10-09T02:10:17.430367+00:00
2006,12,Kota Yogyakarta,461.6,31,31,Open-Meteo ERA5 (ECMWF) reanalisis,2026-10-09T02:10:17.430367+00:00
2007,1,Kota Yogyakarta,182.6,20,31,Open-Meteo ERA5 (ECMWF) reanalisis,2026-10-09T02:10:17.430367+00:00
2007,2,Kota Yogyakarta,403.7,28,28,Open-Meteo ERA5 (ECMWF) reanalisis,2026-10-09T02:10:17.430367+00:00
2007,3,Kota Yogyakarta,318.1,31,31,Open-Meteo ERA5 (ECMWF) reanalisis,2026-10-09T02:10:17.430367+00:00
2007,4,Kota Yogyakarta,386.9,30,30,Open-Meteo ERA5 (ECMWF) reanalisis,2026-10-09T02:10:17.430367+00:00
2007,5,Kota Yogyakarta,167.5,25,31,Open-Meteo ERA5 (ECMWF) reanalisis,2026-10-09T02:10:17.430367+00:00
2007,6,Kota Yogyakarta,106.5,14,30,Open-Meteo ERA5 (ECMWF) reanalisis,2026-10-09T02:10:17.430367+00:00
2007,7,Kota Yogyakarta,19.9,7,31,Open-Meteo ERA5 (ECMWF) reanalisis,2026-10-09T02:10:17.430367+00:00
2007,8,Kota Yogyakarta,18.7,7,31,Open-Meteo ERA5 (ECMWF) reanalisis,2026-10-09T02:10:17.430367+00:00
2007,9,Kota Yogyakarta,22.0,7,30,Open-Meteo ERA5 (ECMWF) reanalisis,2026-10-09T02:10:17.430367+00:00
2007,10,Kota Yogyakarta,146.8,20,31,Open-Meteo ERA5 (ECMWF) reanalisis,2026-10-09T02:10:17.430367+00:00
2007,11,Kota Yogyakarta,269.8,23,30,Open-Meteo ERA5 (ECMWF) reanalisis,2026-10-09T02:10:17.430367+00:00
2007,12,Kota Yogyakarta,545.2,30,31,Open-Meteo ERA5 (ECMWF) reanalisis,2026-10-09T02:10:17.430367+00:00
2008,1,Kota Yogyakarta,304.0,29,31,Open-Meteo ERA5 (ECMWF) reanalisis,2026-10-09T02:10:17.430367+00:00
2008,2,Kota Yogyakarta,255.9,28,29,Open-Meteo ERA5 (ECMWF) reanalisis,2026-10-09T02:10:17.430367+00:00
2008,3,Kota Yogyakarta,420.1,29,31,Open-Meteo ERA5 (ECMWF) reanalisis,2026-10-09T02:10:17.430367+00:00
2008,4,Kota Yogyakarta,224.4,22,30,Open-Meteo ERA5 (ECMWF) reanalisis,2026-10-09T02:10:17.430367+00:00
2008,5,Kota Yogyakarta,78.7,15,31,Open-Meteo ERA5 (ECMWF) reanalisis,2026-10-09T02:10:17.430367+00:00
2008,6,Kota Yogyakarta,41.6,8,30,Open-Meteo ERA5 (ECMWF) reanalisis,2026-10-09T02:10:17.430367+00:00
2008,7,Kota Yogyakarta,4.5,1,31,Open-Meteo ERA5 (ECMWF) reanalisis,2026-10-09T02:10:17.430367+00:00
2008,8,Kota Yogyakarta,24.0,9,31,Open-Meteo ERA5 (ECMWF) reanalisis,2026-10-09T02:10:17.430367+00:00
2008,9,Kota Yogyakarta,24.0,8,30,Open-Meteo ERA5 (ECMWF) reanalisis,2026-10-09T02:10:17.430367+00:00
2008,10,Kota Yogyakarta,252.7,29,31,Open-Meteo ERA5 (ECMWF) reanalisis,2026-10-09T02:10:17.430367+00:00
2008,11,Kota Yogyakarta,443.4,29,30,Open-Meteo ERA5 (ECMWF) reanalisis,2026-10-09T02:10:17.430367+00:00
2008,12,Kota Yogyakarta,253.4,30,31,Open-Meteo ERA5 (ECMWF) reanalisis,2026-10-09T02:10:17.430367+00:00
2009,1,Kota Yogyakarta,296.8,28,31,Open-Meteo ERA5 (ECMWF) reanalisis,2026-10-09T02:10:17.430367+00:00
2009,2,Kota Yogyakarta,356.9,26,28,Open-Meteo ERA5 (ECMWF) reanalisis,2026-10-09T02:10:17.430367+00:00
2009,3,Kota Yogyakarta,268.9,26,31,Open-Meteo ERA5 (ECMWF) reanalisis,2026-10-09T02:10:17.430367+00:00
2009,4,Kota Yogyakarta,238.1,27,30,Open-Meteo ERA5 (ECMWF) reanalisis,2026-10-09T02:10:17.430367+00:00
2009,5,Kota Yogyakarta,224.3,24,31,Open-Meteo ERA5 (ECMWF) reanalisis,2026-10-09T02:10:17.430367+00:00
2009,6,Kota Yogyakarta,78.1,16,30,Open-Meteo ERA5 (ECMWF) reanalisis,2026-10-09T02:10:17.430367+00:00
2009,7,Kota Yogyakarta,37.3,6,31,Open-Meteo ERA5 (ECMWF) reanalisis,2026-10-09T02:10:17.430367+00:00
2009,8,Kota Yogyakarta,4.7,2,31,Open-Meteo ERA5 (ECMWF) reanalisis,2026-10-09T02:10:17.430367+00:00
2009,9,Kota Yogyakarta,38.3,14,30,Open-Meteo ERA5 (ECMWF) reanalisis,2026-10-09T02:10:17.430367+00:00
2009,10,Kota Yogyakarta,137.3,23,31,Open-Meteo ERA5 (ECMWF) reanalisis,2026-10-09T02:10:17.430367+00:00
2009,11,Kota Yogyakarta,274.4,25,30,Open-Meteo ERA5 (ECMWF) reanalisis,2026-10-09T02:10:17.430367+00:00
2009,12,Kota Yogyakarta,287.6,23,31,Open-Meteo ERA5 (ECMWF) reanalisis,2026-10-09T02:10:17.430367+00:00
2010,1,Kota Yogyakarta,280.4,31,31,Open-Meteo ERA5 (ECMWF) reanalisis,2026-10-09T02:10:17.430367+00:00
2010,2,Kota Yogyakarta,374.2,28,28,Open-Meteo ERA5 (ECMWF) reanalisis,2026-10-09T02:10:17.430367+00:00
2010,3,Kota Yogyakarta,464.2,30,31,Open-Meteo ERA5 (ECMWF) reanalisis,2026-10-09T02:10:17.430367+00:00
2010,4,Kota Yogyakarta,280.2,28,30,Open-Meteo ERA5 (ECMWF) reanalisis,2026-10-09T02:10:17.430367+00:00
2010,5,Kota Yogyakarta,509.5,30,31,Open-Meteo ERA5 (ECMWF) reanalisis,2026-10-09T02:10:17.430367+00:00
2010,6,Kota Yogyakarta,178.2,24,30,Open-Meteo ERA5 (ECMWF) reanalisis,2026-10-09T02:10:17.430367+00:00
2010,7,Kota Yogyakarta,203.7,25,31,Open-Meteo ERA5 (ECMWF) reanalisis,2026-10-09T02:10:17.430367+00:00
2010,8,Kota Yogyakarta,99.1,22,31,Open-Meteo ERA5 (ECMWF) reanalisis,2026-10-09T02:10:17.430367+00:00
2010,9,Kota Yogyakarta,402.3,27,30,Open-Meteo ERA5 (ECMWF) reanalisis,2026-10-09T02:10:17.430367+00:00
2010,10,Kota Yogyakarta,309.4,29,31,Open-Meteo ERA5 (ECMWF) reanalisis,2026-10-09T02:10:17.430367+00:00
2010,11,Kota Yogyakarta,401.9,29,30,Open-Meteo ERA5 (ECMWF) reanalisis,2026-10-09T02:10:17.430367+00:00
2010,12,Kota Yogyakarta,418.1,30,31,Open-Meteo ERA5 (ECMWF) reanalisis,2026-10-09T02:10:17.430367+00:00
2011,1,Kota Yogyakarta,268.2,29,31,Open-Meteo ERA5 (ECMWF) reanalisis,2026-10-09T02:10:17.430367+00:00
2011,2,Kota Yogyakarta,203.7,26,28,Open-Meteo ERA5 (ECMWF) reanalisis,2026-10-09T02:10:17.430367+00:00
2011,3,Kota Yogyakarta,217.7,30,31,Open-Meteo ERA5 (ECMWF) reanalisis,2026-10-09T02:10:17.430367+00:00
2011,4,Kota Yogyakarta,300.1,30,30,Open-Meteo ERA5 (ECMWF) reanalisis,2026-10-09T02:10:17.430367+00:00
2011,5,Kota Yogyakarta,162.3,22,31,Open-Meteo ERA5 (ECMWF) reanalisis,2026-10-09T02:10:17.430367+00:00
2011,6,Kota Yogyakarta,30.8,11,30,Open-Meteo ERA5 (ECMWF) reanalisis,2026-10-09T02:10:17.430367+00:00
2011,7,Kota Yogyakarta,28.5,11,31,Open-Meteo ERA5 (ECMWF) reanalisis,2026-10-09T02:10:17.430367+00:00
2011,8,Kota Yogyakarta,4.5,2,31,Open-Meteo ERA5 (ECMWF) reanalisis,2026-10-09T02:10:17.430367+00:00
2011,9,Kota Yogyakarta,21.7,6,30,Open-Meteo ERA5 (ECMWF) reanalisis,2026-10-09T02:10:17.430367+00:00
2011,10,Kota Yogyakarta,124.8,19,31,Open-Meteo ERA5 (ECMWF) reanalisis,2026-10-09T02:10:17.430367+00:00
2011,11,Kota Yogyakarta,533.9,29,30,Open-Meteo ERA5 (ECMWF) reanalisis,2026-10-09T02:10:17.430367+00:00
2011,12,Kota Yogyakarta,271.2,27,31,Open-Meteo ERA5 (ECMWF) reanalisis,2026-10-09T02:10:17.430367+00:00
2012,1,Kota Yogyakarta,290.6,29,31,Open-Meteo ERA5 (ECMWF) reanalisis,2026-10-09T02:10:17.430367+00:00
2012,2,Kota Yogyakarta,326.2,26,29,Open-Meteo ERA5 (ECMWF) reanalisis,2026-10-09T02:10:17.430367+00:00
2012,3,Kota Yogyakarta,297.7,25,31,Open-Meteo ERA5 (ECMWF) reanalisis,2026-10-09T02:10:17.430367+00:00
2012,4,Kota Yogyakarta,330.2,24,30,Open-Meteo ERA5 (ECMWF) reanalisis,2026-10-09T02:10:17.430367+00:00
2012,5,Kota Yogyakarta,184.3,19,31,Open-Meteo ERA5 (ECMWF) reanalisis,2026-10-09T02:10:17.430367+00:00
2012,6,Kota Yogyakarta,78.8,11,30,Open-Meteo ERA5 (ECMWF) reanalisis,2026-10-09T02:10:17.430367+00:00
2012,7,Kota Yogyakarta,12.1,4,31,Open-Meteo ERA5 (ECMWF) reanalisis,2026-10-09T02:10:17.430367+00:00
2012,8,Kota Yogyakarta,6.9,4,31,Open-Meteo ERA5 (ECMWF) reanalisis,2026-10-09T02:10:17.430367+00:00
2012,9,Kota Yogyakarta,18.6,7,30,Open-Meteo ERA5 (ECMWF) reanalisis,2026-10-09T02:10:17.430367+00:00
2012,10,Kota Yogyakarta,122.2,18,31,Open-Meteo ERA5 (ECMWF) reanalisis,2026-10-09T02:10:17.430367+00:00
2012,11,Kota Yogyakarta,354.5,29,30,Open-Meteo ERA5 (ECMWF) reanalisis,2026-10-09T02:10:17.430367+00:00
2012,12,Kota Yogyakarta,502.7,31,31,Open-Meteo ERA5 (ECMWF) reanalisis,2026-10-09T02:10:17.430367+00:00
2013,1,Kota Yogyakarta,340.6,31,31,Open-Meteo ERA5 (ECMWF) reanalisis,2026-10-09T02:10:17.430367+00:00
2013,2,Kota Yogyakarta,385.9,27,28,Open-Meteo ERA5 (ECMWF) reanalisis,2026-10-09T02:10:17.430367+00:00
2013,3,Kota Yogyakarta,191.0,29,31,Open-Meteo ERA5 (ECMWF) reanalisis,2026-10-09T02:10:17.430367+00:00
2013,4,Kota Yogyakarta,301.3,27,30,Open-Meteo ERA5 (ECMWF) reanalisis,2026-10-09T02:10:17.430367+00:00
2013,5,Kota Yogyakarta,271.4,25,31,Open-Meteo ERA5 (ECMWF) reanalisis,2026-10-09T02:10:17.430367+00:00
2013,6,Kota Yogyakarta,225.9,26,30,Open-Meteo ERA5 (ECMWF) reanalisis,2026-10-09T02:10:17.430367+00:00
2013,7,Kota Yogyakarta,155.4,21,31,Open-Meteo ERA5 (ECMWF) reanalisis,2026-10-09T02:10:17.430367+00:00
2013,8,Kota Yogyakarta,10.8,5,31,Open-Meteo ERA5 (ECMWF) reanalisis,2026-10-09T02:10:17.430367+00:00
2013,9,Kota Yogyakarta,7.6,3,30,Open-Meteo ERA5 (ECMWF) reanalisis,2026-10-09T02:10:17.430367+00:00
2013,10,Kota Yogyakarta,129.7,17,31,Open-Meteo ERA5 (ECMWF) reanalisis,2026-10-09T02:10:17.430367+00:00
2013,11,Kota Yogyakarta,256.6,25,30,Open-Meteo ERA5 (ECMWF) reanalisis,2026-10-09T02:10:17.430367+00:00
2013,12,Kota Yogyakarta,434.2,27,31,Open-Meteo ERA5 (ECMWF) reanalisis,2026-10-09T02:10:17.430367+00:00
2014,1,Kota Yogyakarta,389.0,30,31,Open-Meteo ERA5 (ECMWF) reanalisis,2026-10-09T02:10:17.430367+00:00
2014,2,Kota Yogyakarta,339.7,23,28,Open-Meteo ERA5 (ECMWF) reanalisis,2026-10-09T02:10:17.430367+00:00
2014,3,Kota Yogyakarta,271.6,27,31,Open-Meteo ERA5 (ECMWF) reanalisis,2026-10-09T02:10:17.430367+00:00
2014,4,Kota Yogyakarta,201.2,26,30,Open-Meteo ERA5 (ECMWF) reanalisis,2026-10-09T02:10:17.430367+00:00
2014,5,Kota Yogyakarta,115.2,25,31,Open-Meteo ERA5 (ECMWF) reanalisis,2026-10-09T02:10:17.430367+00:00
2014,6,Kota Yogyakarta,153.5,19,30,Open-Meteo ERA5 (ECMWF) reanalisis,2026-10-09T02:10:17.430367+00:00
2014,7,Kota Yogyakarta,88.8,13,31,Open-Meteo ERA5 (ECMWF) reanalisis,2026-10-09T02:10:17.430367+00:00
2014,8,Kota Yogyakarta,12.8,4,31,Open-Meteo ERA5 (ECMWF) reanalisis,2026-10-09T02:10:17.430367+00:00
2014,9,Kota Yogyakarta,3.8,0,30,Open-Meteo ERA5 (ECMWF) reanalisis,2026-10-09T02:10:17.430367+00:00
2014,10,Kota Yogyakarta,41.3,11,31,Open-Meteo ERA5 (ECMWF) reanalisis,2026-10-09T02:10:17.430367+00:00
2014,11,Kota Yogyakarta,298.6,27,30,Open-Meteo ERA5 (ECMWF) reanalisis,2026-10-09T02:10:17.430367+00:00
2014,12,Kota Yogyakarta,393.4,29,31,Open-Meteo ERA5 (ECMWF) reanalisis,2026-10-09T02:10:17.430367+00:00
2015,1,Kota Yogyakarta,267.5,27,31,Open-Meteo ERA5 (ECMWF) reanalisis,2026-10-09T02:10:17.430367+00:00
2015,2,Kota Yogyakarta,323.2,26,28,Open-Meteo ERA5 (ECMWF) reanalisis,2026-10-09T02:10:17.430367+00:00
2015,3,Kota Yogyakarta,331.8,31,31,Open-Meteo ERA5 (ECMWF) reanalisis,2026-10-09T02:10:17.430367+00:00
2015,4,Kota Yogyakarta,476.0,30,30,Open-Meteo ERA5 (ECMWF) reanalisis,2026-10-09T02:10:17.430367+00:00
2015,5,Kota Yogyakarta,96.3,16,31,Open-Meteo ERA5 (ECMWF) reanalisis,2026-10-09T02:10:17.430367+00:00
2015,6,Kota Yogyakarta,48.1,8,30,Open-Meteo ERA5 (ECMWF) reanalisis,2026-10-09T02:10:17.430367+00:00
2015,7,Kota Yogyakarta,13.4,4,31,Open-Meteo ERA5 (ECMWF) reanalisis,2026-10-09T02:10:17.430367+00:00
2015,8,Kota Yogyakarta,9.3,5,31,Open-Meteo ERA5 (ECMWF) reanalisis,2026-10-09T02:10:17.430367+00:00
2015,9,Kota Yogyakarta,1.7,0,30,Open-Meteo ERA5 (ECMWF) reanalisis,2026-10-09T02:10:17.430367+00:00
2015,10,Kota Yogyakarta,14.6,6,31,Open-Meteo ERA5 (ECMWF) reanalisis,2026-10-09T02:10:17.430367+00:00
2015,11,Kota Yogyakarta,275.7,25,30,Open-Meteo ERA5 (ECMWF) reanalisis,2026-10-09T02:10:17.430367+00:00
2015,12,Kota Yogyakarta,446.1,30,31,Open-Meteo ERA5 (ECMWF) reanalisis,2026-10-09T02:10:17.430367+00:00
2016,1,Kota Yogyakarta,317.9,30,31,Open-Meteo ERA5 (ECMWF) reanalisis,2026-10-09T02:10:17.430367+00:00
2016,2,Kota Yogyakarta,387.7,27,29,Open-Meteo ERA5 (ECMWF) reanalisis,2026-10-09T02:10:17.430367+00:00
2016,3,Kota Yogyakarta,348.0,29,31,Open-Meteo ERA5 (ECMWF) reanalisis,2026-10-09T02:10:17.430367+00:00
2016,4,Kota Yogyakarta,326.8,29,30,Open-Meteo ERA5 (ECMWF) reanalisis,2026-10-09T02:10:17.430367+00:00
2016,5,Kota Yogyakarta,232.5,29,31,Open-Meteo ERA5 (ECMWF) reanalisis,2026-10-09T02:10:17.430367+00:00
2016,6,Kota Yogyakarta,389.5,25,30,Open-Meteo ERA5 (ECMWF) reanalisis,2026-10-09T02:10:17.430367+00:00
2016,7,Kota Yogyakarta,161.8,22,31,Open-Meteo ERA5 (ECMWF) reanalisis,2026-10-09T02:10:17.430367+00:00
2016,8,Kota Yogyakarta,121.9,24,31,Open-Meteo ERA5 (ECMWF) reanalisis,2026-10-09T02:10:17.430367+00:00
2016,9,Kota Yogyakarta,341.9,26,30,Open-Meteo ERA5 (ECMWF) reanalisis,2026-10-09T02:10:17.430367+00:00
2016,10,Kota Yogyakarta,492.3,31,31,Open-Meteo ERA5 (ECMWF) reanalisis,2026-10-09T02:10:17.430367+00:00
2016,11,Kota Yogyakarta,417.5,30,30,Open-Meteo ERA5 (ECMWF) reanalisis,2026-10-09T02:10:17.430367+00:00
2016,12,Kota Yogyakarta,350.3,29,31,Open-Meteo ERA5 (ECMWF) reanalisis,2026-10-09T02:10:17.430367+00:00
2017,1,Kota Yogyakarta,265.8,26,31,Open-Meteo ERA5 (ECMWF) reanalisis,2026-10-09T02:10:17.430367+00:00
2017,2,Kota Yogyakarta,378.0,28,28,Open-Meteo ERA5 (ECMWF) reanalisis,2026-10-09T02:10:17.430367+00:00
2017,3,Kota Yogyakarta,191.3,28,31,Open-Meteo ERA5 (ECMWF) reanalisis,2026-10-09T02:10:17.430367+00:00
2017,4,Kota Yogyakarta,279.0,28,30,Open-Meteo ERA5 (ECMWF) reanalisis,2026-10-09T02:10:17.430367+00:00
2017,5,Kota Yogyakarta,122.4,17,31,Open-Meteo ERA5 (ECMWF) reanalisis,2026-10-09T02:10:17.430367+00:00
2017,6,Kota Yogyakarta,105.2,16,30,Open-Meteo ERA5 (ECMWF) reanalisis,2026-10-09T02:10:17.430367+00:00
2017,7,Kota Yogyakarta,35.4,8,31,Open-Meteo ERA5 (ECMWF) reanalisis,2026-10-09T02:10:17.430367+00:00
2017,8,Kota Yogyakarta,9.6,3,31,Open-Meteo ERA5 (ECMWF) reanalisis,2026-10-09T02:10:17.430367+00:00
2017,9,Kota Yogyakarta,87.5,14,30,Open-Meteo ERA5 (ECMWF) reanalisis,2026-10-09T02:10:17.430367+00:00
2017,10,Kota Yogyakarta,192.5,25,31,Open-Meteo ERA5 (ECMWF) reanalisis,2026-10-09T02:10:17.430367+00:00
2017,11,Kota Yogyakarta,551.2,28,30,Open-Meteo ERA5 (ECMWF) reanalisis,2026-10-09T02:10:17.430367+00:00
2017,12,Kota Yogyakarta,166.8,26,31,Open-Meteo ERA5 (ECMWF) reanalisis,2026-10-09T02:10:17.430367+00:00
2018,1,Kota Yogyakarta,434.6,30,31,Open-Meteo ERA5 (ECMWF) reanalisis,2026-10-09T02:10:17.430367+00:00
2018,2,Kota Yogyakarta,271.1,28,28,Open-Meteo ERA5 (ECMWF) reanalisis,2026-10-09T02:10:17.430367+00:00
2018,3,Kota Yogyakarta,182.0,26,31,Open-Meteo ERA5 (ECMWF) reanalisis,2026-10-09T02:10:17.430367+00:00
2018,4,Kota Yogyakarta,110.3,23,30,Open-Meteo ERA5 (ECMWF) reanalisis,2026-10-09T02:10:17.430367+00:00
2018,5,Kota Yogyakarta,54.8,9,31,Open-Meteo ERA5 (ECMWF) reanalisis,2026-10-09T02:10:17.430367+00:00
2018,6,Kota Yogyakarta,31.0,9,30,Open-Meteo ERA5 (ECMWF) reanalisis,2026-10-09T02:10:17.430367+00:00
2018,7,Kota Yogyakarta,8.4,3,31,Open-Meteo ERA5 (ECMWF) reanalisis,2026-10-09T02:10:17.430367+00:00
2018,8,Kota Yogyakarta,17.9,6,31,Open-Meteo ERA5 (ECMWF) reanalisis,2026-10-09T02:10:17.430367+00:00
2018,9,Kota Yogyakarta,39.8,13,30,Open-Meteo ERA5 (ECMWF) reanalisis,2026-10-09T02:10:17.430367+00:00
2018,10,Kota Yogyakarta,36.9,16,31,Open-Meteo ERA5 (ECMWF) reanalisis,2026-10-09T02:10:17.430367+00:00
2018,11,Kota Yogyakarta,457.5,27,30,Open-Meteo ERA5 (ECMWF) reanalisis,2026-10-09T02:10:17.430367+00:00
2018,12,Kota Yogyakarta,271.0,28,31,Open-Meteo ERA5 (ECMWF) reanalisis,2026-10-09T02:10:17.430367+00:00
2019,1,Kota Yogyakarta,447.3,31,31,Open-Meteo ERA5 (ECMWF) reanalisis,2026-10-09T02:10:17.430367+00:00
2019,2,Kota Yogyakarta,343.5,27,28,Open-Meteo ERA5 (ECMWF) reanalisis,2026-10-09T02:10:17.430367+00:00
2019,3,Kota Yogyakarta,423.4,29,31,Open-Meteo ERA5 (ECMWF) reanalisis,2026-10-09T02:10:17.430367+00:00
2019,4,Kota Yogyakarta,214.7,27,30,Open-Meteo ERA5 (ECMWF) reanalisis,2026-10-09T02:10:17.430367+00:00
2019,5,Kota Yogyakarta,47.3,19,31,Open-Meteo ERA5 (ECMWF) reanalisis,2026-10-09T02:10:17.430367+00:00
2019,6,Kota Yogyakarta,6.4,1,30,Open-Meteo ERA5 (ECMWF) reanalisis,2026-10-09T02:10:17.430367+00:00
2019,7,Kota Yogyakarta,7.4,3,31,Open-Meteo ERA5 (ECMWF) reanalisis,2026-10-09T02:10:17.430367+00:00
2019,8,Kota Yogyakarta,5.0,1,31,Open-Meteo ERA5 (ECMWF) reanalisis,2026-10-09T02:10:17.430367+00:00
2019,9,Kota Yogyakarta,3.3,0,30,Open-Meteo ERA5 (ECMWF) reanalisis,2026-10-09T02:10:17.430367+00:00
2019,10,Kota Yogyakarta,35.0,11,31,Open-Meteo ERA5 (ECMWF) reanalisis,2026-10-09T02:10:17.430367+00:00
2019,11,Kota Yogyakarta,123.1,22,30,Open-Meteo ERA5 (ECMWF) reanalisis,2026-10-09T02:10:17.430367+00:00
2019,12,Kota Yogyakarta,311.3,31,31,Open-Meteo ERA5 (ECMWF) reanalisis,2026-10-09T02:10:17.430367+00:00
2020,1,Kota Yogyakarta,239.7,28,31,Open-Meteo ERA5 (ECMWF) reanalisis,2026-10-09T02:10:17.430367+00:00
2020,2,Kota Yogyakarta,302.1,29,29,Open-Meteo ERA5 (ECMWF) reanalisis,2026-10-09T02:10:17.430367+00:00
2020,3,Kota Yogyakarta,548.1,31,31,Open-Meteo ERA5 (ECMWF) reanalisis,2026-10-09T02:10:17.430367+00:00
2020,4,Kota Yogyakarta,210.8,27,30,Open-Meteo ERA5 (ECMWF) reanalisis,2026-10-09T02:10:17.430367+00:00
2020,5,Kota Yogyakarta,187.3,21,31,Open-Meteo ERA5 (ECMWF) reanalisis,2026-10-09T02:10:17.430367+00:00
2020,6,Kota Yogyakarta,72.9,13,30,Open-Meteo ERA5 (ECMWF) reanalisis,2026-10-09T02:10:17.430367+00:00
2020,7,Kota Yogyakarta,23.0,9,31,Open-Meteo ERA5 (ECMWF) reanalisis,2026-10-09T02:10:17.430367+00:00
2020,8,Kota Yogyakarta,43.4,8,31,Open-Meteo ERA5 (ECMWF) reanalisis,2026-10-09T02:10:17.430367+00:00
2020,9,Kota Yogyakarta,68.2,21,30,Open-Meteo ERA5 (ECMWF) reanalisis,2026-10-09T02:10:17.430367+00:00
2020,10,Kota Yogyakarta,248.5,29,31,Open-Meteo ERA5 (ECMWF) reanalisis,2026-10-09T02:10:17.430367+00:00
2020,11,Kota Yogyakarta,452.0,30,30,Open-Meteo ERA5 (ECMWF) reanalisis,2026-10-09T02:10:17.430367+00:00
2020,12,Kota Yogyakarta,399.8,30,31,Open-Meteo ERA5 (ECMWF) reanalisis,2026-10-09T02:10:17.430367+00:00
2021,1,Kota Yogyakarta,358.5,29,31,Open-Meteo ERA5 (ECMWF) reanalisis,2026-10-09T02:10:17.430367+00:00
2021,2,Kota Yogyakarta,486.3,28,28,Open-Meteo ERA5 (ECMWF) reanalisis,2026-10-09T02:10:17.430367+00:00
2021,3,Kota Yogyakarta,206.6,28,31,Open-Meteo ERA5 (ECMWF) reanalisis,2026-10-09T02:10:17.430367+00:00
2021,4,Kota Yogyakarta,168.0,24,30,Open-Meteo ERA5 (ECMWF) reanalisis,2026-10-09T02:10:17.430367+00:00
2021,5,Kota Yogyakarta,74.4,21,31,Open-Meteo ERA5 (ECMWF) reanalisis,2026-10-09T02:10:17.430367+00:00
2021,6,Kota Yogyakarta,327.8,26,30,Open-Meteo ERA5 (ECMWF) reanalisis,2026-10-09T02:10:17.430367+00:00
2021,7,Kota Yogyakarta,30.7,10,31,Open-Meteo ERA5 (ECMWF) reanalisis,2026-10-09T02:10:17.430367+00:00
2021,8,Kota Yogyakarta,50.2,19,31,Open-Meteo ERA5 (ECMWF) reanalisis,2026-10-09T02:10:17.430367+00:00
2021,9,Kota Yogyakarta,125.3,23,30,Open-Meteo ERA5 (ECMWF) reanalisis,2026-10-09T02:10:17.430367+00:00
2021,10,Kota Yogyakarta,173.6,24,31,Open-Meteo ERA5 (ECMWF) reanalisis,2026-10-09T02:10:17.430367+00:00
2021,11,Kota Yogyakarta,509.0,28,30,Open-Meteo ERA5 (ECMWF) reanalisis,2026-10-09T02:10:17.430367+00:00
2021,12,Kota Yogyakarta,314.2,30,31,Open-Meteo ERA5 (ECMWF) reanalisis,2026-10-09T02:10:17.430367+00:00
2022,1,Kota Yogyakarta,279.3,26,31,Open-Meteo ERA5 (ECMWF) reanalisis,2026-10-09T02:10:17.430367+00:00
2022,2,Kota Yogyakarta,280.1,24,28,Open-Meteo ERA5 (ECMWF) reanalisis,2026-10-09T02:10:17.430367+00:00
2022,3,Kota Yogyakarta,345.4,31,31,Open-Meteo ERA5 (ECMWF) reanalisis,2026-10-09T02:10:17.430367+00:00
2022,4,Kota Yogyakarta,357.5,29,30,Open-Meteo ERA5 (ECMWF) reanalisis,2026-10-09T02:10:17.430367+00:00
2022,5,Kota Yogyakarta,252.4,27,31,Open-Meteo ERA5 (ECMWF) reanalisis,2026-10-09T02:10:17.430367+00:00
2022,6,Kota Yogyakarta,231.3,23,30,Open-Meteo ERA5 (ECMWF) reanalisis,2026-10-09T02:10:17.430367+00:00
2022,7,Kota Yogyakarta,65.4,16,31,Open-Meteo ERA5 (ECMWF) reanalisis,2026-10-09T02:10:17.430367+00:00
2022,8,Kota Yogyakarta,115.7,18,31,Open-Meteo ERA5 (ECMWF) reanalisis,2026-10-09T02:10:17.430367+00:00
2022,9,Kota Yogyakarta,198.4,23,30,Open-Meteo ERA5 (ECMWF) reanalisis,2026-10-09T02:10:17.430367+00:00
2022,10,Kota Yogyakarta,403.9,28,31,Open-Meteo ERA5 (ECMWF) reanalisis,2026-10-09T02:10:17.430367+00:00
2022,11,Kota Yogyakarta,505.6,30,30,Open-Meteo ERA5 (ECMWF) reanalisis,2026-10-09T02:10:17.430367+00:00
2022,12,Kota Yogyakarta,359.9,29,31,Open-Meteo ERA5 (ECMWF) reanalisis,2026-10-09T02:10:17.430367+00:00
2023,1,Kota Yogyakarta,215.3,29,31,Open-Meteo ERA5 (ECMWF) reanalisis,2026-10-09T02:10:17.430367+00:00
2023,2,Kota Yogyakarta,459.6,27,28,Open-Meteo ERA5 (ECMWF) reanalisis,2026-10-09T02:10:17.430367+00:00
2023,3,Kota Yogyakarta,321.8,27,31,Open-Meteo ERA5 (ECMWF) reanalisis,2026-10-09T02:10:17.430367+00:00
2023,4,Kota Yogyakarta,236.3,26,30,Open-Meteo ERA5 (ECMWF) reanalisis,2026-10-09T02:10:17.430367+00:00
2023,5,Kota Yogyakarta,110.2,11,31,Open-Meteo ERA5 (ECMWF) reanalisis,2026-10-09T02:10:17.430367+00:00
2023,6,Kota Yogyakarta,62.1,17,30,Open-Meteo ERA5 (ECMWF) reanalisis,2026-10-09T02:10:17.430367+00:00
2023,7,Kota Yogyakarta,63.8,14,31,Open-Meteo ERA5 (ECMWF) reanalisis,2026-10-09T02:10:17.430367+00:00
2023,8,Kota Yogyakarta,6.2,1,31,Open-Meteo ERA5 (ECMWF) reanalisis,2026-10-09T02:10:17.430367+00:00
2023,9,Kota Yogyakarta,13.7,4,30,Open-Meteo ERA5 (ECMWF) reanalisis,2026-10-09T02:10:17.430367+00:00
2023,10,Kota Yogyakarta,40.8,18,31,Open-Meteo ERA5 (ECMWF) reanalisis,2026-10-09T02:10:17.430367+00:00
2023,11,Kota Yogyakarta,165.3,27,30,Open-Meteo ERA5 (ECMWF) reanalisis,2026-10-09T02:10:17.430367+00:00
2023,12,Kota Yogyakarta,154.5,16,31,Open-Meteo ERA5 (ECMWF) reanalisis,2026-10-09T02:10:17.430367+00:00
2024,1,Kota Yogyakarta,391.9,29,31,Open-Meteo ERA5 (ECMWF) reanalisis,2026-10-09T02:10:17.430367+00:00
2024,2,Kota Yogyakarta,287.7,28,29,Open-Meteo ERA5 (ECMWF) reanalisis,2026-10-09T02:10:17.430367+00:00
2024,3,Kota Yogyakarta,303.9,29,31,Open-Meteo ERA5 (ECMWF) reanalisis,2026-10-09T02:10:17.430367+00:00
2024,4,Kota Yogyakarta,312.8,28,30,Open-Meteo ERA5 (ECMWF) reanalisis,2026-10-09T02:10:17.430367+00:00
2024,5,Kota Yogyakarta,135.5,12,31,Open-Meteo ERA5 (ECMWF) reanalisis,2026-10-09T02:10:17.430367+00:00
2024,6,Kota Yogyakarta,53.9,13,30,Open-Meteo ERA5 (ECMWF) reanalisis,2026-10-09T02:10:17.430367+00:00
2024,7,Kota Yogyakarta,44.0,5,31,Open-Meteo ERA5 (ECMWF) reanalisis,2026-10-09T02:10:17.430367+00:00
2024,8,Kota Yogyakarta,25.9,9,31,Open-Meteo ERA5 (ECMWF) reanalisis,2026-10-09T02:10:17.430367+00:00
2024,9,Kota Yogyakarta,86.0,16,30,Open-Meteo ERA5 (ECMWF) reanalisis,2026-10-09T02:10:17.430367+00:00
2024,10,Kota Yogyakarta,110.6,25,31,Open-Meteo ERA5 (ECMWF) reanalisis,2026-10-09T02:10:17.430367+00:00
2024,11,Kota Yogyakarta,384.4,28,30,Open-Meteo ERA5 (ECMWF) reanalisis,2026-10-09T02:10:17.430367+00:00
2024,12,Kota Yogyakarta,381.6,30,31,Open-Meteo ERA5 (ECMWF) reanalisis,2026-10-09T02:10:17.430367+00:00
2025,1,Kota Yogyakarta,266.6,27,31,Open-Meteo ERA5 (ECMWF) reanalisis,2026-10-09T02:10:17.430367+00:00
2025,2,Kota Yogyakarta,280.0,23,28,Open-Meteo ERA5 (ECMWF) reanalisis,2026-10-09T02:10:17.430367+00:00
2025,3,Kota Yogyakarta,262.8,27,31,Open-Meteo ERA5 (ECMWF) reanalisis,2026-10-09T02:10:17.430367+00:00
2025,4,Kota Yogyakarta,212.3,22,30,Open-Meteo ERA5 (ECMWF) reanalisis,2026-10-09T02:10:17.430367+00:00
2025,5,Kota Yogyakarta,406.9,29,31,Open-Meteo ERA5 (ECMWF) reanalisis,2026-10-09T02:10:17.430367+00:00
2025,6,Kota Yogyakarta,166.4,18,30,Open-Meteo ERA5 (ECMWF) reanalisis,2026-10-09T02:10:17.430367+00:00
2025,7,Kota Yogyakarta,66.2,13,31,Open-Meteo ERA5 (ECMWF) reanalisis,2026-10-09T02:10:17.430367+00:00
2025,8,Kota Yogyakarta,128.8,19,31,Open-Meteo ERA5 (ECMWF) reanalisis,2026-10-09T02:10:17.430367+00:00
2025,9,Kota Yogyakarta,159.9,22,30,Open-Meteo ERA5 (ECMWF) reanalisis,2026-10-09T02:10:17.430367+00:00
2025,10,Kota Yogyakarta,345.9,28,31,Open-Meteo ERA5 (ECMWF) reanalisis,2026-10-09T02:10:17.430367+00:00
2025,11,Kota Yogyakarta,408.9,26,30,Open-Meteo ERA5 (ECMWF) reanalisis,2026-10-09T02:10:17.430367+00:00
2025,12,Kota Yogyakarta,193.0,26,31,Open-Meteo ERA5 (ECMWF) reanalisis,2026-10-09T02:10:17.430367+00:00
2026,1,Kota Yogyakarta,331.2,28,31,Open-Meteo ERA5 (ECMWF) reanalisis,2026-10-09T02:10:17.430367+00:00
2026,2,Kota Yogyakarta,304.0,28,28,Open-Meteo ERA5 (ECMWF) reanalisis,2026-10-09T02:10:17.430367+00:00
2026,3,Kota Yogyakarta,259.2,26,31,Open-Meteo ERA5 (ECMWF) reanalisis,2026-10-09T02:10:17.430367+00:00
2026,4,Kota Yogyakarta,248.0,24,30,Open-Meteo ERA5 (ECMWF) reanalisis,2026-10-09T02:10:17.430367+00:00
2026,5,Kota Yogyakarta,134.9,23,31,Open-Meteo ERA5 (ECMWF) reanalisis,2026-10-09T02:10:17.430367+00:00
2026,6,Kota Yogyakarta,44.3,8,30,Open-Meteo ERA5 (ECMWF) reanalisis,2026-10-09T02:10:17.430367+00:00
2026,7,Kota Yogyakarta,7.6,2,31,Open-Meteo ERA5 (ECMWF) reanalisis,2026-10-09T02:10:17.430367+00:00
2026,8,Kota Yogyakarta,12.2,4,31,Open-Meteo ERA5 (ECMWF) reanalisis,2026-10-09T02:10:17.430367+00:00
2026,9,Kota Yogyakarta,15.3,6,30,Open-Meteo ERA5 (ECMWF) reanalisis,2026-10-09T02:10:17.430367+00:00
2026,10,Kota Yogyakarta,2.8,1,3,Open-Meteo ERA5 (ECMWF) reanalisis,2026-10-09T02:10:17.430367+00:00
1991,1,Kulon Progo,373.4,30,31,Open-Meteo ERA5 (ECMWF) reanalisis,2026-10-09T02:10:17.430367+00:00
1991,2,Kulon Progo,165.9,28,28,Open-Meteo ERA5 (ECMWF) reanalisis,2026-10-09T02:10:17.430367+00:00
1991,3,Kulon Progo,263.3,26,31,Open-Meteo ERA5 (ECMWF) reanalisis,2026-10-09T02:10:17.430367+00:00
1991,4,Kulon Progo,302.6,29,30,Open-Meteo ERA5 (ECMWF) reanalisis,2026-10-09T02:10:17.430367+00:00
1991,5,Kulon Progo,73.5,8,31,Open-Meteo ERA5 (ECMWF) reanalisis,2026-10-09T02:10:17.430367+00:00
1991,6,Kulon Progo,16.8,6,30,Open-Meteo ERA5 (ECMWF) reanalisis,2026-10-09T02:10:17.430367+00:00
1991,7,Kulon Progo,17.3,6,31,Open-Meteo ERA5 (ECMWF) reanalisis,2026-10-09T02:10:17.430367+00:00
1991,8,Kulon Progo,1.7,0,31,Open-Meteo ERA5 (ECMWF) reanalisis,2026-10-09T02:10:17.430367+00:00
1991,9,Kulon Progo,13.9,5,30,Open-Meteo ERA5 (ECMWF) reanalisis,2026-10-09T02:10:17.430367+00:00
1991,10,Kulon Progo,39.2,9,31,Open-Meteo ERA5 (ECMWF) reanalisis,2026-10-09T02:10:17.430367+00:00
1991,11,Kulon Progo,431.7,29,30,Open-Meteo ERA5 (ECMWF) reanalisis,2026-10-09T02:10:17.430367+00:00
1991,12,Kulon Progo,613.6,30,31,Open-Meteo ERA5 (ECMWF) reanalisis,2026-10-09T02:10:17.430367+00:00
1992,1,Kulon Progo,482.4,31,31,Open-Meteo ERA5 (ECMWF) reanalisis,2026-10-09T02:10:17.430367+00:00
1992,2,Kulon Progo,343.8,27,29,Open-Meteo ERA5 (ECMWF) reanalisis,2026-10-09T02:10:17.430367+00:00
1992,3,Kulon Progo,388.1,30,31,Open-Meteo ERA5 (ECMWF) reanalisis,2026-10-09T02:10:17.430367+00:00
1992,4,Kulon Progo,352.0,29,30,Open-Meteo ERA5 (ECMWF) reanalisis,2026-10-09T02:10:17.430367+00:00
1992,5,Kulon Progo,163.5,25,31,Open-Meteo ERA5 (ECMWF) reanalisis,2026-10-09T02:10:17.430367+00:00
1992,6,Kulon Progo,65.0,15,30,Open-Meteo ERA5 (ECMWF) reanalisis,2026-10-09T02:10:17.430367+00:00
1992,7,Kulon Progo,58.8,11,31,Open-Meteo ERA5 (ECMWF) reanalisis,2026-10-09T02:10:17.430367+00:00
1992,8,Kulon Progo,373.1,17,31,Open-Meteo ERA5 (ECMWF) reanalisis,2026-10-09T02:10:17.430367+00:00
1992,9,Kulon Progo,215.8,24,30,Open-Meteo ERA5 (ECMWF) reanalisis,2026-10-09T02:10:17.430367+00:00
1992,10,Kulon Progo,368.1,30,31,Open-Meteo ERA5 (ECMWF) reanalisis,2026-10-09T02:10:17.430367+00:00
1992,11,Kulon Progo,397.3,29,30,Open-Meteo ERA5 (ECMWF) reanalisis,2026-10-09T02:10:17.430367+00:00
1992,12,Kulon Progo,386.8,29,31,Open-Meteo ERA5 (ECMWF) reanalisis,2026-10-09T02:10:17.430367+00:00
1993,1,Kulon Progo,299.3,31,31,Open-Meteo ERA5 (ECMWF) reanalisis,2026-10-09T02:10:17.430367+00:00
1993,2,Kulon Progo,131.0,25,28,Open-Meteo ERA5 (ECMWF) reanalisis,2026-10-09T02:10:17.430367+00:00
1993,3,Kulon Progo,402.9,30,31,Open-Meteo ERA5 (ECMWF) reanalisis,2026-10-09T02:10:17.430367+00:00
1993,4,Kulon Progo,346.5,27,30,Open-Meteo ERA5 (ECMWF) reanalisis,2026-10-09T02:10:17.430367+00:00
1993,5,Kulon Progo,130.7,19,31,Open-Meteo ERA5 (ECMWF) reanalisis,2026-10-09T02:10:17.430367+00:00
1993,6,Kulon Progo,206.2,22,30,Open-Meteo ERA5 (ECMWF) reanalisis,2026-10-09T02:10:17.430367+00:00
1993,7,Kulon Progo,16.6,6,31,Open-Meteo ERA5 (ECMWF) reanalisis,2026-10-09T02:10:17.430367+00:00
1993,8,Kulon Progo,35.6,7,31,Open-Meteo ERA5 (ECMWF) reanalisis,2026-10-09T02:10:17.430367+00:00
1993,9,Kulon Progo,29.4,9,30,Open-Meteo ERA5 (ECMWF) reanalisis,2026-10-09T02:10:17.430367+00:00
1993,10,Kulon Progo,70.6,20,31,Open-Meteo ERA5 (ECMWF) reanalisis,2026-10-09T02:10:17.430367+00:00
1993,11,Kulon Progo,375.5,27,30,Open-Meteo ERA5 (ECMWF) reanalisis,2026-10-09T02:10:17.430367+00:00
1993,12,Kulon Progo,377.7,28,31,Open-Meteo ERA5 (ECMWF) reanalisis,2026-10-09T02:10:17.430367+00:00
1994,1,Kulon Progo,420.3,31,31,Open-Meteo ERA5 (ECMWF) reanalisis,2026-10-09T02:10:17.430367+00:00
1994,2,Kulon Progo,347.4,26,28,Open-Meteo ERA5 (ECMWF) reanalisis,2026-10-09T02:10:17.430367+00:00
1994,3,Kulon Progo,487.4,31,31,Open-Meteo ERA5 (ECMWF) reanalisis,2026-10-09T02:10:17.430367+00:00
1994,4,Kulon Progo,289.2,24,30,Open-Meteo ERA5 (ECMWF) reanalisis,2026-10-09T02:10:17.430367+00:00
1994,5,Kulon Progo,65.5,8,31,Open-Meteo ERA5 (ECMWF) reanalisis,2026-10-09T02:10:17.430367+00:00
1994,6,Kulon Progo,5.3,2,30,Open-Meteo ERA5 (ECMWF) reanalisis,2026-10-09T02:10:17.430367+00:00
1994,7,Kulon Progo,5.0,1,31,Open-Meteo ERA5 (ECMWF) reanalisis,2026-10-09T02:10:17.430367+00:00
1994,8,Kulon Progo,5.9,2,31,Open-Meteo ERA5 (ECMWF) reanalisis,2026-10-09T02:10:17.430367+00:00
1994,9,Kulon Progo,3.0,1,30,Open-Meteo ERA5 (ECMWF) reanalisis,2026-10-09T02:10:17.430367+00:00
1994,10,Kulon Progo,42.8,16,31,Open-Meteo ERA5 (ECMWF) reanalisis,2026-10-09T02:10:17.430367+00:00
1994,11,Kulon Progo,273.0,30,30,Open-Meteo ERA5 (ECMWF) reanalisis,2026-10-09T02:10:17.430367+00:00
1994,12,Kulon Progo,232.8,26,31,Open-Meteo ERA5 (ECMWF) reanalisis,2026-10-09T02:10:17.430367+00:00
1995,1,Kulon Progo,412.6,29,31,Open-Meteo ERA5 (ECMWF) reanalisis,2026-10-09T02:10:17.430367+00:00
1995,2,Kulon Progo,385.6,28,28,Open-Meteo ERA5 (ECMWF) reanalisis,2026-10-09T02:10:17.430367+00:00
1995,3,Kulon Progo,429.5,31,31,Open-Meteo ERA5 (ECMWF) reanalisis,2026-10-09T02:10:17.430367+00:00
1995,4,Kulon Progo,158.2,21,30,Open-Meteo ERA5 (ECMWF) reanalisis,2026-10-09T02:10:17.430367+00:00
1995,5,Kulon Progo,146.1,23,31,Open-Meteo ERA5 (ECMWF) reanalisis,2026-10-09T02:10:17.430367+00:00
1995,6,Kulon Progo,262.5,23,30,Open-Meteo ERA5 (ECMWF) reanalisis,2026-10-09T02:10:17.430367+00:00
1995,7,Kulon Progo,81.6,18,31,Open-Meteo ERA5 (ECMWF) reanalisis,2026-10-09T02:10:17.430367+00:00
1995,8,Kulon Progo,11.4,4,31,Open-Meteo ERA5 (ECMWF) reanalisis,2026-10-09T02:10:17.430367+00:00
1995,9,Kulon Progo,35.7,10,30,Open-Meteo ERA5 (ECMWF) reanalisis,2026-10-09T02:10:17.430367+00:00
1995,10,Kulon Progo,242.6,24,31,Open-Meteo ERA5 (ECMWF) reanalisis,2026-10-09T02:10:17.430367+00:00
1995,11,Kulon Progo,661.9,30,30,Open-Meteo ERA5 (ECMWF) reanalisis,2026-10-09T02:10:17.430367+00:00
1995,12,Kulon Progo,323.1,30,31,Open-Meteo ERA5 (ECMWF) reanalisis,2026-10-09T02:10:17.430367+00:00
1996,1,Kulon Progo,331.0,30,31,Open-Meteo ERA5 (ECMWF) reanalisis,2026-10-09T02:10:17.430367+00:00
1996,2,Kulon Progo,279.1,27,29,Open-Meteo ERA5 (ECMWF) reanalisis,2026-10-09T02:10:17.430367+00:00
1996,3,Kulon Progo,233.1,29,31,Open-Meteo ERA5 (ECMWF) reanalisis,2026-10-09T02:10:17.430367+00:00
1996,4,Kulon Progo,311.4,23,30,Open-Meteo ERA5 (ECMWF) reanalisis,2026-10-09T02:10:17.430367+00:00
1996,5,Kulon Progo,88.0,19,31,Open-Meteo ERA5 (ECMWF) reanalisis,2026-10-09T02:10:17.430367+00:00
1996,6,Kulon Progo,100.0,23,30,Open-Meteo ERA5 (ECMWF) reanalisis,2026-10-09T02:10:17.430367+00:00
1996,7,Kulon Progo,70.7,12,31,Open-Meteo ERA5 (ECMWF) reanalisis,2026-10-09T02:10:17.430367+00:00
1996,8,Kulon Progo,159.3,16,31,Open-Meteo ERA5 (ECMWF) reanalisis,2026-10-09T02:10:17.430367+00:00
1996,9,Kulon Progo,35.7,13,30,Open-Meteo ERA5 (ECMWF) reanalisis,2026-10-09T02:10:17.430367+00:00
1996,10,Kulon Progo,460.9,28,31,Open-Meteo ERA5 (ECMWF) reanalisis,2026-10-09T02:10:17.430367+00:00
1996,11,Kulon Progo,319.7,30,30,Open-Meteo ERA5 (ECMWF) reanalisis,2026-10-09T02:10:17.430367+00:00
1996,12,Kulon Progo,424.5,28,31,Open-Meteo ERA5 (ECMWF) reanalisis,2026-10-09T02:10:17.430367+00:00
1997,1,Kulon Progo,242.9,28,31,Open-Meteo ERA5 (ECMWF) reanalisis,2026-10-09T02:10:17.430367+00:00
1997,2,Kulon Progo,221.2,23,28,Open-Meteo ERA5 (ECMWF) reanalisis,2026-10-09T02:10:17.430367+00:00
1997,3,Kulon Progo,108.9,25,31,Open-Meteo ERA5 (ECMWF) reanalisis,2026-10-09T02:10:17.430367+00:00
1997,4,Kulon Progo,272.7,29,30,Open-Meteo ERA5 (ECMWF) reanalisis,2026-10-09T02:10:17.430367+00:00
1997,5,Kulon Progo,129.2,25,31,Open-Meteo ERA5 (ECMWF) reanalisis,2026-10-09T02:10:17.430367+00:00
1997,6,Kulon Progo,41.7,14,30,Open-Meteo ERA5 (ECMWF) reanalisis,2026-10-09T02:10:17.430367+00:00
1997,7,Kulon Progo,27.3,6,31,Open-Meteo ERA5 (ECMWF) reanalisis,2026-10-09T02:10:17.430367+00:00
1997,8,Kulon Progo,10.8,4,31,Open-Meteo ERA5 (ECMWF) reanalisis,2026-10-09T02:10:17.430367+00:00
1997,9,Kulon Progo,0.9,0,30,Open-Meteo ERA5 (ECMWF) reanalisis,2026-10-09T02:10:17.430367+00:00
1997,10,Kulon Progo,29.8,10,31,Open-Meteo ERA5 (ECMWF) reanalisis,2026-10-09T02:10:17.430367+00:00
1997,11,Kulon Progo,144.6,27,30,Open-Meteo ERA5 (ECMWF) reanalisis,2026-10-09T02:10:17.430367+00:00
1997,12,Kulon Progo,390.3,28,31,Open-Meteo ERA5 (ECMWF) reanalisis,2026-10-09T02:10:17.430367+00:00
1998,1,Kulon Progo,250.0,27,31,Open-Meteo ERA5 (ECMWF) reanalisis,2026-10-09T02:10:17.430367+00:00
1998,2,Kulon Progo,387.6,28,28,Open-Meteo ERA5 (ECMWF) reanalisis,2026-10-09T02:10:17.430367+00:00
1998,3,Kulon Progo,534.5,31,31,Open-Meteo ERA5 (ECMWF) reanalisis,2026-10-09T02:10:17.430367+00:00
1998,4,Kulon Progo,485.8,30,30,Open-Meteo ERA5 (ECMWF) reanalisis,2026-10-09T02:10:17.430367+00:00
1998,5,Kulon Progo,99.4,19,31,Open-Meteo ERA5 (ECMWF) reanalisis,2026-10-09T02:10:17.430367+00:00
1998,6,Kulon Progo,272.0,29,30,Open-Meteo ERA5 (ECMWF) reanalisis,2026-10-09T02:10:17.430367+00:00
1998,7,Kulon Progo,312.1,29,31,Open-Meteo ERA5 (ECMWF) reanalisis,2026-10-09T02:10:17.430367+00:00
1998,8,Kulon Progo,57.5,17,31,Open-Meteo ERA5 (ECMWF) reanalisis,2026-10-09T02:10:17.430367+00:00
1998,9,Kulon Progo,272.8,22,30,Open-Meteo ERA5 (ECMWF) reanalisis,2026-10-09T02:10:17.430367+00:00
1998,10,Kulon Progo,485.9,31,31,Open-Meteo ERA5 (ECMWF) reanalisis,2026-10-09T02:10:17.430367+00:00
1998,11,Kulon Progo,415.5,28,30,Open-Meteo ERA5 (ECMWF) reanalisis,2026-10-09T02:10:17.430367+00:00
1998,12,Kulon Progo,369.6,27,31,Open-Meteo ERA5 (ECMWF) reanalisis,2026-10-09T02:10:17.430367+00:00
1999,1,Kulon Progo,425.5,30,31,Open-Meteo ERA5 (ECMWF) reanalisis,2026-10-09T02:10:17.430367+00:00
1999,2,Kulon Progo,222.7,25,28,Open-Meteo ERA5 (ECMWF) reanalisis,2026-10-09T02:10:17.430367+00:00
1999,3,Kulon Progo,419.6,29,31,Open-Meteo ERA5 (ECMWF) reanalisis,2026-10-09T02:10:17.430367+00:00
1999,4,Kulon Progo,311.8,28,30,Open-Meteo ERA5 (ECMWF) reanalisis,2026-10-09T02:10:17.430367+00:00
1999,5,Kulon Progo,153.8,23,31,Open-Meteo ERA5 (ECMWF) reanalisis,2026-10-09T02:10:17.430367+00:00
1999,6,Kulon Progo,64.9,16,30,Open-Meteo ERA5 (ECMWF) reanalisis,2026-10-09T02:10:17.430367+00:00
1999,7,Kulon Progo,37.6,9,31,Open-Meteo ERA5 (ECMWF) reanalisis,2026-10-09T02:10:17.430367+00:00
1999,8,Kulon Progo,42.6,9,31,Open-Meteo ERA5 (ECMWF) reanalisis,2026-10-09T02:10:17.430367+00:00
1999,9,Kulon Progo,13.2,3,30,Open-Meteo ERA5 (ECMWF) reanalisis,2026-10-09T02:10:17.430367+00:00
1999,10,Kulon Progo,346.8,25,31,Open-Meteo ERA5 (ECMWF) reanalisis,2026-10-09T02:10:17.430367+00:00
1999,11,Kulon Progo,362.6,28,30,Open-Meteo ERA5 (ECMWF) reanalisis,2026-10-09T02:10:17.430367+00:00
1999,12,Kulon Progo,274.3,29,31,Open-Meteo ERA5 (ECMWF) reanalisis,2026-10-09T02:10:17.430367+00:00
2000,1,Kulon Progo,296.4,30,31,Open-Meteo ERA5 (ECMWF) reanalisis,2026-10-09T02:10:17.430367+00:00
2000,2,Kulon Progo,291.0,24,29,Open-Meteo ERA5 (ECMWF) reanalisis,2026-10-09T02:10:17.430367+00:00
2000,3,Kulon Progo,456.4,30,31,Open-Meteo ERA5 (ECMWF) reanalisis,2026-10-09T02:10:17.430367+00:00
2000,4,Kulon Progo,312.4,27,30,Open-Meteo ERA5 (ECMWF) reanalisis,2026-10-09T02:10:17.430367+00:00
2000,5,Kulon Progo,163.8,27,31,Open-Meteo ERA5 (ECMWF) reanalisis,2026-10-09T02:10:17.430367+00:00
2000,6,Kulon Progo,98.9,13,30,Open-Meteo ERA5 (ECMWF) reanalisis,2026-10-09T02:10:17.430367+00:00
2000,7,Kulon Progo,11.1,4,31,Open-Meteo ERA5 (ECMWF) reanalisis,2026-10-09T02:10:17.430367+00:00
2000,8,Kulon Progo,67.9,11,31,Open-Meteo ERA5 (ECMWF) reanalisis,2026-10-09T02:10:17.430367+00:00
2000,9,Kulon Progo,43.7,13,30,Open-Meteo ERA5 (ECMWF) reanalisis,2026-10-09T02:10:17.430367+00:00
2000,10,Kulon Progo,414.1,28,31,Open-Meteo ERA5 (ECMWF) reanalisis,2026-10-09T02:10:17.430367+00:00
2000,11,Kulon Progo,490.8,30,30,Open-Meteo ERA5 (ECMWF) reanalisis,2026-10-09T02:10:17.430367+00:00
2000,12,Kulon Progo,147.7,21,31,Open-Meteo ERA5 (ECMWF) reanalisis,2026-10-09T02:10:17.430367+00:00
2001,1,Kulon Progo,453.9,31,31,Open-Meteo ERA5 (ECMWF) reanalisis,2026-10-09T02:10:17.430367+00:00
2001,2,Kulon Progo,294.1,25,28,Open-Meteo ERA5 (ECMWF) reanalisis,2026-10-09T02:10:17.430367+00:00
2001,3,Kulon Progo,391.5,31,31,Open-Meteo ERA5 (ECMWF) reanalisis,2026-10-09T02:10:17.430367+00:00
2001,4,Kulon Progo,298.7,26,30,Open-Meteo ERA5 (ECMWF) reanalisis,2026-10-09T02:10:17.430367+00:00
2001,5,Kulon Progo,115.3,17,31,Open-Meteo ERA5 (ECMWF) reanalisis,2026-10-09T02:10:17.430367+00:00
2001,6,Kulon Progo,141.1,23,30,Open-Meteo ERA5 (ECMWF) reanalisis,2026-10-09T02:10:17.430367+00:00
2001,7,Kulon Progo,59.5,13,31,Open-Meteo ERA5 (ECMWF) reanalisis,2026-10-09T02:10:17.430367+00:00
2001,8,Kulon Progo,7.8,3,31,Open-Meteo ERA5 (ECMWF) reanalisis,2026-10-09T02:10:17.430367+00:00
2001,9,Kulon Progo,74.1,13,30,Open-Meteo ERA5 (ECMWF) reanalisis,2026-10-09T02:10:17.430367+00:00
2001,10,Kulon Progo,308.5,29,31,Open-Meteo ERA5 (ECMWF) reanalisis,2026-10-09T02:10:17.430367+00:00
2001,11,Kulon Progo,395.6,27,30,Open-Meteo ERA5 (ECMWF) reanalisis,2026-10-09T02:10:17.430367+00:00
2001,12,Kulon Progo,309.6,23,31,Open-Meteo ERA5 (ECMWF) reanalisis,2026-10-09T02:10:17.430367+00:00
2002,1,Kulon Progo,388.7,29,31,Open-Meteo ERA5 (ECMWF) reanalisis,2026-10-09T02:10:17.430367+00:00
2002,2,Kulon Progo,246.9,28,28,Open-Meteo ERA5 (ECMWF) reanalisis,2026-10-09T02:10:17.430367+00:00
2002,3,Kulon Progo,358.0,29,31,Open-Meteo ERA5 (ECMWF) reanalisis,2026-10-09T02:10:17.430367+00:00
2002,4,Kulon Progo,269.6,26,30,Open-Meteo ERA5 (ECMWF) reanalisis,2026-10-09T02:10:17.430367+00:00
2002,5,Kulon Progo,92.2,15,31,Open-Meteo ERA5 (ECMWF) reanalisis,2026-10-09T02:10:17.430367+00:00
2002,6,Kulon Progo,30.9,9,30,Open-Meteo ERA5 (ECMWF) reanalisis,2026-10-09T02:10:17.430367+00:00
2002,7,Kulon Progo,17.4,7,31,Open-Meteo ERA5 (ECMWF) reanalisis,2026-10-09T02:10:17.430367+00:00
2002,8,Kulon Progo,3.0,0,31,Open-Meteo ERA5 (ECMWF) reanalisis,2026-10-09T02:10:17.430367+00:00
2002,9,Kulon Progo,16.8,7,30,Open-Meteo ERA5 (ECMWF) reanalisis,2026-10-09T02:10:17.430367+00:00
2002,10,Kulon Progo,19.4,6,31,Open-Meteo ERA5 (ECMWF) reanalisis,2026-10-09T02:10:17.430367+00:00
2002,11,Kulon Progo,227.2,29,30,Open-Meteo ERA5 (ECMWF) reanalisis,2026-10-09T02:10:17.430367+00:00
2002,12,Kulon Progo,432.0,30,31,Open-Meteo ERA5 (ECMWF) reanalisis,2026-10-09T02:10:17.430367+00:00
2003,1,Kulon Progo,404.5,26,31,Open-Meteo ERA5 (ECMWF) reanalisis,2026-10-09T02:10:17.430367+00:00
2003,2,Kulon Progo,366.8,28,28,Open-Meteo ERA5 (ECMWF) reanalisis,2026-10-09T02:10:17.430367+00:00
2003,3,Kulon Progo,258.9,29,31,Open-Meteo ERA5 (ECMWF) reanalisis,2026-10-09T02:10:17.430367+00:00
2003,4,Kulon Progo,136.6,26,30,Open-Meteo ERA5 (ECMWF) reanalisis,2026-10-09T02:10:17.430367+00:00
2003,5,Kulon Progo,107.3,19,31,Open-Meteo ERA5 (ECMWF) reanalisis,2026-10-09T02:10:17.430367+00:00
2003,6,Kulon Progo,40.5,9,30,Open-Meteo ERA5 (ECMWF) reanalisis,2026-10-09T02:10:17.430367+00:00
2003,7,Kulon Progo,1.7,1,31,Open-Meteo ERA5 (ECMWF) reanalisis,2026-10-09T02:10:17.430367+00:00
2003,8,Kulon Progo,3.2,1,31,Open-Meteo ERA5 (ECMWF) reanalisis,2026-10-09T02:10:17.430367+00:00
2003,9,Kulon Progo,35.8,12,30,Open-Meteo ERA5 (ECMWF) reanalisis,2026-10-09T02:10:17.430367+00:00
2003,10,Kulon Progo,146.5,25,31,Open-Meteo ERA5 (ECMWF) reanalisis,2026-10-09T02:10:17.430367+00:00
2003,11,Kulon Progo,280.2,26,30,Open-Meteo ERA5 (ECMWF) reanalisis,2026-10-09T02:10:17.430367+00:00
2003,12,Kulon Progo,319.6,29,31,Open-Meteo ERA5 (ECMWF) reanalisis,2026-10-09T02:10:17.430367+00:00
2004,1,Kulon Progo,326.9,30,31,Open-Meteo ERA5 (ECMWF) reanalisis,2026-10-09T02:10:17.430367+00:00
2004,2,Kulon Progo,249.2,29,29,Open-Meteo ERA5 (ECMWF) reanalisis,2026-10-09T02:10:17.430367+00:00
2004,3,Kulon Progo,286.0,28,31,Open-Meteo ERA5 (ECMWF) reanalisis,2026-10-09T02:10:17.430367+00:00
2004,4,Kulon Progo,137.3,27,30,Open-Meteo ERA5 (ECMWF) reanalisis,2026-10-09T02:10:17.430367+00:00
2004,5,Kulon Progo,179.6,26,31,Open-Meteo ERA5 (ECMWF) reanalisis,2026-10-09T02:10:17.430367+00:00
2004,6,Kulon Progo,26.3,9,30,Open-Meteo ERA5 (ECMWF) reanalisis,2026-10-09T02:10:17.430367+00:00
2004,7,Kulon Progo,107.5,16,31,Open-Meteo ERA5 (ECMWF) reanalisis,2026-10-09T02:10:17.430367+00:00
2004,8,Kulon Progo,7.2,3,31,Open-Meteo ERA5 (ECMWF) reanalisis,2026-10-09T02:10:17.430367+00:00
2004,9,Kulon Progo,28.9,10,30,Open-Meteo ERA5 (ECMWF) reanalisis,2026-10-09T02:10:17.430367+00:00
2004,10,Kulon Progo,81.2,17,31,Open-Meteo ERA5 (ECMWF) reanalisis,2026-10-09T02:10:17.430367+00:00
2004,11,Kulon Progo,507.4,29,30,Open-Meteo ERA5 (ECMWF) reanalisis,2026-10-09T02:10:17.430367+00:00
2004,12,Kulon Progo,459.8,29,31,Open-Meteo ERA5 (ECMWF) reanalisis,2026-10-09T02:10:17.430367+00:00
2005,1,Kulon Progo,275.9,28,31,Open-Meteo ERA5 (ECMWF) reanalisis,2026-10-09T02:10:17.430367+00:00
2005,2,Kulon Progo,290.6,27,28,Open-Meteo ERA5 (ECMWF) reanalisis,2026-10-09T02:10:17.430367+00:00
2005,3,Kulon Progo,219.1,29,31,Open-Meteo ERA5 (ECMWF) reanalisis,2026-10-09T02:10:17.430367+00:00
2005,4,Kulon Progo,226.7,27,30,Open-Meteo ERA5 (ECMWF) reanalisis,2026-10-09T02:10:17.430367+00:00
2005,5,Kulon Progo,57.5,15,31,Open-Meteo ERA5 (ECMWF) reanalisis,2026-10-09T02:10:17.430367+00:00
2005,6,Kulon Progo,307.8,26,30,Open-Meteo ERA5 (ECMWF) reanalisis,2026-10-09T02:10:17.430367+00:00
2005,7,Kulon Progo,139.2,16,31,Open-Meteo ERA5 (ECMWF) reanalisis,2026-10-09T02:10:17.430367+00:00
2005,8,Kulon Progo,48.4,13,31,Open-Meteo ERA5 (ECMWF) reanalisis,2026-10-09T02:10:17.430367+00:00
2005,9,Kulon Progo,83.4,21,30,Open-Meteo ERA5 (ECMWF) reanalisis,2026-10-09T02:10:17.430367+00:00
2005,10,Kulon Progo,206.8,26,31,Open-Meteo ERA5 (ECMWF) reanalisis,2026-10-09T02:10:17.430367+00:00
2005,11,Kulon Progo,207.2,22,30,Open-Meteo ERA5 (ECMWF) reanalisis,2026-10-09T02:10:17.430367+00:00
2005,12,Kulon Progo,488.7,30,31,Open-Meteo ERA5 (ECMWF) reanalisis,2026-10-09T02:10:17.430367+00:00
2006,1,Kulon Progo,344.0,30,31,Open-Meteo ERA5 (ECMWF) reanalisis,2026-10-09T02:10:17.430367+00:00
2006,2,Kulon Progo,268.0,28,28,Open-Meteo ERA5 (ECMWF) reanalisis,2026-10-09T02:10:17.430367+00:00
2006,3,Kulon Progo,339.9,27,31,Open-Meteo ERA5 (ECMWF) reanalisis,2026-10-09T02:10:17.430367+00:00
2006,4,Kulon Progo,320.0,29,30,Open-Meteo ERA5 (ECMWF) reanalisis,2026-10-09T02:10:17.430367+00:00
2006,5,Kulon Progo,242.8,26,31,Open-Meteo ERA5 (ECMWF) reanalisis,2026-10-09T02:10:17.430367+00:00
2006,6,Kulon Progo,31.9,9,30,Open-Meteo ERA5 (ECMWF) reanalisis,2026-10-09T02:10:17.430367+00:00
2006,7,Kulon Progo,17.4,3,31,Open-Meteo ERA5 (ECMWF) reanalisis,2026-10-09T02:10:17.430367+00:00
2006,8,Kulon Progo,4.6,1,31,Open-Meteo ERA5 (ECMWF) reanalisis,2026-10-09T02:10:17.430367+00:00
2006,9,Kulon Progo,7.4,4,30,Open-Meteo ERA5 (ECMWF) reanalisis,2026-10-09T02:10:17.430367+00:00
2006,10,Kulon Progo,15.5,7,31,Open-Meteo ERA5 (ECMWF) reanalisis,2026-10-09T02:10:17.430367+00:00
2006,11,Kulon Progo,166.2,26,30,Open-Meteo ERA5 (ECMWF) reanalisis,2026-10-09T02:10:17.430367+00:00
2006,12,Kulon Progo,461.6,31,31,Open-Meteo ERA5 (ECMWF) reanalisis,2026-10-09T02:10:17.430367+00:00
2007,1,Kulon Progo,182.6,20,31,Open-Meteo ERA5 (ECMWF) reanalisis,2026-10-09T02:10:17.430367+00:00
2007,2,Kulon Progo,403.7,28,28,Open-Meteo ERA5 (ECMWF) reanalisis,2026-10-09T02:10:17.430367+00:00
2007,3,Kulon Progo,318.1,31,31,Open-Meteo ERA5 (ECMWF) reanalisis,2026-10-09T02:10:17.430367+00:00
2007,4,Kulon Progo,386.9,30,30,Open-Meteo ERA5 (ECMWF) reanalisis,2026-10-09T02:10:17.430367+00:00
2007,5,Kulon Progo,167.5,25,31,Open-Meteo ERA5 (ECMWF) reanalisis,2026-10-09T02:10:17.430367+00:00
2007,6,Kulon Progo,106.5,14,30,Open-Meteo ERA5 (ECMWF) reanalisis,2026-10-09T02:10:17.430367+00:00
2007,7,Kulon Progo,19.9,7,31,Open-Meteo ERA5 (ECMWF) reanalisis,2026-10-09T02:10:17.430367+00:00
2007,8,Kulon Progo,18.7,7,31,Open-Meteo ERA5 (ECMWF) reanalisis,2026-10-09T02:10:17.430367+00:00
2007,9,Kulon Progo,22.0,7,30,Open-Meteo ERA5 (ECMWF) reanalisis,2026-10-09T02:10:17.430367+00:00
2007,10,Kulon Progo,146.8,20,31,Open-Meteo ERA5 (ECMWF) reanalisis,2026-10-09T02:10:17.430367+00:00
2007,11,Kulon Progo,269.8,23,30,Open-Meteo ERA5 (ECMWF) reanalisis,2026-10-09T02:10:17.430367+00:00
2007,12,Kulon Progo,545.2,30,31,Open-Meteo ERA5 (ECMWF) reanalisis,2026-10-09T02:10:17.430367+00:00
2008,1,Kulon Progo,304.0,29,31,Open-Meteo ERA5 (ECMWF) reanalisis,2026-10-09T02:10:17.430367+00:00
2008,2,Kulon Progo,255.9,28,29,Open-Meteo ERA5 (ECMWF) reanalisis,2026-10-09T02:10:17.430367+00:00
2008,3,Kulon Progo,420.1,29,31,Open-Meteo ERA5 (ECMWF) reanalisis,2026-10-09T02:10:17.430367+00:00
2008,4,Kulon Progo,224.4,22,30,Open-Meteo ERA5 (ECMWF) reanalisis,2026-10-09T02:10:17.430367+00:00
2008,5,Kulon Progo,78.7,15,31,Open-Meteo ERA5 (ECMWF) reanalisis,2026-10-09T02:10:17.430367+00:00
2008,6,Kulon Progo,41.6,8,30,Open-Meteo ERA5 (ECMWF) reanalisis,2026-10-09T02:10:17.430367+00:00
2008,7,Kulon Progo,4.5,1,31,Open-Meteo ERA5 (ECMWF) reanalisis,2026-10-09T02:10:17.430367+00:00
2008,8,Kulon Progo,24.0,9,31,Open-Meteo ERA5 (ECMWF) reanalisis,2026-10-09T02:10:17.430367+00:00
2008,9,Kulon Progo,24.0,8,30,Open-Meteo ERA5 (ECMWF) reanalisis,2026-10-09T02:10:17.430367+00:00
2008,10,Kulon Progo,252.7,29,31,Open-Meteo ERA5 (ECMWF) reanalisis,2026-10-09T02:10:17.430367+00:00
2008,11,Kulon Progo,443.4,29,30,Open-Meteo ERA5 (ECMWF) reanalisis,2026-10-09T02:10:17.430367+00:00
2008,12,Kulon Progo,253.4,30,31,Open-Meteo ERA5 (ECMWF) reanalisis,2026-10-09T02:10:17.430367+00:00
2009,1,Kulon Progo,296.8,28,31,Open-Meteo ERA5 (ECMWF) reanalisis,2026-10-09T02:10:17.430367+00:00
2009,2,Kulon Progo,356.9,26,28,Open-Meteo ERA5 (ECMWF) reanalisis,2026-10-09T02:10:17.430367+00:00
2009,3,Kulon Progo,268.9,26,31,Open-Meteo ERA5 (ECMWF) reanalisis,2026-10-09T02:10:17.430367+00:00
2009,4,Kulon Progo,238.1,27,30,Open-Meteo ERA5 (ECMWF) reanalisis,2026-10-09T02:10:17.430367+00:00
2009,5,Kulon Progo,224.3,24,31,Open-Meteo ERA5 (ECMWF) reanalisis,2026-10-09T02:10:17.430367+00:00
2009,6,Kulon Progo,78.1,16,30,Open-Meteo ERA5 (ECMWF) reanalisis,2026-10-09T02:10:17.430367+00:00
2009,7,Kulon Progo,37.3,6,31,Open-Meteo ERA5 (ECMWF) reanalisis,2026-10-09T02:10:17.430367+00:00
2009,8,Kulon Progo,4.7,2,31,Open-Meteo ERA5 (ECMWF) reanalisis,2026-10-09T02:10:17.430367+00:00
2009,9,Kulon Progo,38.3,14,30,Open-Meteo ERA5 (ECMWF) reanalisis,2026-10-09T02:10:17.430367+00:00
2009,10,Kulon Progo,137.3,23,31,Open-Meteo ERA5 (ECMWF) reanalisis,2026-10-09T02:10:17.430367+00:00
2009,11,Kulon Progo,274.4,25,30,Open-Meteo ERA5 (ECMWF) reanalisis,2026-10-09T02:10:17.430367+00:00
2009,12,Kulon Progo,287.6,23,31,Open-Meteo ERA5 (ECMWF) reanalisis,2026-10-09T02:10:17.430367+00:00
2010,1,Kulon Progo,280.4,31,31,Open-Meteo ERA5 (ECMWF) reanalisis,2026-10-09T02:10:17.430367+00:00
2010,2,Kulon Progo,374.2,28,28,Open-Meteo ERA5 (ECMWF) reanalisis,2026-10-09T02:10:17.430367+00:00
2010,3,Kulon Progo,464.2,30,31,Open-Meteo ERA5 (ECMWF) reanalisis,2026-10-09T02:10:17.430367+00:00
2010,4,Kulon Progo,280.2,28,30,Open-Meteo ERA5 (ECMWF) reanalisis,2026-10-09T02:10:17.430367+00:00
2010,5,Kulon Progo,509.5,30,31,Open-Meteo ERA5 (ECMWF) reanalisis,2026-10-09T02:10:17.430367+00:00
2010,6,Kulon Progo,178.2,24,30,Open-Meteo ERA5 (ECMWF) reanalisis,2026-10-09T02:10:17.430367+00:00
2010,7,Kulon Progo,203.7,25,31,Open-Meteo ERA5 (ECMWF) reanalisis,2026-10-09T02:10:17.430367+00:00
2010,8,Kulon Progo,99.1,22,31,Open-Meteo ERA5 (ECMWF) reanalisis,2026-10-09T02:10:17.430367+00:00
2010,9,Kulon Progo,402.3,27,30,Open-Meteo ERA5 (ECMWF) reanalisis,2026-10-09T02:10:17.430367+00:00
2010,10,Kulon Progo,309.4,29,31,Open-Meteo ERA5 (ECMWF) reanalisis,2026-10-09T02:10:17.430367+00:00
2010,11,Kulon Progo,401.9,29,30,Open-Meteo ERA5 (ECMWF) reanalisis,2026-10-09T02:10:17.430367+00:00
2010,12,Kulon Progo,418.1,30,31,Open-Meteo ERA5 (ECMWF) reanalisis,2026-10-09T02:10:17.430367+00:00
2011,1,Kulon Progo,268.2,29,31,Open-Meteo ERA5 (ECMWF) reanalisis,2026-10-09T02:10:17.430367+00:00
2011,2,Kulon Progo,203.7,26,28,Open-Meteo ERA5 (ECMWF) reanalisis,2026-10-09T02:10:17.430367+00:00
2011,3,Kulon Progo,217.7,30,31,Open-Meteo ERA5 (ECMWF) reanalisis,2026-10-09T02:10:17.430367+00:00
2011,4,Kulon Progo,300.1,30,30,Open-Meteo ERA5 (ECMWF) reanalisis,2026-10-09T02:10:17.430367+00:00
2011,5,Kulon Progo,162.3,22,31,Open-Meteo ERA5 (ECMWF) reanalisis,2026-10-09T02:10:17.430367+00:00
2011,6,Kulon Progo,30.8,11,30,Open-Meteo ERA5 (ECMWF) reanalisis,2026-10-09T02:10:17.430367+00:00
2011,7,Kulon Progo,28.5,11,31,Open-Meteo ERA5 (ECMWF) reanalisis,2026-10-09T02:10:17.430367+00:00
2011,8,Kulon Progo,4.5,2,31,Open-Meteo ERA5 (ECMWF) reanalisis,2026-10-09T02:10:17.430367+00:00
2011,9,Kulon Progo,21.7,6,30,Open-Meteo ERA5 (ECMWF) reanalisis,2026-10-09T02:10:17.430367+00:00
2011,10,Kulon Progo,124.8,19,31,Open-Meteo ERA5 (ECMWF) reanalisis,2026-10-09T02:10:17.430367+00:00
2011,11,Kulon Progo,533.9,29,30,Open-Meteo ERA5 (ECMWF) reanalisis,2026-10-09T02:10:17.430367+00:00
2011,12,Kulon Progo,271.2,27,31,Open-Meteo ERA5 (ECMWF) reanalisis,2026-10-09T02:10:17.430367+00:00
2012,1,Kulon Progo,290.6,29,31,Open-Meteo ERA5 (ECMWF) reanalisis,2026-10-09T02:10:17.430367+00:00
2012,2,Kulon Progo,326.2,26,29,Open-Meteo ERA5 (ECMWF) reanalisis,2026-10-09T02:10:17.430367+00:00
2012,3,Kulon Progo,297.7,25,31,Open-Meteo ERA5 (ECMWF) reanalisis,2026-10-09T02:10:17.430367+00:00
2012,4,Kulon Progo,330.2,24,30,Open-Meteo ERA5 (ECMWF) reanalisis,2026-10-09T02:10:17.430367+00:00
2012,5,Kulon Progo,184.3,19,31,Open-Meteo ERA5 (ECMWF) reanalisis,2026-10-09T02:10:17.430367+00:00
2012,6,Kulon Progo,78.8,11,30,Open-Meteo ERA5 (ECMWF) reanalisis,2026-10-09T02:10:17.430367+00:00
2012,7,Kulon Progo,12.1,4,31,Open-Meteo ERA5 (ECMWF) reanalisis,2026-10-09T02:10:17.430367+00:00
2012,8,Kulon Progo,6.9,4,31,Open-Meteo ERA5 (ECMWF) reanalisis,2026-10-09T02:10:17.430367+00:00
2012,9,Kulon Progo,18.6,7,30,Open-Meteo ERA5 (ECMWF) reanalisis,2026-10-09T02:10:17.430367+00:00
2012,10,Kulon Progo,122.2,18,31,Open-Meteo ERA5 (ECMWF) reanalisis,2026-10-09T02:10:17.430367+00:00
2012,11,Kulon Progo,354.5,29,30,Open-Meteo ERA5 (ECMWF) reanalisis,2026-10-09T02:10:17.430367+00:00
2012,12,Kulon Progo,502.7,31,31,Open-Meteo ERA5 (ECMWF) reanalisis,2026-10-09T02:10:17.430367+00:00
2013,1,Kulon Progo,340.6,31,31,Open-Meteo ERA5 (ECMWF) reanalisis,2026-10-09T02:10:17.430367+00:00
2013,2,Kulon Progo,385.9,27,28,Open-Meteo ERA5 (ECMWF) reanalisis,2026-10-09T02:10:17.430367+00:00
2013,3,Kulon Progo,191.0,29,31,Open-Meteo ERA5 (ECMWF) reanalisis,2026-10-09T02:10:17.430367+00:00
2013,4,Kulon Progo,301.3,27,30,Open-Meteo ERA5 (ECMWF) reanalisis,2026-10-09T02:10:17.430367+00:00
2013,5,Kulon Progo,271.4,25,31,Open-Meteo ERA5 (ECMWF) reanalisis,2026-10-09T02:10:17.430367+00:00
2013,6,Kulon Progo,225.9,26,30,Open-Meteo ERA5 (ECMWF) reanalisis,2026-10-09T02:10:17.430367+00:00
2013,7,Kulon Progo,155.4,21,31,Open-Meteo ERA5 (ECMWF) reanalisis,2026-10-09T02:10:17.430367+00:00
2013,8,Kulon Progo,10.8,5,31,Open-Meteo ERA5 (ECMWF) reanalisis,2026-10-09T02:10:17.430367+00:00
2013,9,Kulon Progo,7.6,3,30,Open-Meteo ERA5 (ECMWF) reanalisis,2026-10-09T02:10:17.430367+00:00
2013,10,Kulon Progo,129.7,17,31,Open-Meteo ERA5 (ECMWF) reanalisis,2026-10-09T02:10:17.430367+00:00
2013,11,Kulon Progo,256.6,25,30,Open-Meteo ERA5 (ECMWF) reanalisis,2026-10-09T02:10:17.430367+00:00
2013,12,Kulon Progo,434.2,27,31,Open-Meteo ERA5 (ECMWF) reanalisis,2026-10-09T02:10:17.430367+00:00
2014,1,Kulon Progo,389.0,30,31,Open-Meteo ERA5 (ECMWF) reanalisis,2026-10-09T02:10:17.430367+00:00
2014,2,Kulon Progo,339.7,23,28,Open-Meteo ERA5 (ECMWF) reanalisis,2026-10-09T02:10:17.430367+00:00
2014,3,Kulon Progo,271.6,27,31,Open-Meteo ERA5 (ECMWF) reanalisis,2026-10-09T02:10:17.430367+00:00
2014,4,Kulon Progo,201.2,26,30,Open-Meteo ERA5 (ECMWF) reanalisis,2026-10-09T02:10:17.430367+00:00
2014,5,Kulon Progo,115.2,25,31,Open-Meteo ERA5 (ECMWF) reanalisis,2026-10-09T02:10:17.430367+00:00
2014,6,Kulon Progo,153.5,19,30,Open-Meteo ERA5 (ECMWF) reanalisis,2026-10-09T02:10:17.430367+00:00
2014,7,Kulon Progo,88.8,13,31,Open-Meteo ERA5 (ECMWF) reanalisis,2026-10-09T02:10:17.430367+00:00
2014,8,Kulon Progo,12.8,4,31,Open-Meteo ERA5 (ECMWF) reanalisis,2026-10-09T02:10:17.430367+00:00
2014,9,Kulon Progo,3.8,0,30,Open-Meteo ERA5 (ECMWF) reanalisis,2026-10-09T02:10:17.430367+00:00
2014,10,Kulon Progo,41.3,11,31,Open-Meteo ERA5 (ECMWF) reanalisis,2026-10-09T02:10:17.430367+00:00
2014,11,Kulon Progo,298.6,27,30,Open-Meteo ERA5 (ECMWF) reanalisis,2026-10-09T02:10:17.430367+00:00
2014,12,Kulon Progo,393.4,29,31,Open-Meteo ERA5 (ECMWF) reanalisis,2026-10-09T02:10:17.430367+00:00
2015,1,Kulon Progo,267.5,27,31,Open-Meteo ERA5 (ECMWF) reanalisis,2026-10-09T02:10:17.430367+00:00
2015,2,Kulon Progo,323.2,26,28,Open-Meteo ERA5 (ECMWF) reanalisis,2026-10-09T02:10:17.430367+00:00
2015,3,Kulon Progo,331.8,31,31,Open-Meteo ERA5 (ECMWF) reanalisis,2026-10-09T02:10:17.430367+00:00
2015,4,Kulon Progo,476.0,30,30,Open-Meteo ERA5 (ECMWF) reanalisis,2026-10-09T02:10:17.430367+00:00
2015,5,Kulon Progo,96.3,16,31,Open-Meteo ERA5 (ECMWF) reanalisis,2026-10-09T02:10:17.430367+00:00
2015,6,Kulon Progo,48.1,8,30,Open-Meteo ERA5 (ECMWF) reanalisis,2026-10-09T02:10:17.430367+00:00
2015,7,Kulon Progo,13.4,4,31,Open-Meteo ERA5 (ECMWF) reanalisis,2026-10-09T02:10:17.430367+00:00
2015,8,Kulon Progo,9.3,5,31,Open-Meteo ERA5 (ECMWF) reanalisis,2026-10-09T02:10:17.430367+00:00
2015,9,Kulon Progo,1.7,0,30,Open-Meteo ERA5 (ECMWF) reanalisis,2026-10-09T02:10:17.430367+00:00
2015,10,Kulon Progo,14.6,6,31,Open-Meteo ERA5 (ECMWF) reanalisis,2026-10-09T02:10:17.430367+00:00
2015,11,Kulon Progo,275.7,25,30,Open-Meteo ERA5 (ECMWF) reanalisis,2026-10-09T02:10:17.430367+00:00
2015,12,Kulon Progo,446.1,30,31,Open-Meteo ERA5 (ECMWF) reanalisis,2026-10-09T02:10:17.430367+00:00
2016,1,Kulon Progo,317.9,30,31,Open-Meteo ERA5 (ECMWF) reanalisis,2026-10-09T02:10:17.430367+00:00
2016,2,Kulon Progo,387.7,27,29,Open-Meteo ERA5 (ECMWF) reanalisis,2026-10-09T02:10:17.430367+00:00
2016,3,Kulon Progo,348.0,29,31,Open-Meteo ERA5 (ECMWF) reanalisis,2026-10-09T02:10:17.430367+00:00
2016,4,Kulon Progo,326.8,29,30,Open-Meteo ERA5 (ECMWF) reanalisis,2026-10-09T02:10:17.430367+00:00
2016,5,Kulon Progo,232.5,29,31,Open-Meteo ERA5 (ECMWF) reanalisis,2026-10-09T02:10:17.430367+00:00
2016,6,Kulon Progo,389.5,25,30,Open-Meteo ERA5 (ECMWF) reanalisis,2026-10-09T02:10:17.430367+00:00
2016,7,Kulon Progo,161.8,22,31,Open-Meteo ERA5 (ECMWF) reanalisis,2026-10-09T02:10:17.430367+00:00
2016,8,Kulon Progo,121.9,24,31,Open-Meteo ERA5 (ECMWF) reanalisis,2026-10-09T02:10:17.430367+00:00
2016,9,Kulon Progo,341.9,26,30,Open-Meteo ERA5 (ECMWF) reanalisis,2026-10-09T02:10:17.430367+00:00
2016,10,Kulon Progo,492.3,31,31,Open-Meteo ERA5 (ECMWF) reanalisis,2026-10-09T02:10:17.430367+00:00
2016,11,Kulon Progo,417.5,30,30,Open-Meteo ERA5 (ECMWF) reanalisis,2026-10-09T02:10:17.430367+00:00
2016,12,Kulon Progo,350.3,29,31,Open-Meteo ERA5 (ECMWF) reanalisis,2026-10-09T02:10:17.430367+00:00
2017,1,Kulon Progo,330.1,30,31,Open-Meteo ERA5 (ECMWF) reanalisis,2026-10-09T02:10:17.430367+00:00
2017,2,Kulon Progo,352.0,28,28,Open-Meteo ERA5 (ECMWF) reanalisis,2026-10-09T02:10:17.430367+00:00
2017,3,Kulon Progo,237.3,25,31,Open-Meteo ERA5 (ECMWF) reanalisis,2026-10-09T02:10:17.430367+00:00
2017,4,Kulon Progo,332.5,28,30,Open-Meteo ERA5 (ECMWF) reanalisis,2026-10-09T02:10:17.430367+00:00
2017,5,Kulon Progo,155.8,25,31,Open-Meteo ERA5 (ECMWF) reanalisis,2026-10-09T02:10:17.430367+00:00
2017,6,Kulon Progo,168.5,24,30,Open-Meteo ERA5 (ECMWF) reanalisis,2026-10-09T02:10:17.430367+00:00
2017,7,Kulon Progo,54.4,14,31,Open-Meteo ERA5 (ECMWF) reanalisis,2026-10-09T02:10:17.430367+00:00
2017,8,Kulon Progo,27.4,8,31,Open-Meteo ERA5 (ECMWF) reanalisis,2026-10-09T02:10:17.430367+00:00
2017,9,Kulon Progo,138.2,13,30,Open-Meteo ERA5 (ECMWF) reanalisis,2026-10-09T02:10:17.430367+00:00
2017,10,Kulon Progo,231.1,29,31,Open-Meteo ERA5 (ECMWF) reanalisis,2026-10-09T02:10:17.430367+00:00
2017,11,Kulon Progo,580.9,28,30,Open-Meteo ERA5 (ECMWF) reanalisis,2026-10-09T02:10:17.430367+00:00
2017,12,Kulon Progo,217.4,24,31,Open-Meteo ERA5 (ECMWF) reanalisis,2026-10-09T02:10:17.430367+00:00
2018,1,Kulon Progo,511.4,31,31,Open-Meteo ERA5 (ECMWF) reanalisis,2026-10-09T02:10:17.430367+00:00
2018,2,Kulon Progo,281.2,27,28,Open-Meteo ERA5 (ECMWF) reanalisis,2026-10-09T02:10:17.430367+00:00
2018,3,Kulon Progo,291.2,27,31,Open-Meteo ERA5 (ECMWF) reanalisis,2026-10-09T02:10:17.430367+00:00
2018,4,Kulon Progo,162.7,27,30,Open-Meteo ERA5 (ECMWF) reanalisis,2026-10-09T02:10:17.430367+00:00
2018,5,Kulon Progo,94.0,13,31,Open-Meteo ERA5 (ECMWF) reanalisis,2026-10-09T02:10:17.430367+00:00
2018,6,Kulon Progo,52.9,11,30,Open-Meteo ERA5 (ECMWF) reanalisis,2026-10-09T02:10:17.430367+00:00
2018,7,Kulon Progo,16.4,6,31,Open-Meteo ERA5 (ECMWF) reanalisis,2026-10-09T02:10:17.430367+00:00
2018,8,Kulon Progo,29.3,11,31,Open-Meteo ERA5 (ECMWF) reanalisis,2026-10-09T02:10:17.430367+00:00
2018,9,Kulon Progo,71.9,22,30,Open-Meteo ERA5 (ECMWF) reanalisis,2026-10-09T02:10:17.430367+00:00
2018,10,Kulon Progo,59.8,19,31,Open-Meteo ERA5 (ECMWF) reanalisis,2026-10-09T02:10:17.430367+00:00
2018,11,Kulon Progo,511.3,27,30,Open-Meteo ERA5 (ECMWF) reanalisis,2026-10-09T02:10:17.430367+00:00
2018,12,Kulon Progo,263.2,29,31,Open-Meteo ERA5 (ECMWF) reanalisis,2026-10-09T02:10:17.430367+00:00
2019,1,Kulon Progo,472.2,31,31,Open-Meteo ERA5 (ECMWF) reanalisis,2026-10-09T02:10:17.430367+00:00
2019,2,Kulon Progo,281.2,28,28,Open-Meteo ERA5 (ECMWF) reanalisis,2026-10-09T02:10:17.430367+00:00
2019,3,Kulon Progo,565.0,28,31,Open-Meteo ERA5 (ECMWF) reanalisis,2026-10-09T02:10:17.430367+00:00
2019,4,Kulon Progo,203.5,28,30,Open-Meteo ERA5 (ECMWF) reanalisis,2026-10-09T02:10:17.430367+00:00
2019,5,Kulon Progo,59.2,20,31,Open-Meteo ERA5 (ECMWF) reanalisis,2026-10-09T02:10:17.430367+00:00
2019,6,Kulon Progo,12.6,4,30,Open-Meteo ERA5 (ECMWF) reanalisis,2026-10-09T02:10:17.430367+00:00
2019,7,Kulon Progo,23.1,9,31,Open-Meteo ERA5 (ECMWF) reanalisis,2026-10-09T02:10:17.430367+00:00
2019,8,Kulon Progo,22.9,8,31,Open-Meteo ERA5 (ECMWF) reanalisis,2026-10-09T02:10:17.430367+00:00
2019,9,Kulon Progo,16.5,6,30,Open-Meteo ERA5 (ECMWF) reanalisis,2026-10-09T02:10:17.430367+00:00
2019,10,Kulon Progo,43.6,14,31,Open-Meteo ERA5 (ECMWF) reanalisis,2026-10-09T02:10:17.430367+00:00
2019,11,Kulon Progo,144.8,23,30,Open-Meteo ERA5 (ECMWF) reanalisis,2026-10-09T02:10:17.430367+00:00
2019,12,Kulon Progo,254.2,30,31,Open-Meteo ERA5 (ECMWF) reanalisis,2026-10-09T02:10:17.430367+00:00
2020,1,Kulon Progo,336.9,27,31,Open-Meteo ERA5 (ECMWF) reanalisis,2026-10-09T02:10:17.430367+00:00
2020,2,Kulon Progo,387.8,29,29,Open-Meteo ERA5 (ECMWF) reanalisis,2026-10-09T02:10:17.430367+00:00
2020,3,Kulon Progo,619.8,31,31,Open-Meteo ERA5 (ECMWF) reanalisis,2026-10-09T02:10:17.430367+00:00
2020,4,Kulon Progo,288.3,29,30,Open-Meteo ERA5 (ECMWF) reanalisis,2026-10-09T02:10:17.430367+00:00
2020,5,Kulon Progo,337.8,26,31,Open-Meteo ERA5 (ECMWF) reanalisis,2026-10-09T02:10:17.430367+00:00
2020,6,Kulon Progo,108.4,21,30,Open-Meteo ERA5 (ECMWF) reanalisis,2026-10-09T02:10:17.430367+00:00
2020,7,Kulon Progo,55.0,18,31,Open-Meteo ERA5 (ECMWF) reanalisis,2026-10-09T02:10:17.430367+00:00
2020,8,Kulon Progo,52.2,11,31,Open-Meteo ERA5 (ECMWF) reanalisis,2026-10-09T02:10:17.430367+00:00
2020,9,Kulon Progo,116.4,25,30,Open-Meteo ERA5 (ECMWF) reanalisis,2026-10-09T02:10:17.430367+00:00
2020,10,Kulon Progo,377.9,29,31,Open-Meteo ERA5 (ECMWF) reanalisis,2026-10-09T02:10:17.430367+00:00
2020,11,Kulon Progo,559.4,30,30,Open-Meteo ERA5 (ECMWF) reanalisis,2026-10-09T02:10:17.430367+00:00
2020,12,Kulon Progo,430.8,30,31,Open-Meteo ERA5 (ECMWF) reanalisis,2026-10-09T02:10:17.430367+00:00
2021,1,Kulon Progo,418.4,28,31,Open-Meteo ERA5 (ECMWF) reanalisis,2026-10-09T02:10:17.430367+00:00
2021,2,Kulon Progo,496.5,28,28,Open-Meteo ERA5 (ECMWF) reanalisis,2026-10-09T02:10:17.430367+00:00
2021,3,Kulon Progo,215.9,29,31,Open-Meteo ERA5 (ECMWF) reanalisis,2026-10-09T02:10:17.430367+00:00
2021,4,Kulon Progo,220.2,26,30,Open-Meteo ERA5 (ECMWF) reanalisis,2026-10-09T02:10:17.430367+00:00
2021,5,Kulon Progo,79.4,23,31,Open-Meteo ERA5 (ECMWF) reanalisis,2026-10-09T02:10:17.430367+00:00
2021,6,Kulon Progo,332.4,26,30,Open-Meteo ERA5 (ECMWF) reanalisis,2026-10-09T02:10:17.430367+00:00
2021,7,Kulon Progo,62.9,17,31,Open-Meteo ERA5 (ECMWF) reanalisis,2026-10-09T02:10:17.430367+00:00
2021,8,Kulon Progo,94.6,23,31,Open-Meteo ERA5 (ECMWF) reanalisis,2026-10-09T02:10:17.430367+00:00
2021,9,Kulon Progo,132.0,28,30,Open-Meteo ERA5 (ECMWF) reanalisis,2026-10-09T02:10:17.430367+00:00
2021,10,Kulon Progo,236.7,25,31,Open-Meteo ERA5 (ECMWF) reanalisis,2026-10-09T02:10:17.430367+00:00
2021,11,Kulon Progo,528.1,30,30,Open-Meteo ERA5 (ECMWF) reanalisis,2026-10-09T02:10:17.430367+00:00
2021,12,Kulon Progo,394.4,30,31,Open-Meteo ERA5 (ECMWF) reanalisis,2026-10-09T02:10:17.430367+00:00
2022,1,Kulon Progo,299.5,27,31,Open-Meteo ERA5 (ECMWF) reanalisis,2026-10-09T02:10:17.430367+00:00
2022,2,Kulon Progo,325.5,26,28,Open-Meteo ERA5 (ECMWF) reanalisis,2026-10-09T02:10:17.430367+00:00
2022,3,Kulon Progo,391.6,30,31,Open-Meteo ERA5 (ECMWF) reanalisis,2026-10-09T02:10:17.430367+00:00
2022,4,Kulon Progo,357.5,30,30,Open-Meteo ERA5 (ECMWF) reanalisis,2026-10-09T02:10:17.430367+00:00
2022,5,Kulon Progo,281.8,29,31,Open-Meteo ERA5 (ECMWF) reanalisis,2026-10-09T02:10:17.430367+00:00
2022,6,Kulon Progo,215.0,28,30,Open-Meteo ERA5 (ECMWF) reanalisis,2026-10-09T02:10:17.430367+00:00
2022,7,Kulon Progo,97.9,20,31,Open-Meteo ERA5 (ECMWF) reanalisis,2026-10-09T02:10:17.430367+00:00
2022,8,Kulon Progo,135.7,20,31,Open-Meteo ERA5 (ECMWF) reanalisis,2026-10-09T02:10:17.430367+00:00
2022,9,Kulon Progo,198.0,24,30,Open-Meteo ERA5 (ECMWF) reanalisis,2026-10-09T02:10:17.430367+00:00
2022,10,Kulon Progo,416.4,29,31,Open-Meteo ERA5 (ECMWF) reanalisis,2026-10-09T02:10:17.430367+00:00
2022,11,Kulon Progo,543.0,29,30,Open-Meteo ERA5 (ECMWF) reanalisis,2026-10-09T02:10:17.430367+00:00
2022,12,Kulon Progo,419.4,27,31,Open-Meteo ERA5 (ECMWF) reanalisis,2026-10-09T02:10:17.430367+00:00
2023,1,Kulon Progo,222.5,30,31,Open-Meteo ERA5 (ECMWF) reanalisis,2026-10-09T02:10:17.430367+00:00
2023,2,Kulon Progo,490.4,28,28,Open-Meteo ERA5 (ECMWF) reanalisis,2026-10-09T02:10:17.430367+00:00
2023,3,Kulon Progo,332.2,27,31,Open-Meteo ERA5 (ECMWF) reanalisis,2026-10-09T02:10:17.430367+00:00
2023,4,Kulon Progo,245.3,24,30,Open-Meteo ERA5 (ECMWF) reanalisis,2026-10-09T02:10:17.430367+00:00
2023,5,Kulon Progo,165.0,14,31,Open-Meteo ERA5 (ECMWF) reanalisis,2026-10-09T02:10:17.430367+00:00
2023,6,Kulon Progo,112.8,24,30,Open-Meteo ERA5 (ECMWF) reanalisis,2026-10-09T02:10:17.430367+00:00
2023,7,Kulon Progo,99.9,13,31,Open-Meteo ERA5 (ECMWF) reanalisis,2026-10-09T02:10:17.430367+00:00
2023,8,Kulon Progo,12.6,6,31,Open-Meteo ERA5 (ECMWF) reanalisis,2026-10-09T02:10:17.430367+00:00
2023,9,Kulon Progo,27.1,11,30,Open-Meteo ERA5 (ECMWF) reanalisis,2026-10-09T02:10:17.430367+00:00
2023,10,Kulon Progo,60.7,19,31,Open-Meteo ERA5 (ECMWF) reanalisis,2026-10-09T02:10:17.430367+00:00
2023,11,Kulon Progo,189.6,27,30,Open-Meteo ERA5 (ECMWF) reanalisis,2026-10-09T02:10:17.430367+00:00
2023,12,Kulon Progo,168.1,18,31,Open-Meteo ERA5 (ECMWF) reanalisis,2026-10-09T02:10:17.430367+00:00
2024,1,Kulon Progo,478.8,28,31,Open-Meteo ERA5 (ECMWF) reanalisis,2026-10-09T02:10:17.430367+00:00
2024,2,Kulon Progo,300.4,26,29,Open-Meteo ERA5 (ECMWF) reanalisis,2026-10-09T02:10:17.430367+00:00
2024,3,Kulon Progo,289.2,28,31,Open-Meteo ERA5 (ECMWF) reanalisis,2026-10-09T02:10:17.430367+00:00
2024,4,Kulon Progo,328.1,28,30,Open-Meteo ERA5 (ECMWF) reanalisis,2026-10-09T02:10:17.430367+00:00
2024,5,Kulon Progo,109.5,19,31,Open-Meteo ERA5 (ECMWF) reanalisis,2026-10-09T02:10:17.430367+00:00
2024,6,Kulon Progo,124.7,22,30,Open-Meteo ERA5 (ECMWF) reanalisis,2026-10-09T02:10:17.430367+00:00
2024,7,Kulon Progo,51.9,11,31,Open-Meteo ERA5 (ECMWF) reanalisis,2026-10-09T02:10:17.430367+00:00
2024,8,Kulon Progo,38.1,9,31,Open-Meteo ERA5 (ECMWF) reanalisis,2026-10-09T02:10:17.430367+00:00
2024,9,Kulon Progo,139.9,20,30,Open-Meteo ERA5 (ECMWF) reanalisis,2026-10-09T02:10:17.430367+00:00
2024,10,Kulon Progo,112.3,25,31,Open-Meteo ERA5 (ECMWF) reanalisis,2026-10-09T02:10:17.430367+00:00
2024,11,Kulon Progo,456.2,30,30,Open-Meteo ERA5 (ECMWF) reanalisis,2026-10-09T02:10:17.430367+00:00
2024,12,Kulon Progo,512.3,30,31,Open-Meteo ERA5 (ECMWF) reanalisis,2026-10-09T02:10:17.430367+00:00
2025,1,Kulon Progo,388.5,28,31,Open-Meteo ERA5 (ECMWF) reanalisis,2026-10-09T02:10:17.430367+00:00
2025,2,Kulon Progo,323.2,25,28,Open-Meteo ERA5 (ECMWF) reanalisis,2026-10-09T02:10:17.430367+00:00
2025,3,Kulon Progo,306.6,28,31,Open-Meteo ERA5 (ECMWF) reanalisis,2026-10-09T02:10:17.430367+00:00
2025,4,Kulon Progo,211.9,23,30,Open-Meteo ERA5 (ECMWF) reanalisis,2026-10-09T02:10:17.430367+00:00
2025,5,Kulon Progo,581.1,29,31,Open-Meteo ERA5 (ECMWF) reanalisis,2026-10-09T02:10:17.430367+00:00
2025,6,Kulon Progo,203.6,23,30,Open-Meteo ERA5 (ECMWF) reanalisis,2026-10-09T02:10:17.430367+00:00
2025,7,Kulon Progo,121.5,18,31,Open-Meteo ERA5 (ECMWF) reanalisis,2026-10-09T02:10:17.430367+00:00
2025,8,Kulon Progo,183.5,21,31,Open-Meteo ERA5 (ECMWF) reanalisis,2026-10-09T02:10:17.430367+00:00
2025,9,Kulon Progo,222.1,26,30,Open-Meteo ERA5 (ECMWF) reanalisis,2026-10-09T02:10:17.430367+00:00
2025,10,Kulon Progo,433.3,30,31,Open-Meteo ERA5 (ECMWF) reanalisis,2026-10-09T02:10:17.430367+00:00
2025,11,Kulon Progo,502.4,27,30,Open-Meteo ERA5 (ECMWF) reanalisis,2026-10-09T02:10:17.430367+00:00
2025,12,Kulon Progo,223.2,28,31,Open-Meteo ERA5 (ECMWF) reanalisis,2026-10-09T02:10:17.430367+00:00
2026,1,Kulon Progo,436.9,30,31,Open-Meteo ERA5 (ECMWF) reanalisis,2026-10-09T02:10:17.430367+00:00
2026,2,Kulon Progo,388.7,28,28,Open-Meteo ERA5 (ECMWF) reanalisis,2026-10-09T02:10:17.430367+00:00
2026,3,Kulon Progo,300.9,25,31,Open-Meteo ERA5 (ECMWF) reanalisis,2026-10-09T02:10:17.430367+00:00
2026,4,Kulon Progo,429.4,26,30,Open-Meteo ERA5 (ECMWF) reanalisis,2026-10-09T02:10:17.430367+00:00
2026,5,Kulon Progo,155.6,25,31,Open-Meteo ERA5 (ECMWF) reanalisis,2026-10-09T02:10:17.430367+00:00
2026,6,Kulon Progo,57.7,15,30,Open-Meteo ERA5 (ECMWF) reanalisis,2026-10-09T02:10:17.430367+00:00
2026,7,Kulon Progo,21.2,7,31,Open-Meteo ERA5 (ECMWF) reanalisis,2026-10-09T02:10:17.430367+00:00
2026,8,Kulon Progo,19.6,8,31,Open-Meteo ERA5 (ECMWF) reanalisis,2026-10-09T02:10:17.430367+00:00
2026,9,Kulon Progo,23.2,9,30,Open-Meteo ERA5 (ECMWF) reanalisis,2026-10-09T02:10:17.430367+00:00
2026,10,Kulon Progo,3.3,2,3,Open-Meteo ERA5 (ECMWF) reanalisis,2026-10-09T02:10:17.430367+00:00
1991,1,Sleman,373.4,30,31,Open-Meteo ERA5 (ECMWF) reanalisis,2026-10-09T02:10:17.430367+00:00
1991,2,Sleman,165.9,28,28,Open-Meteo ERA5 (ECMWF) reanalisis,2026-10-09T02:10:17.430367+00:00
1991,3,Sleman,263.3,26,31,Open-Meteo ERA5 (ECMWF) reanalisis,2026-10-09T02:10:17.430367+00:00
1991,4,Sleman,302.6,29,30,Open-Meteo ERA5 (ECMWF) reanalisis,2026-10-09T02:10:17.430367+00:00
1991,5,Sleman,73.5,8,31,Open-Meteo ERA5 (ECMWF) reanalisis,2026-10-09T02:10:17.430367+00:00
1991,6,Sleman,16.8,6,30,Open-Meteo ERA5 (ECMWF) reanalisis,2026-10-09T02:10:17.430367+00:00
1991,7,Sleman,17.3,6,31,Open-Meteo ERA5 (ECMWF) reanalisis,2026-10-09T02:10:17.430367+00:00
1991,8,Sleman,1.7,0,31,Open-Meteo ERA5 (ECMWF) reanalisis,2026-10-09T02:10:17.430367+00:00
1991,9,Sleman,13.9,5,30,Open-Meteo ERA5 (ECMWF) reanalisis,2026-10-09T02:10:17.430367+00:00
1991,10,Sleman,39.2,9,31,Open-Meteo ERA5 (ECMWF) reanalisis,2026-10-09T02:10:17.430367+00:00
1991,11,Sleman,431.7,29,30,Open-Meteo ERA5 (ECMWF) reanalisis,2026-10-09T02:10:17.430367+00:00
1991,12,Sleman,613.6,30,31,Open-Meteo ERA5 (ECMWF) reanalisis,2026-10-09T02:10:17.430367+00:00
1992,1,Sleman,482.4,31,31,Open-Meteo ERA5 (ECMWF) reanalisis,2026-10-09T02:10:17.430367+00:00
1992,2,Sleman,343.8,27,29,Open-Meteo ERA5 (ECMWF) reanalisis,2026-10-09T02:10:17.430367+00:00
1992,3,Sleman,388.1,30,31,Open-Meteo ERA5 (ECMWF) reanalisis,2026-10-09T02:10:17.430367+00:00
1992,4,Sleman,352.0,29,30,Open-Meteo ERA5 (ECMWF) reanalisis,2026-10-09T02:10:17.430367+00:00
1992,5,Sleman,163.5,25,31,Open-Meteo ERA5 (ECMWF) reanalisis,2026-10-09T02:10:17.430367+00:00
1992,6,Sleman,65.0,15,30,Open-Meteo ERA5 (ECMWF) reanalisis,2026-10-09T02:10:17.430367+00:00
1992,7,Sleman,58.8,11,31,Open-Meteo ERA5 (ECMWF) reanalisis,2026-10-09T02:10:17.430367+00:00
1992,8,Sleman,373.1,17,31,Open-Meteo ERA5 (ECMWF) reanalisis,2026-10-09T02:10:17.430367+00:00
1992,9,Sleman,215.8,24,30,Open-Meteo ERA5 (ECMWF) reanalisis,2026-10-09T02:10:17.430367+00:00
1992,10,Sleman,368.1,30,31,Open-Meteo ERA5 (ECMWF) reanalisis,2026-10-09T02:10:17.430367+00:00
1992,11,Sleman,397.3,29,30,Open-Meteo ERA5 (ECMWF) reanalisis,2026-10-09T02:10:17.430367+00:00
1992,12,Sleman,386.8,29,31,Open-Meteo ERA5 (ECMWF) reanalisis,2026-10-09T02:10:17.430367+00:00
1993,1,Sleman,299.3,31,31,Open-Meteo ERA5 (ECMWF) reanalisis,2026-10-09T02:10:17.430367+00:00
1993,2,Sleman,131.0,25,28,Open-Meteo ERA5 (ECMWF) reanalisis,2026-10-09T02:10:17.430367+00:00
1993,3,Sleman,402.9,30,31,Open-Meteo ERA5 (ECMWF) reanalisis,2026-10-09T02:10:17.430367+00:00
1993,4,Sleman,346.5,27,30,Open-Meteo ERA5 (ECMWF) reanalisis,2026-10-09T02:10:17.430367+00:00
1993,5,Sleman,130.7,19,31,Open-Meteo ERA5 (ECMWF) reanalisis,2026-10-09T02:10:17.430367+00:00
1993,6,Sleman,206.2,22,30,Open-Meteo ERA5 (ECMWF) reanalisis,2026-10-09T02:10:17.430367+00:00
1993,7,Sleman,16.6,6,31,Open-Meteo ERA5 (ECMWF) reanalisis,2026-10-09T02:10:17.430367+00:00
1993,8,Sleman,35.6,7,31,Open-Meteo ERA5 (ECMWF) reanalisis,2026-10-09T02:10:17.430367+00:00
1993,9,Sleman,29.4,9,30,Open-Meteo ERA5 (ECMWF) reanalisis,2026-10-09T02:10:17.430367+00:00
1993,10,Sleman,70.6,20,31,Open-Meteo ERA5 (ECMWF) reanalisis,2026-10-09T02:10:17.430367+00:00
1993,11,Sleman,375.5,27,30,Open-Meteo ERA5 (ECMWF) reanalisis,2026-10-09T02:10:17.430367+00:00
1993,12,Sleman,377.7,28,31,Open-Meteo ERA5 (ECMWF) reanalisis,2026-10-09T02:10:17.430367+00:00
1994,1,Sleman,420.3,31,31,Open-Meteo ERA5 (ECMWF) reanalisis,2026-10-09T02:10:17.430367+00:00
1994,2,Sleman,347.4,26,28,Open-Meteo ERA5 (ECMWF) reanalisis,2026-10-09T02:10:17.430367+00:00
1994,3,Sleman,487.4,31,31,Open-Meteo ERA5 (ECMWF) reanalisis,2026-10-09T02:10:17.430367+00:00
1994,4,Sleman,289.2,24,30,Open-Meteo ERA5 (ECMWF) reanalisis,2026-10-09T02:10:17.430367+00:00
1994,5,Sleman,65.5,8,31,Open-Meteo ERA5 (ECMWF) reanalisis,2026-10-09T02:10:17.430367+00:00
1994,6,Sleman,5.3,2,30,Open-Meteo ERA5 (ECMWF) reanalisis,2026-10-09T02:10:17.430367+00:00
1994,7,Sleman,5.0,1,31,Open-Meteo ERA5 (ECMWF) reanalisis,2026-10-09T02:10:17.430367+00:00
1994,8,Sleman,5.9,2,31,Open-Meteo ERA5 (ECMWF) reanalisis,2026-10-09T02:10:17.430367+00:00
1994,9,Sleman,3.0,1,30,Open-Meteo ERA5 (ECMWF) reanalisis,2026-10-09T02:10:17.430367+00:00
1994,10,Sleman,42.8,16,31,Open-Meteo ERA5 (ECMWF) reanalisis,2026-10-09T02:10:17.430367+00:00
1994,11,Sleman,273.0,30,30,Open-Meteo ERA5 (ECMWF) reanalisis,2026-10-09T02:10:17.430367+00:00
1994,12,Sleman,232.8,26,31,Open-Meteo ERA5 (ECMWF) reanalisis,2026-10-09T02:10:17.430367+00:00
1995,1,Sleman,412.6,29,31,Open-Meteo ERA5 (ECMWF) reanalisis,2026-10-09T02:10:17.430367+00:00
1995,2,Sleman,385.6,28,28,Open-Meteo ERA5 (ECMWF) reanalisis,2026-10-09T02:10:17.430367+00:00
1995,3,Sleman,429.5,31,31,Open-Meteo ERA5 (ECMWF) reanalisis,2026-10-09T02:10:17.430367+00:00
1995,4,Sleman,158.2,21,30,Open-Meteo ERA5 (ECMWF) reanalisis,2026-10-09T02:10:17.430367+00:00
1995,5,Sleman,146.1,23,31,Open-Meteo ERA5 (ECMWF) reanalisis,2026-10-09T02:10:17.430367+00:00
1995,6,Sleman,262.5,23,30,Open-Meteo ERA5 (ECMWF) reanalisis,2026-10-09T02:10:17.430367+00:00
1995,7,Sleman,81.6,18,31,Open-Meteo ERA5 (ECMWF) reanalisis,2026-10-09T02:10:17.430367+00:00
1995,8,Sleman,11.4,4,31,Open-Meteo ERA5 (ECMWF) reanalisis,2026-10-09T02:10:17.430367+00:00
1995,9,Sleman,35.7,10,30,Open-Meteo ERA5 (ECMWF) reanalisis,2026-10-09T02:10:17.430367+00:00
1995,10,Sleman,242.6,24,31,Open-Meteo ERA5 (ECMWF) reanalisis,2026-10-09T02:10:17.430367+00:00
1995,11,Sleman,661.9,30,30,Open-Meteo ERA5 (ECMWF) reanalisis,2026-10-09T02:10:17.430367+00:00
1995,12,Sleman,323.1,30,31,Open-Meteo ERA5 (ECMWF) reanalisis,2026-10-09T02:10:17.430367+00:00
1996,1,Sleman,331.0,30,31,Open-Meteo ERA5 (ECMWF) reanalisis,2026-10-09T02:10:17.430367+00:00
1996,2,Sleman,279.1,27,29,Open-Meteo ERA5 (ECMWF) reanalisis,2026-10-09T02:10:17.430367+00:00
1996,3,Sleman,233.1,29,31,Open-Meteo ERA5 (ECMWF) reanalisis,2026-10-09T02:10:17.430367+00:00
1996,4,Sleman,311.4,23,30,Open-Meteo ERA5 (ECMWF) reanalisis,2026-10-09T02:10:17.430367+00:00
1996,5,Sleman,88.0,19,31,Open-Meteo ERA5 (ECMWF) reanalisis,2026-10-09T02:10:17.430367+00:00
1996,6,Sleman,100.0,23,30,Open-Meteo ERA5 (ECMWF) reanalisis,2026-10-09T02:10:17.430367+00:00
1996,7,Sleman,70.7,12,31,Open-Meteo ERA5 (ECMWF) reanalisis,2026-10-09T02:10:17.430367+00:00
1996,8,Sleman,159.3,16,31,Open-Meteo ERA5 (ECMWF) reanalisis,2026-10-09T02:10:17.430367+00:00
1996,9,Sleman,35.7,13,30,Open-Meteo ERA5 (ECMWF) reanalisis,2026-10-09T02:10:17.430367+00:00
1996,10,Sleman,460.9,28,31,Open-Meteo ERA5 (ECMWF) reanalisis,2026-10-09T02:10:17.430367+00:00
1996,11,Sleman,319.7,30,30,Open-Meteo ERA5 (ECMWF) reanalisis,2026-10-09T02:10:17.430367+00:00
1996,12,Sleman,424.5,28,31,Open-Meteo ERA5 (ECMWF) reanalisis,2026-10-09T02:10:17.430367+00:00
1997,1,Sleman,242.9,28,31,Open-Meteo ERA5 (ECMWF) reanalisis,2026-10-09T02:10:17.430367+00:00
1997,2,Sleman,221.2,23,28,Open-Meteo ERA5 (ECMWF) reanalisis,2026-10-09T02:10:17.430367+00:00
1997,3,Sleman,108.9,25,31,Open-Meteo ERA5 (ECMWF) reanalisis,2026-10-09T02:10:17.430367+00:00
1997,4,Sleman,272.7,29,30,Open-Meteo ERA5 (ECMWF) reanalisis,2026-10-09T02:10:17.430367+00:00
1997,5,Sleman,129.2,25,31,Open-Meteo ERA5 (ECMWF) reanalisis,2026-10-09T02:10:17.430367+00:00
1997,6,Sleman,41.7,14,30,Open-Meteo ERA5 (ECMWF) reanalisis,2026-10-09T02:10:17.430367+00:00
1997,7,Sleman,27.3,6,31,Open-Meteo ERA5 (ECMWF) reanalisis,2026-10-09T02:10:17.430367+00:00
1997,8,Sleman,10.8,4,31,Open-Meteo ERA5 (ECMWF) reanalisis,2026-10-09T02:10:17.430367+00:00
1997,9,Sleman,0.9,0,30,Open-Meteo ERA5 (ECMWF) reanalisis,2026-10-09T02:10:17.430367+00:00
1997,10,Sleman,29.8,10,31,Open-Meteo ERA5 (ECMWF) reanalisis,2026-10-09T02:10:17.430367+00:00
1997,11,Sleman,144.6,27,30,Open-Meteo ERA5 (ECMWF) reanalisis,2026-10-09T02:10:17.430367+00:00
1997,12,Sleman,390.3,28,31,Open-Meteo ERA5 (ECMWF) reanalisis,2026-10-09T02:10:17.430367+00:00
1998,1,Sleman,250.0,27,31,Open-Meteo ERA5 (ECMWF) reanalisis,2026-10-09T02:10:17.430367+00:00
1998,2,Sleman,387.6,28,28,Open-Meteo ERA5 (ECMWF) reanalisis,2026-10-09T02:10:17.430367+00:00
1998,3,Sleman,534.5,31,31,Open-Meteo ERA5 (ECMWF) reanalisis,2026-10-09T02:10:17.430367+00:00
1998,4,Sleman,485.8,30,30,Open-Meteo ERA5 (ECMWF) reanalisis,2026-10-09T02:10:17.430367+00:00
1998,5,Sleman,99.4,19,31,Open-Meteo ERA5 (ECMWF) reanalisis,2026-10-09T02:10:17.430367+00:00
1998,6,Sleman,272.0,29,30,Open-Meteo ERA5 (ECMWF) reanalisis,2026-10-09T02:10:17.430367+00:00
1998,7,Sleman,312.1,29,31,Open-Meteo ERA5 (ECMWF) reanalisis,2026-10-09T02:10:17.430367+00:00
1998,8,Sleman,57.5,17,31,Open-Meteo ERA5 (ECMWF) reanalisis,2026-10-09T02:10:17.430367+00:00
1998,9,Sleman,272.8,22,30,Open-Meteo ERA5 (ECMWF) reanalisis,2026-10-09T02:10:17.430367+00:00
1998,10,Sleman,485.9,31,31,Open-Meteo ERA5 (ECMWF) reanalisis,2026-10-09T02:10:17.430367+00:00
1998,11,Sleman,415.5,28,30,Open-Meteo ERA5 (ECMWF) reanalisis,2026-10-09T02:10:17.430367+00:00
1998,12,Sleman,369.6,27,31,Open-Meteo ERA5 (ECMWF) reanalisis,2026-10-09T02:10:17.430367+00:00
1999,1,Sleman,425.5,30,31,Open-Meteo ERA5 (ECMWF) reanalisis,2026-10-09T02:10:17.430367+00:00
1999,2,Sleman,222.7,25,28,Open-Meteo ERA5 (ECMWF) reanalisis,2026-10-09T02:10:17.430367+00:00
1999,3,Sleman,419.6,29,31,Open-Meteo ERA5 (ECMWF) reanalisis,2026-10-09T02:10:17.430367+00:00
1999,4,Sleman,311.8,28,30,Open-Meteo ERA5 (ECMWF) reanalisis,2026-10-09T02:10:17.430367+00:00
1999,5,Sleman,153.8,23,31,Open-Meteo ERA5 (ECMWF) reanalisis,2026-10-09T02:10:17.430367+00:00
1999,6,Sleman,64.9,16,30,Open-Meteo ERA5 (ECMWF) reanalisis,2026-10-09T02:10:17.430367+00:00
1999,7,Sleman,37.6,9,31,Open-Meteo ERA5 (ECMWF) reanalisis,2026-10-09T02:10:17.430367+00:00
1999,8,Sleman,42.6,9,31,Open-Meteo ERA5 (ECMWF) reanalisis,2026-10-09T02:10:17.430367+00:00
1999,9,Sleman,13.2,3,30,Open-Meteo ERA5 (ECMWF) reanalisis,2026-10-09T02:10:17.430367+00:00
1999,10,Sleman,346.8,25,31,Open-Meteo ERA5 (ECMWF) reanalisis,2026-10-09T02:10:17.430367+00:00
1999,11,Sleman,362.6,28,30,Open-Meteo ERA5 (ECMWF) reanalisis,2026-10-09T02:10:17.430367+00:00
1999,12,Sleman,274.3,29,31,Open-Meteo ERA5 (ECMWF) reanalisis,2026-10-09T02:10:17.430367+00:00
2000,1,Sleman,296.4,30,31,Open-Meteo ERA5 (ECMWF) reanalisis,2026-10-09T02:10:17.430367+00:00
2000,2,Sleman,291.0,24,29,Open-Meteo ERA5 (ECMWF) reanalisis,2026-10-09T02:10:17.430367+00:00
2000,3,Sleman,456.4,30,31,Open-Meteo ERA5 (ECMWF) reanalisis,2026-10-09T02:10:17.430367+00:00
2000,4,Sleman,312.4,27,30,Open-Meteo ERA5 (ECMWF) reanalisis,2026-10-09T02:10:17.430367+00:00
2000,5,Sleman,163.8,27,31,Open-Meteo ERA5 (ECMWF) reanalisis,2026-10-09T02:10:17.430367+00:00
2000,6,Sleman,98.9,13,30,Open-Meteo ERA5 (ECMWF) reanalisis,2026-10-09T02:10:17.430367+00:00
2000,7,Sleman,11.1,4,31,Open-Meteo ERA5 (ECMWF) reanalisis,2026-10-09T02:10:17.430367+00:00
2000,8,Sleman,67.9,11,31,Open-Meteo ERA5 (ECMWF) reanalisis,2026-10-09T02:10:17.430367+00:00
2000,9,Sleman,43.7,13,30,Open-Meteo ERA5 (ECMWF) reanalisis,2026-10-09T02:10:17.430367+00:00
2000,10,Sleman,414.1,28,31,Open-Meteo ERA5 (ECMWF) reanalisis,2026-10-09T02:10:17.430367+00:00
2000,11,Sleman,490.8,30,30,Open-Meteo ERA5 (ECMWF) reanalisis,2026-10-09T02:10:17.430367+00:00
2000,12,Sleman,147.7,21,31,Open-Meteo ERA5 (ECMWF) reanalisis,2026-10-09T02:10:17.430367+00:00
2001,1,Sleman,453.9,31,31,Open-Meteo ERA5 (ECMWF) reanalisis,2026-10-09T02:10:17.430367+00:00
2001,2,Sleman,294.1,25,28,Open-Meteo ERA5 (ECMWF) reanalisis,2026-10-09T02:10:17.430367+00:00
2001,3,Sleman,391.5,31,31,Open-Meteo ERA5 (ECMWF) reanalisis,2026-10-09T02:10:17.430367+00:00
2001,4,Sleman,298.7,26,30,Open-Meteo ERA5 (ECMWF) reanalisis,2026-10-09T02:10:17.430367+00:00
2001,5,Sleman,115.3,17,31,Open-Meteo ERA5 (ECMWF) reanalisis,2026-10-09T02:10:17.430367+00:00
2001,6,Sleman,141.1,23,30,Open-Meteo ERA5 (ECMWF) reanalisis,2026-10-09T02:10:17.430367+00:00
2001,7,Sleman,59.5,13,31,Open-Meteo ERA5 (ECMWF) reanalisis,2026-10-09T02:10:17.430367+00:00
2001,8,Sleman,7.8,3,31,Open-Meteo ERA5 (ECMWF) reanalisis,2026-10-09T02:10:17.430367+00:00
2001,9,Sleman,74.1,13,30,Open-Meteo ERA5 (ECMWF) reanalisis,2026-10-09T02:10:17.430367+00:00
2001,10,Sleman,308.5,29,31,Open-Meteo ERA5 (ECMWF) reanalisis,2026-10-09T02:10:17.430367+00:00
2001,11,Sleman,395.6,27,30,Open-Meteo ERA5 (ECMWF) reanalisis,2026-10-09T02:10:17.430367+00:00
2001,12,Sleman,309.6,23,31,Open-Meteo ERA5 (ECMWF) reanalisis,2026-10-09T02:10:17.430367+00:00
2002,1,Sleman,388.7,29,31,Open-Meteo ERA5 (ECMWF) reanalisis,2026-10-09T02:10:17.430367+00:00
2002,2,Sleman,246.9,28,28,Open-Meteo ERA5 (ECMWF) reanalisis,2026-10-09T02:10:17.430367+00:00
2002,3,Sleman,358.0,29,31,Open-Meteo ERA5 (ECMWF) reanalisis,2026-10-09T02:10:17.430367+00:00
2002,4,Sleman,269.6,26,30,Open-Meteo ERA5 (ECMWF) reanalisis,2026-10-09T02:10:17.430367+00:00
2002,5,Sleman,92.2,15,31,Open-Meteo ERA5 (ECMWF) reanalisis,2026-10-09T02:10:17.430367+00:00
2002,6,Sleman,30.9,9,30,Open-Meteo ERA5 (ECMWF) reanalisis,2026-10-09T02:10:17.430367+00:00
2002,7,Sleman,17.4,7,31,Open-Meteo ERA5 (ECMWF) reanalisis,2026-10-09T02:10:17.430367+00:00
2002,8,Sleman,3.0,0,31,Open-Meteo ERA5 (ECMWF) reanalisis,2026-10-09T02:10:17.430367+00:00
2002,9,Sleman,16.8,7,30,Open-Meteo ERA5 (ECMWF) reanalisis,2026-10-09T02:10:17.430367+00:00
2002,10,Sleman,19.4,6,31,Open-Meteo ERA5 (ECMWF) reanalisis,2026-10-09T02:10:17.430367+00:00
2002,11,Sleman,227.2,29,30,Open-Meteo ERA5 (ECMWF) reanalisis,2026-10-09T02:10:17.430367+00:00
2002,12,Sleman,432.0,30,31,Open-Meteo ERA5 (ECMWF) reanalisis,2026-10-09T02:10:17.430367+00:00
2003,1,Sleman,404.5,26,31,Open-Meteo ERA5 (ECMWF) reanalisis,2026-10-09T02:10:17.430367+00:00
2003,2,Sleman,366.8,28,28,Open-Meteo ERA5 (ECMWF) reanalisis,2026-10-09T02:10:17.430367+00:00
2003,3,Sleman,258.9,29,31,Open-Meteo ERA5 (ECMWF) reanalisis,2026-10-09T02:10:17.430367+00:00
2003,4,Sleman,136.6,26,30,Open-Meteo ERA5 (ECMWF) reanalisis,2026-10-09T02:10:17.430367+00:00
2003,5,Sleman,107.3,19,31,Open-Meteo ERA5 (ECMWF) reanalisis,2026-10-09T02:10:17.430367+00:00
2003,6,Sleman,40.5,9,30,Open-Meteo ERA5 (ECMWF) reanalisis,2026-10-09T02:10:17.430367+00:00
2003,7,Sleman,1.7,1,31,Open-Meteo ERA5 (ECMWF) reanalisis,2026-10-09T02:10:17.430367+00:00
2003,8,Sleman,3.2,1,31,Open-Meteo ERA5 (ECMWF) reanalisis,2026-10-09T02:10:17.430367+00:00
2003,9,Sleman,35.8,12,30,Open-Meteo ERA5 (ECMWF) reanalisis,2026-10-09T02:10:17.430367+00:00
2003,10,Sleman,146.5,25,31,Open-Meteo ERA5 (ECMWF) reanalisis,2026-10-09T02:10:17.430367+00:00
2003,11,Sleman,280.2,26,30,Open-Meteo ERA5 (ECMWF) reanalisis,2026-10-09T02:10:17.430367+00:00
2003,12,Sleman,319.6,29,31,Open-Meteo ERA5 (ECMWF) reanalisis,2026-10-09T02:10:17.430367+00:00
2004,1,Sleman,326.9,30,31,Open-Meteo ERA5 (ECMWF) reanalisis,2026-10-09T02:10:17.430367+00:00
2004,2,Sleman,249.2,29,29,Open-Meteo ERA5 (ECMWF) reanalisis,2026-10-09T02:10:17.430367+00:00
2004,3,Sleman,286.0,28,31,Open-Meteo ERA5 (ECMWF) reanalisis,2026-10-09T02:10:17.430367+00:00
2004,4,Sleman,137.3,27,30,Open-Meteo ERA5 (ECMWF) reanalisis,2026-10-09T02:10:17.430367+00:00
2004,5,Sleman,179.6,26,31,Open-Meteo ERA5 (ECMWF) reanalisis,2026-10-09T02:10:17.430367+00:00
2004,6,Sleman,26.3,9,30,Open-Meteo ERA5 (ECMWF) reanalisis,2026-10-09T02:10:17.430367+00:00
2004,7,Sleman,107.5,16,31,Open-Meteo ERA5 (ECMWF) reanalisis,2026-10-09T02:10:17.430367+00:00
2004,8,Sleman,7.2,3,31,Open-Meteo ERA5 (ECMWF) reanalisis,2026-10-09T02:10:17.430367+00:00
2004,9,Sleman,28.9,10,30,Open-Meteo ERA5 (ECMWF) reanalisis,2026-10-09T02:10:17.430367+00:00
2004,10,Sleman,81.2,17,31,Open-Meteo ERA5 (ECMWF) reanalisis,2026-10-09T02:10:17.430367+00:00
2004,11,Sleman,507.4,29,30,Open-Meteo ERA5 (ECMWF) reanalisis,2026-10-09T02:10:17.430367+00:00
2004,12,Sleman,459.8,29,31,Open-Meteo ERA5 (ECMWF) reanalisis,2026-10-09T02:10:17.430367+00:00
2005,1,Sleman,275.9,28,31,Open-Meteo ERA5 (ECMWF) reanalisis,2026-10-09T02:10:17.430367+00:00
2005,2,Sleman,290.6,27,28,Open-Meteo ERA5 (ECMWF) reanalisis,2026-10-09T02:10:17.430367+00:00
2005,3,Sleman,219.1,29,31,Open-Meteo ERA5 (ECMWF) reanalisis,2026-10-09T02:10:17.430367+00:00
2005,4,Sleman,226.7,27,30,Open-Meteo ERA5 (ECMWF) reanalisis,2026-10-09T02:10:17.430367+00:00
2005,5,Sleman,57.5,15,31,Open-Meteo ERA5 (ECMWF) reanalisis,2026-10-09T02:10:17.430367+00:00
2005,6,Sleman,307.8,26,30,Open-Meteo ERA5 (ECMWF) reanalisis,2026-10-09T02:10:17.430367+00:00
2005,7,Sleman,139.2,16,31,Open-Meteo ERA5 (ECMWF) reanalisis,2026-10-09T02:10:17.430367+00:00
2005,8,Sleman,48.4,13,31,Open-Meteo ERA5 (ECMWF) reanalisis,2026-10-09T02:10:17.430367+00:00
2005,9,Sleman,83.4,21,30,Open-Meteo ERA5 (ECMWF) reanalisis,2026-10-09T02:10:17.430367+00:00
2005,10,Sleman,206.8,26,31,Open-Meteo ERA5 (ECMWF) reanalisis,2026-10-09T02:10:17.430367+00:00
2005,11,Sleman,207.2,22,30,Open-Meteo ERA5 (ECMWF) reanalisis,2026-10-09T02:10:17.430367+00:00
2005,12,Sleman,488.7,30,31,Open-Meteo ERA5 (ECMWF) reanalisis,2026-10-09T02:10:17.430367+00:00
2006,1,Sleman,344.0,30,31,Open-Meteo ERA5 (ECMWF) reanalisis,2026-10-09T02:10:17.430367+00:00
2006,2,Sleman,268.0,28,28,Open-Meteo ERA5 (ECMWF) reanalisis,2026-10-09T02:10:17.430367+00:00
2006,3,Sleman,339.9,27,31,Open-Meteo ERA5 (ECMWF) reanalisis,2026-10-09T02:10:17.430367+00:00
2006,4,Sleman,320.0,29,30,Open-Meteo ERA5 (ECMWF) reanalisis,2026-10-09T02:10:17.430367+00:00
2006,5,Sleman,242.8,26,31,Open-Meteo ERA5 (ECMWF) reanalisis,2026-10-09T02:10:17.430367+00:00
2006,6,Sleman,31.9,9,30,Open-Meteo ERA5 (ECMWF) reanalisis,2026-10-09T02:10:17.430367+00:00
2006,7,Sleman,17.4,3,31,Open-Meteo ERA5 (ECMWF) reanalisis,2026-10-09T02:10:17.430367+00:00
2006,8,Sleman,4.6,1,31,Open-Meteo ERA5 (ECMWF) reanalisis,2026-10-09T02:10:17.430367+00:00
2006,9,Sleman,7.4,4,30,Open-Meteo ERA5 (ECMWF) reanalisis,2026-10-09T02:10:17.430367+00:00
2006,10,Sleman,15.5,7,31,Open-Meteo ERA5 (ECMWF) reanalisis,2026-10-09T02:10:17.430367+00:00
2006,11,Sleman,166.2,26,30,Open-Meteo ERA5 (ECMWF) reanalisis,2026-10-09T02:10:17.430367+00:00
2006,12,Sleman,461.6,31,31,Open-Meteo ERA5 (ECMWF) reanalisis,2026-10-09T02:10:17.430367+00:00
2007,1,Sleman,182.6,20,31,Open-Meteo ERA5 (ECMWF) reanalisis,2026-10-09T02:10:17.430367+00:00
2007,2,Sleman,403.7,28,28,Open-Meteo ERA5 (ECMWF) reanalisis,2026-10-09T02:10:17.430367+00:00
2007,3,Sleman,318.1,31,31,Open-Meteo ERA5 (ECMWF) reanalisis,2026-10-09T02:10:17.430367+00:00
2007,4,Sleman,386.9,30,30,Open-Meteo ERA5 (ECMWF) reanalisis,2026-10-09T02:10:17.430367+00:00
2007,5,Sleman,167.5,25,31,Open-Meteo ERA5 (ECMWF) reanalisis,2026-10-09T02:10:17.430367+00:00
2007,6,Sleman,106.5,14,30,Open-Meteo ERA5 (ECMWF) reanalisis,2026-10-09T02:10:17.430367+00:00
2007,7,Sleman,19.9,7,31,Open-Meteo ERA5 (ECMWF) reanalisis,2026-10-09T02:10:17.430367+00:00
2007,8,Sleman,18.7,7,31,Open-Meteo ERA5 (ECMWF) reanalisis,2026-10-09T02:10:17.430367+00:00
2007,9,Sleman,22.0,7,30,Open-Meteo ERA5 (ECMWF) reanalisis,2026-10-09T02:10:17.430367+00:00
2007,10,Sleman,146.8,20,31,Open-Meteo ERA5 (ECMWF) reanalisis,2026-10-09T02:10:17.430367+00:00
2007,11,Sleman,269.8,23,30,Open-Meteo ERA5 (ECMWF) reanalisis,2026-10-09T02:10:17.430367+00:00
2007,12,Sleman,545.2,30,31,Open-Meteo ERA5 (ECMWF) reanalisis,2026-10-09T02:10:17.430367+00:00
2008,1,Sleman,304.0,29,31,Open-Meteo ERA5 (ECMWF) reanalisis,2026-10-09T02:10:17.430367+00:00
2008,2,Sleman,255.9,28,29,Open-Meteo ERA5 (ECMWF) reanalisis,2026-10-09T02:10:17.430367+00:00
2008,3,Sleman,420.1,29,31,Open-Meteo ERA5 (ECMWF) reanalisis,2026-10-09T02:10:17.430367+00:00
2008,4,Sleman,224.4,22,30,Open-Meteo ERA5 (ECMWF) reanalisis,2026-10-09T02:10:17.430367+00:00
2008,5,Sleman,78.7,15,31,Open-Meteo ERA5 (ECMWF) reanalisis,2026-10-09T02:10:17.430367+00:00
2008,6,Sleman,41.6,8,30,Open-Meteo ERA5 (ECMWF) reanalisis,2026-10-09T02:10:17.430367+00:00
2008,7,Sleman,4.5,1,31,Open-Meteo ERA5 (ECMWF) reanalisis,2026-10-09T02:10:17.430367+00:00
2008,8,Sleman,24.0,9,31,Open-Meteo ERA5 (ECMWF) reanalisis,2026-10-09T02:10:17.430367+00:00
2008,9,Sleman,24.0,8,30,Open-Meteo ERA5 (ECMWF) reanalisis,2026-10-09T02:10:17.430367+00:00
2008,10,Sleman,252.7,29,31,Open-Meteo ERA5 (ECMWF) reanalisis,2026-10-09T02:10:17.430367+00:00
2008,11,Sleman,443.4,29,30,Open-Meteo ERA5 (ECMWF) reanalisis,2026-10-09T02:10:17.430367+00:00
2008,12,Sleman,253.4,30,31,Open-Meteo ERA5 (ECMWF) reanalisis,2026-10-09T02:10:17.430367+00:00
2009,1,Sleman,296.8,28,31,Open-Meteo ERA5 (ECMWF) reanalisis,2026-10-09T02:10:17.430367+00:00
2009,2,Sleman,356.9,26,28,Open-Meteo ERA5 (ECMWF) reanalisis,2026-10-09T02:10:17.430367+00:00
2009,3,Sleman,268.9,26,31,Open-Meteo ERA5 (ECMWF) reanalisis,2026-10-09T02:10:17.430367+00:00
2009,4,Sleman,238.1,27,30,Open-Meteo ERA5 (ECMWF) reanalisis,2026-10-09T02:10:17.430367+00:00
2009,5,Sleman,224.3,24,31,Open-Meteo ERA5 (ECMWF) reanalisis,2026-10-09T02:10:17.430367+00:00
2009,6,Sleman,78.1,16,30,Open-Meteo ERA5 (ECMWF) reanalisis,2026-10-09T02:10:17.430367+00:00
2009,7,Sleman,37.3,6,31,Open-Meteo ERA5 (ECMWF) reanalisis,2026-10-09T02:10:17.430367+00:00
2009,8,Sleman,4.7,2,31,Open-Meteo ERA5 (ECMWF) reanalisis,2026-10-09T02:10:17.430367+00:00
2009,9,Sleman,38.3,14,30,Open-Meteo ERA5 (ECMWF) reanalisis,2026-10-09T02:10:17.430367+00:00
2009,10,Sleman,137.3,23,31,Open-Meteo ERA5 (ECMWF) reanalisis,2026-10-09T02:10:17.430367+00:00
2009,11,Sleman,274.4,25,30,Open-Meteo ERA5 (ECMWF) reanalisis,2026-10-09T02:10:17.430367+00:00
2009,12,Sleman,287.6,23,31,Open-Meteo ERA5 (ECMWF) reanalisis,2026-10-09T02:10:17.430367+00:00
2010,1,Sleman,280.4,31,31,Open-Meteo ERA5 (ECMWF) reanalisis,2026-10-09T02:10:17.430367+00:00
2010,2,Sleman,374.2,28,28,Open-Meteo ERA5 (ECMWF) reanalisis,2026-10-09T02:10:17.430367+00:00
2010,3,Sleman,464.2,30,31,Open-Meteo ERA5 (ECMWF) reanalisis,2026-10-09T02:10:17.430367+00:00
2010,4,Sleman,280.2,28,30,Open-Meteo ERA5 (ECMWF) reanalisis,2026-10-09T02:10:17.430367+00:00
2010,5,Sleman,509.5,30,31,Open-Meteo ERA5 (ECMWF) reanalisis,2026-10-09T02:10:17.430367+00:00
2010,6,Sleman,178.2,24,30,Open-Meteo ERA5 (ECMWF) reanalisis,2026-10-09T02:10:17.430367+00:00
2010,7,Sleman,203.7,25,31,Open-Meteo ERA5 (ECMWF) reanalisis,2026-10-09T02:10:17.430367+00:00
2010,8,Sleman,99.1,22,31,Open-Meteo ERA5 (ECMWF) reanalisis,2026-10-09T02:10:17.430367+00:00
2010,9,Sleman,402.3,27,30,Open-Meteo ERA5 (ECMWF) reanalisis,2026-10-09T02:10:17.430367+00:00
2010,10,Sleman,309.4,29,31,Open-Meteo ERA5 (ECMWF) reanalisis,2026-10-09T02:10:17.430367+00:00
2010,11,Sleman,401.9,29,30,Open-Meteo ERA5 (ECMWF) reanalisis,2026-10-09T02:10:17.430367+00:00
2010,12,Sleman,418.1,30,31,Open-Meteo ERA5 (ECMWF) reanalisis,2026-10-09T02:10:17.430367+00:00
2011,1,Sleman,268.2,29,31,Open-Meteo ERA5 (ECMWF) reanalisis,2026-10-09T02:10:17.430367+00:00
2011,2,Sleman,203.7,26,28,Open-Meteo ERA5 (ECMWF) reanalisis,2026-10-09T02:10:17.430367+00:00
2011,3,Sleman,217.7,30,31,Open-Meteo ERA5 (ECMWF) reanalisis,2026-10-09T02:10:17.430367+00:00
2011,4,Sleman,300.1,30,30,Open-Meteo ERA5 (ECMWF) reanalisis,2026-10-09T02:10:17.430367+00:00
2011,5,Sleman,162.3,22,31,Open-Meteo ERA5 (ECMWF) reanalisis,2026-10-09T02:10:17.430367+00:00
2011,6,Sleman,30.8,11,30,Open-Meteo ERA5 (ECMWF) reanalisis,2026-10-09T02:10:17.430367+00:00
2011,7,Sleman,28.5,11,31,Open-Meteo ERA5 (ECMWF) reanalisis,2026-10-09T02:10:17.430367+00:00
2011,8,Sleman,4.5,2,31,Open-Meteo ERA5 (ECMWF) reanalisis,2026-10-09T02:10:17.430367+00:00
2011,9,Sleman,21.7,6,30,Open-Meteo ERA5 (ECMWF) reanalisis,2026-10-09T02:10:17.430367+00:00
2011,10,Sleman,124.8,19,31,Open-Meteo ERA5 (ECMWF) reanalisis,2026-10-09T02:10:17.430367+00:00
2011,11,Sleman,533.9,29,30,Open-Meteo ERA5 (ECMWF) reanalisis,2026-10-09T02:10:17.430367+00:00
2011,12,Sleman,271.2,27,31,Open-Meteo ERA5 (ECMWF) reanalisis,2026-10-09T02:10:17.430367+00:00
2012,1,Sleman,290.6,29,31,Open-Meteo ERA5 (ECMWF) reanalisis,2026-10-09T02:10:17.430367+00:00
2012,2,Sleman,326.2,26,29,Open-Meteo ERA5 (ECMWF) reanalisis,2026-10-09T02:10:17.430367+00:00
2012,3,Sleman,297.7,25,31,Open-Meteo ERA5 (ECMWF) reanalisis,2026-10-09T02:10:17.430367+00:00
2012,4,Sleman,330.2,24,30,Open-Meteo ERA5 (ECMWF) reanalisis,2026-10-09T02:10:17.430367+00:00
2012,5,Sleman,184.3,19,31,Open-Meteo ERA5 (ECMWF) reanalisis,2026-10-09T02:10:17.430367+00:00
2012,6,Sleman,78.8,11,30,Open-Meteo ERA5 (ECMWF) reanalisis,2026-10-09T02:10:17.430367+00:00
2012,7,Sleman,12.1,4,31,Open-Meteo ERA5 (ECMWF) reanalisis,2026-10-09T02:10:17.430367+00:00
2012,8,Sleman,6.9,4,31,Open-Meteo ERA5 (ECMWF) reanalisis,2026-10-09T02:10:17.430367+00:00
2012,9,Sleman,18.6,7,30,Open-Meteo ERA5 (ECMWF) reanalisis,2026-10-09T02:10:17.430367+00:00
2012,10,Sleman,122.2,18,31,Open-Meteo ERA5 (ECMWF) reanalisis,2026-10-09T02:10:17.430367+00:00
2012,11,Sleman,354.5,29,30,Open-Meteo ERA5 (ECMWF) reanalisis,2026-10-09T02:10:17.430367+00:00
2012,12,Sleman,502.7,31,31,Open-Meteo ERA5 (ECMWF) reanalisis,2026-10-09T02:10:17.430367+00:00
2013,1,Sleman,340.6,31,31,Open-Meteo ERA5 (ECMWF) reanalisis,2026-10-09T02:10:17.430367+00:00
2013,2,Sleman,385.9,27,28,Open-Meteo ERA5 (ECMWF) reanalisis,2026-10-09T02:10:17.430367+00:00
2013,3,Sleman,191.0,29,31,Open-Meteo ERA5 (ECMWF) reanalisis,2026-10-09T02:10:17.430367+00:00
2013,4,Sleman,301.3,27,30,Open-Meteo ERA5 (ECMWF) reanalisis,2026-10-09T02:10:17.430367+00:00
2013,5,Sleman,271.4,25,31,Open-Meteo ERA5 (ECMWF) reanalisis,2026-10-09T02:10:17.430367+00:00
2013,6,Sleman,225.9,26,30,Open-Meteo ERA5 (ECMWF) reanalisis,2026-10-09T02:10:17.430367+00:00
2013,7,Sleman,155.4,21,31,Open-Meteo ERA5 (ECMWF) reanalisis,2026-10-09T02:10:17.430367+00:00
2013,8,Sleman,10.8,5,31,Open-Meteo ERA5 (ECMWF) reanalisis,2026-10-09T02:10:17.430367+00:00
2013,9,Sleman,7.6,3,30,Open-Meteo ERA5 (ECMWF) reanalisis,2026-10-09T02:10:17.430367+00:00
2013,10,Sleman,129.7,17,31,Open-Meteo ERA5 (ECMWF) reanalisis,2026-10-09T02:10:17.430367+00:00
2013,11,Sleman,256.6,25,30,Open-Meteo ERA5 (ECMWF) reanalisis,2026-10-09T02:10:17.430367+00:00
2013,12,Sleman,434.2,27,31,Open-Meteo ERA5 (ECMWF) reanalisis,2026-10-09T02:10:17.430367+00:00
2014,1,Sleman,389.0,30,31,Open-Meteo ERA5 (ECMWF) reanalisis,2026-10-09T02:10:17.430367+00:00
2014,2,Sleman,339.7,23,28,Open-Meteo ERA5 (ECMWF) reanalisis,2026-10-09T02:10:17.430367+00:00
2014,3,Sleman,271.6,27,31,Open-Meteo ERA5 (ECMWF) reanalisis,2026-10-09T02:10:17.430367+00:00
2014,4,Sleman,201.2,26,30,Open-Meteo ERA5 (ECMWF) reanalisis,2026-10-09T02:10:17.430367+00:00
2014,5,Sleman,115.2,25,31,Open-Meteo ERA5 (ECMWF) reanalisis,2026-10-09T02:10:17.430367+00:00
2014,6,Sleman,153.5,19,30,Open-Meteo ERA5 (ECMWF) reanalisis,2026-10-09T02:10:17.430367+00:00
2014,7,Sleman,88.8,13,31,Open-Meteo ERA5 (ECMWF) reanalisis,2026-10-09T02:10:17.430367+00:00
2014,8,Sleman,12.8,4,31,Open-Meteo ERA5 (ECMWF) reanalisis,2026-10-09T02:10:17.430367+00:00
2014,9,Sleman,3.8,0,30,Open-Meteo ERA5 (ECMWF) reanalisis,2026-10-09T02:10:17.430367+00:00
2014,10,Sleman,41.3,11,31,Open-Meteo ERA5 (ECMWF) reanalisis,2026-10-09T02:10:17.430367+00:00
2014,11,Sleman,298.6,27,30,Open-Meteo ERA5 (ECMWF) reanalisis,2026-10-09T02:10:17.430367+00:00
2014,12,Sleman,393.4,29,31,Open-Meteo ERA5 (ECMWF) reanalisis,2026-10-09T02:10:17.430367+00:00
2015,1,Sleman,267.5,27,31,Open-Meteo ERA5 (ECMWF) reanalisis,2026-10-09T02:10:17.430367+00:00
2015,2,Sleman,323.2,26,28,Open-Meteo ERA5 (ECMWF) reanalisis,2026-10-09T02:10:17.430367+00:00
2015,3,Sleman,331.8,31,31,Open-Meteo ERA5 (ECMWF) reanalisis,2026-10-09T02:10:17.430367+00:00
2015,4,Sleman,476.0,30,30,Open-Meteo ERA5 (ECMWF) reanalisis,2026-10-09T02:10:17.430367+00:00
2015,5,Sleman,96.3,16,31,Open-Meteo ERA5 (ECMWF) reanalisis,2026-10-09T02:10:17.430367+00:00
2015,6,Sleman,48.1,8,30,Open-Meteo ERA5 (ECMWF) reanalisis,2026-10-09T02:10:17.430367+00:00
2015,7,Sleman,13.4,4,31,Open-Meteo ERA5 (ECMWF) reanalisis,2026-10-09T02:10:17.430367+00:00
2015,8,Sleman,9.3,5,31,Open-Meteo ERA5 (ECMWF) reanalisis,2026-10-09T02:10:17.430367+00:00
2015,9,Sleman,1.7,0,30,Open-Meteo ERA5 (ECMWF) reanalisis,2026-10-09T02:10:17.430367+00:00
2015,10,Sleman,14.6,6,31,Open-Meteo ERA5 (ECMWF) reanalisis,2026-10-09T02:10:17.430367+00:00
2015,11,Sleman,275.7,25,30,Open-Meteo ERA5 (ECMWF) reanalisis,2026-10-09T02:10:17.430367+00:00
2015,12,Sleman,446.1,30,31,Open-Meteo ERA5 (ECMWF) reanalisis,2026-10-09T02:10:17.430367+00:00
2016,1,Sleman,317.9,30,31,Open-Meteo ERA5 (ECMWF) reanalisis,2026-10-09T02:10:17.430367+00:00
2016,2,Sleman,387.7,27,29,Open-Meteo ERA5 (ECMWF) reanalisis,2026-10-09T02:10:17.430367+00:00
2016,3,Sleman,348.0,29,31,Open-Meteo ERA5 (ECMWF) reanalisis,2026-10-09T02:10:17.430367+00:00
2016,4,Sleman,326.8,29,30,Open-Meteo ERA5 (ECMWF) reanalisis,2026-10-09T02:10:17.430367+00:00
2016,5,Sleman,232.5,29,31,Open-Meteo ERA5 (ECMWF) reanalisis,2026-10-09T02:10:17.430367+00:00
2016,6,Sleman,389.5,25,30,Open-Meteo ERA5 (ECMWF) reanalisis,2026-10-09T02:10:17.430367+00:00
2016,7,Sleman,161.8,22,31,Open-Meteo ERA5 (ECMWF) reanalisis,2026-10-09T02:10:17.430367+00:00
2016,8,Sleman,121.9,24,31,Open-Meteo ERA5 (ECMWF) reanalisis,2026-10-09T02:10:17.430367+00:00
2016,9,Sleman,341.9,26,30,Open-Meteo ERA5 (ECMWF) reanalisis,2026-10-09T02:10:17.430367+00:00
2016,10,Sleman,492.3,31,31,Open-Meteo ERA5 (ECMWF) reanalisis,2026-10-09T02:10:17.430367+00:00
2016,11,Sleman,417.5,30,30,Open-Meteo ERA5 (ECMWF) reanalisis,2026-10-09T02:10:17.430367+00:00
2016,12,Sleman,350.3,29,31,Open-Meteo ERA5 (ECMWF) reanalisis,2026-10-09T02:10:17.430367+00:00
2017,1,Sleman,315.1,29,31,Open-Meteo ERA5 (ECMWF) reanalisis,2026-10-09T02:10:17.430367+00:00
2017,2,Sleman,394.6,27,28,Open-Meteo ERA5 (ECMWF) reanalisis,2026-10-09T02:10:17.430367+00:00
2017,3,Sleman,203.7,27,31,Open-Meteo ERA5 (ECMWF) reanalisis,2026-10-09T02:10:17.430367+00:00
2017,4,Sleman,320.6,27,30,Open-Meteo ERA5 (ECMWF) reanalisis,2026-10-09T02:10:17.430367+00:00
2017,5,Sleman,155.2,20,31,Open-Meteo ERA5 (ECMWF) reanalisis,2026-10-09T02:10:17.430367+00:00
2017,6,Sleman,118.3,21,30,Open-Meteo ERA5 (ECMWF) reanalisis,2026-10-09T02:10:17.430367+00:00
2017,7,Sleman,68.2,19,31,Open-Meteo ERA5 (ECMWF) reanalisis,2026-10-09T02:10:17.430367+00:00
2017,8,Sleman,19.8,8,31,Open-Meteo ERA5 (ECMWF) reanalisis,2026-10-09T02:10:17.430367+00:00
2017,9,Sleman,152.3,15,30,Open-Meteo ERA5 (ECMWF) reanalisis,2026-10-09T02:10:17.430367+00:00
2017,10,Sleman,283.6,27,31,Open-Meteo ERA5 (ECMWF) reanalisis,2026-10-09T02:10:17.430367+00:00
2017,11,Sleman,522.2,28,30,Open-Meteo ERA5 (ECMWF) reanalisis,2026-10-09T02:10:17.430367+00:00
2017,12,Sleman,224.7,25,31,Open-Meteo ERA5 (ECMWF) reanalisis,2026-10-09T02:10:17.430367+00:00
2018,1,Sleman,484.1,30,31,Open-Meteo ERA5 (ECMWF) reanalisis,2026-10-09T02:10:17.430367+00:00
2018,2,Sleman,264.2,26,28,Open-Meteo ERA5 (ECMWF) reanalisis,2026-10-09T02:10:17.430367+00:00
2018,3,Sleman,210.1,27,31,Open-Meteo ERA5 (ECMWF) reanalisis,2026-10-09T02:10:17.430367+00:00
2018,4,Sleman,115.5,25,30,Open-Meteo ERA5 (ECMWF) reanalisis,2026-10-09T02:10:17.430367+00:00
2018,5,Sleman,54.8,11,31,Open-Meteo ERA5 (ECMWF) reanalisis,2026-10-09T02:10:17.430367+00:00
2018,6,Sleman,81.5,11,30,Open-Meteo ERA5 (ECMWF) reanalisis,2026-10-09T02:10:17.430367+00:00
2018,7,Sleman,10.1,5,31,Open-Meteo ERA5 (ECMWF) reanalisis,2026-10-09T02:10:17.430367+00:00
2018,8,Sleman,28.7,8,31,Open-Meteo ERA5 (ECMWF) reanalisis,2026-10-09T02:10:17.430367+00:00
2018,9,Sleman,65.1,17,30,Open-Meteo ERA5 (ECMWF) reanalisis,2026-10-09T02:10:17.430367+00:00
2018,10,Sleman,80.3,17,31,Open-Meteo ERA5 (ECMWF) reanalisis,2026-10-09T02:10:17.430367+00:00
2018,11,Sleman,760.2,29,30,Open-Meteo ERA5 (ECMWF) reanalisis,2026-10-09T02:10:17.430367+00:00
2018,12,Sleman,378.1,29,31,Open-Meteo ERA5 (ECMWF) reanalisis,2026-10-09T02:10:17.430367+00:00
2019,1,Sleman,479.0,31,31,Open-Meteo ERA5 (ECMWF) reanalisis,2026-10-09T02:10:17.430367+00:00
2019,2,Sleman,510.0,27,28,Open-Meteo ERA5 (ECMWF) reanalisis,2026-10-09T02:10:17.430367+00:00
2019,3,Sleman,428.5,28,31,Open-Meteo ERA5 (ECMWF) reanalisis,2026-10-09T02:10:17.430367+00:00
2019,4,Sleman,292.6,27,30,Open-Meteo ERA5 (ECMWF) reanalisis,2026-10-09T02:10:17.430367+00:00
2019,5,Sleman,73.0,20,31,Open-Meteo ERA5 (ECMWF) reanalisis,2026-10-09T02:10:17.430367+00:00
2019,6,Sleman,11.5,2,30,Open-Meteo ERA5 (ECMWF) reanalisis,2026-10-09T02:10:17.430367+00:00
2019,7,Sleman,24.8,6,31,Open-Meteo ERA5 (ECMWF) reanalisis,2026-10-09T02:10:17.430367+00:00
2019,8,Sleman,18.7,6,31,Open-Meteo ERA5 (ECMWF) reanalisis,2026-10-09T02:10:17.430367+00:00
2019,9,Sleman,14.1,5,30,Open-Meteo ERA5 (ECMWF) reanalisis,2026-10-09T02:10:17.430367+00:00
2019,10,Sleman,54.3,13,31,Open-Meteo ERA5 (ECMWF) reanalisis,2026-10-09T02:10:17.430367+00:00
2019,11,Sleman,225.2,23,30,Open-Meteo ERA5 (ECMWF) reanalisis,2026-10-09T02:10:17.430367+00:00
2019,12,Sleman,348.5,31,31,Open-Meteo ERA5 (ECMWF) reanalisis,2026-10-09T02:10:17.430367+00:00
2020,1,Sleman,250.8,28,31,Open-Meteo ERA5 (ECMWF) reanalisis,2026-10-09T02:10:17.430367+00:00
2020,2,Sleman,375.6,29,29,Open-Meteo ERA5 (ECMWF) reanalisis,2026-10-09T02:10:17.430367+00:00
2020,3,Sleman,580.9,31,31,Open-Meteo ERA5 (ECMWF) reanalisis,2026-10-09T02:10:17.430367+00:00
2020,4,Sleman,259.1,29,30,Open-Meteo ERA5 (ECMWF) reanalisis,2026-10-09T02:10:17.430367+00:00
2020,5,Sleman,249.8,25,31,Open-Meteo ERA5 (ECMWF) reanalisis,2026-10-09T02:10:17.430367+00:00
2020,6,Sleman,145.6,19,30,Open-Meteo ERA5 (ECMWF) reanalisis,2026-10-09T02:10:17.430367+00:00
2020,7,Sleman,47.7,14,31,Open-Meteo ERA5 (ECMWF) reanalisis,2026-10-09T02:10:17.430367+00:00
2020,8,Sleman,67.4,9,31,Open-Meteo ERA5 (ECMWF) reanalisis,2026-10-09T02:10:17.430367+00:00
2020,9,Sleman,132.7,24,30,Open-Meteo ERA5 (ECMWF) reanalisis,2026-10-09T02:10:17.430367+00:00
2020,10,Sleman,584.1,30,31,Open-Meteo ERA5 (ECMWF) reanalisis,2026-10-09T02:10:17.430367+00:00
2020,11,Sleman,521.0,29,30,Open-Meteo ERA5 (ECMWF) reanalisis,2026-10-09T02:10:17.430367+00:00
2020,12,Sleman,412.5,31,31,Open-Meteo ERA5 (ECMWF) reanalisis,2026-10-09T02:10:17.430367+00:00
2021,1,Sleman,380.6,31,31,Open-Meteo ERA5 (ECMWF) reanalisis,2026-10-09T02:10:17.430367+00:00
2021,2,Sleman,431.0,28,28,Open-Meteo ERA5 (ECMWF) reanalisis,2026-10-09T02:10:17.430367+00:00
2021,3,Sleman,213.3,29,31,Open-Meteo ERA5 (ECMWF) reanalisis,2026-10-09T02:10:17.430367+00:00
2021,4,Sleman,185.5,26,30,Open-Meteo ERA5 (ECMWF) reanalisis,2026-10-09T02:10:17.430367+00:00
2021,5,Sleman,86.1,24,31,Open-Meteo ERA5 (ECMWF) reanalisis,2026-10-09T02:10:17.430367+00:00
2021,6,Sleman,352.1,27,30,Open-Meteo ERA5 (ECMWF) reanalisis,2026-10-09T02:10:17.430367+00:00
2021,7,Sleman,60.0,16,31,Open-Meteo ERA5 (ECMWF) reanalisis,2026-10-09T02:10:17.430367+00:00
2021,8,Sleman,123.5,23,31,Open-Meteo ERA5 (ECMWF) reanalisis,2026-10-09T02:10:17.430367+00:00
2021,9,Sleman,186.6,24,30,Open-Meteo ERA5 (ECMWF) reanalisis,2026-10-09T02:10:17.430367+00:00
2021,10,Sleman,281.8,27,31,Open-Meteo ERA5 (ECMWF) reanalisis,2026-10-09T02:10:17.430367+00:00
2021,11,Sleman,579.0,29,30,Open-Meteo ERA5 (ECMWF) reanalisis,2026-10-09T02:10:17.430367+00:00
2021,12,Sleman,455.3,30,31,Open-Meteo ERA5 (ECMWF) reanalisis,2026-10-09T02:10:17.430367+00:00
2022,1,Sleman,310.7,28,31,Open-Meteo ERA5 (ECMWF) reanalisis,2026-10-09T02:10:17.430367+00:00
2022,2,Sleman,327.7,26,28,Open-Meteo ERA5 (ECMWF) reanalisis,2026-10-09T02:10:17.430367+00:00
2022,3,Sleman,359.0,31,31,Open-Meteo ERA5 (ECMWF) reanalisis,2026-10-09T02:10:17.430367+00:00
2022,4,Sleman,389.8,30,30,Open-Meteo ERA5 (ECMWF) reanalisis,2026-10-09T02:10:17.430367+00:00
2022,5,Sleman,289.0,29,31,Open-Meteo ERA5 (ECMWF) reanalisis,2026-10-09T02:10:17.430367+00:00
2022,6,Sleman,268.5,26,30,Open-Meteo ERA5 (ECMWF) reanalisis,2026-10-09T02:10:17.430367+00:00
2022,7,Sleman,97.8,19,31,Open-Meteo ERA5 (ECMWF) reanalisis,2026-10-09T02:10:17.430367+00:00
2022,8,Sleman,171.5,22,31,Open-Meteo ERA5 (ECMWF) reanalisis,2026-10-09T02:10:17.430367+00:00
2022,9,Sleman,317.1,23,30,Open-Meteo ERA5 (ECMWF) reanalisis,2026-10-09T02:10:17.430367+00:00
2022,10,Sleman,575.3,30,31,Open-Meteo ERA5 (ECMWF) reanalisis,2026-10-09T02:10:17.430367+00:00
2022,11,Sleman,574.3,30,30,Open-Meteo ERA5 (ECMWF) reanalisis,2026-10-09T02:10:17.430367+00:00
2022,12,Sleman,467.4,28,31,Open-Meteo ERA5 (ECMWF) reanalisis,2026-10-09T02:10:17.430367+00:00
2023,1,Sleman,255.7,31,31,Open-Meteo ERA5 (ECMWF) reanalisis,2026-10-09T02:10:17.430367+00:00
2023,2,Sleman,494.0,27,28,Open-Meteo ERA5 (ECMWF) reanalisis,2026-10-09T02:10:17.430367+00:00
2023,3,Sleman,372.0,29,31,Open-Meteo ERA5 (ECMWF) reanalisis,2026-10-09T02:10:17.430367+00:00
2023,4,Sleman,254.1,27,30,Open-Meteo ERA5 (ECMWF) reanalisis,2026-10-09T02:10:17.430367+00:00
2023,5,Sleman,116.2,12,31,Open-Meteo ERA5 (ECMWF) reanalisis,2026-10-09T02:10:17.430367+00:00
2023,6,Sleman,108.9,17,30,Open-Meteo ERA5 (ECMWF) reanalisis,2026-10-09T02:10:17.430367+00:00
2023,7,Sleman,131.2,14,31,Open-Meteo ERA5 (ECMWF) reanalisis,2026-10-09T02:10:17.430367+00:00
2023,8,Sleman,8.2,2,31,Open-Meteo ERA5 (ECMWF) reanalisis,2026-10-09T02:10:17.430367+00:00
2023,9,Sleman,14.8,5,30,Open-Meteo ERA5 (ECMWF) reanalisis,2026-10-09T02:10:17.430367+00:00
2023,10,Sleman,69.5,21,31,Open-Meteo ERA5 (ECMWF) reanalisis,2026-10-09T02:10:17.430367+00:00
2023,11,Sleman,212.9,29,30,Open-Meteo ERA5 (ECMWF) reanalisis,2026-10-09T02:10:17.430367+00:00
2023,12,Sleman,192.7,17,31,Open-Meteo ERA5 (ECMWF) reanalisis,2026-10-09T02:10:17.430367+00:00
2024,1,Sleman,469.2,30,31,Open-Meteo ERA5 (ECMWF) reanalisis,2026-10-09T02:10:17.430367+00:00
2024,2,Sleman,329.7,28,29,Open-Meteo ERA5 (ECMWF) reanalisis,2026-10-09T02:10:17.430367+00:00
2024,3,Sleman,344.5,28,31,Open-Meteo ERA5 (ECMWF) reanalisis,2026-10-09T02:10:17.430367+00:00
2024,4,Sleman,393.6,29,30,Open-Meteo ERA5 (ECMWF) reanalisis,2026-10-09T02:10:17.430367+00:00
2024,5,Sleman,170.0,15,31,Open-Meteo ERA5 (ECMWF) reanalisis,2026-10-09T02:10:17.430367+00:00
2024,6,Sleman,101.5,20,30,Open-Meteo ERA5 (ECMWF) reanalisis,2026-10-09T02:10:17.430367+00:00
2024,7,Sleman,51.0,7,31,Open-Meteo ERA5 (ECMWF) reanalisis,2026-10-09T02:10:17.430367+00:00
2024,8,Sleman,37.5,8,31,Open-Meteo ERA5 (ECMWF) reanalisis,2026-10-09T02:10:17.430367+00:00
2024,9,Sleman,122.1,16,30,Open-Meteo ERA5 (ECMWF) reanalisis,2026-10-09T02:10:17.430367+00:00
2024,10,Sleman,142.4,28,31,Open-Meteo ERA5 (ECMWF) reanalisis,2026-10-09T02:10:17.430367+00:00
2024,11,Sleman,438.7,28,30,Open-Meteo ERA5 (ECMWF) reanalisis,2026-10-09T02:10:17.430367+00:00
2024,12,Sleman,383.0,30,31,Open-Meteo ERA5 (ECMWF) reanalisis,2026-10-09T02:10:17.430367+00:00
2025,1,Sleman,270.1,25,31,Open-Meteo ERA5 (ECMWF) reanalisis,2026-10-09T02:10:17.430367+00:00
2025,2,Sleman,290.7,24,28,Open-Meteo ERA5 (ECMWF) reanalisis,2026-10-09T02:10:17.430367+00:00
2025,3,Sleman,309.9,28,31,Open-Meteo ERA5 (ECMWF) reanalisis,2026-10-09T02:10:17.430367+00:00
2025,4,Sleman,253.1,23,30,Open-Meteo ERA5 (ECMWF) reanalisis,2026-10-09T02:10:17.430367+00:00
2025,5,Sleman,432.7,29,31,Open-Meteo ERA5 (ECMWF) reanalisis,2026-10-09T02:10:17.430367+00:00
2025,6,Sleman,249.1,20,30,Open-Meteo ERA5 (ECMWF) reanalisis,2026-10-09T02:10:17.430367+00:00
2025,7,Sleman,108.8,18,31,Open-Meteo ERA5 (ECMWF) reanalisis,2026-10-09T02:10:17.430367+00:00
2025,8,Sleman,199.9,21,31,Open-Meteo ERA5 (ECMWF) reanalisis,2026-10-09T02:10:17.430367+00:00
2025,9,Sleman,251.6,25,30,Open-Meteo ERA5 (ECMWF) reanalisis,2026-10-09T02:10:17.430367+00:00
2025,10,Sleman,406.1,28,31,Open-Meteo ERA5 (ECMWF) reanalisis,2026-10-09T02:10:17.430367+00:00
2025,11,Sleman,462.0,27,30,Open-Meteo ERA5 (ECMWF) reanalisis,2026-10-09T02:10:17.430367+00:00
2025,12,Sleman,225.0,28,31,Open-Meteo ERA5 (ECMWF) reanalisis,2026-10-09T02:10:17.430367+00:00
2026,1,Sleman,362.3,26,31,Open-Meteo ERA5 (ECMWF) reanalisis,2026-10-09T02:10:17.430367+00:00
2026,2,Sleman,324.2,28,28,Open-Meteo ERA5 (ECMWF) reanalisis,2026-10-09T02:10:17.430367+00:00
2026,3,Sleman,204.4,28,31,Open-Meteo ERA5 (ECMWF) reanalisis,2026-10-09T02:10:17.430367+00:00
2026,4,Sleman,284.9,25,30,Open-Meteo ERA5 (ECMWF) reanalisis,2026-10-09T02:10:17.430367+00:00
2026,5,Sleman,150.6,25,31,Open-Meteo ERA5 (ECMWF) reanalisis,2026-10-09T02:10:17.430367+00:00
2026,6,Sleman,68.7,13,30,Open-Meteo ERA5 (ECMWF) reanalisis,2026-10-09T02:10:17.430367+00:00
2026,7,Sleman,12.8,5,31,Open-Meteo ERA5 (ECMWF) reanalisis,2026-10-09T02:10:17.430367+00:00
2026,8,Sleman,14.2,6,31,Open-Meteo ERA5 (ECMWF) reanalisis,2026-10-09T02:10:17.430367+00:00
2026,9,Sleman,18.8,7,30,Open-Meteo ERA5 (ECMWF) reanalisis,2026-10-09T02:10:17.430367+00:00
2026,10,Sleman,3.7,2,3,Open-Meteo ERA5 (ECMWF) reanalisis,2026-10-09T02:10:17.430367+00:00
