# Unnamed: 0_level_1,Tanggal Unnamed: 1_level_1,Komoditas Bawang Merah Bawang Putih Bonggol Beras Medium Beras premium Beras SPHP Brokoli Cabe Merah Besar Cabe Merah Keriting Cabe Rawit Merah Daging Ayam Ras Daging Sapi Murni Gula Pasir Konsumsi Jagung Pipilan Kering Kacang Panjang Kedelai Biji Kering (Impor) Minyak Goreng Kemasan Pakcoy Sawi Putih Telur Ayam Ras Tepung Terigu Kemasan Terong Timun Tomat Wortel,Harga (Rp/Kg) Unnamed: 3_level_1
1,2026-08-13,Beras Medium,13238
2,2026-08-13,Gula Pasir Konsumsi,17852
3,2026-08-13,Minyak Goreng Kemasan,21680
4,2026-08-13,Daging Ayam Ras,39250
5,2026-08-13,Telur Ayam Ras,24940
6,2026-08-13,Daging Sapi Murni,157059
7,2026-08-13,Bawang Merah,31286
8,2026-08-13,Cabe Merah Keriting,32130
9,2026-08-13,Cabe Merah Besar,38611
10,2026-08-13,Jagung Pipilan Kering,6450
11,2026-08-13,Kedelai Biji Kering (Impor),10925
12,2026-08-13,Bawang Putih Bonggol,32720
13,2026-08-13,Cabe Rawit Merah,42304
14,2026-08-13,Beras premium,14962
15,2026-08-13,Beras SPHP,12338
16,2026-08-13,Tepung Terigu Kemasan,11660
17,2026-08-13,Sawi Putih,8000
18,2026-08-13,Pakcoy,8000
19,2026-08-13,Wortel,17000
20,2026-08-13,Brokoli,12000
21,2026-08-13,Kacang Panjang,12000
22,2026-08-13,Terong,8000
23,2026-08-13,Timun,18000
24,2026-08-13,Tomat,10000
25,2026-08-10,Beras Medium,13236
26,2026-08-10,Gula Pasir Konsumsi,17577
27,2026-08-10,Minyak Goreng Kemasan,21708
28,2026-08-10,Daging Ayam Ras,38950
29,2026-08-10,Telur Ayam Ras,25630
30,2026-08-10,Daging Sapi Murni,156563
31,2026-08-10,Bawang Merah,32259
32,2026-08-10,Cabe Merah Keriting,32727
33,2026-08-10,Cabe Merah Besar,38824
34,2026-08-10,Jagung Pipilan Kering,6450
35,2026-08-10,Kedelai Biji Kering (Impor),10925
36,2026-08-10,Bawang Putih Bonggol,32760
37,2026-08-10,Cabe Rawit Merah,43227
38,2026-08-10,Beras premium,14892
39,2026-08-10,Beras SPHP,12367
40,2026-08-10,Tepung Terigu Kemasan,11646
41,2026-08-10,Sawi Putih,8000
42,2026-08-10,Pakcoy,7000
43,2026-08-10,Wortel,17000
44,2026-08-10,Brokoli,15000
45,2026-08-10,Kacang Panjang,11000
46,2026-08-10,Terong,8000
47,2026-08-10,Timun,18000
48,2026-08-10,Tomat,11000
49,2026-08-06,Beras Medium,13256
50,2026-08-06,Gula Pasir Konsumsi,17558
51,2026-08-06,Minyak Goreng Kemasan,21625
52,2026-08-06,Daging Ayam Ras,36632
53,2026-08-06,Telur Ayam Ras,24708
54,2026-08-06,Daging Sapi Murni,157500
55,2026-08-06,Bawang Merah,31750
56,2026-08-06,Cabe Merah Keriting,31714
57,2026-08-06,Cabe Merah Besar,37765
58,2026-08-06,Jagung Pipilan Kering,6450
59,2026-08-06,Kedelai Biji Kering (Impor),10917
60,2026-08-06,Bawang Putih Bonggol,32760
61,2026-08-06,Cabe Rawit Merah,42238
62,2026-08-06,Beras premium,14967
63,2026-08-06,Beras SPHP,12400
64,2026-08-06,Tepung Terigu Kemasan,11646
65,2026-08-06,Sawi Putih,8000
66,2026-08-06,Pakcoy,7000
67,2026-08-06,Wortel,17000
68,2026-08-06,Brokoli,15000
69,2026-08-06,Kacang Panjang,11000
70,2026-08-06,Terong,8000
71,2026-08-06,Timun,18000
72,2026-08-06,Tomat,11000
73,2026-08-03,Beras Medium,13208
74,2026-08-03,Gula Pasir Konsumsi,17538
75,2026-08-03,Minyak Goreng Kemasan,21417
76,2026-08-03,Daging Ayam Ras,36571
77,2026-08-03,Telur Ayam Ras,24750
78,2026-08-03,Daging Sapi Murni,156765
79,2026-08-03,Bawang Merah,33000
80,2026-08-03,Cabe Merah Keriting,31818
81,2026-08-03,Cabe Merah Besar,37056
82,2026-08-03,Jagung Pipilan Kering,6450
83,2026-08-03,Kedelai Biji Kering (Impor),10942
84,2026-08-03,Bawang Putih Bonggol,32750
85,2026-08-03,Cabe Rawit Merah,41227
86,2026-08-03,Beras premium,14946
87,2026-08-03,Beras SPHP,12382
88,2026-08-03,Tepung Terigu Kemasan,11646
89,2026-08-03,Sawi Putih,7000
90,2026-08-03,Pakcoy,6000
91,2026-08-03,Wortel,18000
92,2026-08-03,Brokoli,16000
93,2026-08-03,Kacang Panjang,12000
94,2026-08-03,Terong,8000
95,2026-08-03,Timun,20000
96,2026-08-03,Tomat,10000
97,2026-07-30,Beras Medium,13283
98,2026-07-30,Gula Pasir Konsumsi,17558
99,2026-07-30,Minyak Goreng Kemasan,21688
100,2026-07-30,Daging Ayam Ras,36190
101,2026-07-30,Telur Ayam Ras,25417
102,2026-07-30,Daging Sapi Murni,156765
103,2026-07-30,Bawang Merah,34679
104,2026-07-30,Cabe Merah Keriting,33364
105,2026-07-30,Cabe Merah Besar,37941
106,2026-07-30,Jagung Pipilan Kering,6425
107,2026-07-30,Kedelai Biji Kering (Impor),10942
108,2026-07-30,Bawang Putih Bonggol,34462
109,2026-07-30,Cabe Rawit Merah,41545
110,2026-07-30,Beras premium,14940
111,2026-07-30,Beras SPHP,12453
112,2026-07-30,Tepung Terigu Kemasan,11646
113,2026-07-30,Sawi Putih,8000
114,2026-07-30,Pakcoy,8000
115,2026-07-30,Wortel,14000
116,2026-07-30,Brokoli,16000
117,2026-07-30,Kacang Panjang,9000
118,2026-07-30,Terong,8000
119,2026-07-30,Timun,20000
120,2026-07-30,Tomat,12000
121,2026-07-27,Beras Medium,13285
122,2026-07-27,Gula Pasir Konsumsi,17519
123,2026-07-27,Minyak Goreng Kemasan,21660
124,2026-07-27,Daging Ayam Ras,35550
125,2026-07-27,Telur Ayam Ras,25417
126,2026-07-27,Daging Sapi Murni,156765
127,2026-07-27,Bawang Merah,35379
128,2026-07-27,Cabe Merah Keriting,29870
129,2026-07-27,Cabe Merah Besar,35889
130,2026-07-27,Jagung Pipilan Kering,6400
131,2026-07-27,Kedelai Biji Kering (Impor),10958
132,2026-07-27,Bawang Putih Bonggol,34962
133,2026-07-27,Cabe Rawit Merah,34785
134,2026-07-27,Beras premium,14932
135,2026-07-27,Beras SPHP,12393
136,2026-07-27,Tepung Terigu Kemasan,11660
137,2026-07-27,Sawi Putih,7000
138,2026-07-27,Pakcoy,8000
139,2026-07-27,Wortel,14000
140,2026-07-27,Brokoli,20000
141,2026-07-27,Kacang Panjang,9000
142,2026-07-27,Terong,8000
143,2026-07-27,Timun,22000
144,2026-07-27,Tomat,12000
145,2026-07-23,Beras Medium,13248
146,2026-07-23,Gula Pasir Konsumsi,17558
147,2026-07-23,Minyak Goreng Kemasan,21640
148,2026-07-23,Daging Ayam Ras,34238
149,2026-07-23,Telur Ayam Ras,25646
150,2026-07-23,Daging Sapi Murni,156471
151,2026-07-23,Bawang Merah,36893
152,2026-07-23,Cabe Merah Keriting,31609
153,2026-07-23,Cabe Merah Besar,39167
154,2026-07-23,Jagung Pipilan Kering,6450
155,2026-07-23,Kedelai Biji Kering (Impor),10967
156,2026-07-23,Bawang Putih Bonggol,36560
157,2026-07-23,Cabe Rawit Merah,36391
158,2026-07-23,Beras premium,14913
159,2026-07-23,Beras SPHP,12427
160,2026-07-23,Tepung Terigu Kemasan,11660
161,2026-07-23,Sawi Putih,7000
162,2026-07-23,Pakcoy,7000
163,2026-07-23,Wortel,13000
164,2026-07-23,Brokoli,22000
165,2026-07-23,Kacang Panjang,9000
166,2026-07-23,Terong,8000
167,2026-07-23,Timun,18000
168,2026-07-23,Tomat,12000
169,2026-07-20,Beras Medium,13256
170,2026-07-20,Gula Pasir Konsumsi,17500
171,2026-07-20,Minyak Goreng Kemasan,21560
172,2026-07-20,Daging Ayam Ras,34238
173,2026-07-20,Telur Ayam Ras,25375
174,2026-07-20,Daging Sapi Murni,156765
175,2026-07-20,Bawang Merah,37207
176,2026-07-20,Cabe Merah Keriting,33174
177,2026-07-20,Cabe Merah Besar,40111
178,2026-07-20,Jagung Pipilan Kering,6475
179,2026-07-20,Kedelai Biji Kering (Impor),10983
180,2026-07-20,Bawang Putih Bonggol,36231
181,2026-07-20,Cabe Rawit Merah,38000
182,2026-07-20,Beras premium,14913
183,2026-07-20,Beras SPHP,12427
184,2026-07-20,Tepung Terigu Kemasan,11625
185,2026-07-20,Sawi Putih,6000
186,2026-07-20,Pakcoy,7000
187,2026-07-20,Wortel,13000
188,2026-07-20,Brokoli,22000
189,2026-07-20,Kacang Panjang,9000
190,2026-07-20,Terong,8000
191,2026-07-20,Timun,9000
192,2026-07-20,Tomat,13000
193,2026-07-13,Beras Medium,13323
194,2026-07-13,Gula Pasir Konsumsi,17444
195,2026-07-13,Minyak Goreng Kemasan,21538
196,2026-07-13,Daging Ayam Ras,33000
197,2026-07-13,Telur Ayam Ras,24220
198,2026-07-13,Daging Sapi Murni,156765
199,2026-07-13,Bawang Merah,38931
200,2026-07-13,Cabe Merah Keriting,31130
201,2026-07-13,Cabe Merah Besar,36556
202,2026-07-13,Jagung Pipilan Kering,6488
203,2026-07-13,Kedelai Biji Kering (Impor),10992
204,2026-07-13,Bawang Putih Bonggol,36731
205,2026-07-13,Cabe Rawit Merah,41522
206,2026-07-13,Beras premium,14890
207,2026-07-13,Beras SPHP,12450
208,2026-07-13,Tepung Terigu Kemasan,11660
209,2026-07-13,Sawi Putih,6000
210,2026-07-13,Pakcoy,5000
211,2026-07-13,Wortel,13000
212,2026-07-13,Brokoli,21000
213,2026-07-13,Kacang Panjang,8000
214,2026-07-13,Terong,8000
215,2026-07-13,Timun,8000
216,2026-07-13,Tomat,13000
217,2026-07-09,Beras Medium,13263
218,2026-07-09,Gula Pasir Konsumsi,17463
219,2026-07-09,Minyak Goreng Kemasan,21500
220,2026-07-09,Daging Ayam Ras,29286
221,2026-07-09,Telur Ayam Ras,23300
222,2026-07-09,Daging Sapi Murni,156471
223,2026-07-09,Bawang Merah,39179
224,2026-07-09,Cabe Merah Keriting,31727
225,2026-07-09,Cabe Merah Besar,36294
226,2026-07-09,Jagung Pipilan Kering,6488
227,2026-07-09,Kedelai Biji Kering (Impor),11008
228,2026-07-09,Bawang Putih Bonggol,36731
229,2026-07-09,Cabe Rawit Merah,40045
230,2026-07-09,Beras premium,14890
231,2026-07-09,Beras SPHP,12457
232,2026-07-09,Tepung Terigu Kemasan,11760
233,2026-07-09,Sawi Putih,6000
234,2026-07-09,Pakcoy,6000
235,2026-07-09,Wortel,13000
236,2026-07-09,Brokoli,20000
237,2026-07-09,Kacang Panjang,8000
238,2026-07-09,Terong,8000
239,2026-07-09,Timun,9000
240,2026-07-09,Tomat,13000
241,2026-07-06,Beras Medium,13266
242,2026-07-06,Gula Pasir Konsumsi,17462
243,2026-07-06,Minyak Goreng Kemasan,21480
244,2026-07-06,Daging Ayam Ras,29429
245,2026-07-06,Telur Ayam Ras,23917
246,2026-07-06,Daging Sapi Murni,156471
247,2026-07-06,Bawang Merah,40321
248,2026-07-06,Cabe Merah Keriting,33348
249,2026-07-06,Cabe Merah Besar,37611
250,2026-07-06,Jagung Pipilan Kering,6488
251,2026-07-06,Kedelai Biji Kering (Impor),11017
252,2026-07-06,Bawang Putih Bonggol,36840
253,2026-07-06,Cabe Rawit Merah,45043
254,2026-07-06,Beras premium,14885
255,2026-07-06,Beras SPHP,12462
256,2026-07-06,Tepung Terigu Kemasan,11720
257,2026-07-06,Sawi Putih,6000
258,2026-07-06,Pakcoy,6000
259,2026-07-06,Wortel,13000
260,2026-07-06,Brokoli,21000
261,2026-07-06,Kacang Panjang,9000
262,2026-07-06,Terong,8000
263,2026-07-06,Timun,9000
264,2026-07-06,Tomat,14000
265,2026-07-02,Beras Medium,13265
266,2026-07-02,Gula Pasir Konsumsi,17500
267,2026-07-02,Minyak Goreng Kemasan,21375
268,2026-07-02,Daging Ayam Ras,29619
269,2026-07-02,Telur Ayam Ras,23500
270,2026-07-02,Daging Sapi Murni,156471
271,2026-07-02,Bawang Merah,39880
272,2026-07-02,Cabe Merah Keriting,32143
273,2026-07-02,Cabe Merah Besar,37875
274,2026-07-02,Jagung Pipilan Kering,6488
275,2026-07-02,Kedelai Biji Kering (Impor),11033
276,2026-07-02,Bawang Putih Bonggol,36682
277,2026-07-02,Cabe Rawit Merah,38476
278,2026-07-02,Beras premium,14907
279,2026-07-02,Beras SPHP,12455
280,2026-07-02,Tepung Terigu Kemasan,11674
281,2026-07-02,Sawi Putih,5000
282,2026-07-02,Pakcoy,6000
283,2026-07-02,Wortel,14000
284,2026-07-02,Brokoli,21000
285,2026-07-02,Kacang Panjang,9000
286,2026-07-02,Terong,8000
287,2026-07-02,Timun,9000
288,2026-07-02,Tomat,15000
289,2026-06-29,Beras Medium,13333
290,2026-06-29,Gula Pasir Konsumsi,17481
291,2026-06-29,Minyak Goreng Kemasan,21615
292,2026-06-29,Daging Ayam Ras,30810
293,2026-06-29,Telur Ayam Ras,23560
294,2026-06-29,Daging Sapi Murni,156765
295,2026-06-29,Bawang Merah,43207
296,2026-06-29,Cabe Merah Keriting,33174
297,2026-06-29,Cabe Merah Besar,38056
298,2026-06-29,Jagung Pipilan Kering,6500
299,2026-06-29,Kedelai Biji Kering (Impor),11058
300,2026-06-29,Bawang Putih Bonggol,35692
301,2026-06-29,Cabe Rawit Merah,40022
302,2026-06-29,Beras premium,14926
303,2026-06-29,Beras SPHP,12462
304,2026-06-29,Tepung Terigu Kemasan,11740
305,2026-06-29,Sawi Putih,5000
306,2026-06-29,Pakcoy,5000
307,2026-06-29,Wortel,14000
308,2026-06-29,Brokoli,20000
309,2026-06-29,Kacang Panjang,7000
310,2026-06-29,Terong,8000
311,2026-06-29,Timun,9000
312,2026-06-29,Tomat,15000
313,2026-06-25,Beras Medium,13300
314,2026-06-25,Gula Pasir Konsumsi,17556
315,2026-06-25,Minyak Goreng Kemasan,51808
316,2026-06-25,Daging Ayam Ras,32211
317,2026-06-25,Telur Ayam Ras,25560
318,2026-06-25,Daging Sapi Murni,156176
319,2026-06-25,Bawang Merah,44185
320,2026-06-25,Cabe Merah Keriting,36571
321,2026-06-25,Cabe Merah Besar,40625
322,2026-06-25,Jagung Pipilan Kering,6475
323,2026-06-25,Kedelai Biji Kering (Impor),11092
324,2026-06-25,Bawang Putih Bonggol,35240
325,2026-06-25,Cabe Rawit Merah,44762
326,2026-06-25,Beras premium,14908
327,2026-06-25,Beras SPHP,12462
328,2026-06-25,Tepung Terigu Kemasan,11700
329,2026-06-25,Sawi Putih,8000
330,2026-06-25,Pakcoy,8000
331,2026-06-25,Wortel,14000
332,2026-06-25,Brokoli,21000
333,2026-06-25,Kacang Panjang,8000
334,2026-06-25,Terong,9000
335,2026-06-25,Timun,8000
336,2026-06-25,Tomat,15000
337,2026-06-22,Beras Medium,13346
338,2026-06-22,Gula Pasir Konsumsi,17538
339,2026-06-22,Minyak Goreng Kemasan,21900
340,2026-06-22,Daging Ayam Ras,33263
341,2026-06-22,Telur Ayam Ras,26146
342,2026-06-22,Daging Sapi Murni,155882
343,2026-06-22,Bawang Merah,44607
344,2026-06-22,Cabe Merah Keriting,36955
345,2026-06-22,Cabe Merah Besar,43056
346,2026-06-22,Jagung Pipilan Kering,6475
347,2026-06-22,Kedelai Biji Kering (Impor),11058
348,2026-06-22,Bawang Putih Bonggol,35440
349,2026-06-22,Cabe Rawit Merah,48273
350,2026-06-22,Beras premium,14919
351,2026-06-22,Beras SPHP,12500
352,2026-06-22,Tepung Terigu Kemasan,11521
353,2026-06-22,Sawi Putih,7000
354,2026-06-22,Pakcoy,8000
355,2026-06-22,Wortel,12000
356,2026-06-22,Brokoli,22000
357,2026-06-22,Kacang Panjang,8000
358,2026-06-22,Terong,8000
359,2026-06-22,Timun,7000
360,2026-06-22,Tomat,16000
361,2026-06-15,Beras Medium,13300
362,2026-06-15,Gula Pasir Konsumsi,17574
363,2026-06-15,Minyak Goreng Kemasan,21904
364,2026-06-15,Daging Ayam Ras,31857
365,2026-06-15,Telur Ayam Ras,26100
366,2026-06-15,Daging Sapi Murni,156471
367,2026-06-15,Bawang Merah,49517
368,2026-06-15,Cabe Merah Keriting,39609
369,2026-06-15,Cabe Merah Besar,47444
370,2026-06-15,Jagung Pipilan Kering,6338
371,2026-06-15,Kedelai Biji Kering (Impor),11017
372,2026-06-15,Bawang Putih Bonggol,33333
373,2026-06-15,Cabe Rawit Merah,60261
374,2026-06-15,Beras premium,14906
375,2026-06-15,Beras SPHP,12485
376,2026-06-15,Tepung Terigu Kemasan,11720
377,2026-06-15,Sawi Putih,7000
378,2026-06-15,Pakcoy,8000
379,2026-06-15,Wortel,14000
380,2026-06-15,Brokoli,20000
381,2026-06-15,Kacang Panjang,8000
382,2026-06-15,Terong,8000
383,2026-06-15,Timun,7000
384,2026-06-15,Tomat,16000
385,2026-06-11,Beras Medium,13231
386,2026-06-11,Gula Pasir Konsumsi,17722
387,2026-06-11,Minyak Goreng Kemasan,21962
388,2026-06-11,Daging Ayam Ras,31810
389,2026-06-11,Telur Ayam Ras,26240
390,2026-06-11,Daging Sapi Murni,148235
391,2026-06-11,Bawang Merah,51966
392,2026-06-11,Cabe Merah Keriting,4652
393,2026-06-11,Cabe Merah Besar,49722
394,2026-06-11,Jagung Pipilan Kering,6267
395,2026-06-11,Kedelai Biji Kering (Impor),10992
396,2026-06-11,Bawang Putih Bonggol,32115
397,2026-06-11,Cabe Rawit Merah,64087
398,2026-06-11,Beras premium,14842
399,2026-06-11,Beras SPHP,12453
400,2026-06-11,Tepung Terigu Kemasan,11640
401,2026-06-11,Sawi Putih,7000
402,2026-06-11,Pakcoy,8000
403,2026-06-11,Wortel,14000
404,2026-06-11,Brokoli,20000
405,2026-06-11,Kacang Panjang,8000
406,2026-06-11,Terong,8000
407,2026-06-11,Timun,7000
408,2026-06-11,Tomat,16000
409,2026-06-08,Beras Medium,13246
410,2026-06-08,Gula Pasir Konsumsi,17593
411,2026-06-08,Minyak Goreng Kemasan,22115
412,2026-06-08,Daging Ayam Ras,32476
413,2026-06-08,Telur Ayam Ras,26300
414,2026-06-08,Daging Sapi Murni,148235
415,2026-06-08,Bawang Merah,52071
416,2026-06-08,Cabe Merah Keriting,42818
417,2026-06-08,Cabe Merah Besar,53529
418,2026-06-08,Jagung Pipilan Kering,6325
419,2026-06-08,Kedelai Biji Kering (Impor),10983
420,2026-06-08,Bawang Putih Bonggol,32560
421,2026-06-08,Cabe Rawit Merah,67000
422,2026-06-08,Beras premium,14886
423,2026-06-08,Beras SPHP,12453
424,2026-06-08,Tepung Terigu Kemasan,11740
425,2026-06-08,Sawi Putih,7000
426,2026-06-08,Pakcoy,8000
427,2026-06-08,Wortel,12000
428,2026-06-08,Brokoli,22000
429,2026-06-08,Kacang Panjang,8000
430,2026-06-08,Terong,8000
431,2026-06-08,Timun,7000
432,2026-06-08,Tomat,16000
433,2026-06-04,Beras Medium,13195
434,2026-06-04,Gula Pasir Konsumsi,17700
435,2026-06-04,Minyak Goreng Kemasan,21958
436,2026-06-04,Daging Ayam Ras,34571
437,2026-06-04,Telur Ayam Ras,26696
438,2026-06-04,Daging Sapi Murni,148235
439,2026-06-04,Bawang Merah,50680
440,2026-06-04,Cabe Merah Keriting,50524
441,2026-06-04,Cabe Merah Besar,56875
442,2026-06-04,Jagung Pipilan Kering,6325
443,2026-06-04,Kedelai Biji Kering (Impor),10958
444,2026-06-04,Bawang Putih Bonggol,30455
445,2026-06-04,Cabe Rawit Merah,69381
446,2026-06-04,Beras premium,14867
447,2026-06-04,Beras SPHP,12453
448,2026-06-04,Tepung Terigu Kemasan,11674
449,2026-06-04,Sawi Putih,8000
450,2026-06-04,Pakcoy,8000
451,2026-06-04,Wortel,12000
452,2026-06-04,Brokoli,21000
453,2026-06-04,Kacang Panjang,8000
454,2026-06-04,Terong,8000
455,2026-06-04,Timun,8000
456,2026-06-04,Tomat,18000
457,2026-05-26,Beras Medium,13159
458,2026-05-26,Gula Pasir Konsumsi,17714
459,2026-05-26,Minyak Goreng Kemasan,21895
460,2026-05-26,Daging Ayam Ras,34895
461,2026-05-26,Telur Ayam Ras,26500
462,2026-05-26,Daging Sapi Murni,147813
463,2026-05-26,Bawang Merah,45000
464,2026-05-26,Cabe Merah Keriting,58100
465,2026-05-26,Cabe Merah Besar,55333
466,2026-05-26,Jagung Pipilan Kering,6338
467,2026-05-26,Kedelai Biji Kering (Impor),10875
468,2026-05-26,Bawang Putih Bonggol,30800
469,2026-05-26,Cabe Rawit Merah,77700
470,2026-05-26,Beras premium,14752
471,2026-05-26,Beras SPHP,12446
472,2026-05-26,Tepung Terigu Kemasan,11775
473,2026-05-26,Sawi Putih,8000
474,2026-05-26,Pakcoy,9000
475,2026-05-26,Wortel,14000
476,2026-05-26,Brokoli,24000
477,2026-05-26,Kacang Panjang,9000
478,2026-05-26,Terong,9000
479,2026-05-26,Timun,10000
480,2026-05-26,Tomat,20000
481,2026-05-21,Beras Medium,13154
482,2026-05-21,Gula Pasir Konsumsi,17692
483,2026-05-21,Minyak Goreng Kemasan,22000
484,2026-05-21,Daging Ayam Ras,34429
485,2026-05-21,Telur Ayam Ras,25860
486,2026-05-21,Daging Sapi Murni,147941
487,2026-05-21,Bawang Merah,45000
488,2026-05-21,Cabe Merah Keriting,42783
489,2026-05-21,Cabe Merah Besar,48833
490,2026-05-21,Jagung Pipilan Kering,6338
491,2026-05-21,Kedelai Biji Kering (Impor),10850
492,2026-05-21,Bawang Putih Bonggol,30333
493,2026-05-21,Cabe Rawit Merah,74522
494,2026-05-21,Beras premium,14784
495,2026-05-21,Beras SPHP,12460
496,2026-05-21,Tepung Terigu Kemasan,11720
497,2026-05-21,Sawi Putih,8000
498,2026-05-21,Pakcoy,9000
499,2026-05-21,Wortel,13000
500,2026-05-21,Brokoli,22000
501,2026-05-21,Kacang Panjang,9000
502,2026-05-21,Terong,9000
503,2026-05-21,Timun,8000
504,2026-05-21,Tomat,14000
505,2026-05-18,Beras Medium,13131
506,2026-05-18,Gula Pasir Konsumsi,17788
507,2026-05-18,Minyak Goreng Kemasan,22040
508,2026-05-18,Daging Ayam Ras,34905
509,2026-05-18,Telur Ayam Ras,26120
510,2026-05-18,Daging Sapi Murni,147941
511,2026-05-18,Bawang Merah,44000
512,2026-05-18,Cabe Merah Keriting,42870
513,2026-05-18,Cabe Merah Besar,49000
514,2026-05-18,Jagung Pipilan Kering,6338
515,2026-05-18,Kedelai Biji Kering (Impor),10842
516,2026-05-18,Bawang Putih Bonggol,30556
517,2026-05-18,Cabe Rawit Merah,78913
518,2026-05-18,Beras premium,14776
519,2026-05-18,Beras SPHP,12460
520,2026-05-18,Tepung Terigu Kemasan,11700
521,2026-05-18,Sawi Putih,8000
522,2026-05-18,Pakcoy,9000
523,2026-05-18,Wortel,13000
524,2026-05-18,Brokoli,22000
525,2026-05-18,Kacang Panjang,9000
526,2026-05-18,Terong,9000
527,2026-05-18,Timun,8000
528,2026-05-18,Tomat,14000
529,2026-05-11,Beras Medium,13132
530,2026-05-11,Gula Pasir Konsumsi,17739
531,2026-05-11,Minyak Goreng Kemasan,23136
532,2026-05-11,Daging Ayam Ras,34850
533,2026-05-11,Telur Ayam Ras,26318
534,2026-05-11,Daging Sapi Murni,147941
535,2026-05-11,Bawang Merah,41769
536,2026-05-11,Cabe Merah Keriting,44500
537,2026-05-11,Cabe Merah Besar,48889
538,2026-05-11,Jagung Pipilan Kering,6175
539,2026-05-11,Kedelai Biji Kering (Impor),10775
540,2026-05-11,Bawang Putih Bonggol,31042
541,2026-05-11,Cabe Rawit Merah,77955
542,2026-05-11,Beras premium,14764
543,2026-05-11,Beras SPHP,12460
544,2026-05-11,Tepung Terigu Kemasan,11609
545,2026-05-11,Sawi Putih,9000
546,2026-05-11,Pakcoy,8000
547,2026-05-11,Wortel,12000
548,2026-05-11,Brokoli,22000
549,2026-05-11,Kacang Panjang,8000
550,2026-05-11,Terong,8000
551,2026-05-11,Timun,9000
552,2026-05-11,Tomat,17000
553,2026-05-07,Beras Medium,13365
554,2026-05-07,Gula Pasir Konsumsi,18019
555,2026-05-07,Minyak Goreng Kemasan,22200
556,2026-05-07,Daging Ayam Ras,36048
557,2026-05-07,Telur Ayam Ras,26660
558,2026-05-07,Daging Sapi Murni,147647
559,2026-05-07,Bawang Merah,41793
560,2026-05-07,Cabe Merah Keriting,42609
561,2026-05-07,Cabe Merah Besar,48722
562,2026-05-07,Jagung Pipilan Kering,6175
563,2026-05-07,Kedelai Biji Kering (Impor),10758
564,2026-05-07,Bawang Putih Bonggol,31593
565,2026-05-07,Cabe Rawit Merah,71913
566,2026-05-07,Beras premium,14764
567,2026-05-07,Beras SPHP,12431
568,2026-05-07,Tepung Terigu Kemasan,11660
569,2026-05-07,Sawi Putih,9000
570,2026-05-07,Pakcoy,9000
571,2026-05-07,Wortel,14000
572,2026-05-07,Brokoli,23000
573,2026-05-07,Kacang Panjang,9000
574,2026-05-07,Terong,9000
575,2026-05-07,Timun,9000
576,2026-05-07,Tomat,18000
577,2026-05-04,Beras Medium,13352
578,2026-05-04,Gula Pasir Konsumsi,17761
579,2026-05-04,Minyak Goreng Kemasan,21955
580,2026-05-04,Daging Ayam Ras,35400
581,2026-05-04,Telur Ayam Ras,26795
582,2026-05-04,Daging Sapi Murni,147647
583,2026-05-04,Bawang Merah,40500
584,2026-05-04,Cabe Merah Keriting,39932
585,2026-05-04,Cabe Merah Besar,45722
586,2026-05-04,Jagung Pipilan Kering,6175
587,2026-05-04,Kedelai Biji Kering (Impor),10758
588,2026-05-04,Bawang Putih Bonggol,31292
589,2026-05-04,Cabe Rawit Merah,66318
590,2026-05-04,Beras premium,14774
591,2026-05-04,Beras SPHP,12433
592,2026-05-04,Tepung Terigu Kemasan,11630
593,2026-05-04,Sawi Putih,8000
594,2026-05-04,Pakcoy,8000
595,2026-05-04,Wortel,12000
596,2026-05-04,Brokoli,21000
597,2026-05-04,Kacang Panjang,8000
598,2026-05-04,Terong,8000
599,2026-05-04,Timun,8000
600,2026-05-04,Tomat,17000
601,2026-04-30,Beras Medium,12993
602,2026-04-30,Gula Pasir Konsumsi,17692
603,2026-04-30,Minyak Goreng Kemasan,21833
604,2026-04-30,Daging Ayam Ras,34458
605,2026-04-30,Telur Ayam Ras,27083
606,2026-04-30,Daging Sapi Murni,149167
607,2026-04-30,Bawang Merah,38000
608,2026-04-30,Cabe Merah Keriting,37400
609,2026-04-30,Cabe Merah Besar,45000
610,2026-04-30,Jagung Pipilan Kering,6067
611,2026-04-30,Kedelai Biji Kering (Impor),10710
612,2026-04-30,Bawang Putih Bonggol,30364
613,2026-04-30,Cabe Rawit Merah,53500
614,2026-04-30,Beras premium,14633
615,2026-04-30,Beras SPHP,12400
616,2026-04-30,Tepung Terigu Kemasan,11464
617,2026-04-30,Sawi Putih,7000
618,2026-04-30,Pakcoy,8000
619,2026-04-30,Wortel,12000
620,2026-04-30,Brokoli,22000
621,2026-04-30,Kacang Panjang,8000
622,2026-04-30,Terong,8000
623,2026-04-30,Timun,7000
624,2026-04-30,Tomat,16000
625,2026-04-27,Beras Medium,13322
626,2026-04-27,Gula Pasir Konsumsi,17750
627,2026-04-27,Minyak Goreng Kemasan,22080
628,2026-04-27,Daging Ayam Ras,34190
629,2026-04-27,Telur Ayam Ras,27160
630,2026-04-27,Daging Sapi Murni,147647
631,2026-04-27,Bawang Merah,39138
632,2026-04-27,Cabe Merah Keriting,37870
633,2026-04-27,Cabe Merah Besar,41917
634,2026-04-27,Jagung Pipilan Kering,6100
635,2026-04-27,Kedelai Biji Kering (Impor),10758
636,2026-04-27,Bawang Putih Bonggol,31370
637,2026-04-27,Cabe Rawit Merah,53043
638,2026-04-27,Beras premium,14726
639,2026-04-27,Beras SPHP,12493
640,2026-04-27,Tepung Terigu Kemasan,11800
641,2026-04-27,Sawi Putih,7000
642,2026-04-27,Pakcoy,9000
643,2026-04-27,Wortel,14000
644,2026-04-27,Brokoli,22000
645,2026-04-27,Kacang Panjang,8000
646,2026-04-27,Terong,7000
647,2026-04-27,Timun,8000
648,2026-04-27,Tomat,17000
649,2026-04-23,Beras Medium,13313
650,2026-04-23,Gula Pasir Konsumsi,18060
651,2026-04-23,Minyak Goreng Kemasan,21833
652,2026-04-23,Daging Ayam Ras,34381
653,2026-04-23,Telur Ayam Ras,27896
654,2026-04-23,Daging Sapi Murni,147647
655,2026-04-23,Bawang Merah,39429
656,2026-04-23,Cabe Merah Keriting,38304
657,2026-04-23,Cabe Merah Besar,40833
658,2026-04-23,Jagung Pipilan Kering,6125
659,2026-04-23,Kedelai Biji Kering (Impor),10733
660,2026-04-23,Bawang Putih Bonggol,31538
661,2026-04-23,Cabe Rawit Merah,56043
662,2026-04-23,Beras premium,14731
663,2026-04-23,Beras SPHP,12460
664,2026-04-23,Tepung Terigu Kemasan,11820
665,2026-04-23,Sawi Putih,8000
666,2026-04-23,Pakcoy,9000
667,2026-04-23,Wortel,14000
668,2026-04-23,Brokoli,20000
669,2026-04-23,Kacang Panjang,9000
670,2026-04-23,Terong,8000
671,2026-04-23,Timun,8000
672,2026-04-23,Tomat,20000
673,2026-04-20,Beras Medium,13269
674,2026-04-20,Gula Pasir Konsumsi,18288
675,2026-04-20,Minyak Goreng Kemasan,22080
676,2026-04-20,Daging Ayam Ras,34833
677,2026-04-20,Telur Ayam Ras,28120
678,2026-04-20,Daging Sapi Murni,147647
679,2026-04-20,Bawang Merah,39310
680,2026-04-20,Cabe Merah Keriting,38522
681,2026-04-20,Cabe Merah Besar,41444
682,2026-04-20,Jagung Pipilan Kering,6113
683,2026-04-20,Kedelai Biji Kering (Impor),10742
684,2026-04-20,Bawang Putih Bonggol,32148
685,2026-04-20,Cabe Rawit Merah,60022
686,2026-04-20,Beras premium,14720
687,2026-04-20,Beras SPHP,12460
688,2026-04-20,Tepung Terigu Kemasan,11780
689,2026-04-20,Sawi Putih,8000
690,2026-04-20,Pakcoy,8000
691,2026-04-20,Wortel,14000
692,2026-04-20,Brokoli,22000
693,2026-04-20,Kacang Panjang,8000
694,2026-04-20,Terong,9000
695,2026-04-20,Timun,8000
696,2026-04-20,Tomat,20000
697,2026-04-16,Beras Medium,13268
698,2026-04-16,Gula Pasir Konsumsi,17957
699,2026-04-16,Minyak Goreng Kemasan,21164
700,2026-04-16,Daging Ayam Ras,34875
701,2026-04-16,Telur Ayam Ras,28341
702,2026-04-16,Daging Sapi Murni,146786
703,2026-04-16,Bawang Merah,40280
704,2026-04-16,Cabe Merah Keriting,39889
705,2026-04-16,Cabe Merah Besar,41077
706,2026-04-16,Jagung Pipilan Kering,6113
707,2026-04-16,Kedelai Biji Kering (Impor),10700
708,2026-04-16,Bawang Putih Bonggol,32917
709,2026-04-16,Cabe Rawit Merah,63889
710,2026-04-16,Beras premium,14700
711,2026-04-16,Beras SPHP,12481
712,2026-04-16,Tepung Terigu Kemasan,11568
713,2026-04-16,Sawi Putih,8000
714,2026-04-16,Pakcoy,8000
715,2026-04-16,Wortel,14000
716,2026-04-16,Brokoli,22000
717,2026-04-16,Kacang Panjang,8000
718,2026-04-16,Terong,9000
719,2026-04-16,Timun,8000
720,2026-04-16,Tomat,19000
721,2026-04-13,Beras Medium,13224
722,2026-04-13,Gula Pasir Konsumsi,18425
723,2026-04-13,Minyak Goreng Kemasan,20694
724,2026-04-13,Daging Ayam Ras,35800
725,2026-04-13,Telur Ayam Ras,28306
726,2026-04-13,Daging Sapi Murni,146364
727,2026-04-13,Bawang Merah,39048
728,2026-04-13,Cabe Merah Keriting,34765
729,2026-04-13,Cabe Merah Besar,37083
730,2026-04-13,Jagung Pipilan Kering,6083
731,2026-04-13,Kedelai Biji Kering (Impor),10717
732,2026-04-13,Bawang Putih Bonggol,33273
733,2026-04-13,Cabe Rawit Merah,64529
734,2026-04-13,Beras premium,14765
735,2026-04-13,Beras SPHP,12480
736,2026-04-13,Tepung Terigu Kemasan,11553
737,2026-04-13,Sawi Putih,8000
738,2026-04-13,Pakcoy,7000
739,2026-04-13,Wortel,12000
740,2026-04-13,Brokoli,20000
741,2026-04-13,Kacang Panjang,7000
742,2026-04-13,Terong,9000
743,2026-04-13,Timun,8000
744,2026-04-13,Tomat,19000
745,2026-04-09,Beras Medium,13308
746,2026-04-09,Gula Pasir Konsumsi,18080
747,2026-04-09,Minyak Goreng Kemasan,21438
748,2026-04-09,Daging Ayam Ras,35095
749,2026-04-09,Telur Ayam Ras,27875
750,2026-04-09,Daging Sapi Murni,147941
751,2026-04-09,Bawang Merah,39893
752,2026-04-09,Cabe Merah Keriting,34043
753,2026-04-09,Cabe Merah Besar,39889
754,2026-04-09,Jagung Pipilan Kering,6100
755,2026-04-09,Kedelai Biji Kering (Impor),10708
756,2026-04-09,Bawang Putih Bonggol,32519
757,2026-04-09,Cabe Rawit Merah,71783
758,2026-04-09,Beras premium,14712
759,2026-04-09,Beras SPHP,12426
760,2026-04-09,Tepung Terigu Kemasan,11563
761,2026-04-09,Sawi Putih,7000
762,2026-04-09,Pakcoy,9000
763,2026-04-09,Wortel,14000
764,2026-04-09,Brokoli,22000
765,2026-04-09,Kacang Panjang,8000
766,2026-04-09,Terong,7000
767,2026-04-09,Timun,8000
768,2026-04-09,Tomat,17000
769,2026-04-06,Beras Medium,13310
770,2026-04-06,Gula Pasir Konsumsi,18058
771,2026-04-06,Minyak Goreng Kemasan,21480
772,2026-04-06,Daging Ayam Ras,36200
773,2026-04-06,Telur Ayam Ras,28300
774,2026-04-06,Daging Sapi Murni,147941
775,2026-04-06,Bawang Merah,40259
776,2026-04-06,Cabe Merah Keriting,33238
777,2026-04-06,Cabe Merah Besar,37647
778,2026-04-06,Jagung Pipilan Kering,6100
779,2026-04-06,Kedelai Biji Kering (Impor),10700
780,2026-04-06,Bawang Putih Bonggol,32600
781,2026-04-06,Cabe Rawit Merah,73262
782,2026-04-06,Beras premium,14688
783,2026-04-06,Beras SPHP,12430
784,2026-04-06,Tepung Terigu Kemasan,1500
785,2026-04-06,Sawi Putih,7000
786,2026-04-06,Pakcoy,7000
787,2026-04-06,Wortel,11000
788,2026-04-06,Brokoli,21000
789,2026-04-06,Kacang Panjang,8000
790,2026-04-06,Terong,8000
791,2026-04-06,Timun,8000
792,2026-04-06,Tomat,18000
793,2026-04-02,Beras Medium,13324
794,2026-04-02,Gula Pasir Konsumsi,17979
795,2026-04-02,Minyak Goreng Kemasan,21217
796,2026-04-02,Daging Ayam Ras,37714
797,2026-04-02,Telur Ayam Ras,28565
798,2026-04-02,Daging Sapi Murni,148529
799,2026-04-02,Bawang Merah,39556
800,2026-04-02,Cabe Merah Keriting,33913
801,2026-04-02,Cabe Merah Besar,39833
802,2026-04-02,Jagung Pipilan Kering,6050
803,2026-04-02,Kedelai Biji Kering (Impor),10492
804,2026-04-02,Bawang Putih Bonggol,32423
805,2026-04-02,Cabe Rawit Merah,77783
806,2026-04-02,Beras premium,14702
807,2026-04-02,Beras SPHP,12430
808,2026-04-02,Tepung Terigu Kemasan,11521
809,2026-04-02,Sawi Putih,7000
810,2026-04-02,Pakcoy,6000
811,2026-04-02,Wortel,11000
812,2026-04-02,Brokoli,20000
813,2026-04-02,Kacang Panjang,7000
814,2026-04-02,Terong,8000
815,2026-04-02,Timun,7000
816,2026-04-02,Tomat,18000
817,2026-03-30,Beras Medium,13331
818,2026-03-30,Gula Pasir Konsumsi,18146
819,2026-03-30,Minyak Goreng Kemasan,21217
820,2026-03-30,Daging Ayam Ras,40476
821,2026-03-30,Telur Ayam Ras,28978
822,2026-03-30,Daging Sapi Murni,148125
823,2026-03-30,Bawang Merah,38645
824,2026-03-30,Cabe Merah Keriting,37091
825,2026-03-30,Cabe Merah Besar,41176
826,2026-03-30,Jagung Pipilan Kering,6050
827,2026-03-30,Kedelai Biji Kering (Impor),10436
828,2026-03-30,Bawang Putih Bonggol,32875
829,2026-03-30,Cabe Rawit Merah,80682
830,2026-03-30,Beras premium,14705
831,2026-03-30,Beras SPHP,12463
832,2026-03-30,Tepung Terigu Kemasan,11543
833,2026-03-30,Sawi Putih,8000
834,2026-03-30,Pakcoy,7000
835,2026-03-30,Wortel,12000
836,2026-03-30,Brokoli,22000
837,2026-03-30,Kacang Panjang,8000
838,2026-03-30,Terong,8000
839,2026-03-30,Timun,8000
840,2026-03-30,Tomat,17000
841,2026-03-26,Beras Medium,13327
842,2026-03-26,Gula Pasir Konsumsi,17952
843,2026-03-26,Minyak Goreng Kemasan,21550
844,2026-03-26,Daging Ayam Ras,43211
845,2026-03-26,Telur Ayam Ras,29300
846,2026-03-26,Daging Sapi Murni,150000
847,2026-03-26,Bawang Merah,39250
848,2026-03-26,Cabe Merah Keriting,37941
849,2026-03-26,Cabe Merah Besar,43667
850,2026-03-26,Jagung Pipilan Kering,6050
851,2026-03-26,Kedelai Biji Kering (Impor),10491
852,2026-03-26,Bawang Putih Bonggol,32826
853,2026-03-26,Cabe Rawit Merah,65588
854,2026-03-26,Beras premium,14705
855,2026-03-26,Beras SPHP,12450
856,2026-03-26,Tepung Terigu Kemasan,11500
857,2026-03-26,Sawi Putih,8000
858,2026-03-26,Pakcoy,8000
859,2026-03-26,Wortel,12000
860,2026-03-26,Brokoli,22000
861,2026-03-26,Kacang Panjang,9000
862,2026-03-26,Terong,9000
863,2026-03-26,Timun,9000
864,2026-03-26,Tomat,16000
865,2026-03-16,Beras Medium,13338
866,2026-03-16,Gula Pasir Konsumsi,17963
867,2026-03-16,Minyak Goreng Kemasan,21220
868,2026-03-16,Daging Ayam Ras,40810
869,2026-03-16,Telur Ayam Ras,30000
870,2026-03-16,Daging Sapi Murni,147941
871,2026-03-16,Bawang Merah,40276
872,2026-03-16,Cabe Merah Keriting,43413
873,2026-03-16,Cabe Merah Besar,46833
874,2026-03-16,Jagung Pipilan Kering,6050
875,2026-03-16,Kedelai Biji Kering (Impor),10421
876,2026-03-16,Bawang Putih Bonggol,33111
877,2026-03-16,Cabe Rawit Merah,89609
878,2026-03-16,Beras premium,14727
879,2026-03-16,Beras SPHP,12424
880,2026-03-16,Tepung Terigu Kemasan,11625
881,2026-03-16,Sawi Putih,8000
882,2026-03-16,Pakcoy,9000
883,2026-03-16,Wortel,15000
884,2026-03-16,Brokoli,24000
885,2026-03-16,Kacang Panjang,8000
886,2026-03-16,Terong,8000
887,2026-03-16,Timun,9000
888,2026-03-16,Tomat,14000
889,2026-03-12,Beras Medium,13330
890,2026-03-12,Gula Pasir Konsumsi,17722
891,2026-03-12,Minyak Goreng Kemasan,21000
892,2026-03-12,Daging Ayam Ras,40400
893,2026-03-12,Telur Ayam Ras,28880
894,2026-03-12,Daging Sapi Murni,148125
895,2026-03-12,Bawang Merah,40379
896,2026-03-12,Cabe Merah Keriting,39609
897,2026-03-12,Cabe Merah Besar,40833
898,2026-03-12,Jagung Pipilan Kering,6063
899,2026-03-12,Kedelai Biji Kering (Impor),10346
900,2026-03-12,Bawang Putih Bonggol,33000
901,2026-03-12,Cabe Rawit Merah,91783
902,2026-03-12,Beras premium,14714
903,2026-03-12,Beras SPHP,12456
904,2026-03-12,Tepung Terigu Kemasan,11604
905,2026-03-12,Sawi Putih,8000
906,2026-03-12,Pakcoy,8000
907,2026-03-12,Wortel,13000
908,2026-03-12,Brokoli,22000
909,2026-03-12,Kacang Panjang,8000
910,2026-03-12,Terong,7000
911,2026-03-12,Timun,8000
912,2026-03-12,Tomat,13000
913,2026-03-09,Beras Medium,13315
914,2026-03-09,Gula Pasir Konsumsi,17704
915,2026-03-09,Minyak Goreng Kemasan,20771
916,2026-03-09,Daging Ayam Ras,39286
917,2026-03-09,Telur Ayam Ras,28902
918,2026-03-09,Daging Sapi Murni,139412
919,2026-03-09,Bawang Merah,40086
920,2026-03-09,Cabe Merah Keriting,35261
921,2026-03-09,Cabe Merah Besar,39444
922,2026-03-09,Jagung Pipilan Kering,6063
923,2026-03-09,Kedelai Biji Kering (Impor),9983
924,2026-03-09,Bawang Putih Bonggol,32556
925,2026-03-09,Cabe Rawit Merah,92761
926,2026-03-09,Beras premium,14708
927,2026-03-09,Beras SPHP,12405
928,2026-03-09,Tepung Terigu Kemasan,11563
929,2026-03-09,Sawi Putih,9000
930,2026-03-09,Pakcoy,8000
931,2026-03-09,Wortel,14000
932,2026-03-09,Brokoli,23000
933,2026-03-09,Kacang Panjang,8000
934,2026-03-09,Terong,8000
935,2026-03-09,Timun,8000
936,2026-03-09,Tomat,13000
937,2026-03-05,Beras Medium,13323
938,2026-03-05,Gula Pasir Konsumsi,17688
939,2026-03-05,Minyak Goreng Kemasan,20381
940,2026-03-05,Daging Ayam Ras,39941
941,2026-03-05,Telur Ayam Ras,29238
942,2026-03-05,Daging Sapi Murni,139286
943,2026-03-05,Bawang Merah,39696
944,2026-03-05,Cabe Merah Keriting,35895
945,2026-03-05,Cabe Merah Besar,39133
946,2026-03-05,Jagung Pipilan Kering,6063
947,2026-03-05,Kedelai Biji Kering (Impor),9927
948,2026-03-05,Bawang Putih Bonggol,32667
949,2026-03-05,Cabe Rawit Merah,90579
950,2026-03-05,Beras premium,14667
951,2026-03-05,Beras SPHP,12481
952,2026-03-05,Tepung Terigu Kemasan,11548
953,2026-03-05,Sawi Putih,8000
954,2026-03-05,Pakcoy,8000
955,2026-03-05,Wortel,15000
956,2026-03-05,Brokoli,21000
957,2026-03-05,Kacang Panjang,8000
958,2026-03-05,Terong,7000
959,2026-03-05,Timun,9000
960,2026-03-05,Tomat,14000
961,2026-03-02,Beras Medium,13323
962,2026-03-02,Gula Pasir Konsumsi,17619
963,2026-03-02,Minyak Goreng Kemasan,20368
964,2026-03-02,Daging Ayam Ras,39889
965,2026-03-02,Telur Ayam Ras,29947
966,2026-03-02,Daging Sapi Murni,139063
967,2026-03-02,Bawang Merah,39318
968,2026-03-02,Cabe Merah Keriting,33750
969,2026-03-02,Cabe Merah Besar,39643
970,2026-03-02,Jagung Pipilan Kering,6063
971,2026-03-02,Kedelai Biji Kering (Impor),9920
972,2026-03-02,Bawang Putih Bonggol,32810
973,2026-03-02,Cabe Rawit Merah,83250
974,2026-03-02,Beras premium,14698
975,2026-03-02,Beras SPHP,12456
976,2026-03-02,Tepung Terigu Kemasan,11425
977,2026-03-02,Sawi Putih,8000
978,2026-03-02,Pakcoy,7000
979,2026-03-02,Wortel,14000
980,2026-03-02,Brokoli,22000
981,2026-03-02,Kacang Panjang,9000
982,2026-03-02,Terong,7000
983,2026-03-02,Timun,8000
984,2026-03-02,Tomat,15000
985,2026-02-26,Beras Medium,13317
986,2026-02-26,Gula Pasir Konsumsi,17537
987,2026-02-26,Minyak Goreng Kemasan,20500
988,2026-02-26,Daging Ayam Ras,39476
989,2026-02-26,Telur Ayam Ras,30540
990,2026-02-26,Daging Sapi Murni,139000
991,2026-02-26,Bawang Merah,39931
992,2026-02-26,Cabe Merah Keriting,35348
993,2026-02-26,Cabe Merah Besar,38389
994,2026-02-26,Jagung Pipilan Kering,6063
995,2026-02-26,Kedelai Biji Kering (Impor),9933
996,2026-02-26,Bawang Putih Bonggol,32222
997,2026-02-26,Cabe Rawit Merah,79174
998,2026-02-26,Beras premium,14696
999,2026-02-26,Beras SPHP,12460
1000,2026-02-26,Tepung Terigu Kemasan,11479
1001,2026-02-26,Sawi Putih,8000
1002,2026-02-26,Pakcoy,8000
1003,2026-02-26,Wortel,13000
1004,2026-02-26,Brokoli,24000
1005,2026-02-26,Kacang Panjang,9000
1006,2026-02-26,Terong,9000
1007,2026-02-26,Timun,7000
1008,2026-02-26,Tomat,14000
1009,2026-02-23,Beras Medium,13285
1010,2026-02-23,Gula Pasir Konsumsi,17500
1011,2026-02-23,Minyak Goreng Kemasan,20417
1012,2026-02-23,Daging Ayam Ras,40000
1013,2026-02-23,Telur Ayam Ras,30660
1014,2026-02-23,Daging Sapi Murni,139118
1015,2026-02-23,Bawang Merah,40379
1016,2026-02-23,Cabe Merah Keriting,44043
1017,2026-02-23,Cabe Merah Besar,45278
1018,2026-02-23,Jagung Pipilan Kering,6013
1019,2026-02-23,Kedelai Biji Kering (Impor),9955
1020,2026-02-23,Bawang Putih Bonggol,31963
1021,2026-02-23,Cabe Rawit Merah,91969
1022,2026-02-23,Beras premium,14684
1023,2026-02-23,Beras SPHP,12400
1024,2026-02-23,Tepung Terigu Kemasan,11458
1025,2026-02-23,Sawi Putih,7500
1026,2026-02-23,Pakcoy,8000
1027,2026-02-23,Wortel,15000
1028,2026-02-23,Brokoli,22000
1029,2026-02-23,Kacang Panjang,9000
1030,2026-02-23,Terong,8000
1031,2026-02-23,Timun,6000
1032,2026-02-23,Tomat,12000
1033,2026-02-19,Beras Medium,13298
1034,2026-02-19,Gula Pasir Konsumsi,17442
1035,2026-02-19,Minyak Goreng Kemasan,20295
1036,2026-02-19,Daging Ayam Ras,40571
1037,2026-02-19,Telur Ayam Ras,30917
1038,2026-02-19,Daging Sapi Murni,139118
1039,2026-02-19,Bawang Merah,39862
1040,2026-02-19,Cabe Merah Keriting,43304
1041,2026-02-19,Cabe Merah Besar,44056
1042,2026-02-19,Jagung Pipilan Kering,6000
1043,2026-02-19,Kedelai Biji Kering (Impor),9892
1044,2026-02-19,Bawang Putih Bonggol,32538
1045,2026-02-19,Cabe Rawit Merah,85913
1046,2026-02-19,Beras premium,14670
1047,2026-02-19,Beras SPHP,12484
1048,2026-02-19,Tepung Terigu Kemasan,11543
1049,2026-02-19,Sawi Putih,7500
1050,2026-02-19,Pakcoy,8000
1051,2026-02-19,Wortel,15000
1052,2026-02-19,Brokoli,22000
1053,2026-02-19,Kacang Panjang,9000
1054,2026-02-19,Terong,8000
1055,2026-02-19,Timun,6000
1056,2026-02-19,Tomat,12000
1057,2026-02-12,Beras Medium,13290
1058,2026-02-12,Gula Pasir Konsumsi,17407
1059,2026-02-12,Minyak Goreng Kemasan,20333
1060,2026-02-12,Daging Ayam Ras,40857
1061,2026-02-12,Telur Ayam Ras,30060
1062,2026-02-12,Daging Sapi Murni,138824
1063,2026-02-12,Bawang Merah,39967
1064,2026-02-12,Cabe Merah Keriting,40739
1065,2026-02-12,Cabe Merah Besar,43611
1066,2026-02-12,Jagung Pipilan Kering,6025
1067,2026-02-12,Kedelai Biji Kering (Impor),9842
1068,2026-02-12,Bawang Putih Bonggol,32333
1069,2026-02-12,Cabe Rawit Merah,84000
1070,2026-02-12,Beras premium,14667
1071,2026-02-12,Beras SPHP,12484
1072,2026-02-12,Tepung Terigu Kemasan,11358
1073,2026-02-12,Sawi Putih,8000
1074,2026-02-12,Pakcoy,7000
1075,2026-02-12,Wortel,14000
1076,2026-02-12,Brokoli,24000
1077,2026-02-12,Kacang Panjang,8000
1078,2026-02-12,Terong,6000
1079,2026-02-12,Timun,7000
1080,2026-02-12,Tomat,14000
1081,2026-02-09,Beras Medium,13282
1082,2026-02-09,Gula Pasir Konsumsi,17444
1083,2026-02-09,Minyak Goreng Kemasan,20188
1084,2026-02-09,Daging Ayam Ras,40238
1085,2026-02-09,Telur Ayam Ras,30080
1086,2026-02-09,Daging Sapi Murni,138824
1087,2026-02-09,Bawang Merah,38733
1088,2026-02-09,Cabe Merah Keriting,37391
1089,2026-02-09,Cabe Merah Besar,42111
1090,2026-02-09,Jagung Pipilan Kering,6050
1091,2026-02-09,Kedelai Biji Kering (Impor),9792
1092,2026-02-09,Bawang Putih Bonggol,32481
1093,2026-02-09,Cabe Rawit Merah,78652
1094,2026-02-09,Beras premium,14652
1095,2026-02-09,Beras SPHP,12484
1096,2026-02-09,Tepung Terigu Kemasan,11583
1097,2026-02-09,Sawi Putih,9000
1098,2026-02-09,Pakcoy,7000
1099,2026-02-09,Wortel,13000
1100,2026-02-09,Brokoli,22000
1101,2026-02-09,Kacang Panjang,7000
1102,2026-02-09,Terong,7000
1103,2026-02-09,Timun,8000
1104,2026-02-09,Tomat,14000
1105,2026-02-05,Beras Medium,13030
1106,2026-02-05,Gula Pasir Konsumsi,17481
1107,2026-02-05,Minyak Goreng Kemasan,20271
1108,2026-02-05,Daging Ayam Ras,37000
1109,2026-02-05,Telur Ayam Ras,27440
1110,2026-02-05,Daging Sapi Murni,138438
1111,2026-02-05,Bawang Merah,39300
1112,2026-02-05,Cabe Merah Keriting,34957
1113,2026-02-05,Cabe Merah Besar,40833
1114,2026-02-05,Jagung Pipilan Kering,6100
1115,2026-02-05,Kedelai Biji Kering (Impor),9792
1116,2026-02-05,Bawang Putih Bonggol,32407
1117,2026-02-05,Cabe Rawit Merah,75478
1118,2026-02-05,Beras premium,14644
1119,2026-02-05,Beras SPHP,12484
1120,2026-02-05,Tepung Terigu Kemasan,11521
1121,2026-02-05,Sawi Putih,8000
1122,2026-02-05,Pakcoy,8000
1123,2026-02-05,Wortel,14000
1124,2026-02-05,Brokoli,23000
1125,2026-02-05,Kacang Panjang,7000
1126,2026-02-05,Terong,8000
1127,2026-02-05,Timun,7000
1128,2026-02-05,Tomat,13000
1129,2026-02-04,Beras Medium,13324
1130,2026-02-04,Gula Pasir Konsumsi,17979
1131,2026-02-04,Minyak Goreng Kemasan,21217
1132,2026-02-04,Daging Ayam Ras,37714
1133,2026-02-04,Telur Ayam Ras,28565
1134,2026-02-04,Daging Sapi Murni,148529
1135,2026-02-04,Bawang Merah,39556
1136,2026-02-04,Cabe Merah Keriting,33913
1137,2026-02-04,Cabe Merah Besar,39833
1138,2026-02-04,Jagung Pipilan Kering,6050
1139,2026-02-04,Kedelai Biji Kering (Impor),10492
1140,2026-02-04,Bawang Putih Bonggol,32423
1141,2026-02-04,Cabe Rawit Merah,77783
1142,2026-02-04,Beras premium,14702
1143,2026-02-04,Beras SPHP,12430
1144,2026-02-04,Tepung Terigu Kemasan,11521
1145,2026-02-04,Sawi Putih,7000
1146,2026-02-04,Pakcoy,6000
1147,2026-02-04,Wortel,11000
1148,2026-02-04,Brokoli,20000
1149,2026-02-04,Kacang Panjang,7000
1150,2026-02-04,Terong,8000
1151,2026-02-04,Timun,7000
1152,2026-02-04,Tomat,18000
1153,2026-02-02,Beras Medium,13289
1154,2026-02-02,Gula Pasir Konsumsi,17497
1155,2026-02-02,Minyak Goreng Kemasan,20071
1156,2026-02-02,Daging Ayam Ras,35722
1157,2026-02-02,Telur Ayam Ras,27409
1158,2026-02-02,Daging Sapi Murni,138529
1159,2026-02-02,Bawang Merah,38000
1160,2026-02-02,Cabe Merah Keriting,32368
1161,2026-02-02,Cabe Merah Besar,39250
1162,2026-02-02,Jagung Pipilan Kering,6100
1163,2026-02-02,Kedelai Biji Kering (Impor),9792
1164,2026-02-02,Bawang Putih Bonggol,32792
1165,2026-02-02,Cabe Rawit Merah,62158
1166,2026-02-02,Beras premium,14633
1167,2026-02-02,Beras SPHP,12456
1168,2026-02-02,Tepung Terigu Kemasan,11500
1169,2026-02-02,Sawi Putih,7000
1170,2026-02-02,Pakcoy,8000
1171,2026-02-02,Wortel,14000
1172,2026-02-02,Brokoli,22000
1173,2026-02-02,Kacang Panjang,7000
1174,2026-02-02,Terong,7000
1175,2026-02-02,Timun,7000
1176,2026-02-02,Tomat,14000
1177,2026-01-29,Beras Medium,12974
1178,2026-01-29,Gula Pasir Konsumsi,17444
1179,2026-01-29,Minyak Goreng Kemasan,20146
1180,2026-01-29,Daging Ayam Ras,35429
1181,2026-01-29,Telur Ayam Ras,27280
1182,2026-01-29,Daging Sapi Murni,139118
1183,2026-01-29,Bawang Merah,37400
1184,2026-01-29,Cabe Merah Keriting,35217
1185,2026-01-29,Cabe Merah Besar,40167
1186,2026-01-29,Jagung Pipilan Kering,6175
1187,2026-01-29,Kedelai Biji Kering (Impor),9783
1188,2026-01-29,Bawang Putih Bonggol,32333
1189,2026-01-29,Cabe Rawit Merah,55739
1190,2026-01-29,Beras premium,14646
1191,2026-01-29,Beras SPHP,12460
1192,2026-01-29,Tepung Terigu Kemasan,11563
1193,2026-01-29,Sawi Putih,8000
1194,2026-01-29,Pakcoy,8000
1195,2026-01-29,Wortel,16000
1196,2026-01-29,Brokoli,28000
1197,2026-01-29,Kacang Panjang,9000
1198,2026-01-29,Terong,8000
1199,2026-01-29,Timun,7000
1200,2026-01-29,Tomat,14000
1201,2026-01-26,Beras Medium,13397
1202,2026-01-26,Gula Pasir Konsumsi,17421
1203,2026-01-26,Minyak Goreng Kemasan,20447
1204,2026-01-26,Daging Ayam Ras,35100
1205,2026-01-26,Telur Ayam Ras,27571
1206,2026-01-26,Daging Sapi Murni,140000
1207,2026-01-26,Bawang Merah,37870
1208,2026-01-26,Cabe Merah Keriting,31765
1209,2026-01-26,Cabe Merah Besar,40308
1210,2026-01-26,Jagung Pipilan Kering,6340
1211,2026-01-26,Kedelai Biji Kering (Impor),9761
1212,2026-01-26,Bawang Putih Bonggol,33150
1213,2026-01-26,Cabe Rawit Merah,47824
1214,2026-01-26,Beras premium,14717
1215,2026-01-26,Beras SPHP,12436
1216,2026-01-26,Tepung Terigu Kemasan,11778
1217,2026-01-26,Sawi Putih,7000
1218,2026-01-26,Pakcoy,9000
1219,2026-01-26,Wortel,13000
1220,2026-01-26,Brokoli,21000
1221,2026-01-26,Kacang Panjang,8000
1222,2026-01-26,Terong,9000
1223,2026-01-26,Timun,8000
1224,2026-01-26,Tomat,17000
1225,2026-01-22,Beras Medium,12905
1226,2026-01-22,Gula Pasir Konsumsi,17519
1227,2026-01-22,Minyak Goreng Kemasan,20087
1228,2026-01-22,Daging Ayam Ras,35000
1229,2026-01-22,Telur Ayam Ras,27848
1230,2026-01-22,Daging Sapi Murni,138706
1231,2026-01-22,Bawang Merah,35000
1232,2026-01-22,Cabe Merah Keriting,25000
1233,2026-01-22,Cabe Merah Besar,35000
1234,2026-01-22,Jagung Pipilan Kering,6400
1235,2026-01-22,Kedelai Biji Kering (Impor),9700
1236,2026-01-22,Bawang Putih Bonggol,34000
1237,2026-01-22,Cabe Rawit Merah,35000
1238,2026-01-22,Beras premium,14652
1239,2026-01-22,Beras SPHP,12420
1240,2026-01-22,Tepung Terigu Kemasan,11565
1241,2026-01-22,Sawi Putih,6000
1242,2026-01-22,Pakcoy,7000
1243,2026-01-22,Wortel,13000
1244,2026-01-22,Brokoli,20000
1245,2026-01-22,Kacang Panjang,7000
1246,2026-01-22,Terong,8000
1247,2026-01-22,Timun,7000
1248,2026-01-22,Tomat,16000
1249,2026-01-19,Beras Medium,12849
1250,2026-01-19,Gula Pasir Konsumsi,17407
1251,2026-01-19,Minyak Goreng Kemasan,20146
1252,2026-01-19,Daging Ayam Ras,34700
1253,2026-01-19,Telur Ayam Ras,27804
1254,2026-01-19,Daging Sapi Murni,139063
1255,2026-01-19,Bawang Merah,37893
1256,2026-01-19,Cabe Merah Keriting,30905
1257,2026-01-19,Cabe Merah Besar,38067
1258,2026-01-19,Jagung Pipilan Kering,6300
1259,2026-01-19,Kedelai Biji Kering (Impor),9668
1260,2026-01-19,Terigu,8795
1261,2026-01-19,Bawang Putih Bonggol,32577
1262,2026-01-19,Cabe Rawit Merah,37667
1263,2026-01-19,Beras premium,14616
1264,2026-01-19,Minyak Goreng Curah,16484
1265,2026-01-19,Beras SPHP,12410
1266,2026-01-19,Tepung Terigu Kemasan,11563
1267,2026-01-19,Sawi Putih,6000
1268,2026-01-19,Pakcoy,7000
1269,2026-01-19,Wortel,13000
1270,2026-01-19,Brokoli,20000
1271,2026-01-19,Kacang Panjang,7000
1272,2026-01-19,Terong,8000
1273,2026-01-19,Timun,7000
1274,2026-01-19,Tomat,14000
1275,2026-01-15,Beras Medium,13093
1276,2026-01-15,Gula Pasir Konsumsi,17212
1277,2026-01-15,Minyak Goreng Kemasan,20000
1278,2026-01-15,Daging Ayam Ras,34450
1279,2026-01-15,Telur Ayam Ras,28568
1280,2026-01-15,Daging Sapi Murni,139333
1281,2026-01-15,Bawang Merah,38964
1282,2026-01-15,Cabe Merah Keriting,30905
1283,2026-01-15,Cabe Merah Besar,38667
1284,2026-01-15,Jagung Pipilan Kering,6300
1285,2026-01-15,Kedelai Biji Kering (Impor),9655
1286,2026-01-15,Terigu,8857
1287,2026-01-15,Bawang Putih Bonggol,32731
1288,2026-01-15,Cabe Rawit Merah,33762
1289,2026-01-15,Beras premium,14559
1290,2026-01-15,Minyak Goreng Curah,16652
1291,2026-01-15,Beras SPHP,12456
1292,2026-01-15,Tepung Terigu Kemasan,11543
1293,2026-01-15,Sawi Putih,7000
1294,2026-01-15,Pakcoy,8000
1295,2026-01-15,Wortel,15000
1296,2026-01-15,Brokoli,28000
1297,2026-01-15,Kacang Panjang,9000
1298,2026-01-15,Terong,8000
1299,2026-01-15,Timun,7000
1300,2026-01-15,Tomat,13000
1301,2026-01-12,Beras Medium,13088
1302,2026-01-12,Gula Pasir Konsumsi,17135
1303,2026-01-12,Minyak Goreng Kemasan,20000
1304,2026-01-12,Daging Ayam Ras,35053
1305,2026-01-12,Telur Ayam Ras,28500
1306,2026-01-12,Daging Sapi Murni,139643
1307,2026-01-12,Bawang Merah,37731
1308,2026-01-12,Cabe Merah Keriting,32200
1309,2026-01-12,Cabe Merah Besar,37933
1310,2026-01-12,Jagung Pipilan Kering,6300
1311,2026-01-12,Kedelai Biji Kering (Impor),9650
1312,2026-01-12,Terigu,11391
1313,2026-01-12,Bawang Putih Bonggol,33080
1314,2026-01-12,Cabe Rawit Merah,34600
1315,2026-01-12,Beras premium,14596
1316,2026-01-12,Minyak Goreng Curah,16741
1317,2026-01-12,Beras SPHP,12481
1318,2026-01-12,Tepung Terigu Kemasan,11391
1319,2026-01-12,Sawi Putih,7000
1320,2026-01-12,Pakcoy,8000
1321,2026-01-12,Wortel,14500
1322,2026-01-12,Brokoli,24000
1323,2026-01-12,Kacang Panjang,8000
1324,2026-01-12,Terong,8000
1325,2026-01-12,Timun,7000
1326,2026-01-12,Tomat,14000
1327,2026-01-08,Beras Medium,13049
1328,2026-01-08,Gula Pasir Konsumsi,17045
1329,2026-01-08,Minyak Goreng Kemasan,19682
1330,2026-01-08,Daging Ayam Ras,35867
1331,2026-01-08,Telur Ayam Ras,29395
1332,2026-01-08,Daging Sapi Murni,139000
1333,2026-01-08,Bawang Merah,38417
1334,2026-01-08,Cabe Merah Keriting,38944
1335,2026-01-08,Cabe Merah Besar,44643
1336,2026-01-08,Jagung Pipilan Kering,6300
1337,2026-01-08,Kedelai Biji Kering (Impor),9610
1338,2026-01-08,Bawang Putih Bonggol,32640
1339,2026-01-08,Cabe Rawit Merah,41889
1340,2026-01-08,Beras premium,14543
1341,2026-01-08,Beras SPHP,12450
1342,2026-01-08,Tepung Terigu Kemasan,11632
1343,2026-01-08,Sawi Putih,9000
1344,2026-01-08,Pakcoy,9000
1345,2026-01-08,Wortel,15000
1346,2026-01-08,Brokoli,26500
1347,2026-01-08,Kacang Panjang,9000
1348,2026-01-08,Terong,8000
1349,2026-01-08,Timun,8000
1350,2026-01-08,Tomat,12000
1351,2026-01-05,Beras Medium,12875
1352,2026-01-05,Gula Pasir Konsumsi,17071
1353,2026-01-05,Minyak Goreng Kemasan,18286
1354,2026-01-05,Daging Ayam Ras,34667
1355,2026-01-05,Telur Ayam Ras,30333
1356,2026-01-05,Daging Sapi Murni,135000
1357,2026-01-05,Bawang Merah,32250
1358,2026-01-05,Cabe Merah Keriting,38750
1359,2026-01-05,Cabe Merah Besar,38750
1360,2026-01-05,Kedelai Biji Kering (Impor),9500
1361,2026-01-05,Terigu,9000
1362,2026-01-05,Bawang Putih Bonggol,32250
1363,2026-01-05,Cabe Rawit Merah,42500
1364,2026-01-05,Beras premium,14500
1365,2026-01-05,Minyak Goreng Curah,17250
1366,2026-01-05,Beras SPHP,12500
1367,2026-01-05,Tepung Terigu Kemasan,11000
1368,2026-01-05,Sawi Putih,8000
1369,2026-01-05,Pakcoy,8000
1370,2026-01-05,Wortel,16000
1371,2026-01-05,Brokoli,28000
1372,2026-01-05,Kacang Panjang,9000
1373,2026-01-05,Terong,8000
1374,2026-01-05,Timun,7000
1375,2026-01-05,Tomat,14000
1376,2025-12-29,Beras Medium,12875
1377,2025-12-29,Gula Pasir Konsumsi,17071
1378,2025-12-29,Minyak Goreng Kemasan,18286
1379,2025-12-29,Daging Ayam Ras,37667
1380,2025-12-29,Telur Ayam Ras,30333
1381,2025-12-29,Daging Sapi Murni,135000
1382,2025-12-29,Bawang Merah,32000
1383,2025-12-29,Cabe Merah Keriting,38750
1384,2025-12-29,Cabe Merah Besar,38750
1385,2025-12-29,Kedelai Biji Kering (Impor),9500
1386,2025-12-29,Terigu,9000
1387,2025-12-29,Bawang Putih Bonggol,32000
1388,2025-12-29,Cabe Rawit Merah,48750
1389,2025-12-29,Beras premium,14500
1390,2025-12-29,Minyak Goreng Curah,17250
1391,2025-12-25,Beras Medium,12875
1392,2025-12-25,Gula Pasir Konsumsi,17000
1393,2025-12-25,Minyak Goreng Kemasan,18000
1394,2025-12-25,Daging Ayam Ras,38000
1395,2025-12-25,Telur Ayam Ras,30333
1396,2025-12-25,Daging Sapi Murni,135000
1397,2025-12-25,Bawang Merah,31750
1398,2025-12-25,Cabe Merah Keriting,42500
1399,2025-12-25,Cabe Merah Besar,45000
1400,2025-12-25,Kedelai Biji Kering (Impor),9500
1401,2025-12-25,Terigu,9000
1402,2025-12-25,Bawang Putih Bonggol,31600
1403,2025-12-25,Cabe Rawit Merah,57500
1404,2025-12-25,Beras premium,14500
1405,2025-12-25,Minyak Goreng Curah,17250
1406,2025-12-22,Beras Medium,12875
1407,2025-12-22,Gula Pasir Konsumsi,17071
1408,2025-12-22,Minyak Goreng Kemasan,18286
1409,2025-12-22,Daging Ayam Ras,38000
1410,2025-12-22,Telur Ayam Ras,30333
1411,2025-12-22,Daging Sapi Murni,135000
1412,2025-12-22,Bawang Merah,40250
1413,2025-12-22,Cabe Merah Keriting,45000
1414,2025-12-22,Cabe Merah Besar,45000
1415,2025-12-22,Kedelai Biji Kering (Impor),9500
1416,2025-12-22,Terigu,9000
1417,2025-12-22,Bawang Putih Bonggol,32250
1418,2025-12-22,Cabe Rawit Merah,57500
1419,2025-12-22,Beras premium,14500
1420,2025-12-22,Minyak Goreng Curah,17250
1421,2025-12-18,Beras Medium,12875
1422,2025-12-18,Gula Pasir Konsumsi,17071
1423,2025-12-18,Minyak Goreng Kemasan,18286
1424,2025-12-18,Daging Ayam Ras,38000
1425,2025-12-18,Telur Ayam Ras,30333
1426,2025-12-18,Daging Sapi Murni,135000
1427,2025-12-18,Bawang Merah,46250
1428,2025-12-18,Cabe Merah Keriting,44000
1429,2025-12-18,Cabe Merah Besar,46250
1430,2025-12-18,Kedelai Biji Kering (Impor),9500
1431,2025-12-18,Terigu,9000
1432,2025-12-18,Bawang Putih Bonggol,29000
1433,2025-12-18,Cabe Rawit Merah,44000
1434,2025-12-18,Beras premium,14500
1435,2025-12-18,Minyak Goreng Curah,17250
1436,2025-12-15,Beras Medium,12875
1437,2025-12-15,Gula Pasir Konsumsi,17071
1438,2025-12-15,Minyak Goreng Kemasan,18286
1439,2025-12-15,Daging Ayam Ras,38333
1440,2025-12-15,Telur Ayam Ras,30000
1441,2025-12-15,Daging Sapi Murni,135000
1442,2025-12-15,Bawang Merah,46250
1443,2025-12-15,Cabe Merah Keriting,58750
1444,2025-12-15,Cabe Merah Besar,58750
1445,2025-12-15,Kedelai Biji Kering (Impor),9500
1446,2025-12-15,Terigu,9000
1447,2025-12-15,Bawang Putih Bonggol,39200
1448,2025-12-15,Cabe Rawit Merah,68750
1449,2025-12-15,Beras premium,14500
1450,2025-12-15,Minyak Goreng Curah,17250
1451,2025-12-11,Beras Medium,12875
1452,2025-12-11,Gula Pasir Konsumsi,17071
1453,2025-12-11,Minyak Goreng Kemasan,18286
1454,2025-12-11,Daging Ayam Ras,39000
1455,2025-12-11,Telur Ayam Ras,30333
1456,2025-12-11,Daging Sapi Murni,135000
1457,2025-12-11,Bawang Merah,46250
1458,2025-12-11,Cabe Merah Keriting,66250
1459,2025-12-11,Cabe Merah Besar,66250
1460,2025-12-11,Kedelai Biji Kering (Impor),9500
1461,2025-12-11,Terigu,9000
1462,2025-12-11,Bawang Putih Bonggol,29200
1463,2025-12-11,Cabe Rawit Merah,83750
1464,2025-12-11,Beras premium,12875
1465,2025-12-11,Minyak Goreng Curah,17250
1466,2025-12-08,Beras Medium,12875
1467,2025-12-08,Gula Pasir Konsumsi,17071
1468,2025-12-08,Minyak Goreng Kemasan,18286
1469,2025-12-08,Daging Ayam Ras,39333
1470,2025-12-08,Telur Ayam Ras,29333
1471,2025-12-08,Daging Sapi Murni,135000
1472,2025-12-08,Bawang Merah,45500
1473,2025-12-08,Cabe Merah Keriting,66250
1474,2025-12-08,Cabe Merah Besar,61250
1475,2025-12-08,Kedelai Biji Kering (Impor),9500
1476,2025-12-08,Terigu,9000
1477,2025-12-08,Bawang Putih Bonggol,29000
1478,2025-12-08,Cabe Rawit Merah,90000
1479,2025-12-08,Beras premium,14500
1480,2025-12-08,Minyak Goreng Curah,17250
1481,2025-12-04,Beras Medium,12875
1482,2025-12-04,Gula Pasir Konsumsi,17071
1483,2025-12-04,Minyak Goreng Kemasan,18286
1484,2025-12-04,Daging Ayam Ras,37000
1485,2025-12-04,Telur Ayam Ras,28333
1486,2025-12-04,Daging Sapi Murni,135000
1487,2025-12-04,Bawang Merah,43250
1488,2025-12-04,Cabe Merah Keriting,52500
1489,2025-12-04,Cabe Merah Besar,58750
1490,2025-12-04,Kedelai Biji Kering (Impor),9500
1491,2025-12-04,Terigu,9000
1492,2025-12-04,Bawang Putih Bonggol,29000
1493,2025-12-04,Cabe Rawit Merah,76250
1494,2025-12-04,Beras premium,14500
1495,2025-12-04,Minyak Goreng Curah,17250
1496,2025-12-01,Beras Medium,12875
1497,2025-12-01,Gula Pasir Konsumsi,17071
1498,2025-12-01,Minyak Goreng Kemasan,18286
1499,2025-12-01,Daging Ayam Ras,37000
1500,2025-12-01,Telur Ayam Ras,28667
1501,2025-12-01,Daging Sapi Murni,135000
1502,2025-12-01,Bawang Merah,39000
1503,2025-12-01,Cabe Merah Keriting,56250
1504,2025-12-01,Cabe Merah Besar,63750
1505,2025-12-01,Kedelai Biji Kering (Impor),9500
1506,2025-12-01,Terigu,9000
1507,2025-12-01,Bawang Putih Bonggol,29000
1508,2025-12-01,Cabe Rawit Merah,62250
1509,2025-12-01,Beras premium,14500
1510,2025-12-01,Minyak Goreng Curah,17250
1511,2025-11-27,Beras Medium,12875
1512,2025-11-27,Gula Pasir Konsumsi,17071
1513,2025-11-27,Minyak Goreng Kemasan,18286
1514,2025-11-27,Daging Ayam Ras,37000
1515,2025-11-27,Telur Ayam Ras,28667
1516,2025-11-27,Daging Sapi Murni,135000
1517,2025-11-27,Bawang Merah,35750
1518,2025-11-27,Cabe Merah Keriting,51250
1519,2025-11-27,Cabe Merah Besar,61250
1520,2025-11-27,Kedelai Biji Kering (Impor),9500
1521,2025-11-27,Terigu,9000
1522,2025-11-27,Bawang Putih Bonggol,29000
1523,2025-11-27,Cabe Rawit Merah,46250
1524,2025-11-27,Beras premium,14500
1525,2025-11-27,Minyak Goreng Curah,17250
1526,2025-11-24,Beras Medium,12875
1527,2025-11-24,Gula Pasir Konsumsi,17071
1528,2025-11-24,Minyak Goreng Kemasan,18286
1529,2025-11-24,Daging Ayam Ras,37000
1530,2025-11-24,Telur Ayam Ras,28667
1531,2025-11-24,Daging Sapi Murni,135000
1532,2025-11-24,Bawang Merah,33250
1533,2025-11-24,Cabe Merah Keriting,51250
1534,2025-11-24,Cabe Merah Besar,56250
1535,2025-11-24,Kedelai Biji Kering (Impor),9500
1536,2025-11-24,Terigu,9000
1537,2025-11-24,Bawang Putih Bonggol,29000
1538,2025-11-24,Cabe Rawit Merah,44500
1539,2025-11-24,Beras premium,14500
1540,2025-11-24,Minyak Goreng Curah,17250
1541,2025-11-20,Beras Medium,12875
1542,2025-11-20,Gula Pasir Konsumsi,17071
1543,2025-11-20,Minyak Goreng Kemasan,18286
1544,2025-11-20,Daging Ayam Ras,35000
1545,2025-11-20,Telur Ayam Ras,28667
1546,2025-11-20,Daging Sapi Murni,135000
1547,2025-11-20,Bawang Merah,33250
1548,2025-11-20,Cabe Merah Keriting,48750
1549,2025-11-20,Cabe Merah Besar,63000
1550,2025-11-20,Kedelai Biji Kering (Impor),9500
1551,2025-11-20,Terigu,9000
1552,2025-11-20,Bawang Putih Bonggol,29000
1553,2025-11-20,Cabe Rawit Merah,48750
1554,2025-11-20,Beras premium,14500
1555,2025-11-20,Minyak Goreng Curah,17250
1556,2025-11-17,Beras Medium,14500
1557,2025-11-17,Gula Pasir Konsumsi,17071
1558,2025-11-17,Minyak Goreng Kemasan,18286
1559,2025-11-17,Daging Ayam Ras,36000
1560,2025-11-17,Telur Ayam Ras,28667
1561,2025-11-17,Daging Sapi Murni,135000
1562,2025-11-17,Bawang Merah,33250
1563,2025-11-17,Cabe Merah Keriting,47500
1564,2025-11-17,Cabe Merah Besar,62250
1565,2025-11-17,Kedelai Biji Kering (Impor),9500
1566,2025-11-17,Terigu,9000
1567,2025-11-17,Bawang Putih Bonggol,29000
1568,2025-11-17,Cabe Rawit Merah,37500
1569,2025-11-17,Beras premium,14500
1570,2025-11-17,Minyak Goreng Curah,17250
1571,2025-11-13,Beras Medium,12875
1572,2025-11-13,Gula Pasir Konsumsi,17071
1573,2025-11-13,Minyak Goreng Kemasan,18286
1574,2025-11-13,Daging Ayam Ras,34333
1575,2025-11-13,Telur Ayam Ras,28667
1576,2025-11-13,Daging Sapi Murni,130000
1577,2025-11-13,Bawang Merah,33250
1578,2025-11-13,Cabe Merah Keriting,48750
1579,2025-11-13,Cabe Merah Besar,60250
1580,2025-11-13,Kedelai Biji Kering (Impor),9500
1581,2025-11-13,Terigu,9000
1582,2025-11-13,Bawang Putih Bonggol,29000
1583,2025-11-13,Cabe Rawit Merah,26250
1584,2025-11-13,Beras premium,12875
1585,2025-11-13,Minyak Goreng Curah,17250
1586,2025-11-10,Beras Medium,12875
1587,2025-11-10,Gula Pasir Konsumsi,17000
1588,2025-11-10,Minyak Goreng Kemasan,18000
1589,2025-11-10,Daging Ayam Ras,34000
1590,2025-11-10,Telur Ayam Ras,28667
1591,2025-11-10,Daging Sapi Murni,130000
1592,2025-11-10,Bawang Merah,33250
1593,2025-11-10,Cabe Merah Keriting,47500
1594,2025-11-10,Cabe Merah Besar,62500
1595,2025-11-10,Kedelai Biji Kering (Impor),9500
1596,2025-11-10,Terigu,9000
1597,2025-11-10,Bawang Putih Bonggol,29000
1598,2025-11-10,Cabe Rawit Merah,23750
1599,2025-11-10,Beras premium,14500
1600,2025-11-10,Minyak Goreng Curah,17250
1601,2025-11-06,Beras Medium,12875
1602,2025-11-06,Gula Pasir Konsumsi,17000
1603,2025-11-06,Minyak Goreng Kemasan,18286
1604,2025-11-06,Daging Ayam Ras,33667
1605,2025-11-06,Telur Ayam Ras,28667
1606,2025-11-06,Daging Sapi Murni,130000
1607,2025-11-06,Bawang Merah,33250
1608,2025-11-06,Cabe Merah Keriting,51250
1609,2025-11-06,Cabe Merah Besar,51250
1610,2025-11-06,Kedelai Biji Kering (Impor),9500
1611,2025-11-06,Terigu,9000
1612,2025-11-06,Bawang Putih Bonggol,29000
1613,2025-11-06,Cabe Rawit Merah,23750
1614,2025-11-06,Beras premium,14500
1615,2025-11-06,Minyak Goreng Curah,17250
1616,2025-11-03,Beras Medium,12875
1617,2025-11-03,Gula Pasir Konsumsi,17000
1618,2025-11-03,Minyak Goreng Kemasan,18286
1619,2025-11-03,Daging Ayam Ras,35000
1620,2025-11-03,Telur Ayam Ras,28667
1621,2025-11-03,Daging Sapi Murni,130000
1622,2025-11-03,Bawang Merah,33250
1623,2025-11-03,Cabe Merah Keriting,46250
1624,2025-11-03,Cabe Merah Besar,47500
1625,2025-11-03,Kedelai Biji Kering (Impor),9200
1626,2025-11-03,Terigu,9000
1627,2025-11-03,Bawang Putih Bonggol,29000
1628,2025-11-03,Cabe Rawit Merah,23750
1629,2025-11-03,Beras premium,14500
1630,2025-11-03,Minyak Goreng Curah,17375
1631,2025-10-30,Beras Medium,12875
1632,2025-10-30,Gula Pasir Konsumsi,17000
1633,2025-10-30,Minyak Goreng Kemasan,18286
1634,2025-10-30,Daging Ayam Ras,35000
1635,2025-10-30,Telur Ayam Ras,29000
1636,2025-10-30,Daging Sapi Murni,130000
1637,2025-10-30,Bawang Merah,33250
1638,2025-10-30,Cabe Merah Keriting,47500
1639,2025-10-30,Cabe Merah Besar,47500
1640,2025-10-30,Kedelai Biji Kering (Impor),9200
1641,2025-10-30,Terigu,9000
1642,2025-10-30,Bawang Putih Bonggol,29000
1643,2025-10-30,Cabe Rawit Merah,26250
1644,2025-10-30,Beras premium,14500
1645,2025-10-30,Minyak Goreng Curah,17250
1646,2025-10-27,Beras Medium,12875
1647,2025-10-27,Gula Pasir Konsumsi,17000
1648,2025-10-27,Minyak Goreng Kemasan,18286
1649,2025-10-27,Daging Ayam Ras,36000
1650,2025-10-27,Telur Ayam Ras,30000
1651,2025-10-27,Daging Sapi Murni,130000
1652,2025-10-27,Bawang Merah,33250
1653,2025-10-27,Cabe Merah Keriting,37500
1654,2025-10-27,Cabe Merah Besar,40000
1655,2025-10-27,Kedelai Biji Kering (Impor),9200
1656,2025-10-27,Terigu,9000
1657,2025-10-27,Bawang Putih Bonggol,29000
1658,2025-10-27,Cabe Rawit Merah,23250
1659,2025-10-27,Beras premium,14500
1660,2025-10-27,Minyak Goreng Curah,17250
1661,2025-10-23,Beras Medium,12875
1662,2025-10-23,Gula Pasir Konsumsi,16929
1663,2025-10-23,Minyak Goreng Kemasan,18286
1664,2025-10-23,Daging Ayam Ras,36000
1665,2025-10-23,Telur Ayam Ras,30000
1666,2025-10-23,Daging Sapi Murni,130000
1667,2025-10-23,Bawang Merah,33000
1668,2025-10-23,Cabe Merah Keriting,43750
1669,2025-10-23,Cabe Merah Besar,48750
1670,2025-10-23,Kedelai Biji Kering (Impor),9200
1671,2025-10-23,Terigu,9000
1672,2025-10-23,Bawang Putih Bonggol,29000
1673,2025-10-23,Cabe Rawit Merah,22500
1674,2025-10-23,Beras premium,14500
1675,2025-10-23,Minyak Goreng Curah,17250
1676,2025-10-20,Beras Medium,12875
1677,2025-10-20,Gula Pasir Konsumsi,16929
1678,2025-10-20,Minyak Goreng Kemasan,18286
1679,2025-10-20,Daging Ayam Ras,36500
1680,2025-10-20,Telur Ayam Ras,30667
1681,2025-10-20,Daging Sapi Murni,130000
1682,2025-10-20,Bawang Merah,33250
1683,2025-10-20,Cabe Merah Keriting,48750
1684,2025-10-20,Cabe Merah Besar,51250
1685,2025-10-20,Kedelai Biji Kering (Impor),9200
1686,2025-10-20,Terigu,9500
1687,2025-10-20,Bawang Putih Bonggol,29000
1688,2025-10-20,Cabe Rawit Merah,26250
1689,2025-10-20,Beras premium,14500
1690,2025-10-20,Minyak Goreng Curah,17167
1691,2025-10-16,Beras Medium,12875
1692,2025-10-16,Beras Termurah,12500
1693,2025-10-16,Gula Pasir Konsumsi,16929
1694,2025-10-16,Minyak Goreng Kemasan,18286
1695,2025-10-16,Daging Ayam Ras,36000
1696,2025-10-16,Telur Ayam Ras,31000
1697,2025-10-16,Daging Sapi Murni,130000
1698,2025-10-16,Bawang Merah,33250
1699,2025-10-16,Cabe Merah Keriting,50000
1700,2025-10-16,Cabe Merah Besar,50000
1701,2025-10-16,Kedelai Biji Kering (Impor),9200
1702,2025-10-16,Terigu,9000
1703,2025-10-16,Bawang Putih Bonggol,29000
1704,2025-10-16,Cabe Rawit Merah,27750
1705,2025-10-16,Beras premium,14500
1706,2025-10-16,Minyak Goreng Curah,17250
1707,2025-10-13,Beras Medium,12875
1708,2025-10-13,Gula Pasir Konsumsi,16857
1709,2025-10-13,Minyak Goreng Kemasan,18286
1710,2025-10-13,Daging Ayam Ras,37000
1711,2025-10-13,Telur Ayam Ras,31000
1712,2025-10-13,Daging Sapi Murni,132667
1713,2025-10-13,Bawang Merah,332500
1714,2025-10-13,Cabe Merah Keriting,50000
1715,2025-10-13,Cabe Merah Besar,48750
1716,2025-10-13,Kedelai Biji Kering (Impor),9200
1717,2025-10-13,Terigu,9000
1718,2025-10-13,Bawang Putih Bonggol,29000
1719,2025-10-13,Cabe Rawit Merah,28750
1720,2025-10-13,Beras premium,14500
1721,2025-10-13,Minyak Goreng Curah,17250
1722,2025-10-09,Beras Medium,12875
1723,2025-10-09,Gula Pasir Konsumsi,16929
1724,2025-10-09,Minyak Goreng Kemasan,18286
1725,2025-10-09,Daging Ayam Ras,36000
1726,2025-10-09,Telur Ayam Ras,28333
1727,2025-10-09,Daging Sapi Murni,130000
1728,2025-10-09,Bawang Merah,29000
1729,2025-10-09,Cabe Merah Keriting,51250
1730,2025-10-09,Cabe Merah Besar,46250
1731,2025-10-09,Kedelai Biji Kering (Impor),9200
1732,2025-10-09,Terigu,9000
1733,2025-10-09,Bawang Putih Bonggol,29000
1734,2025-10-09,Cabe Rawit Merah,29500
1735,2025-10-09,Beras premium,14500
1736,2025-10-09,Minyak Goreng Curah,17250
1737,2025-10-06,Beras Medium,12875
1738,2025-10-06,Gula Pasir Konsumsi,16929
1739,2025-10-06,Minyak Goreng Kemasan,18286
1740,2025-10-06,Daging Ayam Ras,37000
1741,2025-10-06,Telur Ayam Ras,28333
1742,2025-10-06,Daging Sapi Murni,130000
1743,2025-10-06,Bawang Merah,29000
1744,2025-10-06,Cabe Merah Keriting,52500
1745,2025-10-06,Cabe Merah Besar,47500
1746,2025-10-06,Kedelai Biji Kering (Impor),9200
1747,2025-10-06,Terigu,9000
1748,2025-10-06,Bawang Putih Bonggol,29000
1749,2025-10-06,Cabe Rawit Merah,31250
1750,2025-10-06,Beras premium,14500
1751,2025-10-06,Minyak Goreng Curah,17167
1752,2025-10-02,Beras Medium,12875
1753,2025-10-02,Gula Pasir Konsumsi,16857
1754,2025-10-02,Minyak Goreng Kemasan,18286
1755,2025-10-02,Daging Ayam Ras,37000
1756,2025-10-02,Telur Ayam Ras,28333
1757,2025-10-02,Daging Sapi Murni,130000
1758,2025-10-02,Bawang Merah,29000
1759,2025-10-02,Cabe Merah Keriting,42500
1760,2025-10-02,Cabe Merah Besar,47500
1761,2025-10-02,Kedelai Biji Kering (Impor),9200
1762,2025-10-02,Terigu,9000
1763,2025-10-02,Bawang Putih Bonggol,29000
1764,2025-10-02,Cabe Rawit Merah,28750
1765,2025-10-02,Beras premium,14500
1766,2025-10-02,Minyak Goreng Curah,17250
1767,2025-09-29,Beras Medium,12875
1768,2025-09-29,Gula Pasir Konsumsi,16929
1769,2025-09-29,Minyak Goreng Kemasan,18286
1770,2025-09-29,Daging Ayam Ras,37000
1771,2025-09-29,Telur Ayam Ras,28333
1772,2025-09-29,Daging Sapi Murni,130000
1773,2025-09-29,Bawang Merah,29000
1774,2025-09-29,Cabe Merah Keriting,47500
1775,2025-09-29,Cabe Merah Besar,46250
1776,2025-09-29,Kedelai Biji Kering (Impor),9200
1777,2025-09-29,Terigu,9000
1778,2025-09-29,Bawang Putih Bonggol,29000
1779,2025-09-29,Cabe Rawit Merah,29500
1780,2025-09-29,Beras premium,14500
1781,2025-09-29,Minyak Goreng Curah,17250
1782,2025-09-25,Beras Medium,12875
1783,2025-09-25,Gula Pasir Konsumsi,16786
1784,2025-09-25,Minyak Goreng Kemasan,18286
1785,2025-09-25,Daging Ayam Ras,37333
1786,2025-09-25,Telur Ayam Ras,28333
1787,2025-09-25,Daging Sapi Murni,130000
1788,2025-09-25,Bawang Merah,29000
1789,2025-09-25,Cabe Merah Keriting,51250
1790,2025-09-25,Cabe Merah Besar,45000
1791,2025-09-25,Kedelai Biji Kering (Impor),9200
1792,2025-09-25,Terigu,9000
1793,2025-09-25,Bawang Putih Bonggol,29000
1794,2025-09-25,Cabe Rawit Merah,30750
1795,2025-09-25,Beras premium,14500
1796,2025-09-25,Minyak Goreng Curah,17250
1797,2025-09-22,Beras Medium,12875
1798,2025-09-22,Gula Pasir Konsumsi,16929
1799,2025-09-22,Minyak Goreng Kemasan,18286
1800,2025-09-22,Daging Ayam Ras,37667
1801,2025-09-22,Telur Ayam Ras,28333
1802,2025-09-22,Daging Sapi Murni,130000
1803,2025-09-22,Bawang Merah,29000
1804,2025-09-22,Cabe Merah Keriting,53750
1805,2025-09-22,Cabe Merah Besar,43750
1806,2025-09-22,Kedelai Biji Kering (Impor),9200
1807,2025-09-22,Terigu,9000
1808,2025-09-22,Bawang Putih Bonggol,29200
1809,2025-09-22,Cabe Rawit Merah,38250
1810,2025-09-22,Beras premium,14500
1811,2025-09-22,Minyak Goreng Curah,17167
1812,2025-09-18,Beras Medium,12875
1813,2025-09-18,Gula Pasir Konsumsi,16833
1814,2025-09-18,Minyak Goreng Kemasan,18000
1815,2025-09-18,Daging Ayam Ras,37667
1816,2025-09-18,Telur Ayam Ras,28667
1817,2025-09-18,Daging Sapi Murni,130000
1818,2025-09-18,Bawang Merah,29000
1819,2025-09-18,Cabe Merah Keriting,51750
1820,2025-09-18,Cabe Merah Besar,41250
1821,2025-09-18,Kedelai Biji Kering (Impor),9000
1822,2025-09-18,Terigu,9000
1823,2025-09-18,Bawang Putih Bonggol,29000
1824,2025-09-18,Cabe Rawit Merah,31250
1825,2025-09-18,Beras premium,14500
1826,2025-09-18,Minyak Goreng Curah,17250
1827,2025-09-15,Beras Medium,12875
1828,2025-09-15,Gula Pasir Konsumsi,16929
1829,2025-09-15,Minyak Goreng Kemasan,18286
1830,2025-09-15,Daging Ayam Ras,37333
1831,2025-09-15,Telur Ayam Ras,28333
1832,2025-09-15,Daging Sapi Murni,130000
1833,2025-09-15,Bawang Merah,29000
1834,2025-09-15,Cabe Merah Keriting,50000
1835,2025-09-15,Cabe Merah Besar,38750
1836,2025-09-15,Kedelai Biji Kering (Impor),9000
1837,2025-09-15,Terigu,9000
1838,2025-09-15,Bawang Putih Bonggol,29000
1839,2025-09-15,Cabe Rawit Merah,31250
1840,2025-09-15,Beras premium,14500
1841,2025-09-15,Minyak Goreng Curah,17250
1842,2025-09-11,Beras Medium,12875
1843,2025-09-11,Gula Pasir Konsumsi,16857
1844,2025-09-11,Minyak Goreng Kemasan,18286
1845,2025-09-11,Daging Ayam Ras,37333
1846,2025-09-11,Telur Ayam Ras,28333
1847,2025-09-11,Daging Sapi Murni,130000
1848,2025-09-11,Bawang Merah,29000
1849,2025-09-11,Cabe Merah Keriting,38250
1850,2025-09-11,Cabe Merah Besar,32500
1851,2025-09-11,Kedelai Biji Kering (Impor),9200
1852,2025-09-11,Terigu,9000
1853,2025-09-11,Bawang Putih Bonggol,29000
1854,2025-09-11,Cabe Rawit Merah,28750
1855,2025-09-11,Beras premium,14500
1856,2025-09-11,Minyak Goreng Curah,17250
1857,2025-09-09,Daging Ayam Ras,36667
1858,2025-09-09,Telur Ayam Ras,26667
1859,2025-09-09,Daging Sapi Murni,130000
1860,2025-09-09,Bawang Merah,30000
1861,2025-09-08,Beras Medium,12875
1862,2025-09-08,Gula Pasir Konsumsi,17143
1863,2025-09-08,Minyak Goreng Kemasan,18286
1864,2025-09-08,Daging Ayam Ras,36333
1865,2025-09-08,Telur Ayam Ras,26667
1866,2025-09-08,Daging Sapi Murni,130000
1867,2025-09-08,Bawang Merah,29750
1868,2025-09-08,Cabe Merah Keriting,40000
1869,2025-09-08,Cabe Merah Besar,37500
1870,2025-09-08,Kedelai Biji Kering (Impor),9200
1871,2025-09-08,Terigu,9000
1872,2025-09-08,Bawang Putih Bonggol,28500
1873,2025-09-08,Cabe Rawit Merah,28750
1874,2025-09-08,Beras premium,14500
1875,2025-09-08,Minyak Goreng Curah,17167
1876,2025-09-04,Beras Medium,12875
1877,2025-09-04,Gula Pasir Konsumsi,17000
1878,2025-09-04,Minyak Goreng Kemasan,18286
1879,2025-09-04,Daging Ayam Ras,33333
1880,2025-09-04,Telur Ayam Ras,26667
1881,2025-09-04,Daging Sapi Murni,130000
1882,2025-09-04,Bawang Merah,31500
1883,2025-09-04,Cabe Merah Keriting,36250
1884,2025-09-04,Cabe Merah Besar,31250
1885,2025-09-04,Kedelai Biji Kering (Impor),9200
1886,2025-09-04,Terigu,9000
1887,2025-09-04,Bawang Putih Bonggol,29200
1888,2025-09-04,Cabe Rawit Merah,24250
1889,2025-09-04,Beras premium,14500
1890,2025-09-04,Minyak Goreng Curah,17250
1891,2025-09-01,Beras Medium,12875
1892,2025-09-01,Gula Pasir Konsumsi,17143
1893,2025-09-01,Minyak Goreng Kemasan,18286
1894,2025-09-01,Daging Ayam Ras,33333
1895,2025-09-01,Telur Ayam Ras,27000
1896,2025-09-01,Daging Sapi Murni,130000
1897,2025-09-01,Bawang Merah,35250
1898,2025-09-01,Cabe Merah Keriting,33250
1899,2025-09-01,Cabe Merah Besar,29500
1900,2025-09-01,Kedelai Biji Kering (Impor),9200
1901,2025-09-01,Terigu,9000
1902,2025-09-01,Bawang Putih Bonggol,29000
1903,2025-09-01,Cabe Rawit Merah,20000
1904,2025-09-01,Beras premium,14500
1905,2025-09-01,Minyak Goreng Curah,17167
1906,2025-08-25,Beras Medium,13000
1907,2025-08-25,Gula Pasir Konsumsi,17214
1908,2025-08-25,Minyak Goreng Kemasan,18286
1909,2025-08-25,Daging Ayam Ras,33000
1910,2025-08-25,Telur Ayam Ras,27000
1911,2025-08-25,Daging Sapi Murni,130000
1912,2025-08-25,Bawang Merah,35250
1913,2025-08-25,Cabe Merah Keriting,25000
1914,2025-08-25,Cabe Merah Besar,32500
1915,2025-08-25,Kedelai Biji Kering (Impor),9200
1916,2025-08-25,Terigu,11000
1917,2025-08-25,Bawang Putih Bonggol,39200
1918,2025-08-25,Cabe Rawit Merah,21250
1919,2025-08-25,Beras premium,14500
1920,2025-08-25,Minyak Goreng Curah,17250
1921,2025-08-21,Beras Medium,13000
1922,2025-08-21,Gula Pasir Konsumsi,17214
1923,2025-08-21,Minyak Goreng Kemasan,18286
1924,2025-08-21,Daging Ayam Ras,31000
1925,2025-08-21,Telur Ayam Ras,27000
1926,2025-08-21,Daging Sapi Murni,130000
1927,2025-08-21,Bawang Merah,43000
1928,2025-08-21,Cabe Merah Keriting,27500
1929,2025-08-21,Cabe Merah Besar,31250
1930,2025-08-21,Kedelai Biji Kering (Impor),9200
1931,2025-08-21,Terigu,9000
1932,2025-08-21,Bawang Putih Bonggol,29200
1933,2025-08-21,Cabe Rawit Merah,23750
1934,2025-08-21,Beras premium,14500
1935,2025-08-21,Minyak Goreng Curah,17250
1936,2025-08-18,Beras Medium,13000
1937,2025-08-18,Gula Pasir Konsumsi,17214
1938,2025-08-18,Minyak Goreng Kemasan,18286
1939,2025-08-18,Daging Ayam Ras,31000
1940,2025-08-18,Telur Ayam Ras,27000
1941,2025-08-18,Daging Sapi Murni,130000
1942,2025-08-18,Bawang Merah,45250
1943,2025-08-18,Cabe Merah Keriting,28750
1944,2025-08-18,Cabe Merah Besar,33750
1945,2025-08-18,Kedelai Biji Kering (Impor),9200
1946,2025-08-18,Terigu,9000
1947,2025-08-18,Bawang Putih Bonggol,29000
1948,2025-08-18,Cabe Rawit Merah,23750
1949,2025-08-18,Beras premium,14500
1950,2025-08-18,Minyak Goreng Curah,17250
1951,2025-08-14,Beras Medium,13000
1952,2025-08-14,Gula Pasir Konsumsi,17214
1953,2025-08-14,Minyak Goreng Kemasan,18286
1954,2025-08-14,Daging Ayam Ras,31000
1955,2025-08-14,Telur Ayam Ras,27333
1956,2025-08-14,Daging Sapi Murni,130000
1957,2025-08-14,Bawang Merah,45500
1958,2025-08-14,Cabe Merah Keriting,28750
1959,2025-08-14,Cabe Merah Besar,33750
1960,2025-08-14,Kedelai Biji Kering (Impor),9200
1961,2025-08-14,Terigu,9000
1962,2025-08-14,Bawang Putih Bonggol,29200
1963,2025-08-14,Cabe Rawit Merah,22500
1964,2025-08-14,Beras premium,14500
1965,2025-08-14,Minyak Goreng Curah,17000
1966,2025-08-07,Beras Medium,13000
1967,2025-08-07,Gula Pasir Konsumsi,17214
1968,2025-08-07,Minyak Goreng Kemasan,18214
1969,2025-08-07,Daging Ayam Ras,31000
1970,2025-08-07,Telur Ayam Ras,27667
1971,2025-08-07,Daging Sapi Murni,130000
1972,2025-08-07,Bawang Merah,46750
1973,2025-08-07,Cabe Merah Keriting,33750
1974,2025-08-07,Cabe Merah Besar,38750
1975,2025-08-07,Kedelai Biji Kering (Impor),9200
1976,2025-08-07,Terigu,9000
1977,2025-08-07,Bawang Putih Bonggol,29000
1978,2025-08-07,Cabe Rawit Merah,28750
1979,2025-08-07,Beras premium,14500
1980,2025-08-07,Minyak Goreng Curah,17000
1981,2025-07-31,Beras Medium,12500
1982,2025-07-31,Gula Pasir Konsumsi,17214
1983,2025-07-31,Minyak Goreng Kemasan,18286
1984,2025-07-31,Daging Ayam Ras,31000
1985,2025-07-31,Telur Ayam Ras,27667
1986,2025-07-31,Daging Sapi Murni,130000
1987,2025-07-31,Bawang Merah,46750
1988,2025-07-31,Cabe Merah Keriting,26250
1989,2025-07-31,Cabe Merah Besar,33750
1990,2025-07-31,Kedelai Biji Kering (Impor),9200
1991,2025-07-31,Terigu,11000
1992,2025-07-31,Bawang Putih Bonggol,29000
1993,2025-07-31,Cabe Rawit Merah,27500
1994,2025-07-31,Beras premium,14550
1995,2025-07-31,Minyak Goreng Curah,17000
1996,2025-07-28,Beras Medium,12500
1997,2025-07-28,Gula Pasir Konsumsi,17214
1998,2025-07-28,Minyak Goreng Kemasan,18286
1999,2025-07-28,Daging Ayam Ras,31000
2000,2025-07-28,Telur Ayam Ras,27667
2001,2025-07-28,Daging Sapi Murni,130000
2002,2025-07-28,Bawang Merah,46750
2003,2025-07-28,Cabe Merah Keriting,27500
2004,2025-07-28,Cabe Merah Besar,26750
2005,2025-07-28,Kedelai Biji Kering (Impor),9200
2006,2025-07-28,Terigu,11000
2007,2025-07-28,Bawang Putih Bonggol,29000
2008,2025-07-28,Cabe Rawit Merah,28750
2009,2025-07-28,Beras premium,14550
2010,2025-07-28,Minyak Goreng Curah,17000
2011,2025-07-24,Beras Medium,12500
2012,2025-07-24,Gula Pasir Konsumsi,17357
2013,2025-07-24,Minyak Goreng Kemasan,18286
2014,2025-07-24,Daging Ayam Ras,31000
2015,2025-07-24,Telur Ayam Ras,28333
2016,2025-07-24,Daging Sapi Murni,130000
2017,2025-07-24,Bawang Merah,46750
2018,2025-07-24,Cabe Merah Keriting,28750
2019,2025-07-24,Cabe Merah Besar,28750
2020,2025-07-24,Kedelai Biji Kering (Impor),9200
2021,2025-07-24,Terigu,9000
2022,2025-07-24,Bawang Putih Bonggol,29000
2023,2025-07-24,Cabe Rawit Merah,33750
2024,2025-07-24,Beras premium,14550
2025,2025-07-24,Minyak Goreng Curah,17000
2026,2025-07-21,Beras Medium,12500
2027,2025-07-21,Gula Pasir Konsumsi,17429
2028,2025-07-21,Minyak Goreng Kemasan,18286
2029,2025-07-21,Daging Ayam Ras,31000
2030,2025-07-21,Telur Ayam Ras,28333
2031,2025-07-21,Daging Sapi Murni,130000
2032,2025-07-21,Bawang Merah,41750
2033,2025-07-21,Cabe Merah Keriting,28750
2034,2025-07-21,Cabe Merah Besar,32500
2035,2025-07-21,Kedelai Biji Kering (Impor),9600
2036,2025-07-21,Terigu,9000
2037,2025-07-21,Bawang Putih Bonggol,29000
2038,2025-07-21,Cabe Rawit Merah,33750
2039,2025-07-21,Beras premium,14557
2040,2025-07-21,Minyak Goreng Curah,17000
2041,2025-07-17,Beras Medium,12500
2042,2025-07-17,Gula Pasir Konsumsi,17500
2043,2025-07-17,Minyak Goreng Kemasan,18000
2044,2025-07-17,Daging Ayam Ras,31667
2045,2025-07-17,Telur Ayam Ras,28750
2046,2025-07-17,Daging Sapi Murni,130000
2047,2025-07-17,Bawang Merah,39000
2048,2025-07-17,Cabe Merah Keriting,32500
2049,2025-07-17,Cabe Merah Besar,33750
2050,2025-07-17,Kedelai Biji Kering (Impor),9600
2051,2025-07-17,Terigu,9000
2052,2025-07-17,Bawang Putih Bonggol,29000
2053,2025-07-17,Cabe Rawit Merah,42500
2054,2025-07-17,Beras premium,14500
2055,2025-07-17,Minyak Goreng Curah,16500
2056,2025-07-14,Beras Medium,12500
2057,2025-07-14,Gula Pasir Konsumsi,17500
2058,2025-07-14,Minyak Goreng Kemasan,18000
2059,2025-07-14,Daging Ayam Ras,31667
2060,2025-07-14,Telur Ayam Ras,28800
2061,2025-07-14,Daging Sapi Murni,130000
2062,2025-07-14,Bawang Merah,41800
2063,2025-07-14,Cabe Merah Keriting,34250
2064,2025-07-14,Cabe Merah Besar,37500
2065,2025-07-14,Kedelai Biji Kering (Impor),9600
2066,2025-07-14,Terigu,9000
2067,2025-07-14,Bawang Putih Bonggol,39200
2068,2025-07-14,Cabe Rawit Merah,58000
2069,2025-07-14,Beras premium,14500
2070,2025-07-14,Minyak Goreng Curah,16750
2071,2025-07-10,Beras Medium,13000
2072,2025-07-10,Gula Pasir Konsumsi,17500
2073,2025-07-10,Minyak Goreng Kemasan,18000
2074,2025-07-10,Daging Ayam Ras,31667
2075,2025-07-10,Telur Ayam Ras,28000
2076,2025-07-10,Daging Sapi Murni,130000
2077,2025-07-10,Bawang Merah,39400
2078,2025-07-10,Cabe Merah Keriting,33750
2079,2025-07-10,Cabe Merah Besar,29500
2080,2025-07-10,Kedelai Biji Kering (Impor),9600
2081,2025-07-10,Terigu,9000
2082,2025-07-10,Bawang Putih Bonggol,29200
2083,2025-07-10,Cabe Rawit Merah,59250
2084,2025-07-10,Beras premium,14000
2085,2025-07-10,Minyak Goreng Curah,16500
2086,2025-07-07,Beras Medium,13000
2087,2025-07-07,Gula Pasir Konsumsi,17500
2088,2025-07-07,Minyak Goreng Kemasan,18000
2089,2025-07-07,Daging Ayam Ras,31667
2090,2025-07-07,Telur Ayam Ras,28000
2091,2025-07-07,Daging Sapi Murni,130000
2092,2025-07-07,Bawang Merah,28750
2093,2025-07-07,Cabe Merah Keriting,33750
2094,2025-07-07,Cabe Merah Besar,38750
2095,2025-07-07,Kedelai Biji Kering (Impor),9600
2096,2025-07-07,Terigu,9000
2097,2025-07-07,Bawang Putih Bonggol,29000
2098,2025-07-07,Cabe Rawit Merah,58750
2099,2025-07-07,Beras premium,14000
2100,2025-07-07,Minyak Goreng Curah,16500
2101,2025-07-03,Beras Medium,13000
2102,2025-07-03,Gula Pasir Konsumsi,17500
2103,2025-07-03,Minyak Goreng Kemasan,18000
2104,2025-07-03,Daging Ayam Ras,31667
2105,2025-07-03,Telur Ayam Ras,28000
2106,2025-07-03,Daging Sapi Murni,130000
2107,2025-07-03,Bawang Merah,37400
2108,2025-07-03,Cabe Merah Keriting,29250
2109,2025-07-03,Cabe Merah Besar,30000
2110,2025-07-03,Kedelai Biji Kering (Impor),9850
2111,2025-07-03,Terigu,9000
2112,2025-07-03,Bawang Putih Bonggol,30333
2113,2025-07-03,Cabe Rawit Merah,58750
2114,2025-07-03,Beras premium,14000
2115,2025-07-03,Minyak Goreng Curah,16500
2116,2025-06-30,Beras Medium,13000
2117,2025-06-30,Gula Pasir Konsumsi,17500
2118,2025-06-30,Minyak Goreng Kemasan,18000
2119,2025-06-30,Daging Ayam Ras,31667
2120,2025-06-30,Telur Ayam Ras,28000
2121,2025-06-30,Daging Sapi Murni,130000
2122,2025-06-30,Bawang Merah,37800
2123,2025-06-30,Cabe Merah Keriting,33750
2124,2025-06-30,Cabe Merah Besar,33750
2125,2025-06-30,Kedelai Biji Kering (Impor),9850
2126,2025-06-30,Terigu,9000
2127,2025-06-30,Bawang Putih Bonggol,30000
2128,2025-06-30,Cabe Rawit Merah,56250
2129,2025-06-30,Beras premium,14000
2130,2025-06-30,Minyak Goreng Curah,16500
2131,2025-06-26,Beras Medium,13000
2132,2025-06-26,Gula Pasir Konsumsi,17438
2133,2025-06-26,Minyak Goreng Kemasan,18000
2134,2025-06-26,Daging Ayam Ras,31667
2135,2025-06-26,Telur Ayam Ras,28000
2136,2025-06-26,Daging Sapi Murni,130000
2137,2025-06-26,Bawang Merah,40400
2138,2025-06-26,Cabe Merah Keriting,26250
2139,2025-06-26,Cabe Merah Besar,27500
2140,2025-06-26,Kedelai Biji Kering (Impor),9850
2141,2025-06-26,Terigu,9000
2142,2025-06-26,Bawang Putih Bonggol,30200
2143,2025-06-26,Cabe Rawit Merah,55500
2144,2025-06-26,Beras premium,14000
2145,2025-06-26,Minyak Goreng Curah,16500
2146,2025-06-23,Beras Medium,13000
2147,2025-06-23,Gula Pasir Konsumsi,17313
2148,2025-06-23,Minyak Goreng Kemasan,18000
2149,2025-06-23,Daging Ayam Ras,31667
2150,2025-06-23,Telur Ayam Ras,28000
2151,2025-06-23,Daging Sapi Murni,130000
2152,2025-06-23,Bawang Merah,38600
2153,2025-06-23,Cabe Merah Keriting,31250
2154,2025-06-23,Cabe Merah Besar,38750
2155,2025-06-23,Kedelai Biji Kering (Impor),9950
2156,2025-06-23,Terigu,9000
2157,2025-06-23,Bawang Putih Bonggol,30000
2158,2025-06-23,Cabe Rawit Merah,45000
2159,2025-06-23,Beras premium,14000
2160,2025-06-23,Minyak Goreng Curah,16500
2161,2025-06-20,Beras Medium,13000
2162,2025-06-20,Gula Pasir Konsumsi,17450
2163,2025-06-20,Minyak Goreng Kemasan,18000
2164,2025-06-20,Daging Ayam Ras,30000
2165,2025-06-20,Telur Ayam Ras,28000
2166,2025-06-20,Daging Sapi Murni,130000
2167,2025-06-20,Bawang Merah,40200
2168,2025-06-20,Cabe Merah Keriting,23750
2169,2025-06-20,Cabe Merah Besar,32500
2170,2025-06-20,Kedelai Biji Kering (Impor),9950
2171,2025-06-20,Terigu,9000
2172,2025-06-20,Bawang Putih Bonggol,29400
2173,2025-06-20,Cabe Rawit Merah,56250
2174,2025-06-20,Beras premium,14000
2175,2025-06-20,Minyak Goreng Curah,16500
2176,2025-06-16,Beras Medium,13000
2177,2025-06-16,Gula Pasir Konsumsi,17438
2178,2025-06-16,Minyak Goreng Kemasan,18000
2179,2025-06-16,Daging Ayam Ras,29000
2180,2025-06-16,Telur Ayam Ras,28000
2181,2025-06-16,Daging Sapi Murni,130000
2182,2025-06-16,Bawang Merah,42200
2183,2025-06-16,Cabe Merah Keriting,28000
2184,2025-06-16,Cabe Merah Besar,38750
2185,2025-06-16,Kedelai Biji Kering (Impor),9950
2186,2025-06-16,Terigu,9000
2187,2025-06-16,Bawang Putih Bonggol,29200
2188,2025-06-16,Cabe Rawit Merah,45000
2189,2025-06-16,Beras premium,14000
2190,2025-06-16,Minyak Goreng Curah,16500
2191,2025-06-12,Beras Medium,13000
2192,2025-06-12,Gula Pasir Konsumsi,17438
2193,2025-06-12,Minyak Goreng Kemasan,18000
2194,2025-06-12,Daging Ayam Ras,29000
2195,2025-06-12,Telur Ayam Ras,27600
2196,2025-06-12,Daging Sapi Murni,130000
2197,2025-06-12,Bawang Merah,39200
2198,2025-06-12,Cabe Merah Keriting,31250
2199,2025-06-12,Cabe Merah Besar,38750
2200,2025-06-12,Kedelai Biji Kering (Impor),9950
2201,2025-06-12,Terigu,9000
2202,2025-06-12,Bawang Putih Bonggol,31200
2203,2025-06-12,Cabe Rawit Merah,35500
2204,2025-06-12,Beras premium,14000
2205,2025-06-12,Minyak Goreng Curah,16500
2206,2025-06-09,Beras Medium,13000
2207,2025-06-09,Gula Pasir Konsumsi,17500
2208,2025-06-09,Minyak Goreng Kemasan,18000
2209,2025-06-09,Daging Ayam Ras,29000
2210,2025-06-09,Telur Ayam Ras,28000
2211,2025-06-09,Daging Sapi Murni,130000
2212,2025-06-09,Bawang Merah,30750
2213,2025-06-09,Cabe Merah Keriting,29500
2214,2025-06-09,Cabe Merah Besar,38750
2215,2025-06-09,Kedelai Biji Kering (Impor),9983
2216,2025-06-09,Terigu,9000
2217,2025-06-09,Bawang Putih Bonggol,31000
2218,2025-06-09,Cabe Rawit Merah,29500
2219,2025-06-09,Beras premium,14000
2220,2025-06-09,Minyak Goreng Curah,16500
2221,2025-06-05,Beras Medium,13000
2222,2025-06-05,Gula Pasir Konsumsi,17500
2223,2025-06-05,Minyak Goreng Kemasan,18000
2224,2025-06-05,Daging Ayam Ras,29000
2225,2025-06-05,Telur Ayam Ras,27200
2226,2025-06-05,Daging Sapi Murni,130000
2227,2025-06-05,Bawang Merah,31400
2228,2025-06-05,Cabe Merah Keriting,28750
2229,2025-06-05,Cabe Merah Besar,33750
2230,2025-06-05,Kedelai Biji Kering (Impor),10000
2231,2025-06-05,Terigu,9000
2232,2025-06-05,Bawang Putih Bonggol,31200
2233,2025-06-05,Cabe Rawit Merah,28750
2234,2025-06-05,Beras premium,14000
2235,2025-06-05,Minyak Goreng Curah,16500
2236,2025-06-02,Beras Medium,13000
2237,2025-06-02,Gula Pasir Konsumsi,17438
2238,2025-06-02,Minyak Goreng Kemasan,18000
2239,2025-06-02,Daging Ayam Ras,29000
2240,2025-06-02,Telur Ayam Ras,26600
2241,2025-06-02,Daging Sapi Murni,130000
2242,2025-06-02,Bawang Merah,31400
2243,2025-06-02,Cabe Merah Keriting,33750
2244,2025-06-02,Cabe Merah Besar,31250
2245,2025-06-02,Kedelai Biji Kering (Impor),10000
2246,2025-06-02,Terigu,9000
2247,2025-06-02,Bawang Putih Bonggol,31200
2248,2025-06-02,Cabe Rawit Merah,31250
2249,2025-06-02,Beras premium,14000
2250,2025-06-02,Minyak Goreng Curah,17000
2251,2025-05-29,Beras Medium,13000
2252,2025-05-29,Gula Pasir Konsumsi,17875
2253,2025-05-29,Minyak Goreng Kemasan,18000
2254,2025-05-29,Daging Ayam Ras,29000
2255,2025-05-29,Telur Ayam Ras,27000
2256,2025-05-29,Daging Sapi Murni,130000
2257,2025-05-29,Bawang Merah,31800
2258,2025-05-29,Cabe Merah Keriting,27000
2259,2025-05-29,Cabe Merah Besar,27000
2260,2025-05-29,Kedelai Biji Kering (Impor),10000
2261,2025-05-29,Terigu,9333
2262,2025-05-29,Bawang Putih Bonggol,31200
2263,2025-05-29,Cabe Rawit Merah,27000
2264,2025-05-29,Beras premium,14000
2265,2025-05-29,Minyak Goreng Curah,17000
2266,2025-05-26,Beras Medium,13000
2267,2025-05-26,Gula Pasir Konsumsi,17875
2268,2025-05-26,Minyak Goreng Kemasan,18000
2269,2025-05-26,Daging Ayam Ras,29000
2270,2025-05-26,Telur Ayam Ras,27000
2271,2025-05-26,Daging Sapi Murni,130000
2272,2025-05-26,Bawang Merah,31800
2273,2025-05-26,Cabe Merah Keriting,30000
2274,2025-05-26,Cabe Merah Besar,32500
2275,2025-05-26,Kedelai Biji Kering (Impor),10000
2276,2025-05-26,Terigu,9000
2277,2025-05-26,Bawang Putih Bonggol,39200
2278,2025-05-26,Cabe Rawit Merah,28750
2279,2025-05-26,Beras premium,14000
2280,2025-05-26,Minyak Goreng Curah,17000
2281,2025-05-22,Beras Medium,13000
2282,2025-05-22,Gula Pasir Konsumsi,17875
2283,2025-05-22,Minyak Goreng Kemasan,18000
2284,2025-05-22,Daging Ayam Ras,29000
2285,2025-05-22,Telur Ayam Ras,27000
2286,2025-05-22,Daging Sapi Murni,130000
2287,2025-05-22,Bawang Merah,32400
2288,2025-05-22,Cabe Merah Keriting,36250
2289,2025-05-22,Cabe Merah Besar,23750
2290,2025-05-22,Kedelai Biji Kering (Impor),10000
2291,2025-05-22,Terigu,9000
2292,2025-05-22,Bawang Putih Bonggol,39200
2293,2025-05-22,Cabe Rawit Merah,23750
2294,2025-05-22,Beras premium,14000
2295,2025-05-22,Minyak Goreng Curah,17000
2296,2025-05-19,Beras Medium,13000
2297,2025-05-19,Gula Pasir Konsumsi,17875
2298,2025-05-19,Minyak Goreng Kemasan,18000
2299,2025-05-19,Daging Ayam Ras,29000
2300,2025-05-19,Telur Ayam Ras,27000
2301,2025-05-19,Daging Sapi Murni,130000
2302,2025-05-19,Bawang Merah,32400
2303,2025-05-19,Cabe Merah Keriting,33750
2304,2025-05-19,Cabe Merah Besar,23750
2305,2025-05-19,Kedelai Biji Kering (Impor),10000
2306,2025-05-19,Terigu,9000
2307,2025-05-19,Bawang Putih Bonggol,39200
2308,2025-05-19,Cabe Rawit Merah,23750
2309,2025-05-19,Beras premium,14000
2310,2025-05-19,Minyak Goreng Curah,17000
2311,2025-05-15,Beras Medium,13000
2312,2025-05-15,Gula Pasir Konsumsi,17813
2313,2025-05-15,Minyak Goreng Kemasan,18000
2314,2025-05-15,Daging Ayam Ras,29000
2315,2025-05-15,Telur Ayam Ras,27000
2316,2025-05-15,Daging Sapi Murni,130000
2317,2025-05-15,Bawang Merah,32400
2318,2025-05-15,Cabe Merah Keriting,38750
2319,2025-05-15,Cabe Merah Besar,33750
2320,2025-05-15,Kedelai Biji Kering (Impor),9950
2321,2025-05-15,Terigu,9000
2322,2025-05-15,Bawang Putih Bonggol,39200
2323,2025-05-15,Cabe Rawit Merah,28750
2324,2025-05-15,Beras premium,14000
2325,2025-05-15,Minyak Goreng Curah,17250
2326,2025-05-12,Beras Medium,13000
2327,2025-05-12,Gula Pasir Konsumsi,17875
2328,2025-05-12,Minyak Goreng Kemasan,18000
2329,2025-05-12,Daging Ayam Ras,29000
2330,2025-05-12,Telur Ayam Ras,20200
2331,2025-05-12,Daging Sapi Murni,130000
2332,2025-05-12,Bawang Merah,32400
2333,2025-05-12,Cabe Merah Keriting,38750
2334,2025-05-12,Cabe Merah Besar,33750
2335,2025-05-12,Kedelai Biji Kering (Impor),9950
2336,2025-05-12,Terigu,9000
2337,2025-05-12,Bawang Putih Bonggol,39200
2338,2025-05-12,Cabe Rawit Merah,33750
2339,2025-05-12,Beras premium,14000
2340,2025-05-12,Minyak Goreng Curah,17250
2341,2025-05-08,Beras Medium,13111
2342,2025-05-08,Gula Pasir Konsumsi,17875
2343,2025-05-08,Minyak Goreng Kemasan,18000
2344,2025-05-08,Daging Ayam Ras,29000
2345,2025-05-08,Telur Ayam Ras,27200
2346,2025-05-08,Daging Sapi Murni,130000
2347,2025-05-08,Bawang Merah,33600
2348,2025-05-08,Cabe Merah Keriting,38750
2349,2025-05-08,Cabe Merah Besar,33750
2350,2025-05-08,Kedelai Biji Kering (Impor),9950
2351,2025-05-08,Terigu,9000
2352,2025-05-08,Bawang Putih Bonggol,39200
2353,2025-05-08,Cabe Rawit Merah,33750
2354,2025-05-08,Beras premium,14000
2355,2025-05-08,Minyak Goreng Curah,17250
2356,2025-05-05,Beras Medium,13000
2357,2025-05-05,Gula Pasir Konsumsi,17813
2358,2025-05-05,Minyak Goreng Kemasan,18000
2359,2025-05-05,Daging Ayam Ras,29000
2360,2025-05-05,Telur Ayam Ras,27800
2361,2025-05-05,Daging Sapi Murni,130000
2362,2025-05-05,Bawang Merah,32400
2363,2025-05-05,Cabe Merah Keriting,38750
2364,2025-05-05,Cabe Merah Besar,32500
2365,2025-05-05,Kedelai Biji Kering (Impor),9950
2366,2025-05-05,Terigu,9000
2367,2025-05-05,Bawang Putih Bonggol,39200
2368,2025-05-05,Cabe Rawit Merah,33750
2369,2025-05-05,Beras premium,14000
2370,2025-05-05,Minyak Goreng Curah,17250
2371,2025-05-01,Beras Medium,13000
2372,2025-05-01,Gula Pasir Konsumsi,17875
2373,2025-05-01,Minyak Goreng Kemasan,18000
2374,2025-05-01,Daging Ayam Ras,29000
2375,2025-05-01,Telur Ayam Ras,28400
2376,2025-05-01,Daging Sapi Murni,130000
2377,2025-05-01,Bawang Merah,32400
2378,2025-05-01,Cabe Merah Keriting,38750
2379,2025-05-01,Cabe Merah Besar,33750
2380,2025-05-01,Kedelai Biji Kering (Impor),9950
2381,2025-05-01,Terigu,9000
2382,2025-05-01,Bawang Putih Bonggol,39200
2383,2025-05-01,Cabe Rawit Merah,33750
2384,2025-05-01,Beras premium,14000
2385,2025-05-01,Minyak Goreng Curah,17250
2386,2025-04-28,Beras Medium,13000
2387,2025-04-28,Gula Pasir Konsumsi,17875
2388,2025-04-28,Minyak Goreng Kemasan,18000
2389,2025-04-28,Daging Ayam Ras,29000
2390,2025-04-28,Telur Ayam Ras,29000
2391,2025-04-28,Daging Sapi Murni,130000
2392,2025-04-28,Bawang Merah,34400
2393,2025-04-28,Cabe Merah Keriting,33750
2394,2025-04-28,Cabe Merah Besar,31250
2395,2025-04-28,Kedelai Biji Kering (Impor),9950
2396,2025-04-28,Terigu,9000
2397,2025-04-28,Bawang Putih Bonggol,39200
2398,2025-04-28,Cabe Rawit Merah,33750
2399,2025-04-28,Beras premium,14000
2400,2025-04-28,Minyak Goreng Curah,17250
2401,2025-04-21,Beras Medium,13000
2402,2025-04-21,Gula Pasir Konsumsi,17875
2403,2025-04-21,Minyak Goreng Kemasan,18000
2404,2025-04-21,Daging Ayam Ras,24667
2405,2025-04-21,Telur Ayam Ras,26000
2406,2025-04-21,Daging Sapi Murni,130000
2407,2025-04-21,Bawang Merah,43600
2408,2025-04-21,Cabe Merah Keriting,58750
2409,2025-04-21,Cabe Merah Besar,33750
2410,2025-04-21,Kedelai Biji Kering (Impor),9883
2411,2025-04-21,Terigu,9000
2412,2025-04-21,Bawang Putih Bonggol,39200
2413,2025-04-21,Cabe Rawit Merah,63750
2414,2025-04-21,Beras premium,14000
2415,2025-04-21,Minyak Goreng Curah,17167
2416,2025-04-18,Beras Medium,13000
2417,2025-04-18,Gula Pasir Konsumsi,17875
2418,2025-04-18,Minyak Goreng Kemasan,18000
2419,2025-04-18,Daging Ayam Ras,28333
2420,2025-04-18,Telur Ayam Ras,26800
2421,2025-04-18,Daging Sapi Murni,130000
2422,2025-04-18,Bawang Merah,43600
2423,2025-04-18,Cabe Merah Keriting,58750
2424,2025-04-18,Cabe Merah Besar,38750
2425,2025-04-18,Kedelai Biji Kering (Impor),9800
2426,2025-04-18,Terigu,9000
2427,2025-04-18,Bawang Putih Bonggol,39200
2428,2025-04-18,Cabe Rawit Merah,73750
2429,2025-04-18,Beras premium,14000
2430,2025-04-18,Minyak Goreng Curah,17250
2431,2025-04-14,Beras Medium,13000
2432,2025-04-14,Gula Pasir Konsumsi,17917
2433,2025-04-14,Minyak Goreng Kemasan,18000
2434,2025-04-14,Daging Ayam Ras,31600
2435,2025-04-14,Telur Ayam Ras,27000
2436,2025-04-14,Daging Sapi Murni,130000
2437,2025-04-14,Bawang Merah,42750
2438,2025-04-14,Cabe Merah Keriting,49500
2439,2025-04-14,Cabe Merah Besar,41750
2440,2025-04-14,Kedelai Biji Kering (Impor),9800
2441,2025-04-14,Terigu,9000
2442,2025-04-14,Bawang Putih Bonggol,39000
2443,2025-04-14,Cabe Rawit Merah,82500
2444,2025-04-14,Beras premium,14000
2445,2025-04-14,Minyak Goreng Curah,17250
2446,2025-04-10,Beras Medium,13000
2447,2025-04-10,Gula Pasir Konsumsi,17875
2448,2025-04-10,Minyak Goreng Kemasan,18000
2449,2025-04-10,Daging Ayam Ras,130000
2450,2025-04-10,Telur Ayam Ras,26400
2451,2025-04-10,Daging Sapi Murni,130000
2452,2025-04-10,Bawang Merah,43600
2453,2025-04-10,Cabe Merah Keriting,48750
2454,2025-04-10,Cabe Merah Besar,38750
2455,2025-04-10,Kedelai Biji Kering (Impor),9600
2456,2025-04-10,Terigu,11000
2457,2025-04-10,Bawang Putih Bonggol,39200
2458,2025-04-10,Cabe Rawit Merah,87500
2459,2025-04-10,Beras premium,14000
2460,2025-04-10,Minyak Goreng Curah,17167
2461,2025-04-07,Beras Medium,13000
2462,2025-04-07,Gula Pasir Konsumsi,17875
2463,2025-04-07,Minyak Goreng Kemasan,18000
2464,2025-04-07,Daging Ayam Ras,35000
2465,2025-04-07,Telur Ayam Ras,27400
2466,2025-04-07,Daging Sapi Murni,130000
2467,2025-04-07,Bawang Merah,39200
2468,2025-04-07,Cabe Merah Keriting,34500
2469,2025-04-07,Cabe Merah Besar,48750
2470,2025-04-07,Kedelai Biji Kering (Impor),9600
2471,2025-04-07,Terigu,11000
2472,2025-04-07,Bawang Putih Bonggol,39200
2473,2025-04-07,Cabe Rawit Merah,92500
2474,2025-04-07,Beras premium,14000
2475,2025-04-07,Minyak Goreng Curah,17250
2476,2025-04-03,Beras Medium,13600
2477,2025-04-03,Gula Pasir Konsumsi,17800
2478,2025-04-03,Minyak Goreng Kemasan,18000
2479,2025-04-03,Daging Ayam Ras,40333
2480,2025-04-03,Telur Ayam Ras,28200
2481,2025-04-03,Daging Sapi Murni,135000
2482,2025-04-03,Bawang Merah,43333
2483,2025-04-03,Cabe Merah Keriting,62500
2484,2025-04-03,Cabe Merah Besar,62500
2485,2025-04-03,Kedelai Biji Kering (Impor),9600
2486,2025-04-03,Terigu,9000
2487,2025-04-03,Bawang Putih Bonggol,43333
2488,2025-04-03,Cabe Rawit Merah,82500
2489,2025-04-03,Beras premium,14800
2490,2025-04-03,Minyak Goreng Curah,17333
2491,2025-03-24,Beras Medium,13000
2492,2025-03-24,Gula Pasir Konsumsi,17857
2493,2025-03-24,Minyak Goreng Kemasan,18000
2494,2025-03-24,Daging Ayam Ras,35333
2495,2025-03-24,Telur Ayam Ras,26400
2496,2025-03-24,Daging Sapi Murni,130000
2497,2025-03-24,Bawang Merah,39000
2498,2025-03-24,Cabe Merah Keriting,43750
2499,2025-03-24,Cabe Merah Besar,50000
2500,2025-03-24,Kedelai Biji Kering (Impor),9600
2501,2025-03-24,Terigu,9000
2502,2025-03-24,Bawang Putih Bonggol,39200
2503,2025-03-24,Cabe Rawit Merah,85000
2504,2025-03-24,Beras premium,14000
2505,2025-03-24,Minyak Goreng Curah,17125
2506,2025-03-20,Beras Medium,13000
2507,2025-03-20,Gula Pasir Konsumsi,17929
2508,2025-03-20,Minyak Goreng Kemasan,18000
2509,2025-03-20,Daging Ayam Ras,35333
2510,2025-03-20,Telur Ayam Ras,27000
2511,2025-03-20,Daging Sapi Murni,130000
2512,2025-03-20,Bawang Merah,39000
2513,2025-03-20,Cabe Merah Keriting,48750
2514,2025-03-20,Cabe Merah Besar,53750
2515,2025-03-20,Kedelai Biji Kering (Impor),9600
2516,2025-03-20,Terigu,9000
2517,2025-03-20,Bawang Putih Bonggol,39200
2518,2025-03-20,Cabe Rawit Merah,88750
2519,2025-03-20,Beras premium,14000
2520,2025-03-20,Minyak Goreng Curah,17250
2521,2025-03-17,Beras Medium,13000
2522,2025-03-17,Gula Pasir Konsumsi,17857
2523,2025-03-17,Minyak Goreng Kemasan,18000
2524,2025-03-17,Daging Ayam Ras,35333
2525,2025-03-17,Telur Ayam Ras,27800
2526,2025-03-17,Daging Sapi Murni,130000
2527,2025-03-17,Bawang Merah,39000
2528,2025-03-17,Cabe Merah Keriting,37500
2529,2025-03-17,Cabe Merah Besar,43750
2530,2025-03-17,Kedelai Biji Kering (Impor),9600
2531,2025-03-17,Terigu,9000
2532,2025-03-17,Bawang Putih Bonggol,39200
2533,2025-03-17,Cabe Rawit Merah,83750
2534,2025-03-17,Beras premium,14000
2535,2025-03-17,Minyak Goreng Curah,17250
2536,2025-03-14,Beras Medium,13000
2537,2025-03-14,Gula Pasir Konsumsi,17857
2538,2025-03-14,Minyak Goreng Kemasan,18000
2539,2025-03-14,Daging Ayam Ras,35333
2540,2025-03-14,Telur Ayam Ras,27400
2541,2025-03-14,Daging Sapi Murni,130000
2542,2025-03-14,Bawang Merah,39250
2543,2025-03-14,Cabe Merah Keriting,37500
2544,2025-03-14,Cabe Merah Besar,47500
2545,2025-03-14,Kedelai Biji Kering (Impor),9600
2546,2025-03-14,Terigu,9000
2547,2025-03-14,Bawang Putih Bonggol,39400
2548,2025-03-14,Cabe Rawit Merah,8000
2549,2025-03-14,Beras premium,14000
2550,2025-03-14,Minyak Goreng Curah,17250
2551,2025-03-10,Beras Medium,13000
2552,2025-03-10,Gula Pasir Konsumsi,17857
2553,2025-03-10,Minyak Goreng Kemasan,18000
2554,2025-03-10,Daging Ayam Ras,35333
2555,2025-03-10,Telur Ayam Ras,28800
2556,2025-03-10,Daging Sapi Murni,130000
2557,2025-03-10,Bawang Merah,39000
2558,2025-03-10,Cabe Merah Keriting,38750
2559,2025-03-10,Cabe Merah Besar,46250
2560,2025-03-10,Kedelai Biji Kering (Impor),9600
2561,2025-03-10,Terigu,9000
2562,2025-03-10,Bawang Putih Bonggol,39200
2563,2025-03-10,Cabe Rawit Merah,73750
2564,2025-03-10,Beras premium,14000
2565,2025-03-10,Minyak Goreng Curah,17250
2566,2025-03-06,Beras Medium,13000
2567,2025-03-06,Gula Pasir Konsumsi,17786
2568,2025-03-06,Minyak Goreng Kemasan,18000
2569,2025-03-06,Daging Ayam Ras,35333
2570,2025-03-06,Telur Ayam Ras,29800
2571,2025-03-06,Daging Sapi Murni,130000
2572,2025-03-06,Bawang Merah,37000
2573,2025-03-06,Cabe Merah Keriting,38750
2574,2025-03-06,Cabe Merah Besar,55000
2575,2025-03-06,Kedelai Biji Kering (Impor),9600
2576,2025-03-06,Terigu,9000
2577,2025-03-06,Bawang Putih Bonggol,39200
2578,2025-03-06,Cabe Rawit Merah,66250
2579,2025-03-06,Beras premium,14000
2580,2025-03-06,Minyak Goreng Curah,17375
2581,2025-03-03,Beras Medium,13000
2582,2025-03-03,Gula Pasir Konsumsi,17929
2583,2025-03-03,Minyak Goreng Kemasan,18000
2584,2025-03-03,Daging Ayam Ras,35333
2585,2025-03-03,Telur Ayam Ras,29800
2586,2025-03-03,Daging Sapi Murni,130000
2587,2025-03-03,Bawang Merah,32500
2588,2025-03-03,Cabe Merah Keriting,58750
2589,2025-03-03,Cabe Merah Besar,63750
2590,2025-03-03,Kedelai Biji Kering (Impor),9600
2591,2025-03-03,Terigu,11000
2592,2025-03-03,Bawang Putih Bonggol,38000
2593,2025-03-03,Cabe Rawit Merah,101250
2594,2025-03-03,Beras premium,14000
2595,2025-03-03,Minyak Goreng Curah,17250
2596,2025-02-24,Beras Medium,13000
2597,2025-02-24,Beras Termurah,14000
2598,2025-02-24,Gula Pasir Konsumsi,17786
2599,2025-02-24,Minyak Goreng Kemasan,18000
2600,2025-02-24,Daging Ayam Ras,35667
2601,2025-02-24,Telur Ayam Ras,30000
2602,2025-02-24,Daging Sapi Murni,130000
2603,2025-02-24,Bawang Merah,28750
2604,2025-02-24,Cabe Merah Keriting,48750
2605,2025-02-24,Cabe Merah Besar,46250
2606,2025-02-24,Kedelai Biji Kering (Impor),9600
2607,2025-02-24,Terigu,9000
2608,2025-02-24,Bawang Putih Bonggol,37800
2609,2025-02-24,Cabe Rawit Merah,81250
2610,2025-02-24,Beras premium,14000
2611,2025-02-24,Minyak Goreng Curah,17250
2612,2025-02-20,Beras Medium,13000
2613,2025-02-20,Gula Pasir Konsumsi,17929
2614,2025-02-20,Minyak Goreng Kemasan,17671
2615,2025-02-20,Daging Ayam Ras,35500
2616,2025-02-20,Telur Ayam Ras,28400
2617,2025-02-20,Daging Sapi Murni,130000
2618,2025-02-20,Bawang Merah,26500
2619,2025-02-20,Cabe Merah Keriting,41250
2620,2025-02-20,Cabe Merah Besar,46250
2621,2025-02-20,Kedelai Biji Kering (Impor),9600
2622,2025-02-20,Terigu,9000
2623,2025-02-20,Bawang Putih Bonggol,38000
2624,2025-02-20,Cabe Rawit Merah,70500
2625,2025-02-20,Beras premium,14000
2626,2025-02-20,Minyak Goreng Curah,17167
2627,2025-02-17,Beras Medium,13000
2628,2025-02-17,Gula Pasir Konsumsi,17929
2629,2025-02-17,Minyak Goreng Kemasan,18000
2630,2025-02-17,Daging Ayam Ras,35500
2631,2025-02-17,Telur Ayam Ras,27000
2632,2025-02-17,Daging Sapi Murni,130000
2633,2025-02-17,Bawang Merah,26000
2634,2025-02-17,Cabe Merah Keriting,41250
2635,2025-02-17,Cabe Merah Besar,51250
2636,2025-02-17,Kedelai Biji Kering (Impor),9600
2637,2025-02-17,Terigu,9000
2638,2025-02-17,Bawang Putih Bonggol,38200
2639,2025-02-17,Cabe Rawit Merah,60000
2640,2025-02-17,Beras premium,14000
2641,2025-02-17,Minyak Goreng Curah,17167
2642,2025-02-13,Beras Medium,13000
2643,2025-02-13,Gula Pasir Konsumsi,17929
2644,2025-02-13,Minyak Goreng Kemasan,18000
2645,2025-02-13,Daging Ayam Ras,35333
2646,2025-02-13,Telur Ayam Ras,26600
2647,2025-02-13,Daging Sapi Murni,130000
2648,2025-02-13,Bawang Merah,26500
2649,2025-02-13,Cabe Merah Keriting,40000
2650,2025-02-13,Cabe Merah Besar,47500
2651,2025-02-13,Kedelai Biji Kering (Impor),9600
2652,2025-02-13,Terigu,11000
2653,2025-02-13,Bawang Putih Bonggol,37400
2654,2025-02-13,Cabe Rawit Merah,55000
2655,2025-02-13,Beras premium,14000
2656,2025-02-13,Minyak Goreng Curah,17167
2657,2025-02-10,Beras Medium,13000
2658,2025-02-10,Gula Pasir Konsumsi,17929
2659,2025-02-10,Minyak Goreng Kemasan,18000
2660,2025-02-10,Daging Ayam Ras,35600
2661,2025-02-10,Telur Ayam Ras,26800
2662,2025-02-10,Daging Sapi Murni,130000
2663,2025-02-10,Bawang Merah,27500
2664,2025-02-10,Cabe Merah Keriting,36250
2665,2025-02-10,Cabe Merah Besar,51250
2666,2025-02-10,Kedelai Biji Kering (Impor),9600
2667,2025-02-10,Terigu,9000
2668,2025-02-10,Bawang Putih Bonggol,36000
2669,2025-02-10,Cabe Rawit Merah,57500
2670,2025-02-10,Beras premium,14000
2671,2025-02-10,Minyak Goreng Curah,17125
2672,2025-02-06,Beras Medium,13000
2673,2025-02-06,Gula Pasir Konsumsi,17714
2674,2025-02-06,Minyak Goreng Kemasan,18000
2675,2025-02-06,Daging Ayam Ras,35600
2676,2025-02-06,Telur Ayam Ras,26800
2677,2025-02-06,Daging Sapi Murni,130000
2678,2025-02-06,Bawang Merah,27500
2679,2025-02-06,Cabe Merah Keriting,57500
2680,2025-02-06,Cabe Merah Besar,60000
2681,2025-02-06,Kedelai Biji Kering (Impor),9600
2682,2025-02-06,Terigu,9000
2683,2025-02-06,Bawang Putih Bonggol,36000
2684,2025-02-06,Cabe Rawit Merah,58750
2685,2025-02-06,Beras premium,14000
2686,2025-02-06,Minyak Goreng Curah,17250
2687,2025-02-03,Beras Medium,12500
2688,2025-02-03,Beras Termurah,12500
2689,2025-02-03,Gula Pasir Konsumsi,17500
2690,2025-02-03,Minyak Goreng Kemasan,17000
2691,2025-02-03,Daging Ayam Ras,35000
2692,2025-02-03,Telur Ayam Ras,27000
2693,2025-02-03,Daging Sapi Murni,130000
2694,2025-02-03,Bawang Merah,28000
2695,2025-02-03,Cabe Merah Keriting,57500
2696,2025-02-03,Cabe Merah Besar,57000
2697,2025-02-03,Jagung Pipilan Kering,11000
2698,2025-02-03,Kedelai Biji Kering (Impor),9600
2699,2025-02-03,Bawang Putih Kating,42000
2700,2025-02-03,Terigu,9000
2701,2025-02-03,Ubi Jalar,8000
2702,2025-02-03,Bawang Putih Bonggol,36000
2703,2025-02-03,Cabe Rawit Merah,63750
2704,2025-02-03,Beras premium,14000
2705,2025-02-03,Minyak Goreng Curah,17500
2706,2025-01-30,Beras Medium,12500
2707,2025-01-30,Beras Termurah,12500
2708,2025-01-30,Gula Pasir Konsumsi,17500
2709,2025-01-30,Minyak Goreng Kemasan,17000
2710,2025-01-30,Daging Ayam Ras,35000
2711,2025-01-30,Telur Ayam Ras,27000
2712,2025-01-30,Daging Sapi Murni,130000
2713,2025-01-30,Bawang Merah,28000
2714,2025-01-30,Cabe Merah Keriting,60000
2715,2025-01-30,Cabe Merah Besar,60000
2716,2025-01-30,Jagung Pipilan Kering,11000
2717,2025-01-30,Kedelai Biji Kering (Impor),9600
2718,2025-01-30,Bawang Putih Kating,42000
2719,2025-01-30,Terigu,9000
2720,2025-01-30,Ubi Jalar,8000
2721,2025-01-30,Bawang Putih Bonggol,36000
2722,2025-01-30,Cabe Rawit Merah,65000
2723,2025-01-30,Beras premium,14000
2724,2025-01-30,Minyak Goreng Curah,17500
2725,2025-01-28,Beras Medium,12500
2726,2025-01-28,Beras Termurah,12500
2727,2025-01-28,Gula Pasir Konsumsi,17500
2728,2025-01-28,Minyak Goreng Kemasan,17000
2729,2025-01-28,Daging Ayam Ras,35000
2730,2025-01-28,Telur Ayam Ras,27000
2731,2025-01-28,Daging Sapi Murni,130000
2732,2025-01-28,Bawang Merah,28000
2733,2025-01-28,Cabe Merah Keriting,60000
2734,2025-01-28,Cabe Merah Besar,60000
2735,2025-01-28,Jagung Pipilan Kering,11000
2736,2025-01-28,Kedelai Biji Kering (Impor),9600
2737,2025-01-28,Bawang Putih Kating,42000
2738,2025-01-28,Terigu,9000
2739,2025-01-28,Ubi Jalar,8000
2740,2025-01-28,Bawang Putih Bonggol,36000
2741,2025-01-28,Cabe Rawit Merah,65000
2742,2025-01-28,Beras premium,14000
2743,2025-01-28,Minyak Goreng Curah,17500
2744,2025-01-23,Beras Medium,12500
2745,2025-01-23,Beras Termurah,12500
2746,2025-01-23,Gula Pasir Konsumsi,17500
2747,2025-01-23,Minyak Goreng Kemasan,17000
2748,2025-01-23,Daging Ayam Ras,35000
2749,2025-01-23,Telur Ayam Ras,25500
2750,2025-01-23,Daging Sapi Murni,130000
2751,2025-01-23,Bawang Merah,28000
2752,2025-01-23,Cabe Merah Keriting,52000
2753,2025-01-23,Cabe Merah Besar,53000
2754,2025-01-23,Jagung Pipilan Kering,11000
2755,2025-01-23,Kedelai Biji Kering (Impor),9600
2756,2025-01-23,Bawang Putih Kating,42000
2757,2025-01-23,Terigu,9000
2758,2025-01-23,Ubi Jalar,8000
2759,2025-01-23,Bawang Putih Bonggol,36000
2760,2025-01-23,Cabe Rawit Merah,55000
2761,2025-01-23,Beras premium,14000
2762,2025-01-23,Minyak Goreng Curah,17500
2763,2025-01-20,Beras Medium,12500
2764,2025-01-20,Beras Termurah,12500
2765,2025-01-20,Gula Pasir Konsumsi,17500
2766,2025-01-20,Minyak Goreng Kemasan,17000
2767,2025-01-20,Daging Ayam Ras,35000
2768,2025-01-20,Telur Ayam Ras,26500
2769,2025-01-20,Daging Sapi Murni,130000
2770,2025-01-20,Bawang Merah,28000
2771,2025-01-20,Cabe Merah Keriting,60000
2772,2025-01-20,Cabe Merah Besar,60000
2773,2025-01-20,Jagung Pipilan Kering,11000
2774,2025-01-20,Kedelai Biji Kering (Impor),9200
2775,2025-01-20,Bawang Putih Kating,42000
2776,2025-01-20,Terigu,9000
2777,2025-01-20,Ubi Jalar,8000
2778,2025-01-20,Bawang Putih Bonggol,36000
2779,2025-01-20,Cabe Rawit Merah,60000
2780,2025-01-20,Beras premium,14000
2781,2025-01-20,Minyak Goreng Curah,17500
2782,2025-01-13,Beras Medium,12500
2783,2025-01-13,Beras Termurah,12500
2784,2025-01-13,Gula Pasir Konsumsi,17500
2785,2025-01-13,Minyak Goreng Kemasan,16000
2786,2025-01-13,Daging Ayam Ras,35000
2787,2025-01-13,Telur Ayam Ras,27500
2788,2025-01-13,Daging Sapi Murni,130000
2789,2025-01-13,Bawang Merah,32000
2790,2025-01-13,Cabe Merah Keriting,61000
2791,2025-01-13,Cabe Merah Besar,51000
2792,2025-01-13,Jagung Pipilan Kering,11000
2793,2025-01-13,Kedelai Biji Kering (Impor),9200
2794,2025-01-13,Bawang Putih Kating,42000
2795,2025-01-13,Terigu,9000
2796,2025-01-13,Ubi Jalar,8000
2797,2025-01-13,Bawang Putih Bonggol,36000
2798,2025-01-13,Cabe Rawit Merah,91000
2799,2025-01-13,Beras premium,14000
2800,2025-01-13,Minyak Goreng Curah,17000
2801,2025-01-09,Beras Medium,12500
2802,2025-01-09,Beras Termurah,12500
2803,2025-01-09,Gula Pasir Konsumsi,17500
2804,2025-01-09,Minyak Goreng Kemasan,16000
2805,2025-01-09,Daging Ayam Ras,36000
2806,2025-01-09,Telur Ayam Ras,29000
2807,2025-01-09,Daging Sapi Murni,130000
2808,2025-01-09,Bawang Merah,32000
2809,2025-01-09,Cabe Merah Keriting,61000
2810,2025-01-09,Cabe Merah Besar,51000
2811,2025-01-09,Jagung Pipilan Kering,11000
2812,2025-01-09,Kedelai Biji Kering (Impor),9200
2813,2025-01-09,Bawang Putih Kating,42000
2814,2025-01-09,Terigu,9000
2815,2025-01-09,Ubi Jalar,8000
2816,2025-01-09,Bawang Putih Bonggol,36000
2817,2025-01-09,Cabe Rawit Merah,86000
2818,2025-01-09,Beras premium,14000
2819,2025-01-09,Minyak Goreng Curah,17000
2820,2025-01-07,Beras Medium,12500
2821,2025-01-07,Beras Termurah,12500
2822,2025-01-07,Gula Pasir Konsumsi,17500
2823,2025-01-07,Minyak Goreng Kemasan,16000
2824,2025-01-07,Daging Ayam Ras,36000
2825,2025-01-07,Telur Ayam Ras,30000
2826,2025-01-07,Daging Sapi Murni,130000
2827,2025-01-07,Bawang Merah,32000
2828,2025-01-07,Cabe Merah Keriting,61000
2829,2025-01-07,Cabe Merah Besar,52000
2830,2025-01-07,Jagung Pipilan Kering,11000
2831,2025-01-07,Kedelai Biji Kering (Impor),9200
2832,2025-01-07,Bawang Putih Kating,42000
2833,2025-01-07,Terigu,9000
2834,2025-01-07,Ubi Jalar,8000
2835,2025-01-07,Bawang Putih Bonggol,36000
2836,2025-01-07,Cabe Rawit Merah,85000
2837,2025-01-07,Beras premium,14000
2838,2025-01-07,Minyak Goreng Curah,17000
2839,2024-12-23,Beras Medium,12500
2840,2024-12-23,Beras Termurah,12500
2841,2024-12-23,Gula Pasir Konsumsi,17000
2842,2024-12-23,Minyak Goreng Kemasan,15700
2843,2024-12-23,Daging Ayam Ras,36000
2844,2024-12-23,Telur Ayam Ras,31000
2845,2024-12-23,Daging Sapi Murni,130000
2846,2024-12-23,Bawang Merah,32000
2847,2024-12-23,Cabe Merah Keriting,54000
2848,2024-12-23,Cabe Merah Besar,55000
2849,2024-12-23,Jagung Pipilan Kering,11000
2850,2024-12-23,Kedelai Biji Kering (Impor),8700
2851,2024-12-23,Bawang Putih Kating,42000
2852,2024-12-23,Terigu,9000
2853,2024-12-23,Ubi Jalar,8000
2854,2024-12-23,Bawang Putih Bonggol,36000
2855,2024-12-23,Cabe Rawit Merah,61000
2856,2024-12-23,Beras premium,14000
2857,2024-12-23,Minyak Goreng Curah,17000
2858,2024-12-19,Beras Medium,12500
2859,2024-12-19,Beras Termurah,12500
2860,2024-12-19,Gula Pasir Konsumsi,17000
2861,2024-12-19,Minyak Goreng Kemasan,15700
2862,2024-12-19,Daging Ayam Ras,35000
2863,2024-12-19,Telur Ayam Ras,31000
2864,2024-12-19,Daging Sapi Murni,130000
2865,2024-12-19,Bawang Merah,32000
2866,2024-12-19,Cabe Merah Keriting,36000
2867,2024-12-19,Cabe Merah Besar,41000
2868,2024-12-19,Jagung Pipilan Kering,11000
2869,2024-12-19,Kedelai Biji Kering (Impor),8700
2870,2024-12-19,Bawang Putih Kating,42000
2871,2024-12-19,Terigu,9000
2872,2024-12-19,Ubi Jalar,8000
2873,2024-12-19,Bawang Putih Bonggol,36000
2874,2024-12-19,Cabe Rawit Merah,36000
2875,2024-12-19,Beras premium,14000
2876,2024-12-19,Minyak Goreng Curah,17000
2877,2024-12-16,Beras Medium,12800
2878,2024-12-16,Beras Termurah,12500
2879,2024-12-16,Gula Pasir Konsumsi,17000
2880,2024-12-16,Minyak Goreng Kemasan,15700
2881,2024-12-16,Daging Ayam Ras,35000
2882,2024-12-16,Telur Ayam Ras,30000
2883,2024-12-16,Daging Sapi Murni,130000
2884,2024-12-16,Bawang Merah,32000
2885,2024-12-16,Cabe Merah Keriting,40000
2886,2024-12-16,Cabe Merah Besar,45000
2887,2024-12-16,Jagung Pipilan Kering,11000
2888,2024-12-16,Kedelai Biji Kering (Impor),8700
2889,2024-12-16,Bawang Putih Kating,42000
2890,2024-12-16,Terigu,9000
2891,2024-12-16,Ubi Jalar,8000
2892,2024-12-16,Bawang Putih Bonggol,36000
2893,2024-12-16,Cabe Rawit Merah,40000
2894,2024-12-16,Beras premium,14000
2895,2024-12-16,Minyak Goreng Curah,17000
2896,2024-12-05,Beras Medium,12500
2897,2024-12-05,Beras Termurah,12500
2898,2024-12-05,Gula Pasir Konsumsi,17000
2899,2024-12-05,Minyak Goreng Kemasan,15700
2900,2024-12-05,Daging Ayam Ras,26000
2901,2024-12-05,Telur Ayam Ras,26000
2902,2024-12-05,Daging Sapi Murni,130000
2903,2024-12-05,Bawang Merah,32000
2904,2024-12-05,Cabe Merah Keriting,15000
2905,2024-12-05,Cabe Merah Besar,21000
2906,2024-12-05,Jagung Pipilan Kering,11000
2907,2024-12-05,Kedelai Biji Kering (Impor),8700
2908,2024-12-05,Bawang Putih Kating,42000
2909,2024-12-05,Terigu,9000
2910,2024-12-05,Ubi Jalar,8000
2911,2024-12-05,Bawang Putih Bonggol,36000
2912,2024-12-05,Cabe Rawit Merah,25000
2913,2024-12-05,Beras premium,14000
2914,2024-12-05,Minyak Goreng Curah,17000
2915,2024-12-02,Beras Medium,12500
2916,2024-12-02,Beras Termurah,12500
2917,2024-12-02,Gula Pasir Konsumsi,17000
2918,2024-12-02,Minyak Goreng Kemasan,15700
2919,2024-12-02,Daging Ayam Ras,35000
2920,2024-12-02,Telur Ayam Ras,26000
2921,2024-12-02,Daging Sapi Murni,130000
2922,2024-12-02,Bawang Merah,31000
2923,2024-12-02,Cabe Merah Keriting,15000
2924,2024-12-02,Cabe Merah Besar,21000
2925,2024-12-02,Jagung Pipilan Kering,11000
2926,2024-12-02,Kedelai Biji Kering (Impor),8700
2927,2024-12-02,Bawang Putih Kating,38000
2928,2024-12-02,Terigu,9000
2929,2024-12-02,Ubi Jalar,8000
2930,2024-12-02,Bawang Putih Bonggol,34000
2931,2024-12-02,Cabe Rawit Merah,21000
2932,2024-12-02,Beras premium,14000
2933,2024-12-02,Minyak Goreng Curah,17000
2934,2024-11-25,Beras Medium,12500
2935,2024-11-25,Beras Termurah,12500
2936,2024-11-25,Gula Pasir Konsumsi,17000
2937,2024-11-25,Minyak Goreng Kemasan,15700
2938,2024-11-25,Daging Ayam Ras,35000
2939,2024-11-25,Telur Ayam Ras,26000
2940,2024-11-25,Daging Sapi Murni,130000
2941,2024-11-25,Bawang Merah,31000
2942,2024-11-25,Cabe Merah Keriting,15000
2943,2024-11-25,Cabe Merah Besar,20000
2944,2024-11-25,Jagung Pipilan Kering,11000
2945,2024-11-25,Kedelai Biji Kering (Impor),8700
2946,2024-11-25,Bawang Putih Kating,38000
2947,2024-11-25,Terigu,9000
2948,2024-11-25,Ubi Jalar,8000
2949,2024-11-25,Bawang Putih Bonggol,34000
2950,2024-11-25,Cabe Rawit Merah,19000
2951,2024-11-25,Beras premium,14000
2952,2024-11-25,Minyak Goreng Curah,17000
2953,2024-11-21,Beras Medium,12500
2954,2024-11-21,Beras Termurah,12500
2955,2024-11-21,Gula Pasir Konsumsi,17000
2956,2024-11-21,Minyak Goreng Kemasan,15700
2957,2024-11-21,Daging Ayam Ras,35000
2958,2024-11-21,Telur Ayam Ras,26000
2959,2024-11-21,Daging Sapi Murni,130000
2960,2024-11-21,Bawang Merah,31000
2961,2024-11-21,Cabe Merah Keriting,16000
2962,2024-11-21,Cabe Merah Besar,21000
2963,2024-11-21,Jagung Pipilan Kering,11000
2964,2024-11-21,Kedelai Biji Kering (Impor),8700
2965,2024-11-21,Bawang Putih Kating,38000
2966,2024-11-21,Terigu,9000
2967,2024-11-21,Ubi Jalar,8000
2968,2024-11-21,Bawang Putih Bonggol,34000
2969,2024-11-21,Cabe Rawit Merah,21000
2970,2024-11-21,Beras premium,14000
2971,2024-11-21,Minyak Goreng Curah,17000
2972,2024-11-18,Beras Medium,12500
2973,2024-11-18,Beras Termurah,12500
2974,2024-11-18,Gula Pasir Konsumsi,17000
2975,2024-11-18,Minyak Goreng Kemasan,15700
2976,2024-11-18,Daging Ayam Ras,35000
2977,2024-11-18,Telur Ayam Ras,26000
2978,2024-11-18,Daging Sapi Murni,130000
2979,2024-11-18,Bawang Merah,31000
2980,2024-11-18,Cabe Merah Keriting,15000
2981,2024-11-18,Cabe Merah Besar,25000
2982,2024-11-18,Jagung Pipilan Kering,11000
2983,2024-11-18,Kedelai Biji Kering (Impor),8700
2984,2024-11-18,Bawang Putih Kating,38000
2985,2024-11-18,Terigu,9000
2986,2024-11-18,Ubi Jalar,8000
2987,2024-11-18,Bawang Putih Bonggol,34000
2988,2024-11-18,Cabe Rawit Merah,26000
2989,2024-11-18,Beras premium,14000
2990,2024-11-18,Minyak Goreng Curah,17000
2991,2024-11-11,Beras Medium,12500
2992,2024-11-11,Beras Termurah,12500
2993,2024-11-11,Gula Pasir Konsumsi,17000
2994,2024-11-11,Minyak Goreng Kemasan,16000
2995,2024-11-11,Daging Ayam Ras,35000
2996,2024-11-11,Telur Ayam Ras,26000
2997,2024-11-11,Daging Sapi Murni,130000
2998,2024-11-11,Bawang Merah,31000
2999,2024-11-11,Cabe Merah Keriting,15000
3000,2024-11-11,Cabe Merah Besar,25000
3001,2024-11-11,Jagung Pipilan Kering,11000
3002,2024-11-11,Kedelai Biji Kering (Impor),8700
3003,2024-11-11,Bawang Putih Kating,38000
3004,2024-11-11,Terigu,9000
3005,2024-11-11,Ubi Jalar,8000
3006,2024-11-11,Bawang Putih Bonggol,34000
3007,2024-11-11,Cabe Rawit Merah,35000
3008,2024-11-11,Beras premium,14000
3009,2024-11-11,Minyak Goreng Curah,17000
3010,2024-11-07,Beras Medium,12500
3011,2024-11-07,Beras Termurah,12500
3012,2024-11-07,Gula Pasir Konsumsi,17000
3013,2024-11-07,Minyak Goreng Kemasan,16000
3014,2024-11-07,Daging Ayam Ras,35000
3015,2024-11-07,Telur Ayam Ras,27000
3016,2024-11-07,Daging Sapi Murni,130000
3017,2024-11-07,Bawang Merah,31000
3018,2024-11-07,Cabe Merah Keriting,16000
3019,2024-11-07,Cabe Merah Besar,35000
3020,2024-11-07,Jagung Pipilan Kering,11000
3021,2024-11-07,Kedelai Biji Kering (Impor),8700
3022,2024-11-07,Bawang Putih Kating,38000
3023,2024-11-07,Terigu,9000
3024,2024-11-07,Ubi Jalar,8000
3025,2024-11-07,Bawang Putih Bonggol,34000
3026,2024-11-07,Cabe Rawit Merah,25000
3027,2024-11-07,Beras premium,14000
3028,2024-11-07,Minyak Goreng Curah,17000
3029,2024-11-04,Beras Medium,12500
3030,2024-11-04,Beras Termurah,12500
3031,2024-11-04,Gula Pasir Konsumsi,17000
3032,2024-11-04,Minyak Goreng Kemasan,16000
3033,2024-11-04,Daging Ayam Ras,35000
3034,2024-11-04,Telur Ayam Ras,27000
3035,2024-11-04,Daging Sapi Murni,130000
3036,2024-11-04,Bawang Merah,25000
3037,2024-11-04,Cabe Merah Keriting,16000
3038,2024-11-04,Cabe Merah Besar,35000
3039,2024-11-04,Jagung Pipilan Kering,11000
3040,2024-11-04,Kedelai Biji Kering (Impor),9500
3041,2024-11-04,Bawang Putih Kating,38000
3042,2024-11-04,Terigu,9000
3043,2024-11-04,Ubi Jalar,8000
3044,2024-11-04,Bawang Putih Bonggol,34000
3045,2024-11-04,Cabe Rawit Merah,25000
3046,2024-11-04,Beras premium,14000
3047,2024-11-04,Minyak Goreng Curah,16000
3048,2024-10-31,Beras Medium,12500
3049,2024-10-31,Beras Termurah,12500
3050,2024-10-31,Gula Pasir Konsumsi,17000
3051,2024-10-31,Minyak Goreng Kemasan,16000
3052,2024-10-31,Daging Ayam Ras,35000
3053,2024-10-31,Telur Ayam Ras,27000
3054,2024-10-31,Daging Sapi Murni,130000
3055,2024-10-31,Bawang Merah,25000
3056,2024-10-31,Cabe Merah Keriting,15000
3057,2024-10-31,Cabe Merah Besar,35000
3058,2024-10-31,Jagung Pipilan Kering,11000
3059,2024-10-31,Kedelai Biji Kering (Impor),9500
3060,2024-10-31,Bawang Putih Kating,38000
3061,2024-10-31,Terigu,9000
3062,2024-10-31,Ubi Jalar,8000
3063,2024-10-31,Bawang Putih Bonggol,34000
3064,2024-10-31,Cabe Rawit Merah,31000
3065,2024-10-31,Beras premium,14000
3066,2024-10-31,Minyak Goreng Curah,16000
3067,2024-10-28,Beras Medium,12500
3068,2024-10-28,Beras Termurah,12500
3069,2024-10-28,Gula Pasir Konsumsi,17000
3070,2024-10-28,Minyak Goreng Kemasan,16000
3071,2024-10-28,Daging Ayam Ras,34000
3072,2024-10-28,Telur Ayam Ras,27000
3073,2024-10-28,Daging Sapi Murni,130000
3074,2024-10-28,Bawang Merah,25000
3075,2024-10-28,Cabe Merah Keriting,15000
3076,2024-10-28,Cabe Merah Besar,35000
3077,2024-10-28,Jagung Pipilan Kering,11000
3078,2024-10-28,Kedelai Biji Kering (Impor),9500
3079,2024-10-28,Bawang Putih Kating,38000
3080,2024-10-28,Terigu,9000
3081,2024-10-28,Ubi Jalar,8000
3082,2024-10-28,Bawang Putih Bonggol,34000
3083,2024-10-28,Cabe Rawit Merah,31000
3084,2024-10-28,Beras premium,14000
3085,2024-10-28,Minyak Goreng Curah,16000
3086,2024-10-24,Beras Medium,12500
3087,2024-10-24,Beras Termurah,12500
3088,2024-10-24,Gula Pasir Konsumsi,17000
3089,2024-10-24,Minyak Goreng Kemasan,16000
3090,2024-10-24,Daging Ayam Ras,34000
3091,2024-10-24,Telur Ayam Ras,27000
3092,2024-10-24,Daging Sapi Murni,130000
3093,2024-10-24,Bawang Merah,23000
3094,2024-10-24,Cabe Merah Keriting,130000
3095,2024-10-24,Cabe Merah Besar,30000
3096,2024-10-24,Jagung Pipilan Kering,11000
3097,2024-10-24,Kedelai Biji Kering (Impor),9500
3098,2024-10-24,Bawang Putih Kating,38000
3099,2024-10-24,Terigu,9000
3100,2024-10-24,Ubi Jalar,8000
3101,2024-10-24,Bawang Putih Bonggol,34000
3102,2024-10-24,Cabe Rawit Merah,40000
3103,2024-10-24,Beras premium,14000
3104,2024-10-24,Minyak Goreng Curah,16000
3105,2024-10-17,Beras Medium,12500
3106,2024-10-17,Beras Termurah,12500
3107,2024-10-17,Gula Pasir Konsumsi,17000
3108,2024-10-17,Minyak Goreng Kemasan,16000
3109,2024-10-17,Daging Ayam Ras,34000
3110,2024-10-17,Telur Ayam Ras,26000
3111,2024-10-17,Daging Sapi Murni,130000
3112,2024-10-17,Bawang Merah,20000
3113,2024-10-17,Cabe Merah Keriting,13000
3114,2024-10-17,Cabe Merah Besar,22000
3115,2024-10-17,Jagung Pipilan Kering,11000
3116,2024-10-17,Kedelai Biji Kering (Impor),9500
3117,2024-10-17,Bawang Putih Kating,38000
3118,2024-10-17,Terigu,9000
3119,2024-10-17,Ubi Jalar,8000
3120,2024-10-17,Bawang Putih Bonggol,34000
3121,2024-10-17,Cabe Rawit Merah,40000
3122,2024-10-17,Beras premium,14000
3123,2024-10-17,Minyak Goreng Curah,16000
3124,2024-10-14,Beras Medium,12500
3125,2024-10-14,Beras Termurah,12500
3126,2024-10-14,Gula Pasir Konsumsi,17000
3127,2024-10-14,Minyak Goreng Kemasan,16000
3128,2024-10-14,Daging Ayam Ras,32000
3129,2024-10-14,Telur Ayam Ras,26000
3130,2024-10-14,Daging Sapi Murni,130000
3131,2024-10-14,Bawang Merah,20000
3132,2024-10-14,Cabe Merah Keriting,13000
3133,2024-10-14,Cabe Merah Besar,20000
3134,2024-10-14,Jagung Pipilan Kering,11000
3135,2024-10-14,Kedelai Biji Kering (Impor),9500
3136,2024-10-14,Bawang Putih Kating,38000
3137,2024-10-14,Terigu,9000
3138,2024-10-14,Ubi Jalar,8000
3139,2024-10-14,Bawang Putih Bonggol,34000
3140,2024-10-14,Cabe Rawit Merah,40000
3141,2024-10-14,Beras premium,14000
3142,2024-10-14,Minyak Goreng Curah,16000
3143,2024-10-07,Beras Medium,12500
3144,2024-10-07,Beras Termurah,12500
3145,2024-10-07,Gula Pasir Konsumsi,17000
3146,2024-10-07,Minyak Goreng Kemasan,16000
3147,2024-10-07,Daging Ayam Ras,32000
3148,2024-10-07,Telur Ayam Ras,25000
3149,2024-10-07,Daging Sapi Murni,130000
3150,2024-10-07,Bawang Merah,20000
3151,2024-10-07,Cabe Merah Keriting,15000
3152,2024-10-07,Cabe Merah Besar,20000
3153,2024-10-07,Jagung Pipilan Kering,11000
3154,2024-10-07,Kedelai Biji Kering (Impor),9500
3155,2024-10-07,Bawang Putih Kating,38000
3156,2024-10-07,Terigu,9000
3157,2024-10-07,Ubi Jalar,8000
3158,2024-10-07,Bawang Putih Bonggol,34000
3159,2024-10-07,Cabe Rawit Merah,35000
3160,2024-10-07,Beras premium,14000
3161,2024-10-07,Minyak Goreng Curah,16000
3162,2024-10-03,Beras Medium,12500
3163,2024-10-03,Beras Termurah,12500
3164,2024-10-03,Gula Pasir Konsumsi,17000
3165,2024-10-03,Minyak Goreng Kemasan,16000
3166,2024-10-03,Daging Ayam Ras,32000
3167,2024-10-03,Telur Ayam Ras,25000
3168,2024-10-03,Daging Sapi Murni,130000
3169,2024-10-03,Bawang Merah,20000
3170,2024-10-03,Cabe Merah Keriting,18000
3171,2024-10-03,Cabe Merah Besar,17000
3172,2024-10-03,Jagung Pipilan Kering,11000
3173,2024-10-03,Kedelai Biji Kering (Impor),9500
3174,2024-10-03,Bawang Putih Kating,38000
3175,2024-10-03,Terigu,9000
3176,2024-10-03,Ubi Jalar,8000
3177,2024-10-03,Bawang Putih Bonggol,34000
3178,2024-10-03,Cabe Rawit Merah,35000
3179,2024-10-03,Beras premium,14000
3180,2024-10-03,Minyak Goreng Curah,16000
3181,2024-09-30,Beras Medium,12500
3182,2024-09-30,Beras Termurah,12500
3183,2024-09-30,Gula Pasir Konsumsi,17000
3184,2024-09-30,Minyak Goreng Kemasan,16000
3185,2024-09-30,Daging Ayam Ras,32000
3186,2024-09-30,Telur Ayam Ras,25000
3187,2024-09-30,Daging Sapi Murni,130000
3188,2024-09-30,Bawang Merah,17000
3189,2024-09-30,Cabe Merah Keriting,18000
3190,2024-09-30,Cabe Merah Besar,17000
3191,2024-09-30,Jagung Pipilan Kering,11000
3192,2024-09-30,Kedelai Biji Kering (Impor),9500
3193,2024-09-30,Bawang Putih Kating,38000
3194,2024-09-30,Terigu,9000
3195,2024-09-30,Ubi Jalar,8000
3196,2024-09-30,Bawang Putih Bonggol,34000
3197,2024-09-30,Cabe Rawit Merah,30000
3198,2024-09-30,Beras premium,14000
3199,2024-09-30,Minyak Goreng Curah,16000
3200,2024-09-26,Beras Medium,12500
3201,2024-09-26,Beras Termurah,12500
3202,2024-09-26,Gula Pasir Konsumsi,17000
3203,2024-09-26,Minyak Goreng Kemasan,16000
3204,2024-09-26,Daging Ayam Ras,32000
3205,2024-09-26,Telur Ayam Ras,26000
3206,2024-09-26,Daging Sapi Murni,130000
3207,2024-09-26,Bawang Merah,20000
3208,2024-09-26,Cabe Merah Keriting,17000
3209,2024-09-26,Cabe Merah Besar,17000
3210,2024-09-26,Jagung Pipilan Kering,11000
3211,2024-09-26,Kedelai Biji Kering (Impor),9500
3212,2024-09-26,Bawang Putih Kating,38000
3213,2024-09-26,Terigu,9000
3214,2024-09-26,Ubi Jalar,8000
3215,2024-09-26,Bawang Putih Bonggol,34000
3216,2024-09-26,Cabe Rawit Merah,30000
3217,2024-09-26,Beras premium,14000
3218,2024-09-26,Minyak Goreng Curah,16000
3219,2024-09-23,Beras Medium,12500
3220,2024-09-23,Beras Termurah,12500
3221,2024-09-23,Gula Pasir Konsumsi,17000
3222,2024-09-23,Minyak Goreng Kemasan,16000
3223,2024-09-23,Daging Ayam Ras,32000
3224,2024-09-23,Telur Ayam Ras,26000
3225,2024-09-23,Daging Sapi Murni,130000
3226,2024-09-23,Bawang Merah,16000
3227,2024-09-23,Cabe Merah Keriting,20000
3228,2024-09-23,Cabe Merah Besar,20000
3229,2024-09-23,Jagung Pipilan Kering,11000
3230,2024-09-23,Kedelai Biji Kering (Impor),9500
3231,2024-09-23,Bawang Putih Kating,38000
3232,2024-09-23,Terigu,9000
3233,2024-09-23,Ubi Jalar,8000
3234,2024-09-23,Bawang Putih Bonggol,34000
3235,2024-09-23,Cabe Rawit Merah,30000
3236,2024-09-23,Beras premium,14000
3237,2024-09-23,Minyak Goreng Curah,16000
3238,2024-09-19,Beras Medium,12500
3239,2024-09-19,Beras Termurah,12500
3240,2024-09-19,Gula Pasir Konsumsi,17000
3241,2024-09-19,Minyak Goreng Kemasan,16000
3242,2024-09-19,Daging Ayam Ras,34000
3243,2024-09-19,Telur Ayam Ras,26000
3244,2024-09-19,Daging Sapi Murni,130000
3245,2024-09-19,Bawang Merah,16000
3246,2024-09-19,Cabe Merah Keriting,25000
3247,2024-09-19,Cabe Merah Besar,25000
3248,2024-09-19,Jagung Pipilan Kering,11000
3249,2024-09-19,Kedelai Biji Kering (Impor),9500
3250,2024-09-19,Bawang Putih Kating,38000
3251,2024-09-19,Terigu,9000
3252,2024-09-19,Ubi Jalar,8000
3253,2024-09-19,Bawang Putih Bonggol,34000
3254,2024-09-19,Cabe Rawit Merah,35000
3255,2024-09-19,Beras premium,14000
3256,2024-09-19,Minyak Goreng Curah,16000
3257,2024-09-16,Beras Medium,12500
3258,2024-09-16,Beras Termurah,12500
3259,2024-09-16,Gula Pasir Konsumsi,17000
3260,2024-09-16,Minyak Goreng Kemasan,16000
3261,2024-09-16,Daging Ayam Ras,34000
3262,2024-09-16,Telur Ayam Ras,26000
3263,2024-09-16,Daging Sapi Murni,130000
3264,2024-09-16,Bawang Merah,16000
3265,2024-09-16,Cabe Merah Keriting,20000
3266,2024-09-16,Cabe Merah Besar,25000
3267,2024-09-16,Jagung Pipilan Kering,11000
3268,2024-09-16,Kedelai Biji Kering (Impor),9500
3269,2024-09-16,Bawang Putih Kating,38000
3270,2024-09-16,Terigu,9000
3271,2024-09-16,Ubi Jalar,8000
3272,2024-09-16,Bawang Putih Bonggol,34000
3273,2024-09-16,Cabe Rawit Merah,30000
3274,2024-09-16,Beras premium,14000
3275,2024-09-16,Minyak Goreng Curah,16000
3276,2024-09-12,Beras Medium,12500
3277,2024-09-12,Beras Termurah,12500
3278,2024-09-12,Gula Pasir Konsumsi,17000
3279,2024-09-12,Minyak Goreng Kemasan,16000
3280,2024-09-12,Daging Ayam Ras,34000
3281,2024-09-12,Telur Ayam Ras,26000
3282,2024-09-12,Daging Sapi Murni,130000
3283,2024-09-12,Bawang Merah,16000
3284,2024-09-12,Cabe Merah Keriting,15000
3285,2024-09-12,Cabe Merah Besar,25000
3286,2024-09-12,Jagung Pipilan Kering,11000
3287,2024-09-12,Kedelai Biji Kering (Impor),10300
3288,2024-09-12,Bawang Putih Kating,38000
3289,2024-09-12,Terigu,9000
3290,2024-09-12,Ubi Jalar,8000
3291,2024-09-12,Bawang Putih Bonggol,34000
3292,2024-09-12,Cabe Rawit Merah,25000
3293,2024-09-12,Beras premium,14000
3294,2024-09-12,Minyak Goreng Curah,16000
3295,2024-09-09,Beras Medium,12500
3296,2024-09-09,Beras Termurah,12500
3297,2024-09-09,Gula Pasir Konsumsi,17000
3298,2024-09-09,Minyak Goreng Kemasan,16000
3299,2024-09-09,Daging Ayam Ras,32000
3300,2024-09-09,Telur Ayam Ras,27000
3301,2024-09-09,Daging Sapi Murni,130000
3302,2024-09-09,Bawang Merah,16000
3303,2024-09-09,Cabe Merah Keriting,16000
3304,2024-09-09,Cabe Merah Besar,30000
3305,2024-09-09,Jagung Pipilan Kering,11000
3306,2024-09-09,Kedelai Biji Kering (Impor),10300
3307,2024-09-09,Bawang Putih Kating,38000
3308,2024-09-09,Terigu,9000
3309,2024-09-09,Ubi Jalar,8000
3310,2024-09-09,Bawang Putih Bonggol,34000
3311,2024-09-09,Cabe Rawit Merah,26000
3312,2024-09-09,Beras premium,14000
3313,2024-09-09,Minyak Goreng Curah,16000
3314,2024-09-05,Beras Medium,12500
3315,2024-09-05,Beras Termurah,12500
3316,2024-09-05,Gula Pasir Konsumsi,17000
3317,2024-09-05,Minyak Goreng Kemasan,16000
3318,2024-09-05,Daging Ayam Ras,32000
3319,2024-09-05,Telur Ayam Ras,25000
3320,2024-09-05,Daging Sapi Murni,130000
3321,2024-09-05,Bawang Merah,16000
3322,2024-09-05,Cabe Merah Keriting,20000
3323,2024-09-05,Cabe Merah Besar,30000
3324,2024-09-05,Jagung Pipilan Kering,11000
3325,2024-09-05,Kedelai Biji Kering (Impor),10300
3326,2024-09-05,Bawang Putih Kating,38000
3327,2024-09-05,Terigu,9000
3328,2024-09-05,Ubi Jalar,8000
3329,2024-09-05,Bawang Putih Bonggol,34000
3330,2024-09-05,Cabe Rawit Merah,27000
3331,2024-09-05,Beras premium,14000
3332,2024-09-05,Minyak Goreng Curah,16000
3333,2024-09-02,Beras Medium,12500
3334,2024-09-02,Beras Termurah,12500
3335,2024-09-02,Gula Pasir Konsumsi,17000
3336,2024-09-02,Minyak Goreng Kemasan,16000
3337,2024-09-02,Daging Ayam Ras,32000
3338,2024-09-02,Telur Ayam Ras,25000
3339,2024-09-02,Daging Sapi Murni,130000
3340,2024-09-02,Bawang Merah,16000
3341,2024-09-02,Cabe Merah Keriting,25000
3342,2024-09-02,Cabe Merah Besar,30000
3343,2024-09-02,Jagung Pipilan Kering,11000
3344,2024-09-02,Kedelai Biji Kering (Impor),10300
3345,2024-09-02,Bawang Putih Kating,38000
3346,2024-09-02,Terigu,9000
3347,2024-09-02,Ubi Jalar,8000
3348,2024-09-02,Bawang Putih Bonggol,34000
3349,2024-09-02,Cabe Rawit Merah,25000
3350,2024-09-02,Beras premium,14000
3351,2024-09-02,Minyak Goreng Curah,16000
3352,2024-08-29,Beras Medium,12500
3353,2024-08-29,Beras Termurah,12500
3354,2024-08-29,Gula Pasir Konsumsi,17000
3355,2024-08-29,Minyak Goreng Kemasan,16000
3356,2024-08-29,Daging Ayam Ras,32000
3357,2024-08-29,Telur Ayam Ras,25000
3358,2024-08-29,Daging Sapi Murni,130000
3359,2024-08-29,Bawang Merah,16000
3360,2024-08-29,Cabe Merah Keriting,25000
3361,2024-08-29,Cabe Merah Besar,30000
3362,2024-08-29,Jagung Pipilan Kering,11000
3363,2024-08-29,Kedelai Biji Kering (Impor),10300
3364,2024-08-29,Bawang Putih Kating,38000
3365,2024-08-29,Terigu,9000
3366,2024-08-29,Ubi Jalar,8000
3367,2024-08-29,Bawang Putih Bonggol,34000
3368,2024-08-29,Cabe Rawit Merah,25000
3369,2024-08-29,Beras premium,14000
3370,2024-08-29,Minyak Goreng Curah,16000
3371,2024-08-26,Beras Medium,12500
3372,2024-08-26,Beras Termurah,12500
3373,2024-08-26,Gula Pasir Konsumsi,17000
3374,2024-08-26,Minyak Goreng Kemasan,16000
3375,2024-08-26,Daging Ayam Ras,32000
3376,2024-08-26,Telur Ayam Ras,25000
3377,2024-08-26,Daging Sapi Murni,130000
3378,2024-08-26,Bawang Merah,16000
3379,2024-08-26,Cabe Merah Keriting,30000
3380,2024-08-26,Cabe Merah Besar,35000
3381,2024-08-26,Jagung Pipilan Kering,11000
3382,2024-08-26,Kedelai Biji Kering (Impor),10300
3383,2024-08-26,Bawang Putih Kating,38000
3384,2024-08-26,Terigu,9000
3385,2024-08-26,Ubi Jalar,8000
3386,2024-08-26,Bawang Putih Bonggol,30000
3387,2024-08-26,Cabe Rawit Merah,29000
3388,2024-08-26,Beras premium,14000
3389,2024-08-26,Minyak Goreng Curah,16000
3390,2024-08-22,Beras Medium,12500
3391,2024-08-22,Beras Termurah,12500
3392,2024-08-22,Gula Pasir Konsumsi,17000
3393,2024-08-22,Minyak Goreng Kemasan,16000
3394,2024-08-22,Daging Ayam Ras,34000
3395,2024-08-22,Telur Ayam Ras,25000
3396,2024-08-22,Daging Sapi Murni,130000
3397,2024-08-22,Bawang Merah,16000
3398,2024-08-22,Cabe Merah Keriting,35000
3399,2024-08-22,Cabe Merah Besar,35000
3400,2024-08-22,Jagung Pipilan Kering,11000
3401,2024-08-22,Kedelai Biji Kering (Impor),10300
3402,2024-08-22,Bawang Putih Kating,38000
3403,2024-08-22,Terigu,9000
3404,2024-08-22,Ubi Jalar,8000
3405,2024-08-22,Bawang Putih Bonggol,34000
3406,2024-08-22,Cabe Rawit Merah,35000
3407,2024-08-22,Beras premium,14000
3408,2024-08-22,Minyak Goreng Curah,16000
3409,2024-08-19,Beras Medium,12500
3410,2024-08-19,Beras Termurah,12500
3411,2024-08-19,Gula Pasir Konsumsi,17000
3412,2024-08-19,Minyak Goreng Kemasan,16000
3413,2024-08-19,Daging Ayam Ras,34000
3414,2024-08-19,Telur Ayam Ras,26000
3415,2024-08-19,Daging Sapi Murni,130000
3416,2024-08-19,Bawang Merah,16000
3417,2024-08-19,Cabe Merah Keriting,35000
3418,2024-08-19,Cabe Merah Besar,35000
3419,2024-08-19,Jagung Pipilan Kering,11000
3420,2024-08-19,Kedelai Biji Kering (Impor),10300
3421,2024-08-19,Bawang Putih Kating,38000
3422,2024-08-19,Terigu,9000
3423,2024-08-19,Ubi Jalar,8000
3424,2024-08-19,Bawang Putih Bonggol,34000
3425,2024-08-19,Cabe Rawit Merah,35000
3426,2024-08-19,Beras premium,14000
3427,2024-08-19,Minyak Goreng Curah,16000
3428,2024-08-15,Beras Medium,12500
3429,2024-08-15,Beras Termurah,12500
3430,2024-08-15,Gula Pasir Konsumsi,17000
3431,2024-08-15,Minyak Goreng Kemasan,16000
3432,2024-08-15,Daging Ayam Ras,32000
3433,2024-08-15,Telur Ayam Ras,26000
3434,2024-08-15,Daging Sapi Murni,130000
3435,2024-08-15,Bawang Merah,16000
3436,2024-08-15,Cabe Merah Keriting,35000
3437,2024-08-15,Cabe Merah Besar,30000
3438,2024-08-15,Jagung Pipilan Kering,11000
3439,2024-08-15,Kedelai Biji Kering (Impor),10300
3440,2024-08-15,Bawang Putih Kating,38000
3441,2024-08-15,Terigu,9000
3442,2024-08-15,Ubi Jalar,8000
3443,2024-08-15,Bawang Putih Bonggol,34000
3444,2024-08-15,Cabe Rawit Merah,45000
3445,2024-08-15,Beras premium,14000
3446,2024-08-15,Minyak Goreng Curah,16000
3447,2024-08-12,Beras Medium,12500
3448,2024-08-12,Beras Termurah,12500
3449,2024-08-12,Gula Pasir Konsumsi,17000
3450,2024-08-12,Minyak Goreng Kemasan,16000
3451,2024-08-12,Daging Ayam Ras,32000
3452,2024-08-12,Telur Ayam Ras,26000
3453,2024-08-12,Daging Sapi Murni,130000
3454,2024-08-12,Bawang Merah,16000
3455,2024-08-12,Cabe Merah Keriting,35000
3456,2024-08-12,Cabe Merah Besar,30000
3457,2024-08-12,Jagung Pipilan Kering,11000
3458,2024-08-12,Kedelai Biji Kering (Impor),10300
3459,2024-08-12,Bawang Putih Kating,38000
3460,2024-08-12,Terigu,9000
3461,2024-08-12,Ubi Jalar,8000
3462,2024-08-12,Bawang Putih Bonggol,34000
3463,2024-08-12,Cabe Rawit Merah,50000
3464,2024-08-12,Beras premium,14000
3465,2024-08-12,Minyak Goreng Curah,16000
3466,2024-08-05,Beras Medium,12500
3467,2024-08-05,Beras Termurah,12500
3468,2024-08-05,Gula Pasir Konsumsi,17000
3469,2024-08-05,Minyak Goreng Kemasan,16000
3470,2024-08-05,Daging Ayam Ras,34000
3471,2024-08-05,Telur Ayam Ras,26000
3472,2024-08-05,Daging Sapi Murni,130000
3473,2024-08-05,Bawang Merah,16000
3474,2024-08-05,Cabe Merah Keriting,35000
3475,2024-08-05,Cabe Merah Besar,35000
3476,2024-08-05,Jagung Pipilan Kering,11000
3477,2024-08-05,Kedelai Biji Kering (Impor),10300
3478,2024-08-05,Bawang Putih Kating,38000
3479,2024-08-05,Terigu,9000
3480,2024-08-05,Ubi Jalar,8000
3481,2024-08-05,Bawang Putih Bonggol,34000
3482,2024-08-05,Cabe Rawit Merah,65000
3483,2024-08-05,Beras premium,14000
3484,2024-08-05,Minyak Goreng Curah,16000
3485,2024-07-29,Beras Medium,12500
3486,2024-07-29,Beras Termurah,12500
3487,2024-07-29,Gula Pasir Konsumsi,17000
3488,2024-07-29,Minyak Goreng Kemasan,16000
3489,2024-07-29,Daging Ayam Ras,34000
3490,2024-07-29,Telur Ayam Ras,26000
3491,2024-07-29,Daging Sapi Murni,130000
3492,2024-07-29,Bawang Merah,16000
3493,2024-07-29,Cabe Merah Keriting,30000
3494,2024-07-29,Cabe Merah Besar,30000
3495,2024-07-29,Jagung Pipilan Kering,11000
3496,2024-07-29,Kedelai Biji Kering (Impor),10300
3497,2024-07-29,Bawang Putih Kating,40000
3498,2024-07-29,Terigu,9000
3499,2024-07-29,Ubi Jalar,8000
3500,2024-07-29,Bawang Putih Bonggol,34000
3501,2024-07-29,Cabe Rawit Merah,70000
3502,2024-07-29,Beras premium,14000
3503,2024-07-29,Minyak Goreng Curah,16000
3504,2024-07-25,Beras Medium,12500
3505,2024-07-25,Beras Termurah,12500
3506,2024-07-25,Gula Pasir Konsumsi,17000
3507,2024-07-25,Minyak Goreng Kemasan,16000
3508,2024-07-25,Daging Ayam Ras,34000
3509,2024-07-25,Telur Ayam Ras,26000
3510,2024-07-25,Daging Sapi Murni,130000
3511,2024-07-25,Bawang Merah,18000
3512,2024-07-25,Cabe Merah Keriting,35000
3513,2024-07-25,Cabe Merah Besar,35000
3514,2024-07-25,Jagung Pipilan Kering,11000
3515,2024-07-25,Kedelai Biji Kering (Impor),10300
3516,2024-07-25,Bawang Putih Kating,40000
3517,2024-07-25,Terigu,9000
3518,2024-07-25,Ubi Jalar,8000
3519,2024-07-25,Bawang Putih Bonggol,34000
3520,2024-07-25,Cabe Rawit Merah,70000
3521,2024-07-25,Beras premium,14000
3522,2024-07-25,Minyak Goreng Curah,16000
3523,2024-07-22,Beras Medium,12500
3524,2024-07-22,Beras Termurah,12500
3525,2024-07-22,Gula Pasir Konsumsi,17000
3526,2024-07-22,Minyak Goreng Kemasan,16000
3527,2024-07-22,Daging Ayam Ras,34000
3528,2024-07-22,Telur Ayam Ras,26000
3529,2024-07-22,Daging Sapi Murni,130000
3530,2024-07-22,Bawang Merah,18000
3531,2024-07-22,Cabe Merah Keriting,30000
3532,2024-07-22,Cabe Merah Besar,40000
3533,2024-07-22,Jagung Pipilan Kering,11000
3534,2024-07-22,Kedelai Biji Kering (Impor),10300
3535,2024-07-22,Bawang Putih Kating,40000
3536,2024-07-22,Terigu,9000
3537,2024-07-22,Ubi Jalar,8000
3538,2024-07-22,Bawang Putih Bonggol,34000
3539,2024-07-22,Cabe Rawit Merah,65000
3540,2024-07-22,Beras premium,14000
3541,2024-07-22,Minyak Goreng Curah,16000
3542,2024-07-18,Beras Medium,12500
3543,2024-07-18,Beras Termurah,12500
3544,2024-07-18,Gula Pasir Konsumsi,17000
3545,2024-07-18,Minyak Goreng Kemasan,16000
3546,2024-07-18,Daging Ayam Ras,36000
3547,2024-07-18,Telur Ayam Ras,27000
3548,2024-07-18,Daging Sapi Murni,130000
3549,2024-07-18,Bawang Merah,18000
3550,2024-07-18,Cabe Merah Keriting,30000
3551,2024-07-18,Cabe Merah Besar,40000
3552,2024-07-18,Jagung Pipilan Kering,11000
3553,2024-07-18,Kedelai Biji Kering (Impor),10300
3554,2024-07-18,Bawang Putih Kating,40000
3555,2024-07-18,Terigu,9000
3556,2024-07-18,Ubi Jalar,8000
3557,2024-07-18,Bawang Putih Bonggol,34000
3558,2024-07-18,Cabe Rawit Merah,65000
3559,2024-07-18,Beras premium,14000
3560,2024-07-18,Minyak Goreng Curah,16000
3561,2024-07-15,Beras Medium,12500
3562,2024-07-15,Beras Termurah,12500
3563,2024-07-15,Gula Pasir Konsumsi,17000
3564,2024-07-15,Minyak Goreng Kemasan,16000
3565,2024-07-15,Daging Ayam Ras,34000
3566,2024-07-15,Telur Ayam Ras,27000
3567,2024-07-15,Daging Sapi Murni,130000
3568,2024-07-15,Bawang Merah,20000
3569,2024-07-15,Cabe Merah Keriting,35000
3570,2024-07-15,Cabe Merah Besar,40000
3571,2024-07-15,Jagung Pipilan Kering,11000
3572,2024-07-15,Kedelai Biji Kering (Impor),10300
3573,2024-07-15,Bawang Putih Kating,40000
3574,2024-07-15,Terigu,9000
3575,2024-07-15,Ubi Jalar,8000
3576,2024-07-15,Bawang Putih Bonggol,34000
3577,2024-07-15,Cabe Rawit Merah,55000
3578,2024-07-15,Beras premium,14000
3579,2024-07-15,Minyak Goreng Curah,16000
3580,2024-07-11,Beras Medium,12500
3581,2024-07-11,Beras Termurah,12500
3582,2024-07-11,Gula Pasir Konsumsi,17000
3583,2024-07-11,Minyak Goreng Kemasan,16000
3584,2024-07-11,Daging Ayam Ras,34000
3585,2024-07-11,Telur Ayam Ras,27000
3586,2024-07-11,Daging Sapi Murni,130000
3587,2024-07-11,Bawang Merah,22000
3588,2024-07-11,Cabe Merah Keriting,35000
3589,2024-07-11,Cabe Merah Besar,40000
3590,2024-07-11,Jagung Pipilan Kering,11000
3591,2024-07-11,Kedelai Biji Kering (Impor),10300
3592,2024-07-11,Bawang Putih Kating,40000
3593,2024-07-11,Terigu,9000
3594,2024-07-11,Ubi Jalar,8000
3595,2024-07-11,Bawang Putih Bonggol,34000
3596,2024-07-11,Cabe Rawit Merah,45000
3597,2024-07-11,Beras premium,14000
3598,2024-07-11,Minyak Goreng Curah,16000
3599,2024-07-04,Beras Medium,12500
3600,2024-07-04,Beras Termurah,12500
3601,2024-07-04,Gula Pasir Konsumsi,16500
3602,2024-07-04,Minyak Goreng Kemasan,16000
3603,2024-07-04,Daging Ayam Ras,34000
3604,2024-07-04,Telur Ayam Ras,28000
3605,2024-07-04,Daging Sapi Murni,130000
3606,2024-07-04,Bawang Merah,22000
3607,2024-07-04,Cabe Merah Keriting,35000
3608,2024-07-04,Cabe Merah Besar,40000
3609,2024-07-04,Jagung Pipilan Kering,11000
3610,2024-07-04,Kedelai Biji Kering (Impor),10300
3611,2024-07-04,Bawang Putih Kating,40000
3612,2024-07-04,Terigu,9000
3613,2024-07-04,Ubi Jalar,8000
3614,2024-07-04,Bawang Putih Bonggol,34000
3615,2024-07-04,Cabe Rawit Merah,35000
3616,2024-07-04,Beras premium,14000
3617,2024-07-04,Minyak Goreng Curah,15500
3618,2024-07-01,Beras Medium,12500
3619,2024-07-01,Beras Termurah,12500
3620,2024-07-01,Gula Pasir Konsumsi,16500
3621,2024-07-01,Minyak Goreng Kemasan,16000
3622,2024-07-01,Daging Ayam Ras,36000
3623,2024-07-01,Telur Ayam Ras,28000
3624,2024-07-01,Daging Sapi Murni,130000
3625,2024-07-01,Bawang Merah,25000
3626,2024-07-01,Cabe Merah Keriting,30000
3627,2024-07-01,Cabe Merah Besar,40000
3628,2024-07-01,Jagung Pipilan Kering,11000
3629,2024-07-01,Kedelai Biji Kering (Impor),10300
3630,2024-07-01,Bawang Putih Kating,40000
3631,2024-07-01,Terigu,9000
3632,2024-07-01,Ubi Jalar,8000
3633,2024-07-01,Bawang Putih Bonggol,34000
3634,2024-07-01,Cabe Rawit Merah,30000
3635,2024-07-01,Beras premium,14000
3636,2024-07-01,Minyak Goreng Curah,15500
3637,2024-06-06,Beras Medium,12500
3638,2024-06-06,Beras Termurah,12500
3639,2024-06-06,Gula Pasir Konsumsi,17000
3640,2024-06-06,Minyak Goreng Kemasan,16000
3641,2024-06-06,Daging Ayam Ras,35000
3642,2024-06-06,Telur Ayam Ras,27000
3643,2024-06-06,Daging Sapi Murni,130000
3644,2024-06-06,Bawang Merah,33000
3645,2024-06-06,Cabe Merah Keriting,40000
3646,2024-06-06,Cabe Merah Besar,40000
3647,2024-06-06,Jagung Pipilan Kering,11000
3648,2024-06-06,Kedelai Biji Kering (Impor),11300
3649,2024-06-06,Bawang Putih Kating,43000
3650,2024-06-06,Terigu,9000
3651,2024-06-06,Ubi Jalar,8000
3652,2024-06-06,Bawang Putih Bonggol,36000
3653,2024-06-06,Cabe Rawit Merah,30000
3654,2024-06-06,Beras premium,14000
3655,2024-06-06,Minyak Goreng Curah,15000
3656,2024-06-03,Beras Medium,12500
3657,2024-06-03,Beras Termurah,12500
3658,2024-06-03,Gula Pasir Konsumsi,17000
3659,2024-06-03,Minyak Goreng Kemasan,16000
3660,2024-06-03,Daging Ayam Ras,35000
3661,2024-06-03,Telur Ayam Ras,27000
3662,2024-06-03,Daging Sapi Murni,130000
3663,2024-06-03,Bawang Merah,33000
3664,2024-06-03,Cabe Merah Keriting,35000
3665,2024-06-03,Cabe Merah Besar,40000
3666,2024-06-03,Jagung Pipilan Kering,11000
3667,2024-06-03,Kedelai Biji Kering (Impor),11300
3668,2024-06-03,Bawang Putih Kating,43000
3669,2024-06-03,Terigu,9000
3670,2024-06-03,Ubi Jalar,8000
3671,2024-06-03,Bawang Putih Bonggol,36000
3672,2024-06-03,Cabe Rawit Merah,30000
3673,2024-06-03,Beras premium,14000
3674,2024-06-03,Minyak Goreng Curah,15000
3675,2024-05-30,Beras Medium,12500
3676,2024-05-30,Beras Termurah,12500
3677,2024-05-30,Gula Pasir Konsumsi,17000
3678,2024-05-30,Minyak Goreng Kemasan,16000
3679,2024-05-30,Daging Ayam Ras,35000
3680,2024-05-30,Telur Ayam Ras,28000
3681,2024-05-30,Daging Sapi Murni,130000
3682,2024-05-30,Bawang Merah,38000
3683,2024-05-30,Cabe Merah Keriting,30000
3684,2024-05-30,Cabe Merah Besar,40000
3685,2024-05-30,Jagung Pipilan Kering,11000
3686,2024-05-30,Kedelai Biji Kering (Impor),11300
3687,2024-05-30,Bawang Putih Kating,43000
3688,2024-05-30,Terigu,9000
3689,2024-05-30,Ubi Jalar,8000
3690,2024-05-30,Bawang Putih Bonggol,26000
3691,2024-05-30,Cabe Rawit Merah,25000
3692,2024-05-30,Beras premium,14500
3693,2024-05-30,Minyak Goreng Curah,15000
3694,2024-05-27,Beras Medium,12500
3695,2024-05-27,Beras Termurah,12500
3696,2024-05-27,Gula Pasir Konsumsi,17000
3697,2024-05-27,Minyak Goreng Kemasan,16000
3698,2024-05-27,Daging Ayam Ras,35000
3699,2024-05-27,Telur Ayam Ras,28000
3700,2024-05-27,Daging Sapi Murni,130000
3701,2024-05-27,Bawang Merah,38000
3702,2024-05-27,Cabe Merah Keriting,35000
3703,2024-05-27,Cabe Merah Besar,45000
3704,2024-05-27,Jagung Pipilan Kering,11000
3705,2024-05-27,Kedelai Biji Kering (Impor),11300
3706,2024-05-27,Bawang Putih Kating,43000
3707,2024-05-27,Terigu,9000
3708,2024-05-27,Ubi Jalar,8000
3709,2024-05-27,Bawang Putih Bonggol,36000
3710,2024-05-27,Cabe Rawit Merah,30000
3711,2024-05-27,Beras premium,14500
3712,2024-05-27,Minyak Goreng Curah,15000
3713,2024-05-24,Beras Medium,12500
3714,2024-05-24,Beras Termurah,12500
3715,2024-05-24,Gula Pasir Konsumsi,17000
3716,2024-05-24,Minyak Goreng Kemasan,16000
3717,2024-05-24,Daging Ayam Ras,37000
3718,2024-05-24,Telur Ayam Ras,28000
3719,2024-05-24,Daging Sapi Murni,130000
3720,2024-05-24,Bawang Merah,38000
3721,2024-05-24,Cabe Merah Keriting,38000
3722,2024-05-24,Cabe Merah Besar,45000
3723,2024-05-24,Jagung Pipilan Kering,11000
3724,2024-05-24,Kedelai Biji Kering (Impor),11300
3725,2024-05-24,Bawang Putih Kating,43000
3726,2024-05-24,Terigu,9000
3727,2024-05-24,Ubi Jalar,8000
3728,2024-05-24,Bawang Putih Bonggol,36000
3729,2024-05-24,Cabe Rawit Merah,28000
3730,2024-05-24,Beras premium,14500
3731,2024-05-24,Minyak Goreng Curah,15000
3732,2024-05-20,Beras Medium,12500
3733,2024-05-20,Beras Termurah,12500
3734,2024-05-20,Gula Pasir Konsumsi,17000
3735,2024-05-20,Minyak Goreng Kemasan,16000
3736,2024-05-20,Daging Ayam Ras,37000
3737,2024-05-20,Telur Ayam Ras,29000
3738,2024-05-20,Daging Sapi Murni,130000
3739,2024-05-20,Bawang Merah,38000
3740,2024-05-20,Cabe Merah Keriting,40000
3741,2024-05-20,Cabe Merah Besar,50000
3742,2024-05-20,Jagung Pipilan Kering,11000
3743,2024-05-20,Kedelai Biji Kering (Impor),11300
3744,2024-05-20,Bawang Putih Kating,43000
3745,2024-05-20,Terigu,9000
3746,2024-05-20,Ubi Jalar,8000
3747,2024-05-20,Bawang Putih Bonggol,36000
3748,2024-05-20,Cabe Rawit Merah,30000
3749,2024-05-20,Beras premium,14500
3750,2024-05-20,Minyak Goreng Curah,15000
3751,2024-05-16,Beras Medium,12500
3752,2024-05-16,Beras Termurah,12500
3753,2024-05-16,Gula Pasir Konsumsi,17500
3754,2024-05-16,Minyak Goreng Kemasan,16000
3755,2024-05-16,Daging Ayam Ras,37000
3756,2024-05-16,Telur Ayam Ras,30000
3757,2024-05-16,Daging Sapi Murni,130000
3758,2024-05-16,Bawang Merah,38000
3759,2024-05-16,Cabe Merah Keriting,40000
3760,2024-05-16,Cabe Merah Besar,45000
3761,2024-05-16,Jagung Pipilan Kering,11000
3762,2024-05-16,Kedelai Biji Kering (Impor),11300
3763,2024-05-16,Bawang Putih Kating,43000
3764,2024-05-16,Terigu,9000
3765,2024-05-16,Ubi Jalar,8000
3766,2024-05-16,Bawang Putih Bonggol,36000
3767,2024-05-16,Cabe Rawit Merah,30000
3768,2024-05-16,Beras premium,14500
3769,2024-05-16,Minyak Goreng Curah,15000
3770,2024-05-13,Beras Medium,12500
3771,2024-05-13,Beras Termurah,12500
3772,2024-05-13,Gula Pasir Konsumsi,17500
3773,2024-05-13,Minyak Goreng Kemasan,16000
3774,2024-05-13,Daging Ayam Ras,37000
3775,2024-05-13,Telur Ayam Ras,30000
3776,2024-05-13,Daging Sapi Murni,130000
3777,2024-05-13,Bawang Merah,38000
3778,2024-05-13,Cabe Merah Keriting,35000
3779,2024-05-13,Cabe Merah Besar,45000
3780,2024-05-13,Jagung Pipilan Kering,11000
3781,2024-05-13,Kedelai Biji Kering (Impor),11300
3782,2024-05-13,Bawang Putih Kating,43000
3783,2024-05-13,Terigu,9000
3784,2024-05-13,Ubi Jalar,8000
3785,2024-05-13,Bawang Putih Bonggol,36000
3786,2024-05-13,Cabe Rawit Merah,22000
3787,2024-05-13,Beras premium,14500
3788,2024-05-13,Minyak Goreng Curah,15000
3789,2024-05-09,Beras Medium,12500
3790,2024-05-09,Beras Termurah,12500
3791,2024-05-09,Gula Pasir Konsumsi,18000
3792,2024-05-09,Minyak Goreng Kemasan,16000
3793,2024-05-09,Daging Ayam Ras,36000
3794,2024-05-09,Telur Ayam Ras,30000
3795,2024-05-09,Daging Sapi Murni,130000
3796,2024-05-09,Bawang Merah,46000
3797,2024-05-09,Cabe Merah Keriting,35000
3798,2024-05-09,Cabe Merah Besar,45000
3799,2024-05-09,Jagung Pipilan Kering,11000
3800,2024-05-09,Kedelai Biji Kering (Impor),11300
3801,2024-05-09,Bawang Putih Kating,44000
3802,2024-05-09,Terigu,9000
3803,2024-05-09,Ubi Jalar,8000
3804,2024-05-09,Bawang Putih Bonggol,36000
3805,2024-05-09,Cabe Rawit Merah,20000
3806,2024-05-09,Beras premium,14500
3807,2024-05-09,Minyak Goreng Curah,16000
3808,2024-05-02,Beras Medium,12500
3809,2024-05-02,Beras Termurah,12500
3810,2024-05-02,Gula Pasir Konsumsi,18000
3811,2024-05-02,Minyak Goreng Kemasan,16000
3812,2024-05-02,Daging Ayam Ras,36000
3813,2024-05-02,Telur Ayam Ras,30000
3814,2024-05-02,Daging Sapi Murni,130000
3815,2024-05-02,Bawang Merah,46000
3816,2024-05-02,Cabe Merah Keriting,40000
3817,2024-05-02,Cabe Merah Besar,60000
3818,2024-05-02,Jagung Pipilan Kering,11000
3819,2024-05-02,Kedelai Biji Kering (Impor),11000
3820,2024-05-02,Bawang Putih Kating,44000
3821,2024-05-02,Terigu,9000
3822,2024-05-02,Ubi Jalar,8000
3823,2024-05-02,Bawang Putih Bonggol,36000
3824,2024-05-02,Cabe Rawit Merah,25000
3825,2024-05-02,Beras premium,14500
3826,2024-05-02,Minyak Goreng Curah,16000
3827,2024-04-29,Beras Medium,13000
3828,2024-04-29,Beras Termurah,10800
3829,2024-04-29,Gula Pasir Konsumsi,18000
3830,2024-04-29,Minyak Goreng Kemasan,16000
3831,2024-04-29,Daging Ayam Ras,34000
3832,2024-04-29,Telur Ayam Ras,28000
3833,2024-04-29,Daging Sapi Murni,130000
3834,2024-04-29,Bawang Merah,47000
3835,2024-04-29,Cabe Merah Keriting,40000
3836,2024-04-29,Cabe Merah Besar,60000
3837,2024-04-29,Jagung Pipilan Kering,11000
3838,2024-04-29,Kedelai Biji Kering (Impor),11000
3839,2024-04-29,Bawang Putih Kating,44000
3840,2024-04-29,Terigu,9000
3841,2024-04-29,Ubi Jalar,8000
3842,2024-04-29,Bawang Putih Bonggol,36000
3843,2024-04-29,Cabe Rawit Merah,30000
3844,2024-04-29,Beras premium,14900
3845,2024-04-29,Minyak Goreng Curah,16000
3846,2024-04-25,Beras Medium,13000
3847,2024-04-25,Beras Termurah,10800
3848,2024-04-25,Gula Pasir Konsumsi,18000
3849,2024-04-25,Minyak Goreng Kemasan,16000
3850,2024-04-25,Daging Ayam Ras,36000
3851,2024-04-25,Telur Ayam Ras,28000
3852,2024-04-25,Daging Sapi Murni,130000
3853,2024-04-25,Bawang Merah,45000
3854,2024-04-25,Cabe Merah Keriting,35000
3855,2024-04-25,Cabe Merah Besar,40000
3856,2024-04-25,Jagung Pipilan Kering,11000
3857,2024-04-25,Kedelai Biji Kering (Impor),11000
3858,2024-04-25,Bawang Putih Kating,45000
3859,2024-04-25,Terigu,9000
3860,2024-04-25,Ubi Jalar,8000
3861,2024-04-25,Bawang Putih Bonggol,37000
3862,2024-04-25,Cabe Rawit Merah,30000
3863,2024-04-25,Beras premium,14900
3864,2024-04-25,Minyak Goreng Curah,16000
3865,2024-04-22,Beras Medium,13000
3866,2024-04-22,Beras Termurah,10800
3867,2024-04-22,Gula Pasir Konsumsi,18000
3868,2024-04-22,Minyak Goreng Kemasan,16000
3869,2024-04-22,Daging Ayam Ras,36000
3870,2024-04-22,Telur Ayam Ras,28000
3871,2024-04-22,Daging Sapi Murni,130000
3872,2024-04-22,Bawang Merah,45000
3873,2024-04-22,Cabe Merah Keriting,35000
3874,2024-04-22,Cabe Merah Besar,40000
3875,2024-04-22,Jagung Pipilan Kering,11000
3876,2024-04-22,Kedelai Biji Kering (Impor),11000
3877,2024-04-22,Bawang Putih Kating,45000
3878,2024-04-22,Terigu,9000
3879,2024-04-22,Ubi Jalar,8000
3880,2024-04-22,Bawang Putih Bonggol,37000
3881,2024-04-22,Cabe Rawit Merah,30000
3882,2024-04-22,Beras premium,14900
3883,2024-04-22,Minyak Goreng Curah,16000
3884,2024-04-18,Beras Medium,13000
3885,2024-04-18,Beras Termurah,10800
3886,2024-04-18,Gula Pasir Konsumsi,18000
3887,2024-04-18,Minyak Goreng Kemasan,16000
3888,2024-04-18,Daging Ayam Ras,36000
3889,2024-04-18,Telur Ayam Ras,28000
3890,2024-04-18,Daging Sapi Murni,130000
3891,2024-04-18,Bawang Merah,45000
3892,2024-04-18,Cabe Merah Keriting,30000
3893,2024-04-18,Cabe Merah Besar,40000
3894,2024-04-18,Jagung Pipilan Kering,11000
3895,2024-04-18,Kedelai Biji Kering (Impor),11000
3896,2024-04-18,Bawang Putih Kating,45000
3897,2024-04-18,Terigu,9000
3898,2024-04-18,Ubi Jalar,8000
3899,2024-04-18,Bawang Putih Bonggol,37000
3900,2024-04-18,Cabe Rawit Merah,25000
3901,2024-04-18,Beras premium,14900
3902,2024-04-18,Minyak Goreng Curah,16000
3903,2024-04-15,Beras Medium,13000
3904,2024-04-15,Beras Termurah,10800
3905,2024-04-15,Gula Pasir Konsumsi,18000
3906,2024-04-15,Minyak Goreng Kemasan,16000
3907,2024-04-15,Daging Ayam Ras,39000
3908,2024-04-15,Telur Ayam Ras,28000
3909,2024-04-15,Daging Sapi Murni,130000
3910,2024-04-15,Bawang Merah,40000
3911,2024-04-15,Cabe Merah Keriting,30000
3912,2024-04-15,Cabe Merah Besar,40000
3913,2024-04-15,Jagung Pipilan Kering,11000
3914,2024-04-15,Kedelai Biji Kering (Impor),11000
3915,2024-04-15,Bawang Putih Kating,45000
3916,2024-04-15,Terigu,10000
3917,2024-04-15,Ubi Jalar,8000
3918,2024-04-15,Bawang Putih Bonggol,37000
3919,2024-04-15,Cabe Rawit Merah,25000
3920,2024-04-15,Beras premium,14900
3921,2024-04-15,Minyak Goreng Curah,16000
3922,2024-04-08,Beras Medium,13000
3923,2024-04-08,Beras Termurah,10800
3924,2024-04-08,Gula Pasir Konsumsi,18000
3925,2024-04-08,Minyak Goreng Kemasan,16000
3926,2024-04-08,Daging Ayam Ras,39000
3927,2024-04-08,Telur Ayam Ras,27000
3928,2024-04-08,Daging Sapi Murni,135000
3929,2024-04-08,Bawang Merah,43000
3930,2024-04-08,Cabe Merah Keriting,45000
3931,2024-04-08,Cabe Merah Besar,70000
3932,2024-04-08,Jagung Pipilan Kering,11000
3933,2024-04-08,Kedelai Biji Kering (Impor),11000
3934,2024-04-08,Bawang Putih Kating,38000
3935,2024-04-08,Terigu,10000
3936,2024-04-08,Ubi Jalar,8000
3937,2024-04-08,Bawang Putih Bonggol,35000
3938,2024-04-08,Cabe Rawit Merah,40000
3939,2024-04-08,Beras premium,14900
3940,2024-04-08,Minyak Goreng Curah,16000
3941,2024-04-04,Beras Medium,13000
3942,2024-04-04,Beras Termurah,10800
3943,2024-04-04,Gula Pasir Konsumsi,17000
3944,2024-04-04,Minyak Goreng Kemasan,16000
3945,2024-04-04,Daging Ayam Ras,37000
3946,2024-04-04,Telur Ayam Ras,26000
3947,2024-04-04,Daging Sapi Murni,130000
3948,2024-04-04,Bawang Merah,43000
3949,2024-04-04,Cabe Merah Keriting,35000
3950,2024-04-04,Cabe Merah Besar,40000
3951,2024-04-04,Jagung Pipilan Kering,11000
3952,2024-04-04,Kedelai Biji Kering (Impor),11000
3953,2024-04-04,Bawang Putih Kating,38000
3954,2024-04-04,Terigu,10000
3955,2024-04-04,Ubi Jalar,8000
3956,2024-04-04,Bawang Putih Bonggol,35000
3957,2024-04-04,Cabe Rawit Merah,25000
3958,2024-04-04,Beras premium,14900
3959,2024-04-04,Minyak Goreng Curah,16000
3960,2024-03-28,Beras Medium,13000
3961,2024-03-28,Beras Termurah,10800
3962,2024-03-28,Gula Pasir Konsumsi,17000
3963,2024-03-28,Minyak Goreng Kemasan,16000
3964,2024-03-28,Daging Ayam Ras,37000
3965,2024-03-28,Telur Ayam Ras,28000
3966,2024-03-28,Daging Sapi Murni,130000
3967,2024-03-28,Bawang Merah,27000
3968,2024-03-28,Cabe Merah Keriting,30000
3969,2024-03-28,Cabe Merah Besar,35000
3970,2024-03-28,Jagung Pipilan Kering,11000
3971,2024-03-28,Kedelai Biji Kering (Impor),11000
3972,2024-03-28,Bawang Putih Kating,38000
3973,2024-03-28,Terigu,10000
3974,2024-03-28,Ubi Jalar,8000
3975,2024-03-28,Bawang Putih Bonggol,35000
3976,2024-03-28,Cabe Rawit Merah,30000
3977,2024-03-28,Beras premium,14900
3978,2024-03-28,Minyak Goreng Curah,16000
3979,2024-03-25,Beras Medium,13000
3980,2024-03-25,Beras Termurah,10800
3981,2024-03-25,Gula Pasir Konsumsi,17000
3982,2024-03-25,Minyak Goreng Kemasan,16000
3983,2024-03-25,Daging Ayam Ras,37000
3984,2024-03-25,Telur Ayam Ras,29000
3985,2024-03-25,Daging Sapi Murni,130000
3986,2024-03-25,Bawang Merah,27000
3987,2024-03-25,Cabe Merah Keriting,30000
3988,2024-03-25,Cabe Merah Besar,35000
3989,2024-03-25,Jagung Pipilan Kering,11000
3990,2024-03-25,Kedelai Biji Kering (Impor),11000
3991,2024-03-25,Bawang Putih Kating,38000
3992,2024-03-25,Terigu,10000
3993,2024-03-25,Ubi Jalar,8000
3994,2024-03-25,Bawang Putih Bonggol,35000
3995,2024-03-25,Cabe Rawit Merah,30000
3996,2024-03-25,Beras premium,14900
3997,2024-03-25,Minyak Goreng Curah,16000
3998,2024-03-18,Beras Medium,13000
3999,2024-03-18,Beras Termurah,10800
4000,2024-03-18,Gula Pasir Konsumsi,17000
4001,2024-03-18,Minyak Goreng Kemasan,16000
4002,2024-03-18,Daging Ayam Ras,37000
4003,2024-03-18,Telur Ayam Ras,31000
4004,2024-03-18,Daging Sapi Murni,130000
4005,2024-03-18,Bawang Merah,27000
4006,2024-03-18,Cabe Merah Keriting,40000
4007,2024-03-18,Cabe Merah Besar,65000
4008,2024-03-18,Jagung Pipilan Kering,11000
4009,2024-03-18,Kedelai Biji Kering (Impor),11000
4010,2024-03-18,Bawang Putih Kating,38000
4011,2024-03-18,Terigu,10000
4012,2024-03-18,Ubi Jalar,8000
4013,2024-03-18,Bawang Putih Bonggol,35000
4014,2024-03-18,Cabe Rawit Merah,40000
4015,2024-03-18,Beras premium,15000
4016,2024-03-18,Minyak Goreng Curah,16000
4017,2024-03-14,Beras Medium,13000
4018,2024-03-14,Beras Termurah,10800
4019,2024-03-14,Gula Pasir Konsumsi,17000
4020,2024-03-14,Minyak Goreng Kemasan,16000
4021,2024-03-14,Daging Ayam Ras,37000
4022,2024-03-14,Telur Ayam Ras,31000
4023,2024-03-14,Daging Sapi Murni,130000
4024,2024-03-14,Bawang Merah,25000
4025,2024-03-14,Cabe Merah Keriting,55000
4026,2024-03-14,Cabe Merah Besar,65000
4027,2024-03-14,Jagung Pipilan Kering,11000
4028,2024-03-14,Kedelai Biji Kering (Impor),11000
4029,2024-03-14,Bawang Putih Kating,38000
4030,2024-03-14,Terigu,10000
4031,2024-03-14,Ubi Jalar,8000
4032,2024-03-14,Bawang Putih Bonggol,35000
4033,2024-03-14,Cabe Rawit Merah,50000
4034,2024-03-14,Beras premium,15000
4035,2024-03-14,Minyak Goreng Curah,15000
4036,2024-03-12,Beras Medium,13000
4037,2024-03-12,Beras Termurah,10800
4038,2024-03-12,Gula Pasir Konsumsi,17000
4039,2024-03-12,Minyak Goreng Kemasan,16000
4040,2024-03-12,Daging Ayam Ras,37000
4041,2024-03-12,Telur Ayam Ras,31000
4042,2024-03-12,Daging Sapi Murni,130000
4043,2024-03-12,Bawang Merah,25000
4044,2024-03-12,Cabe Merah Keriting,40000
4045,2024-03-12,Cabe Merah Besar,65000
4046,2024-03-12,Jagung Pipilan Kering,11000
4047,2024-03-12,Kedelai Biji Kering (Impor),11000
4048,2024-03-12,Bawang Putih Kating,38000
4049,2024-03-12,Terigu,10000
4050,2024-03-12,Ubi Jalar,8000
4051,2024-03-12,Bawang Putih Bonggol,35000
4052,2024-03-12,Cabe Rawit Merah,40000
4053,2024-03-12,Beras premium,15000
4054,2024-03-12,Minyak Goreng Curah,15000
4055,2024-03-07,Beras Medium,13000
4056,2024-03-07,Beras Termurah,10800
4057,2024-03-07,Gula Pasir Konsumsi,17000
4058,2024-03-07,Minyak Goreng Kemasan,16000
4059,2024-03-07,Daging Ayam Ras,38000
4060,2024-03-07,Telur Ayam Ras,31000
4061,2024-03-07,Daging Sapi Murni,130000
4062,2024-03-07,Bawang Merah,22000
4063,2024-03-07,Cabe Merah Keriting,55000
4064,2024-03-07,Cabe Merah Besar,80000
4065,2024-03-07,Jagung Pipilan Kering,8000
4066,2024-03-07,Kedelai Biji Kering (Impor),11000
4067,2024-03-07,Bawang Putih Kating,38000
4068,2024-03-07,Terigu,10000
4069,2024-03-07,Ubi Jalar,8000
4070,2024-03-07,Bawang Putih Bonggol,33000
4071,2024-03-07,Cabe Rawit Merah,60000
4072,2024-03-07,Beras premium,15000
4073,2024-03-07,Minyak Goreng Curah,15000
4074,2024-03-04,Beras Medium,13000
4075,2024-03-04,Beras Termurah,10800
4076,2024-03-04,Gula Pasir Konsumsi,17000
4077,2024-03-04,Minyak Goreng Kemasan,16000
4078,2024-03-04,Daging Ayam Ras,38000
4079,2024-03-04,Telur Ayam Ras,31000
4080,2024-03-04,Daging Sapi Murni,130000
4081,2024-03-04,Bawang Merah,22000
4082,2024-03-04,Cabe Merah Keriting,65000
4083,2024-03-04,Cabe Merah Besar,80000
4084,2024-03-04,Jagung Pipilan Kering,8000
4085,2024-03-04,Kedelai Biji Kering (Impor),11000
4086,2024-03-04,Bawang Putih Kating,38000
4087,2024-03-04,Terigu,10000
4088,2024-03-04,Ubi Jalar,8000
4089,2024-03-04,Bawang Putih Bonggol,33000
4090,2024-03-04,Cabe Rawit Merah,55000
4091,2024-03-04,Beras premium,15000
4092,2024-03-04,Minyak Goreng Curah,15000
4093,2024-02-29,Beras Medium,13000
4094,2024-02-29,Beras Termurah,10800
4095,2024-02-29,Gula Pasir Konsumsi,17000
4096,2024-02-29,Minyak Goreng Kemasan,16000
4097,2024-02-29,Daging Ayam Ras,37000
4098,2024-02-29,Telur Ayam Ras,32000
4099,2024-02-29,Daging Sapi Murni,130000
4100,2024-02-29,Bawang Merah,22000
4101,2024-02-29,Cabe Merah Keriting,65000
4102,2024-02-29,Cabe Merah Besar,80000
4103,2024-02-29,Jagung Pipilan Kering,8000
4104,2024-02-29,Kedelai Biji Kering (Impor),11000
4105,2024-02-29,Bawang Putih Kating,38000
4106,2024-02-29,Terigu,10000
4107,2024-02-29,Ubi Jalar,8000
4108,2024-02-29,Bawang Putih Bonggol,33000
4109,2024-02-29,Cabe Rawit Merah,55000
4110,2024-02-29,Beras premium,15000
4111,2024-02-29,Minyak Goreng Curah,15000
4112,2024-02-26,Beras Medium,13000
4113,2024-02-26,Beras Termurah,10800
4114,2024-02-26,Gula Pasir Konsumsi,17000
4115,2024-02-26,Minyak Goreng Kemasan,16000
4116,2024-02-26,Daging Ayam Ras,35000
4117,2024-02-26,Telur Ayam Ras,30000
4118,2024-02-26,Daging Sapi Murni,130000
4119,2024-02-26,Bawang Merah,22000
4120,2024-02-26,Cabe Merah Keriting,80000
4121,2024-02-26,Cabe Merah Besar,80000
4122,2024-02-26,Jagung Pipilan Kering,8000
4123,2024-02-26,Kedelai Biji Kering (Impor),11000
4124,2024-02-26,Bawang Putih Kating,38000
4125,2024-02-26,Terigu,10000
4126,2024-02-26,Ubi Jalar,8000
4127,2024-02-26,Bawang Putih Bonggol,33000
4128,2024-02-26,Cabe Rawit Merah,65000
4129,2024-02-26,Beras premium,15000
4130,2024-02-26,Minyak Goreng Curah,15000
4131,2024-02-22,Beras Medium,13000
4132,2024-02-22,Beras Termurah,10800
4133,2024-02-22,Gula Pasir Konsumsi,17000
4134,2024-02-22,Minyak Goreng Kemasan,15000
4135,2024-02-22,Daging Ayam Ras,35000
4136,2024-02-22,Telur Ayam Ras,30000
4137,2024-02-22,Daging Sapi Murni,130000
4138,2024-02-22,Bawang Merah,22000
4139,2024-02-22,Cabe Merah Keriting,85000
4140,2024-02-22,Cabe Merah Besar,80000
4141,2024-02-22,Jagung Pipilan Kering,8000
4142,2024-02-22,Kedelai Biji Kering (Impor),11000
4143,2024-02-22,Bawang Putih Kating,38000
4144,2024-02-22,Terigu,10000
4145,2024-02-22,Ubi Jalar,8000
4146,2024-02-22,Bawang Putih Bonggol,33000
4147,2024-02-22,Cabe Rawit Merah,75000
4148,2024-02-22,Beras premium,15000
4149,2024-02-22,Minyak Goreng Curah,14500
4150,2024-02-19,Beras Medium,13000
4151,2024-02-19,Beras Termurah,10800
4152,2024-02-19,Gula Pasir Konsumsi,17000
4153,2024-02-19,Minyak Goreng Kemasan,15000
4154,2024-02-19,Daging Ayam Ras,35000
4155,2024-02-19,Telur Ayam Ras,30000
4156,2024-02-19,Daging Sapi Murni,130000
4157,2024-02-19,Bawang Merah,22000
4158,2024-02-19,Cabe Merah Keriting,80000
4159,2024-02-19,Cabe Merah Besar,80000
4160,2024-02-19,Jagung Pipilan Kering,8000
4161,2024-02-19,Kedelai Biji Kering (Impor),11000
4162,2024-02-19,Bawang Putih Kating,38000
4163,2024-02-19,Terigu,10000
4164,2024-02-19,Ubi Jalar,8000
4165,2024-02-19,Bawang Putih Bonggol,33000
4166,2024-02-19,Cabe Rawit Merah,70000
4167,2024-02-19,Beras premium,15000
4168,2024-02-19,Minyak Goreng Curah,14500
4169,2024-02-15,Beras Medium,13000
4170,2024-02-15,Beras Termurah,10800
4171,2024-02-15,Gula Pasir Konsumsi,17000
4172,2024-02-15,Minyak Goreng Kemasan,15000
4173,2024-02-15,Daging Ayam Ras,35000
4174,2024-02-15,Telur Ayam Ras,28000
4175,2024-02-15,Daging Sapi Murni,130000
4176,2024-02-15,Bawang Merah,22000
4177,2024-02-15,Cabe Merah Keriting,70000
4178,2024-02-15,Cabe Merah Besar,80000
4179,2024-02-15,Jagung Pipilan Kering,8000
4180,2024-02-15,Kedelai Biji Kering (Impor),11000
4181,2024-02-15,Bawang Putih Kating,38000
4182,2024-02-15,Terigu,10000
4183,2024-02-15,Ubi Jalar,8000
4184,2024-02-15,Bawang Putih Bonggol,33000
4185,2024-02-15,Cabe Rawit Merah,60000
4186,2024-02-15,Beras premium,15000
4187,2024-02-15,Minyak Goreng Curah,15000
4188,2024-02-12,Beras Medium,13000
4189,2024-02-12,Beras Termurah,10800
4190,2024-02-12,Gula Pasir Konsumsi,17000
4191,2024-02-12,Minyak Goreng Kemasan,15000
4192,2024-02-12,Daging Ayam Ras,35000
4193,2024-02-12,Telur Ayam Ras,27000
4194,2024-02-12,Daging Sapi Murni,130000
4195,2024-02-12,Bawang Merah,22000
4196,2024-02-12,Cabe Merah Keriting,55000
4197,2024-02-12,Cabe Merah Besar,80000
4198,2024-02-12,Jagung Pipilan Kering,8000
4199,2024-02-12,Kedelai Biji Kering (Impor),11000
4200,2024-02-12,Bawang Putih Kating,38000
4201,2024-02-12,Terigu,10000
4202,2024-02-12,Ubi Jalar,8000
4203,2024-02-12,Bawang Putih Bonggol,33000
4204,2024-02-12,Cabe Rawit Merah,50000
4205,2024-02-12,Beras premium,15000
4206,2024-02-12,Minyak Goreng Curah,15000
4207,2024-02-09,Beras Medium,13000
4208,2024-02-09,Beras Termurah,10800
4209,2024-02-09,Gula Pasir Konsumsi,17000
4210,2024-02-09,Minyak Goreng Kemasan,15000
4211,2024-02-09,Daging Ayam Ras,35000
4212,2024-02-09,Telur Ayam Ras,27000
4213,2024-02-09,Daging Sapi Murni,130000
4214,2024-02-09,Bawang Merah,22000
4215,2024-02-09,Cabe Merah Keriting,55000
4216,2024-02-09,Cabe Merah Besar,70000
4217,2024-02-09,Jagung Pipilan Kering,8000
4218,2024-02-09,Kedelai Biji Kering (Impor),11500
4219,2024-02-09,Bawang Putih Kating,38000
4220,2024-02-09,Terigu,10000
4221,2024-02-09,Ubi Jalar,8000
4222,2024-02-09,Bawang Putih Bonggol,33000
4223,2024-02-09,Cabe Rawit Merah,35000
4224,2024-02-09,Beras premium,15000
4225,2024-02-09,Minyak Goreng Curah,15000
4226,2024-02-05,Beras Medium,12200
4227,2024-02-05,Beras Termurah,10800
4228,2024-02-05,Gula Pasir Konsumsi,17000
4229,2024-02-05,Minyak Goreng Kemasan,15000
4230,2024-02-05,Daging Ayam Ras,33000
4231,2024-02-05,Telur Ayam Ras,26000
4232,2024-02-05,Daging Sapi Murni,130000
4233,2024-02-05,Bawang Merah,22000
4234,2024-02-05,Cabe Merah Keriting,60000
4235,2024-02-05,Cabe Merah Besar,70000
4236,2024-02-05,Jagung Pipilan Kering,8000
4237,2024-02-05,Kedelai Biji Kering (Impor),11500
4238,2024-02-05,Bawang Putih Kating,38000
4239,2024-02-05,Terigu,10000
4240,2024-02-05,Ubi Jalar,8000
4241,2024-02-05,Bawang Putih Bonggol,33000
4242,2024-02-05,Cabe Rawit Merah,40000
4243,2024-02-05,Beras premium,14500
4244,2024-02-05,Minyak Goreng Curah,15000
4245,2024-02-01,Beras Medium,12200
4246,2024-02-01,Beras Termurah,10800
4247,2024-02-01,Gula Pasir Konsumsi,17000
4248,2024-02-01,Minyak Goreng Kemasan,15000
4249,2024-02-01,Daging Ayam Ras,33000
4250,2024-02-01,Telur Ayam Ras,26000
4251,2024-02-01,Daging Sapi Murni,130000
4252,2024-02-01,Bawang Merah,22000
4253,2024-02-01,Cabe Merah Keriting,45000
4254,2024-02-01,Cabe Merah Besar,70000
4255,2024-02-01,Jagung Pipilan Kering,8000
4256,2024-02-01,Kedelai Biji Kering (Impor),11500
4257,2024-02-01,Bawang Putih Kating,38000
4258,2024-02-01,Terigu,10000
4259,2024-02-01,Ubi Jalar,8000
4260,2024-02-01,Bawang Putih Bonggol,33000
4261,2024-02-01,Cabe Rawit Merah,30000
4262,2024-02-01,Beras premium,14500
4263,2024-02-01,Minyak Goreng Curah,14500
4264,2024-01-29,Beras Medium,12200
4265,2024-01-29,Beras Termurah,10800
4266,2024-01-29,Gula Pasir Konsumsi,17000
4267,2024-01-29,Minyak Goreng Kemasan,15000
4268,2024-01-29,Daging Ayam Ras,33000
4269,2024-01-29,Telur Ayam Ras,26000
4270,2024-01-29,Daging Sapi Murni,130000
4271,2024-01-29,Bawang Merah,24000
4272,2024-01-29,Cabe Merah Keriting,45000
4273,2024-01-29,Cabe Merah Besar,70000
4274,2024-01-29,Jagung Pipilan Kering,8000
4275,2024-01-29,Kedelai Biji Kering (Impor),11500
4276,2024-01-29,Bawang Putih Kating,38000
4277,2024-01-29,Terigu,10000
4278,2024-01-29,Ubi Jalar,8000
4279,2024-01-29,Bawang Putih Bonggol,33000
4280,2024-01-29,Cabe Rawit Merah,30000
4281,2024-01-29,Beras premium,14500
4282,2024-01-29,Minyak Goreng Curah,14500
4283,2024-01-25,Beras Medium,12200
4284,2024-01-25,Beras Termurah,10800
4285,2024-01-25,Gula Pasir Konsumsi,17000
4286,2024-01-25,Minyak Goreng Kemasan,15000
4287,2024-01-25,Daging Ayam Ras,33000
4288,2024-01-25,Telur Ayam Ras,26000
4289,2024-01-25,Daging Sapi Murni,130000
4290,2024-01-25,Bawang Merah,24000
4291,2024-01-25,Cabe Merah Keriting,60000
4292,2024-01-25,Cabe Merah Besar,70000
4293,2024-01-25,Jagung Pipilan Kering,8000
4294,2024-01-25,Kedelai Biji Kering (Impor),11500
4295,2024-01-25,Bawang Putih Kating,38000
4296,2024-01-25,Terigu,10000
4297,2024-01-25,Ubi Jalar,8000
4298,2024-01-25,Bawang Putih Bonggol,33000
4299,2024-01-25,Cabe Rawit Merah,30000
4300,2024-01-25,Beras premium,14500
4301,2024-01-25,Minyak Goreng Curah,14500
4302,2024-01-22,Beras Medium,12200
4303,2024-01-22,Beras Termurah,10800
4304,2024-01-22,Gula Pasir Konsumsi,17000
4305,2024-01-22,Minyak Goreng Kemasan,15000
4306,2024-01-22,Daging Ayam Ras,33000
4307,2024-01-22,Telur Ayam Ras,26000
4308,2024-01-22,Daging Sapi Murni,130000
4309,2024-01-22,Bawang Merah,24000
4310,2024-01-22,Cabe Merah Keriting,55000
4311,2024-01-22,Cabe Merah Besar,60000
4312,2024-01-22,Jagung Pipilan Kering,8000
4313,2024-01-22,Kedelai Biji Kering (Impor),11500
4314,2024-01-22,Bawang Putih Kating,38000
4315,2024-01-22,Terigu,10000
4316,2024-01-22,Ubi Jalar,8000
4317,2024-01-22,Bawang Putih Bonggol,33000
4318,2024-01-22,Cabe Rawit Merah,30000
4319,2024-01-22,Beras premium,14500
4320,2024-01-22,Minyak Goreng Curah,14500
4321,2024-01-18,Beras Medium,11933
4322,2024-01-18,Beras Termurah,10800
4323,2024-01-18,Gula Pasir Konsumsi,16500
4324,2024-01-18,Minyak Goreng Kemasan,15000
4325,2024-01-18,Daging Ayam Ras,33000
4326,2024-01-18,Telur Ayam Ras,26000
4327,2024-01-18,Daging Sapi Murni,130000
4328,2024-01-18,Bawang Merah,24000
4329,2024-01-18,Cabe Merah Keriting,50000
4330,2024-01-18,Cabe Merah Besar,60000
4331,2024-01-18,Jagung Pipilan Kering,8000
4332,2024-01-18,Kedelai Biji Kering (Impor),11500
4333,2024-01-18,Bawang Putih Kating,38000
4334,2024-01-18,Terigu,10000
4335,2024-01-18,Ubi Jalar,8000
4336,2024-01-18,Bawang Putih Bonggol,33000
4337,2024-01-18,Cabe Rawit Merah,40000
4338,2024-01-18,Beras premium,14000
4339,2024-01-18,Minyak Goreng Curah,14000
4340,2024-01-15,Beras Medium,11933
4341,2024-01-15,Beras Termurah,10800
4342,2024-01-15,Gula Pasir Konsumsi,16000
4343,2024-01-15,Minyak Goreng Kemasan,15000
4344,2024-01-15,Daging Ayam Ras,33000
4345,2024-01-15,Telur Ayam Ras,26000
4346,2024-01-15,Daging Sapi Murni,130000
4347,2024-01-15,Bawang Merah,26000
4348,2024-01-15,Cabe Merah Keriting,50000
4349,2024-01-15,Cabe Merah Besar,60000
4350,2024-01-15,Jagung Pipilan Kering,8000
4351,2024-01-15,Kedelai Biji Kering (Impor),11500
4352,2024-01-15,Bawang Putih Kating,38000
4353,2024-01-15,Terigu,10000
4354,2024-01-15,Ubi Jalar,8000
4355,2024-01-15,Bawang Putih Bonggol,33000
4356,2024-01-15,Cabe Rawit Merah,45000
4357,2024-01-15,Beras premium,14000
4358,2024-01-15,Minyak Goreng Curah,14000
4359,2024-01-11,Beras Medium,11933
4360,2024-01-11,Beras Termurah,10800
4361,2024-01-11,Gula Pasir Konsumsi,16000
4362,2024-01-11,Minyak Goreng Kemasan,15000
4363,2024-01-11,Daging Ayam Ras,33000
4364,2024-01-11,Telur Ayam Ras,26000
4365,2024-01-11,Daging Sapi Murni,130000
4366,2024-01-11,Bawang Merah,28000
4367,2024-01-11,Cabe Merah Keriting,45000
4368,2024-01-11,Cabe Merah Besar,60000
4369,2024-01-11,Jagung Pipilan Kering,8000
4370,2024-01-11,Kedelai Biji Kering (Impor),11500
4371,2024-01-11,Bawang Putih Kating,38000
4372,2024-01-11,Terigu,10000
4373,2024-01-11,Ubi Jalar,8000
4374,2024-01-11,Bawang Putih Bonggol,33000
4375,2024-01-11,Cabe Rawit Merah,45000
4376,2024-01-11,Beras premium,14000
4377,2024-01-11,Minyak Goreng Curah,14000
4378,2024-01-08,Beras Medium,11933
4379,2024-01-08,Beras Termurah,10800
4380,2024-01-08,Gula Pasir Konsumsi,16000
4381,2024-01-08,Minyak Goreng Kemasan,15000
4382,2024-01-08,Daging Ayam Ras,33000
4383,2024-01-08,Telur Ayam Ras,26000
4384,2024-01-08,Daging Sapi Murni,130000
4385,2024-01-08,Bawang Merah,30000
4386,2024-01-08,Cabe Merah Keriting,60000
4387,2024-01-08,Cabe Merah Besar,70000
4388,2024-01-08,Jagung Pipilan Kering,8000
4389,2024-01-08,Kedelai Biji Kering (Impor),11000
4390,2024-01-08,Bawang Putih Kating,38000
4391,2024-01-08,Terigu,10000
4392,2024-01-08,Ubi Jalar,8000
4393,2024-01-08,Bawang Putih Bonggol,33000
4394,2024-01-08,Cabe Rawit Merah,50000
4395,2024-01-08,Beras premium,14000
4396,2024-01-08,Minyak Goreng Curah,14000
4397,2024-01-04,Beras Medium,11933
4398,2024-01-04,Beras Termurah,10800
4399,2024-01-04,Gula Pasir Konsumsi,16000
4400,2024-01-04,Minyak Goreng Kemasan,15000
4401,2024-01-04,Daging Ayam Ras,31000
4402,2024-01-04,Telur Ayam Ras,26000
4403,2024-01-04,Daging Sapi Murni,130000
4404,2024-01-04,Bawang Merah,30000
4405,2024-01-04,Cabe Merah Keriting,50000
4406,2024-01-04,Cabe Merah Besar,70000
4407,2024-01-04,Jagung Pipilan Kering,8000
4408,2024-01-04,Kedelai Biji Kering (Impor),11000
4409,2024-01-04,Bawang Putih Kating,38000
4410,2024-01-04,Terigu,10000
4411,2024-01-04,Ubi Jalar,8000
4412,2024-01-04,Bawang Putih Bonggol,33000
4413,2024-01-04,Cabe Rawit Merah,60000
4414,2024-01-04,Beras premium,14000
4415,2024-01-04,Minyak Goreng Curah,14000
4416,2024-01-02,Beras Medium,11933
4417,2024-01-02,Beras Termurah,10800
4418,2024-01-02,Gula Pasir Konsumsi,16000
4419,2024-01-02,Minyak Goreng Kemasan,15000
4420,2024-01-02,Daging Ayam Ras,31000
4421,2024-01-02,Telur Ayam Ras,26000
4422,2024-01-02,Daging Sapi Murni,130000
4423,2024-01-02,Bawang Merah,30000
4424,2024-01-02,Cabe Merah Keriting,50000
4425,2024-01-02,Cabe Merah Besar,70000
4426,2024-01-02,Jagung Pipilan Kering,8000
4427,2024-01-02,Kedelai Biji Kering (Impor),11000
4428,2024-01-02,Bawang Putih Kating,38000
4429,2024-01-02,Terigu,10000
4430,2024-01-02,Ubi Jalar,8000
4431,2024-01-02,Bawang Putih Bonggol,33000
4432,2024-01-02,Cabe Rawit Merah,60000
4433,2024-01-02,Beras premium,14000
4434,2024-01-02,Minyak Goreng Curah,14000
4435,2023-12-28,Beras Medium,11933
4436,2023-12-28,Beras Termurah,10800
4437,2023-12-28,Gula Pasir Konsumsi,15500
4438,2023-12-28,Minyak Goreng Kemasan,15000
4439,2023-12-28,Daging Ayam Ras,34000
4440,2023-12-28,Telur Ayam Ras,26000
4441,2023-12-28,Daging Sapi Murni,130000
4442,2023-12-28,Bawang Merah,32000
4443,2023-12-28,Cabe Merah Keriting,38000
4444,2023-12-28,Cabe Merah Besar,70000
4445,2023-12-28,Jagung Pipilan Kering,7000
4446,2023-12-28,Kedelai Biji Kering (Impor),11000
4447,2023-12-28,Bawang Putih Kating,38000
4448,2023-12-28,Terigu,10000
4449,2023-12-28,Ubi Jalar,5000
4450,2023-12-28,Bawang Putih Bonggol,33000
4451,2023-12-28,Cabe Rawit Merah,65000
4452,2023-12-28,Beras premium,14000
4453,2023-12-28,Minyak Goreng Curah,14000
4454,2023-12-26,Beras Medium,11933
4455,2023-12-26,Beras Termurah,10800
4456,2023-12-26,Gula Pasir Konsumsi,15500
4457,2023-12-26,Minyak Goreng Kemasan,15000
4458,2023-12-26,Daging Ayam Ras,34000
4459,2023-12-26,Telur Ayam Ras,26000
4460,2023-12-26,Daging Sapi Murni,130000
4461,2023-12-26,Bawang Merah,28000
4462,2023-12-26,Cabe Merah Keriting,50000
4463,2023-12-26,Cabe Merah Besar,70000
4464,2023-12-26,Jagung Pipilan Kering,7000
4465,2023-12-26,Kedelai Biji Kering (Impor),11000
4466,2023-12-26,Bawang Putih Kating,38000
4467,2023-12-26,Terigu,10000
4468,2023-12-26,Ubi Jalar,5000
4469,2023-12-26,Bawang Putih Bonggol,33000
4470,2023-12-26,Cabe Rawit Merah,65000
4471,2023-12-26,Beras premium,14000
4472,2023-12-26,Minyak Goreng Curah,14000
4473,2023-12-14,Beras Medium,11933
4474,2023-12-14,Beras Termurah,10800
4475,2023-12-14,Gula Pasir Konsumsi,16500
4476,2023-12-14,Minyak Goreng Kemasan,15000
4477,2023-12-14,Daging Ayam Ras,33000
4478,2023-12-14,Telur Ayam Ras,26000
4479,2023-12-14,Daging Sapi Murni,130000
4480,2023-12-14,Bawang Merah,25000
4481,2023-12-14,Cabe Merah Keriting,70000
4482,2023-12-14,Cabe Merah Besar,80000
4483,2023-12-14,Jagung Pipilan Kering,7000
4484,2023-12-14,Kedelai Biji Kering (Impor),12500
4485,2023-12-14,Bawang Putih Kating,35000
4486,2023-12-14,Terigu,10000
4487,2023-12-14,Ubi Jalar,5000
4488,2023-12-14,Bawang Putih Bonggol,32000
4489,2023-12-14,Cabe Rawit Merah,75000
4490,2023-12-14,Beras premium,14000
4491,2023-12-14,Minyak Goreng Curah,14000
4492,2023-12-11,Beras Medium,11933
4493,2023-12-11,Beras Termurah,10800
4494,2023-12-11,Gula Pasir Konsumsi,17000
4495,2023-12-11,Minyak Goreng Kemasan,15000
4496,2023-12-11,Daging Ayam Ras,33000
4497,2023-12-11,Telur Ayam Ras,26000
4498,2023-12-11,Daging Sapi Murni,130000
4499,2023-12-11,Bawang Merah,23000
4500,2023-12-11,Cabe Merah Keriting,75000
4501,2023-12-11,Cabe Merah Besar,80000
4502,2023-12-11,Jagung Pipilan Kering,7000
4503,2023-12-11,Kedelai Biji Kering (Impor),12500
4504,2023-12-11,Bawang Putih Kating,35000
4505,2023-12-11,Terigu,10000
4506,2023-12-11,Ubi Jalar,5000
4507,2023-12-11,Bawang Putih Bonggol,30000
4508,2023-12-11,Cabe Rawit Merah,85000
4509,2023-12-11,Beras premium,14000
4510,2023-12-11,Minyak Goreng Curah,14000
4511,2023-12-07,Beras Medium,11933
4512,2023-12-07,Beras Termurah,10800
4513,2023-12-07,Gula Pasir Konsumsi,17000
4514,2023-12-07,Minyak Goreng Kemasan,15000
4515,2023-12-07,Daging Ayam Ras,32000
4516,2023-12-07,Telur Ayam Ras,27000
4517,2023-12-07,Daging Sapi Murni,130000
4518,2023-12-07,Bawang Merah,21000
4519,2023-12-07,Cabe Merah Keriting,70000
4520,2023-12-07,Cabe Merah Besar,80000
4521,2023-12-07,Jagung Pipilan Kering,7000
4522,2023-12-07,Kedelai Biji Kering (Impor),12500
4523,2023-12-07,Bawang Putih Kating,33000
4524,2023-12-07,Terigu,10000
4525,2023-12-07,Ubi Jalar,5000
4526,2023-12-07,Bawang Putih Bonggol,28000
4527,2023-12-07,Cabe Rawit Merah,85000
4528,2023-12-07,Beras premium,14000
4529,2023-12-07,Minyak Goreng Curah,14000
4530,2023-12-04,Beras Medium,11933
4531,2023-12-04,Beras Termurah,10800
4532,2023-12-04,Gula Pasir Konsumsi,17000
4533,2023-12-04,Minyak Goreng Kemasan,15000
4534,2023-12-04,Daging Ayam Ras,32000
4535,2023-12-04,Telur Ayam Ras,27000
4536,2023-12-04,Daging Sapi Murni,130000
4537,2023-12-04,Bawang Merah,21000
4538,2023-12-04,Cabe Merah Keriting,70000
4539,2023-12-04,Cabe Merah Besar,80000
4540,2023-12-04,Jagung Pipilan Kering,7000
4541,2023-12-04,Kedelai Biji Kering (Impor),12500
4542,2023-12-04,Bawang Putih Kating,33000
4543,2023-12-04,Terigu,10000
4544,2023-12-04,Ubi Jalar,5000
4545,2023-12-04,Bawang Putih Bonggol,28000
4546,2023-12-04,Cabe Rawit Merah,80000
4547,2023-12-04,Beras premium,14000
4548,2023-12-04,Minyak Goreng Curah,14000
4549,2023-11-30,Beras Medium,11933
4550,2023-11-30,Beras Termurah,10800
4551,2023-11-30,Gula Pasir Konsumsi,17000
4552,2023-11-30,Minyak Goreng Kemasan,15000
4553,2023-11-30,Daging Ayam Ras,32000
4554,2023-11-30,Telur Ayam Ras,27000
4555,2023-11-30,Daging Sapi Murni,130000
4556,2023-11-30,Bawang Merah,21000
4557,2023-11-30,Cabe Merah Keriting,65000
4558,2023-11-30,Cabe Merah Besar,65000
4559,2023-11-30,Jagung Pipilan Kering,7000
4560,2023-11-30,Kedelai Biji Kering (Impor),12500
4561,2023-11-30,Bawang Putih Kating,33000
4562,2023-11-30,Terigu,10000
4563,2023-11-30,Ubi Jalar,5000
4564,2023-11-30,Bawang Putih Bonggol,28000
4565,2023-11-30,Cabe Rawit Merah,85000
4566,2023-11-30,Beras premium,14000
4567,2023-11-30,Minyak Goreng Curah,14000
4568,2023-11-27,Beras Medium,11933
4569,2023-11-27,Beras Termurah,10800
4570,2023-11-27,Gula Pasir Konsumsi,17000
4571,2023-11-27,Minyak Goreng Kemasan,15000
4572,2023-11-27,Daging Ayam Ras,34000
4573,2023-11-27,Telur Ayam Ras,27000
4574,2023-11-27,Daging Sapi Murni,130000
4575,2023-11-27,Bawang Merah,21000
4576,2023-11-27,Cabe Merah Keriting,60000
4577,2023-11-27,Cabe Merah Besar,60000
4578,2023-11-27,Jagung Pipilan Kering,7000
4579,2023-11-27,Kedelai Biji Kering (Impor),12500
4580,2023-11-27,Bawang Putih Kating,33000
4581,2023-11-27,Terigu,10000
4582,2023-11-27,Ubi Jalar,5000
4583,2023-11-27,Bawang Putih Bonggol,28000
4584,2023-11-27,Cabe Rawit Merah,80000
4585,2023-11-27,Beras premium,14000
4586,2023-11-27,Minyak Goreng Curah,13500
4587,2023-11-13,Beras Medium,11933
4588,2023-11-13,Beras Termurah,10800
4589,2023-11-13,Gula Pasir Konsumsi,17000
4590,2023-11-13,Minyak Goreng Kemasan,15000
4591,2023-11-13,Daging Ayam Ras,35000
4592,2023-11-13,Telur Ayam Ras,28000
4593,2023-11-13,Daging Sapi Murni,130000
4594,2023-11-13,Bawang Merah,22000
4595,2023-11-13,Cabe Merah Keriting,65000
4596,2023-11-13,Cabe Merah Besar,50000
4597,2023-11-13,Jagung Pipilan Kering,7000
4598,2023-11-13,Kedelai Biji Kering (Impor),11500
4599,2023-11-13,Bawang Putih Kating,33000
4600,2023-11-13,Terigu,10000
4601,2023-11-13,Ubi Jalar,5000
4602,2023-11-13,Bawang Putih Bonggol,28000
4603,2023-11-13,Cabe Rawit Merah,65000
4604,2023-11-13,Beras premium,14000
4605,2023-11-13,Minyak Goreng Curah,13000
4606,2023-11-10,Beras Medium,11933
4607,2023-11-10,Beras Termurah,10800
4608,2023-11-10,Gula Pasir Konsumsi,16000
4609,2023-11-10,Minyak Goreng Kemasan,15000
4610,2023-11-10,Daging Ayam Ras,34000
4611,2023-11-10,Telur Ayam Ras,27000
4612,2023-11-10,Daging Sapi Murni,130000
4613,2023-11-10,Bawang Merah,18000
4614,2023-11-10,Cabe Merah Keriting,60000
4615,2023-11-10,Cabe Merah Besar,40000
4616,2023-11-10,Jagung Pipilan Kering,7000
4617,2023-11-10,Kedelai Biji Kering (Impor),11500
4618,2023-11-10,Bawang Putih Kating,35000
4619,2023-11-10,Terigu,10000
4620,2023-11-10,Ubi Jalar,5000
4621,2023-11-10,Bawang Putih Bonggol,33000
4622,2023-11-10,Cabe Rawit Merah,70000
4623,2023-11-10,Beras premium,14000
4624,2023-11-10,Minyak Goreng Curah,13000
4625,2023-11-06,Beras Medium,11933
4626,2023-11-06,Beras Termurah,10800
4627,2023-11-06,Gula Pasir Konsumsi,16000
4628,2023-11-06,Minyak Goreng Kemasan,15000
4629,2023-11-06,Daging Ayam Ras,35000
4630,2023-11-06,Telur Ayam Ras,27000
4631,2023-11-06,Daging Sapi Murni,130000
4632,2023-11-06,Bawang Merah,18000
4633,2023-11-06,Cabe Merah Keriting,60000
4634,2023-11-06,Cabe Merah Besar,40000
4635,2023-11-06,Jagung Pipilan Kering,7000
4636,2023-11-06,Kedelai Biji Kering (Impor),11500
4637,2023-11-06,Bawang Putih Kating,35000
4638,2023-11-06,Terigu,10000
4639,2023-11-06,Ubi Jalar,5000
4640,2023-11-06,Bawang Putih Bonggol,33000
4641,2023-11-06,Cabe Rawit Merah,70000
4642,2023-11-06,Beras premium,14000
4643,2023-11-06,Minyak Goreng Curah,13000
4644,2023-10-30,Beras Medium,11933
4645,2023-10-30,Beras Termurah,10800
4646,2023-10-30,Gula Pasir Konsumsi,16000
4647,2023-10-30,Minyak Goreng Kemasan,15000
4648,2023-10-30,Daging Ayam Ras,35000
4649,2023-10-30,Telur Ayam Ras,25000
4650,2023-10-30,Daging Sapi Murni,130000
4651,2023-10-30,Bawang Merah,16000
4652,2023-10-30,Cabe Merah Keriting,35000
4653,2023-10-30,Cabe Merah Besar,35000
4654,2023-10-30,Jagung Pipilan Kering,7000
4655,2023-10-30,Kedelai Biji Kering (Impor),11500
4656,2023-10-30,Bawang Putih Kating,35000
4657,2023-10-30,Terigu,10000
4658,2023-10-30,Ubi Jalar,5000
4659,2023-10-30,Bawang Putih Bonggol,33000
4660,2023-10-30,Cabe Rawit Merah,65000
4661,2023-10-30,Beras premium,14000
4662,2023-10-30,Minyak Goreng Curah,13000
4663,2023-10-26,Beras Medium,11933
4664,2023-10-26,Beras Termurah,10800
4665,2023-10-26,Gula Pasir Konsumsi,16000
4666,2023-10-26,Minyak Goreng Kemasan,15000
4667,2023-10-26,Daging Ayam Ras,35000
4668,2023-10-26,Telur Ayam Ras,25000
4669,2023-10-26,Daging Sapi Murni,130000
4670,2023-10-26,Bawang Merah,15000
4671,2023-10-26,Cabe Merah Keriting,35000
4672,2023-10-26,Cabe Merah Besar,35000
4673,2023-10-26,Jagung Pipilan Kering,7000
4674,2023-10-26,Kedelai Biji Kering (Impor),11500
4675,2023-10-26,Bawang Putih Kating,35000
4676,2023-10-26,Terigu,10000
4677,2023-10-26,Ubi Jalar,5000
4678,2023-10-26,Bawang Putih Bonggol,33000
4679,2023-10-26,Cabe Rawit Merah,55000
4680,2023-10-26,Beras premium,14000
4681,2023-10-26,Minyak Goreng Curah,13000
4682,2023-10-16,Beras Medium,11933
4683,2023-10-16,Beras Termurah,10800
4684,2023-10-16,Gula Pasir Konsumsi,15000
4685,2023-10-16,Minyak Goreng Kemasan,15000
4686,2023-10-16,Daging Ayam Ras,35000
4687,2023-10-16,Telur Ayam Ras,25000
4688,2023-10-16,Daging Sapi Murni,130000
4689,2023-10-16,Bawang Merah,15000
4690,2023-10-16,Cabe Merah Keriting,32000
4691,2023-10-16,Cabe Merah Besar,38000
4692,2023-10-16,Jagung Pipilan Kering,7000
4693,2023-10-16,Kedelai Biji Kering (Impor),10500
4694,2023-10-16,Bawang Putih Kating,35000
4695,2023-10-16,Terigu,10000
4696,2023-10-16,Ubi Jalar,5000
4697,2023-10-16,Bawang Putih Bonggol,33000
4698,2023-10-16,Cabe Rawit Merah,37000
4699,2023-10-16,Beras premium,14000
4700,2023-10-16,Minyak Goreng Curah,13000
4701,2023-10-09,Beras Medium,13000
4702,2023-10-09,Beras Termurah,10800
4703,2023-10-09,Gula Pasir Konsumsi,15000
4704,2023-10-09,Minyak Goreng Kemasan,14000
4705,2023-10-09,Daging Ayam Ras,35000
4706,2023-10-09,Telur Ayam Ras,25000
4707,2023-10-09,Daging Sapi Murni,130000
4708,2023-10-09,Bawang Merah,16000
4709,2023-10-09,Cabe Merah Keriting,30000
4710,2023-10-09,Cabe Merah Besar,45000
4711,2023-10-09,Jagung Pipilan Kering,7000
4712,2023-10-09,Kedelai Biji Kering (Impor),10500
4713,2023-10-09,Bawang Putih Kating,35000
4714,2023-10-09,Terigu,10000
4715,2023-10-09,Ubi Jalar,5000
4716,2023-10-09,Bawang Putih Bonggol,33000
4717,2023-10-09,Cabe Rawit Merah,40000
4718,2023-10-09,Beras premium,14000
4719,2023-10-09,Minyak Goreng Curah,13000
4720,2023-10-05,Beras Medium,13000
4721,2023-10-05,Beras Termurah,10800
4722,2023-10-05,Gula Pasir Konsumsi,15000
4723,2023-10-05,Minyak Goreng Kemasan,14000
4724,2023-10-05,Daging Ayam Ras,34000
4725,2023-10-05,Telur Ayam Ras,25000
4726,2023-10-05,Daging Sapi Murni,130000
4727,2023-10-05,Bawang Merah,16000
4728,2023-10-05,Cabe Merah Keriting,35000
4729,2023-10-05,Cabe Merah Besar,45000
4730,2023-10-05,Jagung Pipilan Kering,7000
4731,2023-10-05,Kedelai Biji Kering (Impor),10500
4732,2023-10-05,Bawang Putih Kating,35000
4733,2023-10-05,Terigu,10000
4734,2023-10-05,Ubi Jalar,5000
4735,2023-10-05,Bawang Putih Bonggol,33000
4736,2023-10-05,Cabe Rawit Merah,35000
4737,2023-10-05,Beras premium,14000
4738,2023-10-05,Minyak Goreng Curah,13000
4739,2023-10-02,Beras Medium,13000
4740,2023-10-02,Beras Termurah,10800
4741,2023-10-02,Gula Pasir Konsumsi,15000
4742,2023-10-02,Minyak Goreng Kemasan,14000
4743,2023-10-02,Daging Ayam Ras,34000
4744,2023-10-02,Telur Ayam Ras,25000
4745,2023-10-02,Daging Sapi Murni,130000
4746,2023-10-02,Bawang Merah,15000
4747,2023-10-02,Cabe Merah Keriting,35000
4748,2023-10-02,Cabe Merah Besar,45000
4749,2023-10-02,Jagung Pipilan Kering,7000
4750,2023-10-02,Kedelai Biji Kering (Impor),10500
4751,2023-10-02,Bawang Putih Kating,35000
4752,2023-10-02,Terigu,10000
4753,2023-10-02,Ubi Jalar,5000
4754,2023-10-02,Bawang Putih Bonggol,33000
4755,2023-10-02,Cabe Rawit Merah,35000
4756,2023-10-02,Beras premium,14000
4757,2023-10-02,Minyak Goreng Curah,13000
4758,2023-09-29,Beras Medium,13000
4759,2023-09-29,Beras Termurah,10800
4760,2023-09-29,Gula Pasir Konsumsi,15000
4761,2023-09-29,Minyak Goreng Kemasan,14000
4762,2023-09-29,Daging Ayam Ras,34000
4763,2023-09-29,Telur Ayam Ras,24000
4764,2023-09-29,Daging Sapi Murni,130000
4765,2023-09-29,Bawang Merah,15000
4766,2023-09-29,Cabe Merah Keriting,30000
4767,2023-09-29,Cabe Merah Besar,35000
4768,2023-09-29,Jagung Pipilan Kering,7000
4769,2023-09-29,Kedelai Biji Kering (Impor),10500
4770,2023-09-29,Bawang Putih Kating,35000
4771,2023-09-29,Terigu,10000
4772,2023-09-29,Ubi Jalar,5000
4773,2023-09-29,Bawang Putih Bonggol,33000
4774,2023-09-29,Cabe Rawit Merah,25000
4775,2023-09-29,Beras premium,14000
4776,2023-09-29,Minyak Goreng Curah,13000
4777,2023-09-25,Beras Medium,13000
4778,2023-09-25,Beras Termurah,10800
4779,2023-09-25,Gula Pasir Konsumsi,15000
4780,2023-09-25,Minyak Goreng Kemasan,14000
4781,2023-09-25,Daging Ayam Ras,34000
4782,2023-09-25,Telur Ayam Ras,25000
4783,2023-09-25,Daging Sapi Murni,130000
4784,2023-09-25,Bawang Merah,15000
4785,2023-09-25,Cabe Merah Keriting,28000
4786,2023-09-25,Cabe Merah Besar,35000
4787,2023-09-25,Jagung Pipilan Kering,7000
4788,2023-09-25,Kedelai Biji Kering (Impor),10500
4789,2023-09-25,Bawang Putih Kating,35000
4790,2023-09-25,Terigu,10000
4791,2023-09-25,Ubi Jalar,5000
4792,2023-09-25,Bawang Putih Bonggol,33000
4793,2023-09-25,Cabe Rawit Merah,25000
4794,2023-09-25,Beras premium,14000
4795,2023-09-25,Minyak Goreng Curah,13000
4796,2023-09-21,Beras Medium,12500
4797,2023-09-21,Beras Termurah,10800
4798,2023-09-21,Gula Pasir Konsumsi,15000
4799,2023-09-21,Minyak Goreng Kemasan,14000
4800,2023-09-21,Daging Ayam Ras,34000
4801,2023-09-21,Telur Ayam Ras,26000
4802,2023-09-21,Daging Sapi Murni,130000
4803,2023-09-21,Bawang Merah,15000
4804,2023-09-21,Cabe Merah Keriting,23000
4805,2023-09-21,Cabe Merah Besar,35000
4806,2023-09-21,Jagung Pipilan Kering,7000
4807,2023-09-21,Kedelai Biji Kering (Impor),10500
4808,2023-09-21,Bawang Putih Kating,35000
4809,2023-09-21,Terigu,10000
4810,2023-09-21,Ubi Jalar,5000
4811,2023-09-21,Bawang Putih Bonggol,33000
4812,2023-09-21,Cabe Rawit Merah,23000
4813,2023-09-21,Beras premium,13000
4814,2023-09-21,Minyak Goreng Curah,13000
4815,2023-09-18,Beras Medium,12500
4816,2023-09-18,Beras Termurah,10800
4817,2023-09-18,Gula Pasir Konsumsi,15000
4818,2023-09-18,Minyak Goreng Kemasan,14000
4819,2023-09-18,Daging Ayam Ras,34000
4820,2023-09-18,Telur Ayam Ras,26000
4821,2023-09-18,Daging Sapi Murni,130000
4822,2023-09-18,Bawang Merah,15000
4823,2023-09-18,Cabe Merah Keriting,22000
4824,2023-09-18,Cabe Merah Besar,30000
4825,2023-09-18,Jagung Pipilan Kering,7000
4826,2023-09-18,Kedelai Biji Kering (Impor),10500
4827,2023-09-18,Bawang Putih Kating,35000
4828,2023-09-18,Terigu,10000
4829,2023-09-18,Ubi Jalar,5000
4830,2023-09-18,Bawang Putih Bonggol,33000
4831,2023-09-18,Cabe Rawit Merah,20000
4832,2023-09-18,Beras premium,13000
4833,2023-09-18,Minyak Goreng Curah,13000
4834,2023-09-14,Beras Medium,12500
4835,2023-09-14,Beras Termurah,10800
4836,2023-09-14,Gula Pasir Konsumsi,14000
4837,2023-09-14,Minyak Goreng Kemasan,14000
4838,2023-09-14,Daging Ayam Ras,36000
4839,2023-09-14,Telur Ayam Ras,26000
4840,2023-09-14,Daging Sapi Murni,130000
4841,2023-09-14,Bawang Merah,15000
4842,2023-09-14,Cabe Merah Keriting,20000
4843,2023-09-14,Cabe Merah Besar,40000
4844,2023-09-14,Jagung Pipilan Kering,7000
4845,2023-09-14,Kedelai Biji Kering (Impor),10500
4846,2023-09-14,Bawang Putih Kating,35000
4847,2023-09-14,Terigu,10000
4848,2023-09-14,Ubi Jalar,5000
4849,2023-09-14,Bawang Putih Bonggol,33000
4850,2023-09-14,Cabe Rawit Merah,25000
4851,2023-09-14,Beras premium,13000
4852,2023-09-14,Minyak Goreng Curah,13000
4853,2023-09-11,Beras Medium,12500
4854,2023-09-11,Beras Termurah,10800
4855,2023-09-11,Gula Pasir Konsumsi,14000
4856,2023-09-11,Minyak Goreng Kemasan,14000
4857,2023-09-11,Daging Ayam Ras,37000
4858,2023-09-11,Telur Ayam Ras,28000
4859,2023-09-11,Daging Sapi Murni,130000
4860,2023-09-11,Bawang Merah,15000
4861,2023-09-11,Cabe Merah Keriting,22000
4862,2023-09-11,Cabe Merah Besar,40000
4863,2023-09-11,Jagung Pipilan Kering,7000
4864,2023-09-11,Kedelai Biji Kering (Impor),10500
4865,2023-09-11,Bawang Putih Kating,35000
4866,2023-09-11,Terigu,10000
4867,2023-09-11,Ubi Jalar,5000
4868,2023-09-11,Bawang Putih Bonggol,33000
4869,2023-09-11,Cabe Rawit Merah,20000
4870,2023-09-11,Beras premium,13000
4871,2023-09-11,Minyak Goreng Curah,13000
4872,2023-09-07,Beras Medium,12500
4873,2023-09-07,Beras Termurah,10800
4874,2023-09-07,Gula Pasir Konsumsi,14000
4875,2023-09-07,Minyak Goreng Kemasan,14000
4876,2023-09-07,Daging Ayam Ras,37000
4877,2023-09-07,Telur Ayam Ras,28000
4878,2023-09-07,Daging Sapi Murni,130000
4879,2023-09-07,Bawang Merah,15000
4880,2023-09-07,Cabe Merah Keriting,30000
4881,2023-09-07,Cabe Merah Besar,40000
4882,2023-09-07,Jagung Pipilan Kering,7000
4883,2023-09-07,Kedelai Biji Kering (Impor),10500
4884,2023-09-07,Bawang Putih Kating,35000
4885,2023-09-07,Terigu,10000
4886,2023-09-07,Ubi Jalar,5000
4887,2023-09-07,Bawang Putih Bonggol,33000
4888,2023-09-07,Cabe Rawit Merah,20000
4889,2023-09-07,Beras premium,13000
4890,2023-09-07,Minyak Goreng Curah,13000
4891,2023-09-04,Beras Medium,12500
4892,2023-09-04,Beras Termurah,9400
4893,2023-09-04,Gula Pasir Konsumsi,14000
4894,2023-09-04,Minyak Goreng Kemasan,14000
4895,2023-09-04,Daging Ayam Ras,37000
4896,2023-09-04,Telur Ayam Ras,27000
4897,2023-09-04,Daging Sapi Murni,130000
4898,2023-09-04,Bawang Merah,15000
4899,2023-09-04,Cabe Merah Keriting,35000
4900,2023-09-04,Cabe Merah Besar,40000
4901,2023-09-04,Jagung Pipilan Kering,7000
4902,2023-09-04,Kedelai Biji Kering (Impor),10500
4903,2023-09-04,Bawang Putih Kating,35000
4904,2023-09-04,Terigu,10000
4905,2023-09-04,Ubi Jalar,5000
4906,2023-09-04,Bawang Putih Bonggol,33000
4907,2023-09-04,Cabe Rawit Merah,22000
4908,2023-09-04,Beras premium,13000
4909,2023-09-04,Minyak Goreng Curah,13000
4910,2023-08-31,Beras Medium,12500
4911,2023-08-31,Beras Termurah,9400
4912,2023-08-31,Gula Pasir Konsumsi,14000
4913,2023-08-31,Minyak Goreng Kemasan,14000
4914,2023-08-31,Daging Ayam Ras,36000
4915,2023-08-31,Telur Ayam Ras,27000
4916,2023-08-31,Daging Sapi Murni,130000
4917,2023-08-31,Bawang Merah,15000
4918,2023-08-31,Cabe Merah Keriting,35000
4919,2023-08-31,Cabe Merah Besar,40000
4920,2023-08-31,Jagung Pipilan Kering,7000
4921,2023-08-31,Kedelai Biji Kering (Impor),10500
4922,2023-08-31,Bawang Putih Kating,35000
4923,2023-08-31,Terigu,10000
4924,2023-08-31,Ubi Jalar,5000
4925,2023-08-31,Bawang Putih Bonggol,33000
4926,2023-08-31,Cabe Rawit Merah,28000
4927,2023-08-31,Beras premium,13000
4928,2023-08-31,Minyak Goreng Curah,13000
4929,2023-08-28,Beras Medium,11500
4930,2023-08-28,Beras Termurah,9200
4931,2023-08-28,Gula Pasir Konsumsi,14000
4932,2023-08-28,Minyak Goreng Kemasan,14000
4933,2023-08-28,Daging Ayam Ras,36000
4934,2023-08-28,Telur Ayam Ras,27000
4935,2023-08-28,Daging Sapi Murni,130000
4936,2023-08-28,Bawang Merah,15000
4937,2023-08-28,Cabe Merah Keriting,35000
4938,2023-08-28,Cabe Merah Besar,40000
4939,2023-08-28,Jagung Pipilan Kering,7000
4940,2023-08-28,Kedelai Biji Kering (Impor),10500
4941,2023-08-28,Bawang Putih Kating,35000
4942,2023-08-28,Terigu,10000
4943,2023-08-28,Ubi Jalar,5000
4944,2023-08-28,Bawang Putih Bonggol,33000
4945,2023-08-28,Cabe Rawit Merah,28000
4946,2023-08-28,Beras premium,12000
4947,2023-08-28,Minyak Goreng Curah,13000
4948,2023-08-24,Beras Medium,11500
4949,2023-08-24,Beras Termurah,9200
4950,2023-08-24,Gula Pasir Konsumsi,14000
4951,2023-08-24,Minyak Goreng Kemasan,14000
4952,2023-08-24,Daging Ayam Ras,36000
4953,2023-08-24,Telur Ayam Ras,27000
4954,2023-08-24,Daging Sapi Murni,130000
4955,2023-08-24,Bawang Merah,16000
4956,2023-08-24,Cabe Merah Keriting,30000
4957,2023-08-24,Cabe Merah Besar,30000
4958,2023-08-24,Jagung Pipilan Kering,7000
4959,2023-08-24,Kedelai Biji Kering (Impor),10500
4960,2023-08-24,Bawang Putih Kating,35000
4961,2023-08-24,Terigu,10000
4962,2023-08-24,Ubi Jalar,5000
4963,2023-08-24,Bawang Putih Bonggol,33000
4964,2023-08-24,Cabe Rawit Merah,25000
4965,2023-08-24,Beras premium,12000
4966,2023-08-24,Minyak Goreng Curah,13000
4967,2023-08-21,Beras Medium,11300
4968,2023-08-21,Beras Termurah,9200
4969,2023-08-21,Gula Pasir Konsumsi,14000
4970,2023-08-21,Minyak Goreng Kemasan,14000
4971,2023-08-21,Daging Ayam Ras,36000
4972,2023-08-21,Telur Ayam Ras,27000
4973,2023-08-21,Daging Sapi Murni,130000
4974,2023-08-21,Bawang Merah,17000
4975,2023-08-21,Cabe Merah Keriting,35000
4976,2023-08-21,Cabe Merah Besar,35000
4977,2023-08-21,Jagung Pipilan Kering,7000
4978,2023-08-21,Kedelai Biji Kering (Impor),10500
4979,2023-08-21,Bawang Putih Kating,34000
4980,2023-08-21,Terigu,10000
4981,2023-08-21,Ubi Jalar,5000
4982,2023-08-21,Bawang Putih Bonggol,33000
4983,2023-08-21,Cabe Rawit Merah,38000
4984,2023-08-21,Beras premium,11800
4985,2023-08-21,Minyak Goreng Curah,13000
4986,2023-08-17,Beras Medium,11300
4987,2023-08-17,Beras Termurah,9200
4988,2023-08-17,Gula Pasir Konsumsi,14000
4989,2023-08-17,Minyak Goreng Kemasan,14000
4990,2023-08-17,Daging Ayam Ras,37000
4991,2023-08-17,Telur Ayam Ras,28000
4992,2023-08-17,Daging Sapi Murni,130000
4993,2023-08-17,Bawang Merah,17000
4994,2023-08-17,Cabe Merah Keriting,35000
4995,2023-08-17,Cabe Merah Besar,35000
4996,2023-08-17,Jagung Pipilan Kering,7000
4997,2023-08-17,Kedelai Biji Kering (Impor),10500
4998,2023-08-17,Bawang Putih Kating,34000
4999,2023-08-17,Terigu,10000
5000,2023-08-17,Ubi Jalar,5000
5001,2023-08-17,Bawang Putih Bonggol,33000
5002,2023-08-17,Cabe Rawit Merah,38000
5003,2023-08-17,Beras premium,11800
5004,2023-08-17,Minyak Goreng Curah,13000
5005,2023-08-10,Beras Medium,11300
5006,2023-08-10,Beras Termurah,9200
5007,2023-08-10,Gula Pasir Konsumsi,14000
5008,2023-08-10,Minyak Goreng Kemasan,14000
5009,2023-08-10,Daging Ayam Ras,35000
5010,2023-08-10,Telur Ayam Ras,29000
5011,2023-08-10,Daging Sapi Murni,130000
5012,2023-08-10,Bawang Merah,19000
5013,2023-08-10,Cabe Merah Keriting,25000
5014,2023-08-10,Cabe Merah Besar,29000
5015,2023-08-10,Jagung Pipilan Kering,7000
5016,2023-08-10,Kedelai Biji Kering (Impor),10500
5017,2023-08-10,Bawang Putih Kating,34000
5018,2023-08-10,Terigu,10000
5019,2023-08-10,Ubi Jalar,5000
5020,2023-08-10,Bawang Putih Bonggol,33000
5021,2023-08-10,Cabe Rawit Merah,30000
5022,2023-08-10,Beras premium,11800
5023,2023-08-10,Minyak Goreng Curah,13000
5024,2023-08-07,Beras Medium,11300
5025,2023-08-07,Beras Termurah,9200
5026,2023-08-07,Gula Pasir Konsumsi,14000
5027,2023-08-07,Minyak Goreng Kemasan,14000
5028,2023-08-07,Daging Ayam Ras,35000
5029,2023-08-07,Telur Ayam Ras,30000
5030,2023-08-07,Daging Sapi Murni,130000
5031,2023-08-07,Bawang Merah,20000
5032,2023-08-07,Cabe Merah Keriting,30000
5033,2023-08-07,Cabe Merah Besar,30000
5034,2023-08-07,Jagung Pipilan Kering,7000
5035,2023-08-07,Kedelai Biji Kering (Impor),10500
5036,2023-08-07,Bawang Putih Kating,34000
5037,2023-08-07,Terigu,10000
5038,2023-08-07,Ubi Jalar,5000
5039,2023-08-07,Bawang Putih Bonggol,33000
5040,2023-08-07,Cabe Rawit Merah,35000
5041,2023-08-07,Beras premium,11800
5042,2023-08-07,Minyak Goreng Curah,13000
5043,2023-08-03,Beras Medium,11300
5044,2023-08-03,Beras Termurah,9200
5045,2023-08-03,Gula Pasir Konsumsi,14000
5046,2023-08-03,Minyak Goreng Kemasan,14000
5047,2023-08-03,Daging Ayam Ras,35000
5048,2023-08-03,Telur Ayam Ras,30000
5049,2023-08-03,Daging Sapi Murni,130000
5050,2023-08-03,Bawang Merah,20000
5051,2023-08-03,Cabe Merah Keriting,30000
5052,2023-08-03,Cabe Merah Besar,30000
5053,2023-08-03,Jagung Pipilan Kering,7000
5054,2023-08-03,Kedelai Biji Kering (Impor),10500
5055,2023-08-03,Bawang Putih Kating,36000
5056,2023-08-03,Terigu,10000
5057,2023-08-03,Ubi Jalar,5000
5058,2023-08-03,Bawang Putih Bonggol,35000
5059,2023-08-03,Cabe Rawit Merah,35000
5060,2023-08-03,Beras premium,11800
5061,2023-08-03,Minyak Goreng Curah,13500
5062,2023-07-27,Beras Medium,11300
5063,2023-07-27,Beras Termurah,9400
5064,2023-07-27,Gula Pasir Konsumsi,14000
5065,2023-07-27,Minyak Goreng Kemasan,15000
5066,2023-07-27,Daging Ayam Ras,36000
5067,2023-07-27,Telur Ayam Ras,30000
5068,2023-07-27,Daging Sapi Murni,130000
5069,2023-07-27,Bawang Merah,20000
5070,2023-07-27,Cabe Merah Keriting,25000
5071,2023-07-27,Cabe Merah Besar,35000
5072,2023-07-27,Jagung Pipilan Kering,7000
5073,2023-07-27,Kedelai Biji Kering (Impor),10500
5074,2023-07-27,Bawang Putih Kating,38000
5075,2023-07-27,Terigu,10000
5076,2023-07-27,Ubi Jalar,5000
5077,2023-07-27,Bawang Putih Bonggol,35000
5078,2023-07-27,Cabe Rawit Merah,28000
5079,2023-07-27,Beras premium,11800
5080,2023-07-27,Minyak Goreng Curah,13500
5081,2023-07-24,Beras Medium,11300
5082,2023-07-24,Beras Termurah,9400
5083,2023-07-24,Gula Pasir Konsumsi,14000
5084,2023-07-24,Minyak Goreng Kemasan,15000
5085,2023-07-24,Daging Ayam Ras,36000
5086,2023-07-24,Telur Ayam Ras,31000
5087,2023-07-24,Daging Sapi Murni,130000
5088,2023-07-24,Bawang Merah,20000
5089,2023-07-24,Cabe Merah Keriting,25000
5090,2023-07-24,Cabe Merah Besar,30000
5091,2023-07-24,Jagung Pipilan Kering,7000
5092,2023-07-24,Kedelai Biji Kering (Impor),10500
5093,2023-07-24,Bawang Putih Kating,45000
5094,2023-07-24,Terigu,10000
5095,2023-07-24,Ubi Jalar,5000
5096,2023-07-24,Bawang Putih Bonggol,38000
5097,2023-07-24,Cabe Rawit Merah,25000
5098,2023-07-24,Beras premium,11800
5099,2023-07-24,Minyak Goreng Curah,13500
5100,2023-07-17,Beras Medium,11300
5101,2023-07-17,Beras Termurah,9400
5102,2023-07-17,Gula Pasir Konsumsi,14000
5103,2023-07-17,Minyak Goreng Kemasan,15000
5104,2023-07-17,Daging Ayam Ras,36000
5105,2023-07-17,Telur Ayam Ras,32000
5106,2023-07-17,Daging Sapi Murni,130000
5107,2023-07-17,Bawang Merah,24000
5108,2023-07-17,Cabe Merah Keriting,20000
5109,2023-07-17,Cabe Merah Besar,35000
5110,2023-07-17,Jagung Pipilan Kering,7000
5111,2023-07-17,Kedelai Biji Kering (Impor),10500
5112,2023-07-17,Bawang Putih Kating,38000
5113,2023-07-17,Terigu,10000
5114,2023-07-17,Ubi Jalar,5000
5115,2023-07-17,Bawang Putih Bonggol,36000
5116,2023-07-17,Cabe Rawit Merah,18000
5117,2023-07-17,Beras premium,11800
5118,2023-07-17,Minyak Goreng Curah,14000
5119,2023-07-13,Beras Medium,11300
5120,2023-07-13,Beras Termurah,9400
5121,2023-07-13,Gula Pasir Konsumsi,14000
5122,2023-07-13,Minyak Goreng Kemasan,15000
5123,2023-07-13,Daging Ayam Ras,36000
5124,2023-07-13,Telur Ayam Ras,32000
5125,2023-07-13,Daging Sapi Murni,130000
5126,2023-07-13,Bawang Merah,24000
5127,2023-07-13,Cabe Merah Keriting,20000
5128,2023-07-13,Cabe Merah Besar,35000
5129,2023-07-13,Jagung Pipilan Kering,7000
5130,2023-07-13,Kedelai Biji Kering (Impor),10500
5131,2023-07-13,Bawang Putih Kating,38000
5132,2023-07-13,Terigu,10000
5133,2023-07-13,Ubi Jalar,5000
5134,2023-07-13,Bawang Putih Bonggol,36000
5135,2023-07-13,Cabe Rawit Merah,18000
5136,2023-07-13,Beras premium,11800
5137,2023-07-13,Minyak Goreng Curah,14000
5138,2023-07-10,Beras Medium,11300
5139,2023-07-10,Beras Termurah,9400
5140,2023-07-10,Gula Pasir Konsumsi,13500
5141,2023-07-10,Minyak Goreng Kemasan,14000
5142,2023-07-10,Daging Ayam Ras,36000
5143,2023-07-10,Telur Ayam Ras,32000
5144,2023-07-10,Daging Sapi Murni,130000
5145,2023-07-10,Bawang Merah,28000
5146,2023-07-10,Cabe Merah Keriting,25000
5147,2023-07-10,Cabe Merah Besar,35000
5148,2023-07-10,Jagung Pipilan Kering,7000
5149,2023-07-10,Kedelai Biji Kering (Impor),10500
5150,2023-07-10,Bawang Putih Kating,34000
5151,2023-07-10,Terigu,10000
5152,2023-07-10,Ubi Jalar,5000
5153,2023-07-10,Bawang Putih Bonggol,33000
5154,2023-07-10,Cabe Rawit Merah,22000
5155,2023-07-10,Beras premium,11800
5156,2023-07-10,Minyak Goreng Curah,14000
5157,2023-07-06,Beras Medium,11300
5158,2023-07-06,Beras Termurah,9400
5159,2023-07-06,Gula Pasir Konsumsi,13500
5160,2023-07-06,Minyak Goreng Kemasan,14000
5161,2023-07-06,Daging Ayam Ras,36000
5162,2023-07-06,Telur Ayam Ras,31000
5163,2023-07-06,Daging Sapi Murni,130000
5164,2023-07-06,Bawang Merah,32000
5165,2023-07-06,Cabe Merah Keriting,25000
5166,2023-07-06,Cabe Merah Besar,35000
5167,2023-07-06,Jagung Pipilan Kering,7000
5168,2023-07-06,Kedelai Biji Kering (Impor),10500
5169,2023-07-06,Bawang Putih Kating,32000
5170,2023-07-06,Terigu,10000
5171,2023-07-06,Ubi Jalar,5000
5172,2023-07-06,Bawang Putih Bonggol,32000
5173,2023-07-06,Cabe Rawit Merah,22000
5174,2023-07-06,Beras premium,11800
5175,2023-07-06,Minyak Goreng Curah,14000
5176,2023-07-03,Beras Medium,11300
5177,2023-07-03,Beras Termurah,9400
5178,2023-07-03,Gula Pasir Konsumsi,13500
5179,2023-07-03,Minyak Goreng Kemasan,14000
5180,2023-07-03,Daging Ayam Ras,38000
5181,2023-07-03,Telur Ayam Ras,31000
5182,2023-07-03,Daging Sapi Murni,130000
5183,2023-07-03,Bawang Merah,32000
5184,2023-07-03,Cabe Merah Keriting,25000
5185,2023-07-03,Cabe Merah Besar,30000
5186,2023-07-03,Jagung Pipilan Kering,7000
5187,2023-07-03,Kedelai Biji Kering (Impor),10500
5188,2023-07-03,Bawang Putih Kating,32000
5189,2023-07-03,Terigu,10000
5190,2023-07-03,Ubi Jalar,5000
5191,2023-07-03,Bawang Putih Bonggol,32000
5192,2023-07-03,Cabe Rawit Merah,20000
5193,2023-07-03,Beras premium,11800
5194,2023-07-03,Minyak Goreng Curah,14000
5195,2023-06-30,Beras Medium,11300
5196,2023-06-30,Beras Termurah,9400
5197,2023-06-30,Gula Pasir Konsumsi,13500
5198,2023-06-30,Minyak Goreng Kemasan,14000
5199,2023-06-30,Daging Ayam Ras,40000
5200,2023-06-30,Telur Ayam Ras,31000
5201,2023-06-30,Daging Sapi Murni,130000
5202,2023-06-30,Bawang Merah,32000
5203,2023-06-30,Cabe Merah Keriting,30000
5204,2023-06-30,Cabe Merah Besar,35000
5205,2023-06-30,Jagung Pipilan Kering,7000
5206,2023-06-30,Kedelai Biji Kering (Impor),10500
5207,2023-06-30,Bawang Putih Kating,32000
5208,2023-06-30,Terigu,10000
5209,2023-06-30,Ubi Jalar,5000
5210,2023-06-30,Bawang Putih Bonggol,32000
5211,2023-06-30,Cabe Rawit Merah,25000
5212,2023-06-30,Beras premium,11800
5213,2023-06-30,Minyak Goreng Curah,14000
5214,2023-06-26,Beras Medium,11300
5215,2023-06-26,Beras Termurah,9500
5216,2023-06-26,Gula Pasir Konsumsi,14000
5217,2023-06-26,Minyak Goreng Kemasan,14000
5218,2023-06-26,Daging Ayam Ras,36000
5219,2023-06-26,Telur Ayam Ras,30000
5220,2023-06-26,Daging Sapi Murni,130000
5221,2023-06-26,Bawang Merah,33000
5222,2023-06-26,Cabe Merah Keriting,16000
5223,2023-06-26,Cabe Merah Besar,35000
5224,2023-06-26,Jagung Pipilan Kering,7000
5225,2023-06-26,Kedelai Biji Kering (Impor),11000
5226,2023-06-26,Bawang Putih Kating,30000
5227,2023-06-26,Terigu,10000
5228,2023-06-26,Ubi Jalar,5000
5229,2023-06-26,Bawang Putih Bonggol,26000
5230,2023-06-26,Cabe Rawit Merah,30000
5231,2023-06-26,Beras premium,11800
5232,2023-06-26,Minyak Goreng Curah,14000
5233,2023-06-22,Beras Medium,11300
5234,2023-06-22,Beras Termurah,9400
5235,2023-06-22,Gula Pasir Konsumsi,13500
5236,2023-06-22,Minyak Goreng Kemasan,14000
5237,2023-06-22,Daging Ayam Ras,38000
5238,2023-06-22,Telur Ayam Ras,30000
5239,2023-06-22,Daging Sapi Murni,130000
5240,2023-06-22,Bawang Merah,32000
5241,2023-06-22,Cabe Merah Keriting,20000
5242,2023-06-22,Cabe Merah Besar,28000
5243,2023-06-22,Jagung Pipilan Kering,7000
5244,2023-06-22,Kedelai Biji Kering (Impor),10500
5245,2023-06-22,Bawang Putih Kating,32000
5246,2023-06-22,Terigu,10000
5247,2023-06-22,Ubi Jalar,5000
5248,2023-06-22,Bawang Putih Bonggol,32000
5249,2023-06-22,Cabe Rawit Merah,25000
5250,2023-06-22,Beras premium,11800
5251,2023-06-22,Minyak Goreng Curah,14000
5252,2023-06-19,Beras Medium,11300
5253,2023-06-19,Beras Termurah,9400
5254,2023-06-19,Gula Pasir Konsumsi,13500
5255,2023-06-19,Minyak Goreng Kemasan,14000
5256,2023-06-19,Daging Ayam Ras,38000
5257,2023-06-19,Telur Ayam Ras,30000
5258,2023-06-19,Daging Sapi Murni,130000
5259,2023-06-19,Bawang Merah,32000
5260,2023-06-19,Cabe Merah Keriting,20000
5261,2023-06-19,Cabe Merah Besar,30000
5262,2023-06-19,Jagung Pipilan Kering,7000
5263,2023-06-19,Kedelai Biji Kering (Impor),10500
5264,2023-06-19,Bawang Putih Kating,32000
5265,2023-06-19,Terigu,10000
5266,2023-06-19,Ubi Jalar,5000
5267,2023-06-19,Bawang Putih Bonggol,32000
5268,2023-06-19,Cabe Rawit Merah,25000
5269,2023-06-19,Beras premium,11800
5270,2023-06-19,Minyak Goreng Curah,14000
5271,2023-06-15,Beras Medium,11300
5272,2023-06-15,Beras Termurah,9400
5273,2023-06-15,Gula Pasir Konsumsi,13500
5274,2023-06-15,Minyak Goreng Kemasan,14000
5275,2023-06-15,Daging Ayam Ras,35000
5276,2023-06-15,Telur Ayam Ras,30000
5277,2023-06-15,Daging Sapi Murni,130000
5278,2023-06-15,Bawang Merah,33000
5279,2023-06-15,Cabe Merah Keriting,20000
5280,2023-06-15,Cabe Merah Besar,30000
5281,2023-06-15,Jagung Pipilan Kering,7000
5282,2023-06-15,Kedelai Biji Kering (Impor),10500
5283,2023-06-15,Bawang Putih Kating,30000
5284,2023-06-15,Terigu,10000
5285,2023-06-15,Ubi Jalar,5000
5286,2023-06-15,Bawang Putih Bonggol,26000
5287,2023-06-15,Cabe Rawit Merah,30000
5288,2023-06-15,Beras premium,11800
5289,2023-06-15,Minyak Goreng Curah,14000
5290,2023-06-12,Beras Medium,11300
5291,2023-06-12,Beras Termurah,9400
5292,2023-06-12,Gula Pasir Konsumsi,13500
5293,2023-06-12,Minyak Goreng Kemasan,14000
5294,2023-06-12,Daging Ayam Ras,35000
5295,2023-06-12,Telur Ayam Ras,30000
5296,2023-06-12,Daging Sapi Murni,130000
5297,2023-06-12,Bawang Merah,33000
5298,2023-06-12,Cabe Merah Keriting,20000
5299,2023-06-12,Cabe Merah Besar,30000
5300,2023-06-12,Jagung Pipilan Kering,7000
5301,2023-06-12,Kedelai Biji Kering (Impor),10500
5302,2023-06-12,Bawang Putih Kating,30000
5303,2023-06-12,Terigu,10000
5304,2023-06-12,Ubi Jalar,5000
5305,2023-06-12,Bawang Putih Bonggol,26000
5306,2023-06-12,Cabe Rawit Merah,30000
5307,2023-06-12,Beras premium,11800
5308,2023-06-12,Minyak Goreng Curah,14000
5309,2023-06-08,Beras Medium,11300
5310,2023-06-08,Beras Termurah,9400
5311,2023-06-08,Gula Pasir Konsumsi,13500
5312,2023-06-08,Minyak Goreng Kemasan,14000
5313,2023-06-08,Daging Ayam Ras,36000
5314,2023-06-08,Telur Ayam Ras,30000
5315,2023-06-08,Daging Sapi Murni,130000
5316,2023-06-08,Bawang Merah,33000
5317,2023-06-08,Cabe Merah Keriting,25000
5318,2023-06-08,Cabe Merah Besar,30000
5319,2023-06-08,Jagung Pipilan Kering,7000
5320,2023-06-08,Kedelai Biji Kering (Impor),10500
5321,2023-06-08,Bawang Putih Kating,30000
5322,2023-06-08,Terigu,10000
5323,2023-06-08,Ubi Jalar,5000
5324,2023-06-08,Bawang Putih Bonggol,26000
5325,2023-06-08,Cabe Rawit Merah,35000
5326,2023-06-08,Beras premium,11800
5327,2023-06-08,Minyak Goreng Curah,14000
5328,2023-06-05,Beras Medium,11300
5329,2023-06-05,Beras Termurah,9400
5330,2023-06-05,Gula Pasir Konsumsi,14000
5331,2023-06-05,Minyak Goreng Kemasan,14000
5332,2023-06-05,Daging Ayam Ras,38000
5333,2023-06-05,Telur Ayam Ras,30000
5334,2023-06-05,Daging Sapi Murni,130000
5335,2023-06-05,Bawang Merah,33000
5336,2023-06-05,Cabe Merah Keriting,25000
5337,2023-06-05,Cabe Merah Besar,35000
5338,2023-06-05,Jagung Pipilan Kering,7000
5339,2023-06-05,Kedelai Biji Kering (Impor),11000
5340,2023-06-05,Bawang Putih Kating,30000
5341,2023-06-05,Terigu,10000
5342,2023-06-05,Ubi Jalar,5000
5343,2023-06-05,Bawang Putih Bonggol,26000
5344,2023-06-05,Cabe Rawit Merah,35000
5345,2023-06-05,Beras premium,11800
5346,2023-06-05,Minyak Goreng Curah,14000
5347,2023-06-02,Beras Medium,11300
5348,2023-06-02,Beras Termurah,9500
5349,2023-06-02,Gula Pasir Konsumsi,14000
5350,2023-06-02,Minyak Goreng Kemasan,14000
5351,2023-06-02,Daging Ayam Ras,34000
5352,2023-06-02,Telur Ayam Ras,30000
5353,2023-06-02,Daging Sapi Murni,130000
5354,2023-06-02,Bawang Merah,33000
5355,2023-06-02,Cabe Merah Keriting,25000
5356,2023-06-02,Cabe Merah Besar,35000
5357,2023-06-02,Jagung Pipilan Kering,7000
5358,2023-06-02,Kedelai Biji Kering (Impor),11000
5359,2023-06-02,Bawang Putih Kating,30000
5360,2023-06-02,Terigu,10000
5361,2023-06-02,Ubi Jalar,5000
5362,2023-06-02,Bawang Putih Bonggol,26000
5363,2023-06-02,Cabe Rawit Merah,35000
5364,2023-06-02,Beras premium,11800
5365,2023-06-02,Minyak Goreng Curah,14000
5366,2023-05-29,Beras Medium,11300
5367,2023-05-29,Beras Termurah,9500
5368,2023-05-29,Gula Pasir Konsumsi,14000
5369,2023-05-29,Minyak Goreng Kemasan,14000
5370,2023-05-29,Daging Ayam Ras,31000
5371,2023-05-29,Telur Ayam Ras,31000
5372,2023-05-29,Daging Sapi Murni,130000
5373,2023-05-29,Bawang Merah,33000
5374,2023-05-29,Cabe Merah Keriting,25000
5375,2023-05-29,Cabe Merah Besar,35000
5376,2023-05-29,Jagung Pipilan Kering,7000
5377,2023-05-29,Kedelai Biji Kering (Impor),11000
5378,2023-05-29,Bawang Putih Kating,30000
5379,2023-05-29,Terigu,10000
5380,2023-05-29,Ubi Jalar,5000
5381,2023-05-29,Bawang Putih Bonggol,26000
5382,2023-05-29,Cabe Rawit Merah,35000
5383,2023-05-29,Beras premium,11800
5384,2023-05-29,Minyak Goreng Curah,14000
5385,2023-05-22,Beras Medium,11300
5386,2023-05-22,Beras Termurah,9400
5387,2023-05-22,Gula Pasir Konsumsi,14000
5388,2023-05-22,Minyak Goreng Kemasan,15000
5389,2023-05-22,Daging Ayam Ras,38000
5390,2023-05-22,Telur Ayam Ras,31000
5391,2023-05-22,Daging Sapi Murni,130000
5392,2023-05-22,Bawang Merah,33000
5393,2023-05-22,Cabe Merah Keriting,20000
5394,2023-05-22,Cabe Merah Besar,35000
5395,2023-05-22,Jagung Pipilan Kering,7000
5396,2023-05-22,Kedelai Biji Kering (Impor),11000
5397,2023-05-22,Bawang Putih Kating,30000
5398,2023-05-22,Terigu,10000
5399,2023-05-22,Ubi Jalar,5000
5400,2023-05-22,Bawang Putih Bonggol,26000
5401,2023-05-22,Cabe Rawit Merah,35000
5402,2023-05-22,Beras premium,11800
5403,2023-05-22,Minyak Goreng Curah,15000
5404,2023-05-19,Beras Medium,11300
5405,2023-05-19,Beras Termurah,9400
5406,2023-05-19,Gula Pasir Konsumsi,14000
5407,2023-05-19,Minyak Goreng Kemasan,15000
5408,2023-05-19,Daging Ayam Ras,35000
5409,2023-05-19,Telur Ayam Ras,31000
5410,2023-05-19,Daging Sapi Murni,130000
5411,2023-05-19,Bawang Merah,33000
5412,2023-05-19,Cabe Merah Keriting,22000
5413,2023-05-19,Cabe Merah Besar,30000
5414,2023-05-19,Jagung Pipilan Kering,7000
5415,2023-05-19,Kedelai Biji Kering (Impor),11000
5416,2023-05-19,Bawang Putih Kating,30000
5417,2023-05-19,Terigu,10000
5418,2023-05-19,Ubi Jalar,5000
5419,2023-05-19,Bawang Putih Bonggol,26000
5420,2023-05-19,Cabe Rawit Merah,28000
5421,2023-05-19,Beras premium,11800
5422,2023-05-19,Minyak Goreng Curah,15000
5423,2023-05-15,Beras Medium,11300
5424,2023-05-15,Beras Termurah,9400
5425,2023-05-15,Gula Pasir Konsumsi,14000
5426,2023-05-15,Minyak Goreng Kemasan,15000
5427,2023-05-15,Daging Ayam Ras,33000
5428,2023-05-15,Telur Ayam Ras,32000
5429,2023-05-15,Daging Sapi Murni,130000
5430,2023-05-15,Bawang Merah,33000
5431,2023-05-15,Cabe Merah Keriting,25000
5432,2023-05-15,Cabe Merah Besar,30000
5433,2023-05-15,Jagung Pipilan Kering,7000
5434,2023-05-15,Kedelai Biji Kering (Impor),11000
5435,2023-05-15,Bawang Putih Kating,30000
5436,2023-05-15,Terigu,10000
5437,2023-05-15,Ubi Jalar,5000
5438,2023-05-15,Bawang Putih Bonggol,26000
5439,2023-05-15,Cabe Rawit Merah,25000
5440,2023-05-15,Beras premium,11800
5441,2023-05-15,Minyak Goreng Curah,15000
5442,2023-04-27,Beras Medium,11300
5443,2023-04-27,Beras Termurah,9400
5444,2023-04-27,Gula Pasir Konsumsi,13500
5445,2023-04-27,Minyak Goreng Kemasan,15000
5446,2023-04-27,Daging Ayam Ras,43000
5447,2023-04-27,Telur Ayam Ras,28000
5448,2023-04-27,Daging Sapi Murni,130000
5449,2023-04-27,Bawang Merah,32000
5450,2023-04-27,Cabe Merah Keriting,25000
5451,2023-04-27,Cabe Merah Besar,30000
5452,2023-04-27,Jagung Pipilan Kering,7000
5453,2023-04-27,Kedelai Biji Kering (Impor),13000
5454,2023-04-27,Bawang Putih Kating,30000
5455,2023-04-27,Terigu,10000
5456,2023-04-27,Ubi Jalar,5000
5457,2023-04-27,Bawang Putih Bonggol,26000
5458,2023-04-27,Cabe Rawit Merah,25000
5459,2023-04-27,Beras premium,11800
5460,2023-04-27,Minyak Goreng Curah,14000
5461,2023-04-24,Beras Medium,11300
5462,2023-04-24,Beras Termurah,9400
5463,2023-04-24,Gula Pasir Konsumsi,13500
5464,2023-04-24,Minyak Goreng Kemasan,15000
5465,2023-04-24,Daging Ayam Ras,45000
5466,2023-04-24,Telur Ayam Ras,28000
5467,2023-04-24,Daging Sapi Murni,140000
5468,2023-04-24,Bawang Merah,32000
5469,2023-04-24,Cabe Merah Keriting,40000
5470,2023-04-24,Cabe Merah Besar,45000
5471,2023-04-24,Jagung Pipilan Kering,7000
5472,2023-04-24,Kedelai Biji Kering (Impor),13000
5473,2023-04-24,Bawang Putih Kating,30000
5474,2023-04-24,Terigu,10000
5475,2023-04-24,Ubi Jalar,5000
5476,2023-04-24,Bawang Putih Bonggol,26000
5477,2023-04-24,Cabe Rawit Merah,30000
5478,2023-04-24,Beras premium,11800
5479,2023-04-24,Minyak Goreng Curah,14000
5480,2023-04-20,Beras Medium,11300
5481,2023-04-20,Beras Termurah,9400
5482,2023-04-20,Gula Pasir Konsumsi,13500
5483,2023-04-20,Minyak Goreng Kemasan,15000
5484,2023-04-20,Daging Ayam Ras,40000
5485,2023-04-20,Telur Ayam Ras,27000
5486,2023-04-20,Daging Sapi Murni,135000
5487,2023-04-20,Bawang Merah,32000
5488,2023-04-20,Cabe Merah Keriting,35000
5489,2023-04-20,Cabe Merah Besar,45000
5490,2023-04-20,Jagung Pipilan Kering,7000
5491,2023-04-20,Kedelai Biji Kering (Impor),13000
5492,2023-04-20,Bawang Putih Kating,30000
5493,2023-04-20,Terigu,10000
5494,2023-04-20,Ubi Jalar,5000
5495,2023-04-20,Bawang Putih Bonggol,26000
5496,2023-04-20,Cabe Rawit Merah,35000
5497,2023-04-20,Beras premium,11800
5498,2023-04-20,Minyak Goreng Curah,14000
5499,2023-04-17,Beras Medium,11300
5500,2023-04-17,Beras Termurah,9400
5501,2023-04-17,Gula Pasir Konsumsi,13500
5502,2023-04-17,Minyak Goreng Kemasan,15000
5503,2023-04-17,Daging Ayam Ras,35000
5504,2023-04-17,Telur Ayam Ras,26000
5505,2023-04-17,Daging Sapi Murni,130000
5506,2023-04-17,Bawang Merah,30000
5507,2023-04-17,Cabe Merah Keriting,40000
5508,2023-04-17,Cabe Merah Besar,45000
5509,2023-04-17,Jagung Pipilan Kering,7000
5510,2023-04-17,Kedelai Biji Kering (Impor),13000
5511,2023-04-17,Bawang Putih Kating,30000
5512,2023-04-17,Terigu,10000
5513,2023-04-17,Ubi Jalar,5000
5514,2023-04-17,Bawang Putih Bonggol,26000
5515,2023-04-17,Cabe Rawit Merah,30000
5516,2023-04-17,Beras premium,11800
5517,2023-04-17,Minyak Goreng Curah,14000
5518,2023-04-13,Beras Medium,11300
5519,2023-04-13,Beras Termurah,9400
5520,2023-04-13,Gula Pasir Konsumsi,13500
5521,2023-04-13,Minyak Goreng Kemasan,15000
5522,2023-04-13,Daging Ayam Ras,32000
5523,2023-04-13,Telur Ayam Ras,27000
5524,2023-04-13,Daging Sapi Murni,130000
5525,2023-04-13,Bawang Merah,28000
5526,2023-04-13,Cabe Merah Keriting,20000
5527,2023-04-13,Cabe Merah Besar,25000
5528,2023-04-13,Jagung Pipilan Kering,7000
5529,2023-04-13,Kedelai Biji Kering (Impor),13000
5530,2023-04-13,Bawang Putih Kating,30000
5531,2023-04-13,Terigu,10000
5532,2023-04-13,Ubi Jalar,5000
5533,2023-04-13,Bawang Putih Bonggol,26000
5534,2023-04-13,Cabe Rawit Merah,25000
5535,2023-04-13,Beras premium,11800
5536,2023-04-13,Minyak Goreng Curah,14000
5537,2023-04-10,Beras Medium,11300
5538,2023-04-10,Beras Termurah,9400
5539,2023-04-10,Gula Pasir Konsumsi,13500
5540,2023-04-10,Minyak Goreng Kemasan,15000
5541,2023-04-10,Daging Ayam Ras,32000
5542,2023-04-10,Telur Ayam Ras,26000
5543,2023-04-10,Daging Sapi Murni,130000
5544,2023-04-10,Bawang Merah,28000
5545,2023-04-10,Cabe Merah Keriting,20000
5546,2023-04-10,Cabe Merah Besar,25000
5547,2023-04-10,Jagung Pipilan Kering,7000
5548,2023-04-10,Kedelai Biji Kering (Impor),13000
5549,2023-04-10,Bawang Putih Kating,30000
5550,2023-04-10,Terigu,10000
5551,2023-04-10,Ubi Jalar,5000
5552,2023-04-10,Bawang Putih Bonggol,26000
5553,2023-04-10,Cabe Rawit Merah,25000
5554,2023-04-10,Beras premium,11800
5555,2023-04-10,Minyak Goreng Curah,13500
5556,2023-04-06,Beras Medium,11300
5557,2023-04-06,Beras Termurah,9400
5558,2023-04-06,Gula Pasir Konsumsi,13500
5559,2023-04-06,Minyak Goreng Kemasan,15000
5560,2023-04-06,Daging Ayam Ras,33000
5561,2023-04-06,Telur Ayam Ras,26000
5562,2023-04-06,Daging Sapi Murni,130000
5563,2023-04-06,Bawang Merah,28000
5564,2023-04-06,Cabe Merah Keriting,25000
5565,2023-04-06,Cabe Merah Besar,25000
5566,2023-04-06,Jagung Pipilan Kering,7000
5567,2023-04-06,Kedelai Biji Kering (Impor),13000
5568,2023-04-06,Bawang Putih Kating,30000
5569,2023-04-06,Terigu,10000
5570,2023-04-06,Ubi Jalar,5000
5571,2023-04-06,Bawang Putih Bonggol,26000
5572,2023-04-06,Cabe Rawit Merah,35000
5573,2023-04-06,Beras premium,11800
5574,2023-04-06,Minyak Goreng Curah,13500
5575,2023-04-03,Beras Medium,11300
5576,2023-04-03,Beras Termurah,9400
5577,2023-04-03,Gula Pasir Konsumsi,13500
5578,2023-04-03,Minyak Goreng Kemasan,15000
5579,2023-04-03,Daging Ayam Ras,33000
5580,2023-04-03,Telur Ayam Ras,26000
5581,2023-04-03,Daging Sapi Murni,130000
5582,2023-04-03,Bawang Merah,28000
5583,2023-04-03,Cabe Merah Keriting,25000
5584,2023-04-03,Cabe Merah Besar,25000
5585,2023-04-03,Jagung Pipilan Kering,7000
5586,2023-04-03,Kedelai Biji Kering (Impor),15000
5587,2023-04-03,Bawang Putih Kating,30000
5588,2023-04-03,Terigu,10000
5589,2023-04-03,Ubi Jalar,5000
5590,2023-04-03,Bawang Putih Bonggol,26000
5591,2023-04-03,Cabe Rawit Merah,30000
5592,2023-04-03,Beras premium,11800
5593,2023-04-03,Minyak Goreng Curah,13500
5594,2023-03-27,Beras Medium,11300
5595,2023-03-27,Beras Termurah,9400
5596,2023-03-27,Gula Pasir Konsumsi,13500
5597,2023-03-27,Minyak Goreng Kemasan,14000
5598,2023-03-27,Daging Ayam Ras,33000
5599,2023-03-27,Telur Ayam Ras,29000
5600,2023-03-27,Daging Sapi Murni,130000
5601,2023-03-27,Bawang Merah,28000
5602,2023-03-27,Cabe Merah Keriting,35000
5603,2023-03-27,Cabe Merah Besar,40000
5604,2023-03-27,Jagung Pipilan Kering,7000
5605,2023-03-27,Kedelai Biji Kering (Impor),15000
5606,2023-03-27,Bawang Putih Kating,30000
5607,2023-03-27,Terigu,10000
5608,2023-03-27,Ubi Jalar,5000
5609,2023-03-27,Bawang Putih Bonggol,26000
5610,2023-03-27,Cabe Rawit Merah,65000
5611,2023-03-27,Beras premium,11800
5612,2023-03-27,Minyak Goreng Curah,13500
5613,2023-03-23,Beras Medium,11300
5614,2023-03-23,Beras Termurah,9400
5615,2023-03-23,Gula Pasir Konsumsi,13500
5616,2023-03-23,Minyak Goreng Kemasan,14000
5617,2023-03-23,Daging Ayam Ras,33000
5618,2023-03-23,Telur Ayam Ras,31000
5619,2023-03-23,Daging Sapi Murni,130000
5620,2023-03-23,Bawang Merah,28000
5621,2023-03-23,Cabe Merah Keriting,35000
5622,2023-03-23,Cabe Merah Besar,40000
5623,2023-03-23,Jagung Pipilan Kering,7000
5624,2023-03-23,Kedelai Biji Kering (Impor),15000
5625,2023-03-23,Bawang Putih Kating,30000
5626,2023-03-23,Terigu,10000
5627,2023-03-23,Ubi Jalar,5000
5628,2023-03-23,Bawang Putih Bonggol,26000
5629,2023-03-23,Cabe Rawit Merah,75000
5630,2023-03-23,Beras premium,11800
5631,2023-03-23,Minyak Goreng Curah,13500
5632,2023-03-20,Beras Medium,11300
5633,2023-03-20,Beras Termurah,9400
5634,2023-03-20,Gula Pasir Konsumsi,13500
5635,2023-03-20,Minyak Goreng Kemasan,14000
5636,2023-03-20,Daging Ayam Ras,33000
5637,2023-03-20,Telur Ayam Ras,31000
5638,2023-03-20,Daging Sapi Murni,130000
5639,2023-03-20,Bawang Merah,28000
5640,2023-03-20,Cabe Merah Keriting,35000
5641,2023-03-20,Cabe Merah Besar,40000
5642,2023-03-20,Jagung Pipilan Kering,7000
5643,2023-03-20,Kedelai Biji Kering (Impor),15000
5644,2023-03-20,Bawang Putih Kating,30000
5645,2023-03-20,Terigu,10000
5646,2023-03-20,Ubi Jalar,5000
5647,2023-03-20,Bawang Putih Bonggol,26000
5648,2023-03-20,Cabe Rawit Merah,65000
5649,2023-03-20,Beras premium,11800
5650,2023-03-20,Minyak Goreng Curah,13500
5651,2023-03-16,Beras Medium,11300
5652,2023-03-16,Beras Termurah,9400
5653,2023-03-16,Gula Pasir Konsumsi,13500
5654,2023-03-16,Minyak Goreng Kemasan,14000
5655,2023-03-16,Daging Ayam Ras,33000
5656,2023-03-16,Telur Ayam Ras,31000
5657,2023-03-16,Daging Sapi Murni,130000
5658,2023-03-16,Bawang Merah,28000
5659,2023-03-16,Cabe Merah Keriting,35000
5660,2023-03-16,Cabe Merah Besar,40000
5661,2023-03-16,Jagung Pipilan Kering,7000
5662,2023-03-16,Kedelai Biji Kering (Impor),15000
5663,2023-03-16,Bawang Putih Kating,30000
5664,2023-03-16,Terigu,10000
5665,2023-03-16,Ubi Jalar,5000
5666,2023-03-16,Bawang Putih Bonggol,26000
5667,2023-03-16,Cabe Rawit Merah,65000
5668,2023-03-16,Beras premium,11800
5669,2023-03-16,Minyak Goreng Curah,13500
5670,2023-03-13,Beras Medium,11300
5671,2023-03-13,Beras Termurah,9400
5672,2023-03-13,Gula Pasir Konsumsi,13500
5673,2023-03-13,Minyak Goreng Kemasan,14000
5674,2023-03-13,Daging Ayam Ras,30000
5675,2023-03-13,Telur Ayam Ras,28000
5676,2023-03-13,Daging Sapi Murni,130000
5677,2023-03-13,Bawang Merah,29000
5678,2023-03-13,Cabe Merah Keriting,35000
5679,2023-03-13,Cabe Merah Besar,40000
5680,2023-03-13,Jagung Pipilan Kering,7000
5681,2023-03-13,Kedelai Biji Kering (Impor),15000
5682,2023-03-13,Bawang Putih Kating,30000
5683,2023-03-13,Terigu,10000
5684,2023-03-13,Ubi Jalar,5000
5685,2023-03-13,Bawang Putih Bonggol,28000
5686,2023-03-13,Cabe Rawit Merah,65000
5687,2023-03-13,Beras premium,11800
5688,2023-03-13,Minyak Goreng Curah,14000
5689,2023-03-09,Beras Medium,11300
5690,2023-03-09,Beras Termurah,9400
5691,2023-03-09,Gula Pasir Konsumsi,13500
5692,2023-03-09,Minyak Goreng Kemasan,14000
5693,2023-03-09,Daging Ayam Ras,30000
5694,2023-03-09,Telur Ayam Ras,28000
5695,2023-03-09,Daging Sapi Murni,130000
5696,2023-03-09,Bawang Merah,34000
5697,2023-03-09,Cabe Merah Keriting,35000
5698,2023-03-09,Cabe Merah Besar,40000
5699,2023-03-09,Jagung Pipilan Kering,7000
5700,2023-03-09,Kedelai Biji Kering (Impor),15000
5701,2023-03-09,Bawang Putih Kating,34000
5702,2023-03-09,Terigu,10000
5703,2023-03-09,Ubi Jalar,5000
5704,2023-03-09,Bawang Putih Bonggol,28000
5705,2023-03-09,Cabe Rawit Merah,65000
5706,2023-03-09,Beras premium,11800
5707,2023-03-09,Minyak Goreng Curah,14000
5708,2023-03-06,Beras Medium,11300
5709,2023-03-06,Beras Termurah,9400
5710,2023-03-06,Gula Pasir Konsumsi,13500
5711,2023-03-06,Minyak Goreng Kemasan,14000
5712,2023-03-06,Daging Ayam Ras,30000
5713,2023-03-06,Telur Ayam Ras,27000
5714,2023-03-06,Daging Sapi Murni,130000
5715,2023-03-06,Bawang Merah,34000
5716,2023-03-06,Cabe Merah Keriting,35000
5717,2023-03-06,Cabe Merah Besar,35000
5718,2023-03-06,Jagung Pipilan Kering,7000
5719,2023-03-06,Kedelai Biji Kering (Impor),15000
5720,2023-03-06,Bawang Putih Kating,34000
5721,2023-03-06,Terigu,10000
5722,2023-03-06,Ubi Jalar,5000
5723,2023-03-06,Bawang Putih Bonggol,28000
5724,2023-03-06,Cabe Rawit Merah,65000
5725,2023-03-06,Beras premium,11800
5726,2023-03-06,Minyak Goreng Curah,14000
5727,2023-03-02,Beras Medium,11300
5728,2023-03-02,Beras Termurah,9400
5729,2023-03-02,Gula Pasir Konsumsi,13500
5730,2023-03-02,Minyak Goreng Kemasan,14000
5731,2023-03-02,Daging Ayam Ras,30000
5732,2023-03-02,Telur Ayam Ras,26000
5733,2023-03-02,Daging Sapi Murni,130000
5734,2023-03-02,Bawang Merah,28000
5735,2023-03-02,Cabe Merah Keriting,35000
5736,2023-03-02,Cabe Merah Besar,35000
5737,2023-03-02,Jagung Pipilan Kering,7000
5738,2023-03-02,Kedelai Biji Kering (Impor),15000
5739,2023-03-02,Bawang Putih Kating,32000
5740,2023-03-02,Terigu,10000
5741,2023-03-02,Ubi Jalar,5000
5742,2023-03-02,Bawang Putih Bonggol,25000
5743,2023-03-02,Cabe Rawit Merah,55000
5744,2023-03-02,Beras premium,11800
5745,2023-03-02,Minyak Goreng Curah,14000
5746,2023-02-27,Beras Medium,11500
5747,2023-02-27,Beras Termurah,9400
5748,2023-02-27,Gula Pasir Konsumsi,13500
5749,2023-02-27,Minyak Goreng Kemasan,14000
5750,2023-02-27,Daging Ayam Ras,29000
5751,2023-02-27,Telur Ayam Ras,26000
5752,2023-02-27,Daging Sapi Murni,130000
5753,2023-02-27,Bawang Merah,26000
5754,2023-02-27,Cabe Merah Keriting,40000
5755,2023-02-27,Cabe Merah Besar,40000
5756,2023-02-27,Jagung Pipilan Kering,7000
5757,2023-02-27,Kedelai Biji Kering (Impor),15000
5758,2023-02-27,Bawang Putih Kating,30000
5759,2023-02-27,Terigu,10000
5760,2023-02-27,Ubi Jalar,5000
5761,2023-02-27,Bawang Putih Bonggol,25000
5762,2023-02-27,Cabe Rawit Merah,55000
5763,2023-02-27,Beras premium,12000
5764,2023-02-27,Minyak Goreng Curah,14000
5765,2023-02-23,Beras Medium,11500
5766,2023-02-23,Beras Termurah,9400
5767,2023-02-23,Gula Pasir Konsumsi,13500
5768,2023-02-23,Minyak Goreng Kemasan,14000
5769,2023-02-23,Daging Ayam Ras,30000
5770,2023-02-23,Telur Ayam Ras,27000
5771,2023-02-23,Daging Sapi Murni,130000
5772,2023-02-23,Bawang Merah,26000
5773,2023-02-23,Cabe Merah Keriting,45000
5774,2023-02-23,Cabe Merah Besar,40000
5775,2023-02-23,Jagung Pipilan Kering,7000
5776,2023-02-23,Kedelai Biji Kering (Impor),15000
5777,2023-02-23,Bawang Putih Kating,30000
5778,2023-02-23,Terigu,10000
5779,2023-02-23,Ubi Jalar,5000
5780,2023-02-23,Bawang Putih Bonggol,25000
5781,2023-02-23,Cabe Rawit Merah,60000
5782,2023-02-23,Beras premium,12000
5783,2023-02-23,Minyak Goreng Curah,14000
5784,2023-02-20,Beras Medium,11500
5785,2023-02-20,Beras Termurah,9400
5786,2023-02-20,Gula Pasir Konsumsi,13500
5787,2023-02-20,Minyak Goreng Kemasan,14000
5788,2023-02-20,Daging Ayam Ras,33000
5789,2023-02-20,Telur Ayam Ras,27000
5790,2023-02-20,Daging Sapi Murni,130000
5791,2023-02-20,Bawang Merah,26000
5792,2023-02-20,Cabe Merah Keriting,45000
5793,2023-02-20,Cabe Merah Besar,40000
5794,2023-02-20,Jagung Pipilan Kering,7000
5795,2023-02-20,Kedelai Biji Kering (Impor),15000
5796,2023-02-20,Bawang Putih Kating,30000
5797,2023-02-20,Terigu,10000
5798,2023-02-20,Ubi Jalar,5000
5799,2023-02-20,Bawang Putih Bonggol,25000
5800,2023-02-20,Cabe Rawit Merah,55000
5801,2023-02-20,Beras premium,12000
5802,2023-02-20,Minyak Goreng Curah,14000
5803,2023-02-16,Beras Medium,11500
5804,2023-02-16,Beras Termurah,9400
5805,2023-02-16,Gula Pasir Konsumsi,13500
5806,2023-02-16,Minyak Goreng Kemasan,15000
5807,2023-02-16,Daging Ayam Ras,33000
5808,2023-02-16,Telur Ayam Ras,27000
5809,2023-02-16,Daging Sapi Murni,130000
5810,2023-02-16,Bawang Merah,29000
5811,2023-02-16,Cabe Merah Keriting,45000
5812,2023-02-16,Cabe Merah Besar,40000
5813,2023-02-16,Jagung Pipilan Kering,7000
5814,2023-02-16,Kedelai Biji Kering (Impor),15000
5815,2023-02-16,Bawang Putih Kating,28000
5816,2023-02-16,Terigu,10000
5817,2023-02-16,Ubi Jalar,5000
5818,2023-02-16,Bawang Putih Bonggol,24000
5819,2023-02-16,Cabe Rawit Merah,60000
5820,2023-02-16,Beras premium,12000
5821,2023-02-16,Minyak Goreng Curah,14000
5822,2023-02-13,Beras Medium,11500
5823,2023-02-13,Beras Termurah,9400
5824,2023-02-13,Gula Pasir Konsumsi,13500
5825,2023-02-13,Minyak Goreng Kemasan,15000
5826,2023-02-13,Daging Ayam Ras,33000
5827,2023-02-13,Telur Ayam Ras,27000
5828,2023-02-13,Daging Sapi Murni,130000
5829,2023-02-13,Bawang Merah,34000
5830,2023-02-13,Cabe Merah Keriting,35000
5831,2023-02-13,Cabe Merah Besar,40000
5832,2023-02-13,Jagung Pipilan Kering,7000
5833,2023-02-13,Kedelai Biji Kering (Impor),15000
5834,2023-02-13,Bawang Putih Kating,28000
5835,2023-02-13,Terigu,10000
5836,2023-02-13,Ubi Jalar,5000
5837,2023-02-13,Bawang Putih Bonggol,24000
5838,2023-02-13,Cabe Rawit Merah,55000
5839,2023-02-13,Beras premium,12000
5840,2023-02-13,Minyak Goreng Curah,14000
5841,2023-02-09,Beras Medium,11500
5842,2023-02-09,Beras Termurah,9400
5843,2023-02-09,Gula Pasir Konsumsi,13500
5844,2023-02-09,Minyak Goreng Kemasan,18000
5845,2023-02-09,Daging Ayam Ras,33000
5846,2023-02-09,Telur Ayam Ras,28000
5847,2023-02-09,Daging Sapi Murni,130000
5848,2023-02-09,Bawang Merah,36000
5849,2023-02-09,Cabe Merah Keriting,40000
5850,2023-02-09,Cabe Merah Besar,40000
5851,2023-02-09,Jagung Pipilan Kering,7000
5852,2023-02-09,Kedelai Biji Kering (Impor),15000
5853,2023-02-09,Bawang Putih Kating,28000
5854,2023-02-09,Terigu,10000
5855,2023-02-09,Ubi Jalar,5000
5856,2023-02-09,Bawang Putih Bonggol,24000
5857,2023-02-09,Cabe Rawit Merah,55000
5858,2023-02-09,Beras premium,12000
5859,2023-02-09,Minyak Goreng Curah,15000
5860,2023-02-06,Beras Medium,11500
5861,2023-02-06,Beras Termurah,9400
5862,2023-02-06,Gula Pasir Konsumsi,13500
5863,2023-02-06,Minyak Goreng Kemasan,18000
5864,2023-02-06,Daging Ayam Ras,31000
5865,2023-02-06,Telur Ayam Ras,27000
5866,2023-02-06,Daging Sapi Murni,130000
5867,2023-02-06,Bawang Merah,37000
5868,2023-02-06,Cabe Merah Keriting,40000
5869,2023-02-06,Cabe Merah Besar,35000
5870,2023-02-06,Jagung Pipilan Kering,7000
5871,2023-02-06,Kedelai Biji Kering (Impor),15000
5872,2023-02-06,Bawang Putih Kating,28000
5873,2023-02-06,Terigu,10000
5874,2023-02-06,Ubi Jalar,5000
5875,2023-02-06,Bawang Putih Bonggol,23000
5876,2023-02-06,Cabe Rawit Merah,50000
5877,2023-02-06,Beras premium,12000
5878,2023-02-06,Minyak Goreng Curah,15000
5879,2023-02-02,Beras Medium,11500
5880,2023-02-02,Beras Termurah,9400
5881,2023-02-02,Gula Pasir Konsumsi,13500
5882,2023-02-02,Minyak Goreng Kemasan,18000
5883,2023-02-02,Daging Ayam Ras,31000
5884,2023-02-02,Telur Ayam Ras,27000
5885,2023-02-02,Daging Sapi Murni,130000
5886,2023-02-02,Bawang Merah,37000
5887,2023-02-02,Cabe Merah Keriting,40000
5888,2023-02-02,Cabe Merah Besar,35000
5889,2023-02-02,Jagung Pipilan Kering,7000
5890,2023-02-02,Kedelai Biji Kering (Impor),15000
5891,2023-02-02,Bawang Putih Kating,27000
5892,2023-02-02,Terigu,10000
5893,2023-02-02,Ubi Jalar,5000
5894,2023-02-02,Bawang Putih Bonggol,23000
5895,2023-02-02,Cabe Rawit Merah,50000
5896,2023-02-02,Beras premium,12000
5897,2023-02-02,Minyak Goreng Curah,15000
5898,2023-01-30,Beras Medium,11000
5899,2023-01-30,Beras Termurah,9400
5900,2023-01-30,Gula Pasir Konsumsi,13500
5901,2023-01-30,Minyak Goreng Kemasan,16500
5902,2023-01-30,Daging Ayam Ras,31000
5903,2023-01-30,Telur Ayam Ras,27000
5904,2023-01-30,Daging Sapi Murni,130000
5905,2023-01-30,Bawang Merah,35000
5906,2023-01-30,Cabe Merah Keriting,35000
5907,2023-01-30,Cabe Merah Besar,35000
5908,2023-01-30,Jagung Pipilan Kering,7000
5909,2023-01-30,Kedelai Biji Kering (Impor),15000
5910,2023-01-30,Bawang Putih Kating,25000
5911,2023-01-30,Terigu,10000
5912,2023-01-30,Ubi Jalar,5000
5913,2023-01-30,Bawang Putih Bonggol,23000
5914,2023-01-30,Cabe Rawit Merah,40000
5915,2023-01-30,Beras premium,11500
5916,2023-01-30,Minyak Goreng Curah,15000
5917,2023-01-26,Beras Medium,11000
5918,2023-01-26,Beras Termurah,9400
5919,2023-01-26,Gula Pasir Konsumsi,13500
5920,2023-01-26,Minyak Goreng Kemasan,16500
5921,2023-01-26,Daging Ayam Ras,31000
5922,2023-01-26,Telur Ayam Ras,27000
5923,2023-01-26,Daging Sapi Murni,130000
5924,2023-01-26,Bawang Merah,35000
5925,2023-01-26,Cabe Merah Keriting,35000
5926,2023-01-26,Cabe Merah Besar,35000
5927,2023-01-26,Jagung Pipilan Kering,7000
5928,2023-01-26,Kedelai Biji Kering (Impor),15000
5929,2023-01-26,Bawang Putih Kating,25000
5930,2023-01-26,Terigu,10000
5931,2023-01-26,Ubi Jalar,5000
5932,2023-01-26,Bawang Putih Bonggol,23000
5933,2023-01-26,Cabe Rawit Merah,50000
5934,2023-01-26,Beras premium,11500
5935,2023-01-26,Minyak Goreng Curah,15000
5936,2023-01-19,Beras Medium,11000
5937,2023-01-19,Beras Termurah,9400
5938,2023-01-19,Gula Pasir Konsumsi,13500
5939,2023-01-19,Minyak Goreng Kemasan,18000
5940,2023-01-19,Daging Ayam Ras,32000
5941,2023-01-19,Telur Ayam Ras,28000
5942,2023-01-19,Daging Sapi Murni,130000
5943,2023-01-19,Bawang Merah,35000
5944,2023-01-19,Cabe Merah Keriting,35000
5945,2023-01-19,Cabe Merah Besar,35000
5946,2023-01-19,Jagung Pipilan Kering,7000
5947,2023-01-19,Kedelai Biji Kering (Impor),15000
5948,2023-01-19,Bawang Putih Kating,25000
5949,2023-01-19,Terigu,10000
5950,2023-01-19,Ubi Jalar,5000
5951,2023-01-19,Bawang Putih Bonggol,23000
5952,2023-01-19,Cabe Rawit Merah,45000
5953,2023-01-19,Beras premium,11500
5954,2023-01-19,Minyak Goreng Curah,15000
5955,2023-01-16,Beras Medium,11000
5956,2023-01-16,Beras Termurah,9400
5957,2023-01-16,Gula Pasir Konsumsi,13500
5958,2023-01-16,Minyak Goreng Kemasan,15000
5959,2023-01-16,Daging Ayam Ras,32000
5960,2023-01-16,Telur Ayam Ras,27500
5961,2023-01-16,Daging Sapi Murni,130000
5962,2023-01-16,Bawang Merah,35000
5963,2023-01-16,Cabe Merah Keriting,35000
5964,2023-01-16,Cabe Merah Besar,35000
5965,2023-01-16,Jagung Pipilan Kering,7000
5966,2023-01-16,Kedelai Biji Kering (Impor),15000
5967,2023-01-16,Bawang Putih Kating,25000
5968,2023-01-16,Terigu,10000
5969,2023-01-16,Ubi Jalar,5000
5970,2023-01-16,Bawang Putih Bonggol,23000
5971,2023-01-16,Cabe Rawit Merah,45000
5972,2023-01-16,Beras premium,11500
5973,2023-01-16,Minyak Goreng Curah,15000
5974,2023-01-12,Beras Medium,11000
5975,2023-01-12,Beras Termurah,9400
5976,2023-01-12,Gula Pasir Konsumsi,13500
5977,2023-01-12,Minyak Goreng Kemasan,15000
5978,2023-01-12,Daging Ayam Ras,32000
5979,2023-01-12,Telur Ayam Ras,28000
5980,2023-01-12,Daging Sapi Murni,130000
5981,2023-01-12,Bawang Merah,29000
5982,2023-01-12,Cabe Merah Keriting,38000
5983,2023-01-12,Cabe Merah Besar,35000
5984,2023-01-12,Jagung Pipilan Kering,7000
5985,2023-01-12,Kedelai Biji Kering (Impor),15000
5986,2023-01-12,Bawang Putih Kating,24000
5987,2023-01-12,Terigu,10000
5988,2023-01-12,Ubi Jalar,5000
5989,2023-01-12,Bawang Putih Bonggol,22000
5990,2023-01-12,Cabe Rawit Merah,40000
5991,2023-01-12,Beras premium,11500
5992,2023-01-12,Minyak Goreng Curah,14500
5993,2023-01-09,Beras Medium,11000
5994,2023-01-09,Beras Termurah,9500
5995,2023-01-09,Gula Pasir Konsumsi,13500
5996,2023-01-09,Minyak Goreng Kemasan,15000
5997,2023-01-09,Daging Ayam Ras,34000
5998,2023-01-09,Telur Ayam Ras,27000
5999,2023-01-09,Daging Sapi Murni,130000
6000,2023-01-09,Bawang Merah,28000
6001,2023-01-09,Cabe Merah Keriting,40000
6002,2023-01-09,Cabe Merah Besar,30000
6003,2023-01-09,Jagung Pipilan Kering,7000
6004,2023-01-09,Kedelai Biji Kering (Impor),15000
6005,2023-01-09,Bawang Putih Kating,22000
6006,2023-01-09,Terigu,10000
6007,2023-01-09,Ubi Jalar,5000
6008,2023-01-09,Bawang Putih Bonggol,18000
6009,2023-01-09,Cabe Rawit Merah,55000
6010,2023-01-09,Beras premium,11500
6011,2023-01-09,Minyak Goreng Curah,14500
6012,2023-01-05,Beras Medium,11000
6013,2023-01-05,Beras Termurah,9500
6014,2023-01-05,Gula Pasir Konsumsi,13500
6015,2023-01-05,Minyak Goreng Kemasan,15000
6016,2023-01-05,Daging Ayam Ras,34000
6017,2023-01-05,Telur Ayam Ras,27000
6018,2023-01-05,Daging Sapi Murni,130000
6019,2023-01-05,Bawang Merah,28000
6020,2023-01-05,Cabe Merah Keriting,40000
6021,2023-01-05,Cabe Merah Besar,35000
6022,2023-01-05,Jagung Pipilan Kering,7000
6023,2023-01-05,Kedelai Biji Kering (Impor),15000
6024,2023-01-05,Bawang Putih Kating,22000
6025,2023-01-05,Terigu,10000
6026,2023-01-05,Ubi Jalar,5000
6027,2023-01-05,Bawang Putih Bonggol,18000
6028,2023-01-05,Cabe Rawit Merah,55000
6029,2023-01-05,Beras premium,11500
6030,2023-01-05,Minyak Goreng Curah,14500
6031,2023-01-02,Beras Medium,11000
6032,2023-01-02,Beras Termurah,9500
6033,2023-01-02,Gula Pasir Konsumsi,13500
6034,2023-01-02,Minyak Goreng Kemasan,15000
6035,2023-01-02,Daging Ayam Ras,34000
6036,2023-01-02,Telur Ayam Ras,28000
6037,2023-01-02,Daging Sapi Murni,130000
6038,2023-01-02,Bawang Merah,28000
6039,2023-01-02,Cabe Merah Keriting,40000
6040,2023-01-02,Cabe Merah Besar,35000
6041,2023-01-02,Jagung Pipilan Kering,7000
6042,2023-01-02,Kedelai Biji Kering (Impor),15000
6043,2023-01-02,Bawang Putih Kating,22000
6044,2023-01-02,Terigu,10000
6045,2023-01-02,Ubi Jalar,5000
6046,2023-01-02,Bawang Putih Bonggol,18000
6047,2023-01-02,Cabe Rawit Merah,65000
6048,2023-01-02,Beras premium,11500
6049,2023-01-02,Minyak Goreng Curah,14500
6050,2022-12-29,Beras Medium,11000
6051,2022-12-29,Beras Termurah,9500
6052,2022-12-29,Gula Pasir Konsumsi,13500
6053,2022-12-29,Minyak Goreng Kemasan,14000
6054,2022-12-29,Daging Ayam Ras,35000
6055,2022-12-29,Telur Ayam Ras,29000
6056,2022-12-29,Daging Sapi Murni,130000
6057,2022-12-29,Bawang Merah,26000
6058,2022-12-29,Cabe Merah Keriting,35000
6059,2022-12-29,Cabe Merah Besar,35000
6060,2022-12-29,Jagung Pipilan Kering,7000
6061,2022-12-29,Kedelai Biji Kering (Impor),15000
6062,2022-12-29,Bawang Putih Kating,22000
6063,2022-12-29,Terigu,10000
6064,2022-12-29,Ubi Jalar,5000
6065,2022-12-29,Bawang Putih Bonggol,18000
6066,2022-12-29,Cabe Rawit Merah,45000
6067,2022-12-29,Beras premium,11500
6068,2022-12-29,Minyak Goreng Curah,15000
6069,2022-12-19,Beras Medium,11000
6070,2022-12-19,Beras Termurah,9500
6071,2022-12-19,Gula Pasir Konsumsi,13500
6072,2022-12-19,Minyak Goreng Kemasan,14000
6073,2022-12-19,Daging Ayam Ras,34000
6074,2022-12-19,Telur Ayam Ras,29000
6075,2022-12-19,Daging Sapi Murni,130000
6076,2022-12-19,Bawang Merah,26000
6077,2022-12-19,Cabe Merah Keriting,30000
6078,2022-12-19,Cabe Merah Besar,35000
6079,2022-12-19,Jagung Pipilan Kering,7000
6080,2022-12-19,Kedelai Biji Kering (Impor),15000
6081,2022-12-19,Bawang Putih Kating,22000
6082,2022-12-19,Terigu,10000
6083,2022-12-19,Ubi Jalar,5000
6084,2022-12-19,Bawang Putih Bonggol,18000
6085,2022-12-19,Cabe Rawit Merah,35000
6086,2022-12-19,Beras premium,11500
6087,2022-12-19,Minyak Goreng Curah,14000
6088,2022-12-15,Beras Medium,11000
6089,2022-12-15,Beras Termurah,9500
6090,2022-12-15,Gula Pasir Konsumsi,13500
6091,2022-12-15,Minyak Goreng Kemasan,14000
6092,2022-12-15,Daging Ayam Ras,34000
6093,2022-12-15,Telur Ayam Ras,29000
6094,2022-12-15,Daging Sapi Murni,130000
6095,2022-12-15,Bawang Merah,26000
6096,2022-12-15,Cabe Merah Keriting,30000
6097,2022-12-15,Cabe Merah Besar,35000
6098,2022-12-15,Jagung Pipilan Kering,7000
6099,2022-12-15,Kedelai Biji Kering (Impor),15000
6100,2022-12-15,Bawang Putih Kating,22000
6101,2022-12-15,Terigu,10000
6102,2022-12-15,Ubi Jalar,5000
6103,2022-12-15,Bawang Putih Bonggol,18000
6104,2022-12-15,Cabe Rawit Merah,35000
6105,2022-12-15,Beras premium,11500
6106,2022-12-15,Minyak Goreng Curah,14000
6107,2022-12-12,Beras Medium,11000
6108,2022-12-12,Beras Termurah,9500
6109,2022-12-12,Gula Pasir Konsumsi,13500
6110,2022-12-12,Minyak Goreng Kemasan,14000
6111,2022-12-12,Daging Ayam Ras,33000
6112,2022-12-12,Telur Ayam Ras,30000
6113,2022-12-12,Daging Sapi Murni,130000
6114,2022-12-12,Bawang Merah,26000
6115,2022-12-12,Cabe Merah Keriting,35000
6116,2022-12-12,Cabe Merah Besar,40000
6117,2022-12-12,Jagung Pipilan Kering,7000
6118,2022-12-12,Kedelai Biji Kering (Impor),15000
6119,2022-12-12,Bawang Putih Kating,22000
6120,2022-12-12,Terigu,10000
6121,2022-12-12,Ubi Jalar,5000
6122,2022-12-12,Bawang Putih Bonggol,18000
6123,2022-12-12,Cabe Rawit Merah,40000
6124,2022-12-12,Beras premium,11500
6125,2022-12-12,Minyak Goreng Curah,14000
6126,2022-12-08,Beras Medium,11000
6127,2022-12-08,Beras Termurah,9500
6128,2022-12-08,Gula Pasir Konsumsi,13500
6129,2022-12-08,Minyak Goreng Kemasan,14000
6130,2022-12-08,Daging Ayam Ras,33000
6131,2022-12-08,Telur Ayam Ras,30000
6132,2022-12-08,Daging Sapi Murni,130000
6133,2022-12-08,Bawang Merah,28000
6134,2022-12-08,Cabe Merah Keriting,30000
6135,2022-12-08,Cabe Merah Besar,30000
6136,2022-12-08,Jagung Pipilan Kering,7000
6137,2022-12-08,Kedelai Biji Kering (Impor),15000
6138,2022-12-08,Bawang Putih Kating,22000
6139,2022-12-08,Terigu,10000
6140,2022-12-08,Ubi Jalar,5000
6141,2022-12-08,Bawang Putih Bonggol,18000
6142,2022-12-08,Cabe Rawit Merah,40000
6143,2022-12-08,Beras premium,11500
6144,2022-12-08,Minyak Goreng Curah,14000
6145,2022-12-05,Beras Medium,9500
6146,2022-12-05,Beras Termurah,9000
6147,2022-12-05,Gula Pasir Konsumsi,13500
6148,2022-12-05,Minyak Goreng Kemasan,14000
6149,2022-12-05,Daging Ayam Ras,33000
6150,2022-12-05,Telur Ayam Ras,30000
6151,2022-12-05,Daging Sapi Murni,130000
6152,2022-12-05,Bawang Merah,28000
6153,2022-12-05,Cabe Merah Keriting,25000
6154,2022-12-05,Cabe Merah Besar,30000
6155,2022-12-05,Jagung Pipilan Kering,7000
6156,2022-12-05,Kedelai Biji Kering (Impor),15000
6157,2022-12-05,Bawang Putih Kating,22000
6158,2022-12-05,Terigu,10000
6159,2022-12-05,Ubi Jalar,5000
6160,2022-12-05,Bawang Putih Bonggol,18000
6161,2022-12-05,Cabe Rawit Merah,35000
6162,2022-12-05,Beras premium,10500
6163,2022-12-05,Minyak Goreng Curah,14000
6164,2022-11-28,Beras Medium,9500
6165,2022-11-28,Beras Termurah,9000
6166,2022-11-28,Gula Pasir Konsumsi,13500
6167,2022-11-28,Minyak Goreng Kemasan,14000
6168,2022-11-28,Daging Ayam Ras,33000
6169,2022-11-28,Telur Ayam Ras,31000
6170,2022-11-28,Daging Sapi Murni,130000
6171,2022-11-28,Bawang Merah,26000
6172,2022-11-28,Cabe Merah Keriting,25000
6173,2022-11-28,Cabe Merah Besar,30000
6174,2022-11-28,Jagung Pipilan Kering,7000
6175,2022-11-28,Kedelai Biji Kering (Impor),15000
6176,2022-11-28,Bawang Putih Kating,22000
6177,2022-11-28,Terigu,10000
6178,2022-11-28,Ubi Jalar,5000
6179,2022-11-28,Bawang Putih Bonggol,18000
6180,2022-11-28,Cabe Rawit Merah,25000
6181,2022-11-28,Beras premium,10500
6182,2022-11-28,Minyak Goreng Curah,13500
6183,2022-11-24,Beras Medium,9500
6184,2022-11-24,Beras Termurah,9000
6185,2022-11-24,Gula Pasir Konsumsi,13000
6186,2022-11-24,Minyak Goreng Kemasan,14000
6187,2022-11-24,Daging Ayam Ras,33000
6188,2022-11-24,Telur Ayam Ras,29000
6189,2022-11-24,Daging Sapi Murni,130000
6190,2022-11-24,Bawang Merah,26000
6191,2022-11-24,Cabe Merah Keriting,30000
6192,2022-11-24,Cabe Merah Besar,35000
6193,2022-11-24,Jagung Pipilan Kering,7000
6194,2022-11-24,Kedelai Biji Kering (Impor),15000
6195,2022-11-24,Bawang Putih Kating,22000
6196,2022-11-24,Terigu,10000
6197,2022-11-24,Ubi Jalar,5000
6198,2022-11-24,Bawang Putih Bonggol,18000
6199,2022-11-24,Cabe Rawit Merah,25000
6200,2022-11-24,Beras premium,10500
6201,2022-11-24,Minyak Goreng Curah,13500
6202,2022-11-21,Beras Medium,9500
6203,2022-11-21,Beras Termurah,9000
6204,2022-11-21,Gula Pasir Konsumsi,13000
6205,2022-11-21,Minyak Goreng Kemasan,14000
6206,2022-11-21,Daging Ayam Ras,33000
6207,2022-11-21,Telur Ayam Ras,28000
6208,2022-11-21,Daging Sapi Murni,130000
6209,2022-11-21,Bawang Merah,26000
6210,2022-11-21,Cabe Merah Keriting,30000
6211,2022-11-21,Cabe Merah Besar,35000
6212,2022-11-21,Jagung Pipilan Kering,7000
6213,2022-11-21,Kedelai Biji Kering (Impor),15000
6214,2022-11-21,Bawang Putih Kating,23000
6215,2022-11-21,Terigu,10000
6216,2022-11-21,Ubi Jalar,5000
6217,2022-11-21,Bawang Putih Bonggol,18000
6218,2022-11-21,Cabe Rawit Merah,35000
6219,2022-11-21,Beras premium,10500
6220,2022-11-21,Minyak Goreng Curah,13500
6221,2022-11-17,Beras Medium,9500
6222,2022-11-17,Beras Termurah,9000
6223,2022-11-17,Gula Pasir Konsumsi,13000
6224,2022-11-17,Minyak Goreng Kemasan,14000
6225,2022-11-17,Daging Ayam Ras,33000
6226,2022-11-17,Telur Ayam Ras,28000
6227,2022-11-17,Daging Sapi Murni,130000
6228,2022-11-17,Bawang Merah,26000
6229,2022-11-17,Cabe Merah Keriting,22000
6230,2022-11-17,Cabe Merah Besar,30000
6231,2022-11-17,Jagung Pipilan Kering,7000
6232,2022-11-17,Kedelai Biji Kering (Impor),15000
6233,2022-11-17,Bawang Putih Kating,23000
6234,2022-11-17,Terigu,10000
6235,2022-11-17,Ubi Jalar,5000
6236,2022-11-17,Bawang Putih Bonggol,18000
6237,2022-11-17,Cabe Rawit Merah,25000
6238,2022-11-17,Beras premium,10500
6239,2022-11-17,Minyak Goreng Curah,13500
6240,2022-11-14,Beras Medium,9500
6241,2022-11-14,Beras Termurah,9000
6242,2022-11-14,Gula Pasir Konsumsi,13000
6243,2022-11-14,Minyak Goreng Kemasan,14000
6244,2022-11-14,Daging Ayam Ras,32000
6245,2022-11-14,Telur Ayam Ras,28000
6246,2022-11-14,Daging Sapi Murni,130000
6247,2022-11-14,Bawang Merah,26000
6248,2022-11-14,Cabe Merah Keriting,27000
6249,2022-11-14,Cabe Merah Besar,35000
6250,2022-11-14,Jagung Pipilan Kering,7000
6251,2022-11-14,Kedelai Biji Kering (Impor),15000
6252,2022-11-14,Bawang Putih Kating,23000
6253,2022-11-14,Terigu,10000
6254,2022-11-14,Ubi Jalar,5000
6255,2022-11-14,Bawang Putih Bonggol,18000
6256,2022-11-14,Cabe Rawit Merah,27000
6257,2022-11-14,Beras premium,10500
6258,2022-11-14,Minyak Goreng Curah,13000
6259,2022-11-10,Beras Medium,9500
6260,2022-11-10,Beras Termurah,9000
6261,2022-11-10,Gula Pasir Konsumsi,13000
6262,2022-11-10,Minyak Goreng Kemasan,14000
6263,2022-11-10,Daging Ayam Ras,32000
6264,2022-11-10,Telur Ayam Ras,27000
6265,2022-11-10,Daging Sapi Murni,130000
6266,2022-11-10,Bawang Merah,26000
6267,2022-11-10,Cabe Merah Keriting,20000
6268,2022-11-10,Cabe Merah Besar,30000
6269,2022-11-10,Jagung Pipilan Kering,7000
6270,2022-11-10,Kedelai Biji Kering (Impor),15000
6271,2022-11-10,Bawang Putih Kating,23000
6272,2022-11-10,Terigu,10000
6273,2022-11-10,Ubi Jalar,5000
6274,2022-11-10,Bawang Putih Bonggol,18000
6275,2022-11-10,Cabe Rawit Merah,25000
6276,2022-11-10,Beras premium,10500
6277,2022-11-10,Minyak Goreng Curah,13000
6278,2022-11-07,Beras Medium,9500
6279,2022-11-07,Beras Termurah,9000
6280,2022-11-07,Gula Pasir Konsumsi,13000
6281,2022-11-07,Minyak Goreng Kemasan,14000
6282,2022-11-07,Daging Ayam Ras,32000
6283,2022-11-07,Telur Ayam Ras,26000
6284,2022-11-07,Daging Sapi Murni,130000
6285,2022-11-07,Bawang Merah,26000
6286,2022-11-07,Cabe Merah Keriting,20000
6287,2022-11-07,Cabe Merah Besar,30000
6288,2022-11-07,Jagung Pipilan Kering,7000
6289,2022-11-07,Kedelai Biji Kering (Impor),15000
6290,2022-11-07,Bawang Putih Kating,23000
6291,2022-11-07,Terigu,10000
6292,2022-11-07,Ubi Jalar,5000
6293,2022-11-07,Bawang Putih Bonggol,18000
6294,2022-11-07,Cabe Rawit Merah,25000
6295,2022-11-07,Beras premium,10500
6296,2022-11-07,Minyak Goreng Curah,13500
6297,2022-11-03,Beras Medium,9500
6298,2022-11-03,Beras Termurah,9000
6299,2022-11-03,Gula Pasir Konsumsi,13000
6300,2022-11-03,Minyak Goreng Kemasan,13500
6301,2022-11-03,Daging Ayam Ras,33000
6302,2022-11-03,Telur Ayam Ras,26000
6303,2022-11-03,Daging Sapi Murni,130000
6304,2022-11-03,Bawang Merah,26000
6305,2022-11-03,Cabe Merah Keriting,30000
6306,2022-11-03,Cabe Merah Besar,30000
6307,2022-11-03,Jagung Pipilan Kering,7000
6308,2022-11-03,Kedelai Biji Kering (Impor),15000
6309,2022-11-03,Bawang Putih Kating,23000
6310,2022-11-03,Terigu,10000
6311,2022-11-03,Ubi Jalar,5000
6312,2022-11-03,Bawang Putih Bonggol,18000
6313,2022-11-03,Cabe Rawit Merah,35000
6314,2022-11-03,Beras premium,10500
6315,2022-11-03,Minyak Goreng Curah,13000
6316,2022-10-27,Beras Medium,9500
6317,2022-10-27,Beras Termurah,9000
6318,2022-10-27,Gula Pasir Konsumsi,13000
6319,2022-10-27,Minyak Goreng Kemasan,13500
6320,2022-10-27,Daging Ayam Ras,32000
6321,2022-10-27,Telur Ayam Ras,26000
6322,2022-10-27,Daging Sapi Murni,130000
6323,2022-10-27,Bawang Merah,26000
6324,2022-10-27,Cabe Merah Keriting,30000
6325,2022-10-27,Cabe Merah Besar,30000
6326,2022-10-27,Jagung Pipilan Kering,7000
6327,2022-10-27,Kedelai Biji Kering (Impor),13500
6328,2022-10-27,Bawang Putih Kating,23000
6329,2022-10-27,Terigu,10000
6330,2022-10-27,Ubi Jalar,5000
6331,2022-10-27,Bawang Putih Bonggol,18000
6332,2022-10-27,Cabe Rawit Merah,35000
6333,2022-10-27,Beras premium,10500
6334,2022-10-27,Minyak Goreng Curah,13000
6335,2022-10-24,Beras Medium,9500
6336,2022-10-24,Beras Termurah,9000
6337,2022-10-24,Gula Pasir Konsumsi,13000
6338,2022-10-24,Minyak Goreng Kemasan,14000
6339,2022-10-24,Daging Ayam Ras,31000
6340,2022-10-24,Telur Ayam Ras,26000
6341,2022-10-24,Daging Sapi Murni,130000
6342,2022-10-24,Bawang Merah,23000
6343,2022-10-24,Cabe Merah Keriting,30000
6344,2022-10-24,Cabe Merah Besar,30000
6345,2022-10-24,Jagung Pipilan Kering,7000
6346,2022-10-24,Kedelai Biji Kering (Impor),13500
6347,2022-10-24,Bawang Putih Kating,23000
6348,2022-10-24,Terigu,10000
6349,2022-10-24,Ubi Jalar,5000
6350,2022-10-24,Bawang Putih Bonggol,20000
6351,2022-10-24,Cabe Rawit Merah,30000
6352,2022-10-24,Beras premium,10500
6353,2022-10-24,Minyak Goreng Curah,13000
6354,2022-10-20,Beras Medium,9500
6355,2022-10-20,Beras Termurah,9000
6356,2022-10-20,Gula Pasir Konsumsi,13000
6357,2022-10-20,Minyak Goreng Kemasan,14000
6358,2022-10-20,Daging Ayam Ras,31000
6359,2022-10-20,Telur Ayam Ras,26000
6360,2022-10-20,Daging Sapi Murni,130000
6361,2022-10-20,Bawang Merah,23000
6362,2022-10-20,Cabe Merah Keriting,24000
6363,2022-10-20,Cabe Merah Besar,25000
6364,2022-10-20,Jagung Pipilan Kering,7000
6365,2022-10-20,Kedelai Biji Kering (Impor),13500
6366,2022-10-20,Bawang Putih Kating,23000
6367,2022-10-20,Terigu,10000
6368,2022-10-20,Ubi Jalar,5000
6369,2022-10-20,Bawang Putih Bonggol,20000
6370,2022-10-20,Cabe Rawit Merah,28000
6371,2022-10-20,Beras premium,10500
6372,2022-10-20,Minyak Goreng Curah,13500
6373,2022-10-17,Beras Medium,9500
6374,2022-10-17,Beras Termurah,9000
6375,2022-10-17,Gula Pasir Konsumsi,13000
6376,2022-10-17,Minyak Goreng Kemasan,14000
6377,2022-10-17,Daging Ayam Ras,32000
6378,2022-10-17,Telur Ayam Ras,27000
6379,2022-10-17,Daging Sapi Murni,130000
6380,2022-10-17,Bawang Merah,23000
6381,2022-10-17,Cabe Merah Keriting,30000
6382,2022-10-17,Cabe Merah Besar,35000
6383,2022-10-17,Jagung Pipilan Kering,7000
6384,2022-10-17,Kedelai Biji Kering (Impor),13500
6385,2022-10-17,Bawang Putih Kating,23000
6386,2022-10-17,Terigu,10000
6387,2022-10-17,Ubi Jalar,5000
6388,2022-10-17,Bawang Putih Bonggol,20000
6389,2022-10-17,Cabe Rawit Merah,30000
6390,2022-10-17,Beras premium,10500
6391,2022-10-17,Minyak Goreng Curah,13500
6392,2022-10-13,Beras Medium,9500
6393,2022-10-13,Beras Termurah,9000
6394,2022-10-13,Gula Pasir Konsumsi,13000
6395,2022-10-13,Minyak Goreng Kemasan,13500
6396,2022-10-13,Daging Ayam Ras,32000
6397,2022-10-13,Telur Ayam Ras,27000
6398,2022-10-13,Daging Sapi Murni,130000
6399,2022-10-13,Bawang Merah,23000
6400,2022-10-13,Cabe Merah Keriting,45000
6401,2022-10-13,Cabe Merah Besar,40000
6402,2022-10-13,Jagung Pipilan Kering,7000
6403,2022-10-13,Kedelai Biji Kering (Impor),13500
6404,2022-10-13,Bawang Putih Kating,23000
6405,2022-10-13,Terigu,10000
6406,2022-10-13,Ubi Jalar,5000
6407,2022-10-13,Bawang Putih Bonggol,20000
6408,2022-10-13,Cabe Rawit Merah,35000
6409,2022-10-13,Beras premium,10500
6410,2022-10-13,Minyak Goreng Curah,12500
6411,2022-10-06,Beras Medium,9500
6412,2022-10-06,Beras Termurah,9000
6413,2022-10-06,Gula Pasir Konsumsi,13000
6414,2022-10-06,Minyak Goreng Kemasan,13500
6415,2022-10-06,Daging Ayam Ras,32000
6416,2022-10-06,Telur Ayam Ras,24000
6417,2022-10-06,Daging Sapi Murni,130000
6418,2022-10-06,Bawang Merah,23000
6419,2022-10-06,Cabe Merah Keriting,45000
6420,2022-10-06,Cabe Merah Besar,40000
6421,2022-10-06,Jagung Pipilan Kering,7000
6422,2022-10-06,Kedelai Biji Kering (Impor),13500
6423,2022-10-06,Bawang Putih Kating,23000
6424,2022-10-06,Terigu,10000
6425,2022-10-06,Ubi Jalar,5000
6426,2022-10-06,Bawang Putih Bonggol,20000
6427,2022-10-06,Cabe Rawit Merah,40000
6428,2022-10-06,Beras premium,10500
6429,2022-10-06,Minyak Goreng Curah,12000
6430,2022-10-03,Beras Medium,9500
6431,2022-10-03,Beras Termurah,9000
6432,2022-10-03,Gula Pasir Konsumsi,13000
6433,2022-10-03,Minyak Goreng Kemasan,13500
6434,2022-10-03,Daging Ayam Ras,33000
6435,2022-10-03,Telur Ayam Ras,24000
6436,2022-10-03,Daging Sapi Murni,130000
6437,2022-10-03,Bawang Merah,23000
6438,2022-10-03,Cabe Merah Keriting,40000
6439,2022-10-03,Cabe Merah Besar,40000
6440,2022-10-03,Jagung Pipilan Kering,7000
6441,2022-10-03,Kedelai Biji Kering (Impor),13000
6442,2022-10-03,Bawang Putih Kating,25000
6443,2022-10-03,Terigu,10000
6444,2022-10-03,Ubi Jalar,5000
6445,2022-10-03,Bawang Putih Bonggol,20000
6446,2022-10-03,Cabe Rawit Merah,55000
6447,2022-10-03,Beras premium,10500
6448,2022-10-03,Minyak Goreng Curah,12000
6449,2022-09-29,Beras Medium,9500
6450,2022-09-29,Beras Termurah,9000
6451,2022-09-29,Gula Pasir Konsumsi,13000
6452,2022-09-29,Minyak Goreng Kemasan,13500
6453,2022-09-29,Daging Ayam Ras,33000
6454,2022-09-29,Telur Ayam Ras,24000
6455,2022-09-29,Daging Sapi Murni,130000
6456,2022-09-29,Bawang Merah,23000
6457,2022-09-29,Cabe Merah Keriting,35000
6458,2022-09-29,Cabe Merah Besar,40000
6459,2022-09-29,Jagung Pipilan Kering,7000
6460,2022-09-29,Kedelai Biji Kering (Impor),13000
6461,2022-09-29,Bawang Putih Kating,25000
6462,2022-09-29,Terigu,10000
6463,2022-09-29,Ubi Jalar,5000
6464,2022-09-29,Bawang Putih Bonggol,20000
6465,2022-09-29,Cabe Rawit Merah,50000
6466,2022-09-29,Beras premium,10500
6467,2022-09-29,Minyak Goreng Curah,12000
6468,2022-09-26,Beras Medium,9500
6469,2022-09-26,Beras Termurah,9000
6470,2022-09-26,Gula Pasir Konsumsi,13000
6471,2022-09-26,Minyak Goreng Kemasan,14000
6472,2022-09-26,Daging Ayam Ras,33000
6473,2022-09-26,Telur Ayam Ras,24000
6474,2022-09-26,Daging Sapi Murni,130000
6475,2022-09-26,Bawang Merah,23000
6476,2022-09-26,Cabe Merah Keriting,40000
6477,2022-09-26,Cabe Merah Besar,45000
6478,2022-09-26,Jagung Pipilan Kering,7000
6479,2022-09-26,Kedelai Biji Kering (Impor),13000
6480,2022-09-26,Bawang Putih Kating,25000
6481,2022-09-26,Terigu,10000
6482,2022-09-26,Ubi Jalar,5000
6483,2022-09-26,Bawang Putih Bonggol,20000
6484,2022-09-26,Cabe Rawit Merah,55000
6485,2022-09-26,Beras premium,10500
6486,2022-09-26,Minyak Goreng Curah,12000
6487,2022-09-22,Beras Medium,9500
6488,2022-09-22,Beras Termurah,9000
6489,2022-09-22,Gula Pasir Konsumsi,13000
6490,2022-09-22,Minyak Goreng Kemasan,14000
6491,2022-09-22,Daging Ayam Ras,33000
6492,2022-09-22,Telur Ayam Ras,26000
6493,2022-09-22,Daging Sapi Murni,130000
6494,2022-09-22,Bawang Merah,23000
6495,2022-09-22,Cabe Merah Keriting,40000
6496,2022-09-22,Cabe Merah Besar,45000
6497,2022-09-22,Jagung Pipilan Kering,7000
6498,2022-09-22,Kedelai Biji Kering (Impor),13000
6499,2022-09-22,Bawang Putih Kating,25000
6500,2022-09-22,Terigu,10000
6501,2022-09-22,Ubi Jalar,5000
6502,2022-09-22,Bawang Putih Bonggol,20000
6503,2022-09-22,Cabe Rawit Merah,55000
6504,2022-09-22,Beras premium,10500
6505,2022-09-22,Minyak Goreng Curah,12000
6506,2022-09-19,Beras Medium,9500
6507,2022-09-19,Beras Termurah,9000
6508,2022-09-19,Gula Pasir Konsumsi,13000
6509,2022-09-19,Minyak Goreng Kemasan,14000
6510,2022-09-19,Daging Ayam Ras,33000
6511,2022-09-19,Telur Ayam Ras,26000
6512,2022-09-19,Daging Sapi Murni,130000
6513,2022-09-19,Bawang Merah,23000
6514,2022-09-19,Cabe Merah Keriting,50000
6515,2022-09-19,Cabe Merah Besar,50000
6516,2022-09-19,Jagung Pipilan Kering,7000
6517,2022-09-19,Kedelai Biji Kering (Impor),13000
6518,2022-09-19,Bawang Putih Kating,25000
6519,2022-09-19,Terigu,10000
6520,2022-09-19,Ubi Jalar,5000
6521,2022-09-19,Bawang Putih Bonggol,20000
6522,2022-09-19,Cabe Rawit Merah,55000
6523,2022-09-19,Beras premium,10500
6524,2022-09-19,Minyak Goreng Curah,12000
6525,2022-09-15,Beras Medium,9500
6526,2022-09-15,Beras Termurah,9000
6527,2022-09-15,Gula Pasir Konsumsi,13000
6528,2022-09-15,Minyak Goreng Kemasan,14000
6529,2022-09-15,Daging Ayam Ras,33000
6530,2022-09-15,Telur Ayam Ras,27000
6531,2022-09-15,Daging Sapi Murni,130000
6532,2022-09-15,Bawang Merah,23000
6533,2022-09-15,Cabe Merah Keriting,55000
6534,2022-09-15,Cabe Merah Besar,50000
6535,2022-09-15,Jagung Pipilan Kering,7000
6536,2022-09-15,Kedelai Biji Kering (Impor),13000
6537,2022-09-15,Bawang Putih Kating,25000
6538,2022-09-15,Terigu,10000
6539,2022-09-15,Ubi Jalar,5000
6540,2022-09-15,Bawang Putih Bonggol,20000
6541,2022-09-15,Cabe Rawit Merah,50000
6542,2022-09-15,Beras premium,10500
6543,2022-09-15,Minyak Goreng Curah,12000
6544,2022-09-12,Beras Medium,9500
6545,2022-09-12,Beras Termurah,9000
6546,2022-09-12,Gula Pasir Konsumsi,13000
6547,2022-09-12,Minyak Goreng Kemasan,14000
6548,2022-09-12,Daging Ayam Ras,33000
6549,2022-09-12,Telur Ayam Ras,27000
6550,2022-09-12,Daging Sapi Murni,130000
6551,2022-09-12,Bawang Merah,23000
6552,2022-09-12,Cabe Merah Keriting,60000
6553,2022-09-12,Cabe Merah Besar,50000
6554,2022-09-12,Jagung Pipilan Kering,7000
6555,2022-09-12,Kedelai Biji Kering (Impor),13000
6556,2022-09-12,Bawang Putih Kating,25000
6557,2022-09-12,Terigu,10000
6558,2022-09-12,Ubi Jalar,5000
6559,2022-09-12,Bawang Putih Bonggol,20000
6560,2022-09-12,Cabe Rawit Merah,40000
6561,2022-09-12,Beras premium,10500
6562,2022-09-12,Minyak Goreng Curah,12000
6563,2022-09-05,Beras Medium,9500
6564,2022-09-05,Beras Termurah,9000
6565,2022-09-05,Gula Pasir Konsumsi,13000
6566,2022-09-05,Minyak Goreng Kemasan,14000
6567,2022-09-05,Daging Ayam Ras,33000
6568,2022-09-05,Telur Ayam Ras,27000
6569,2022-09-05,Daging Sapi Murni,130000
6570,2022-09-05,Bawang Merah,23000
6571,2022-09-05,Cabe Merah Keriting,70000
6572,2022-09-05,Cabe Merah Besar,65000
6573,2022-09-05,Jagung Pipilan Kering,7000
6574,2022-09-05,Kedelai Biji Kering (Impor),13000
6575,2022-09-05,Bawang Putih Kating,25000
6576,2022-09-05,Terigu,10000
6577,2022-09-05,Ubi Jalar,5000
6578,2022-09-05,Bawang Putih Bonggol,20000
6579,2022-09-05,Cabe Rawit Merah,45000
6580,2022-09-05,Beras premium,10500
6581,2022-09-05,Minyak Goreng Curah,12000
6582,2022-09-01,Beras Medium,9500
6583,2022-09-01,Beras Termurah,9000
6584,2022-09-01,Gula Pasir Konsumsi,13000
6585,2022-09-01,Minyak Goreng Kemasan,14000
6586,2022-09-01,Daging Ayam Ras,33000
6587,2022-09-01,Telur Ayam Ras,29000
6588,2022-09-01,Daging Sapi Murni,130000
6589,2022-09-01,Bawang Merah,23000
6590,2022-09-01,Cabe Merah Keriting,40000
6591,2022-09-01,Cabe Merah Besar,50000
6592,2022-09-01,Jagung Pipilan Kering,7000
6593,2022-09-01,Kedelai Biji Kering (Impor),13000
6594,2022-09-01,Bawang Putih Kating,25000
6595,2022-09-01,Terigu,10000
6596,2022-09-01,Ubi Jalar,5000
6597,2022-09-01,Bawang Putih Bonggol,20000
6598,2022-09-01,Cabe Rawit Merah,40000
6599,2022-09-01,Beras premium,10500
6600,2022-09-01,Minyak Goreng Curah,12000
6601,2022-08-25,Beras Medium,9500
6602,2022-08-25,Beras Termurah,9000
6603,2022-08-25,Gula Pasir Konsumsi,13000
6604,2022-08-25,Minyak Goreng Kemasan,14000
6605,2022-08-25,Daging Ayam Ras,34000
6606,2022-08-25,Telur Ayam Ras,30000
6607,2022-08-25,Daging Sapi Murni,130000
6608,2022-08-25,Bawang Merah,25000
6609,2022-08-25,Cabe Merah Keriting,45000
6610,2022-08-25,Cabe Merah Besar,50000
6611,2022-08-25,Jagung Pipilan Kering,7000
6612,2022-08-25,Kedelai Biji Kering (Impor),13000
6613,2022-08-25,Bawang Putih Kating,25000
6614,2022-08-25,Terigu,10000
6615,2022-08-25,Ubi Jalar,5000
6616,2022-08-25,Bawang Putih Bonggol,20000
6617,2022-08-25,Cabe Rawit Merah,25000
6618,2022-08-25,Beras premium,10500
6619,2022-08-25,Minyak Goreng Curah,12000
6620,2022-08-22,Beras Medium,9500
6621,2022-08-22,Beras Termurah,9000
6622,2022-08-22,Gula Pasir Konsumsi,13000
6623,2022-08-22,Minyak Goreng Kemasan,14000
6624,2022-08-22,Daging Ayam Ras,34000
6625,2022-08-22,Telur Ayam Ras,30000
6626,2022-08-22,Daging Sapi Murni,130000
6627,2022-08-22,Bawang Merah,25000
6628,2022-08-22,Cabe Merah Keriting,50000
6629,2022-08-22,Cabe Merah Besar,50000
6630,2022-08-22,Jagung Pipilan Kering,7000
6631,2022-08-22,Kedelai Biji Kering (Impor),13000
6632,2022-08-22,Bawang Putih Kating,25000
6633,2022-08-22,Terigu,10000
6634,2022-08-22,Ubi Jalar,5000
6635,2022-08-22,Bawang Putih Bonggol,20000
6636,2022-08-22,Cabe Rawit Merah,25000
6637,2022-08-22,Beras premium,10500
6638,2022-08-22,Minyak Goreng Curah,12000
6639,2022-08-15,Beras Medium,9500
6640,2022-08-15,Beras Termurah,9000
6641,2022-08-15,Gula Pasir Konsumsi,13000
6642,2022-08-15,Minyak Goreng Kemasan,14000
6643,2022-08-15,Daging Ayam Ras,34000
6644,2022-08-15,Telur Ayam Ras,30000
6645,2022-08-15,Daging Sapi Murni,130000
6646,2022-08-15,Bawang Merah,28000
6647,2022-08-15,Cabe Merah Keriting,55000
6648,2022-08-15,Cabe Merah Besar,65000
6649,2022-08-15,Jagung Pipilan Kering,7000
6650,2022-08-15,Kedelai Biji Kering (Impor),13000
6651,2022-08-15,Bawang Putih Kating,26000
6652,2022-08-15,Terigu,10000
6653,2022-08-15,Ubi Jalar,5000
6654,2022-08-15,Bawang Putih Bonggol,20000
6655,2022-08-15,Cabe Rawit Merah,35000
6656,2022-08-15,Beras premium,10500
6657,2022-08-15,Minyak Goreng Curah,12000
6658,2022-08-11,Beras Medium,9500
6659,2022-08-11,Beras Termurah,9000
6660,2022-08-11,Gula Pasir Konsumsi,13000
6661,2022-08-11,Minyak Goreng Kemasan,14000
6662,2022-08-11,Daging Ayam Ras,34000
6663,2022-08-11,Telur Ayam Ras,27000
6664,2022-08-11,Daging Sapi Murni,130000
6665,2022-08-11,Bawang Merah,28000
6666,2022-08-11,Cabe Merah Keriting,55000
6667,2022-08-11,Cabe Merah Besar,65000
6668,2022-08-11,Jagung Pipilan Kering,7000
6669,2022-08-11,Kedelai Biji Kering (Impor),13000
6670,2022-08-11,Bawang Putih Kating,26000
6671,2022-08-11,Terigu,10000
6672,2022-08-11,Ubi Jalar,5000
6673,2022-08-11,Bawang Putih Bonggol,20000
6674,2022-08-11,Cabe Rawit Merah,40000
6675,2022-08-11,Beras premium,10500
6676,2022-08-11,Minyak Goreng Curah,12000
6677,2022-08-08,Beras Medium,9500
6678,2022-08-08,Beras Termurah,9000
6679,2022-08-08,Gula Pasir Konsumsi,13000
6680,2022-08-08,Minyak Goreng Kemasan,14000
6681,2022-08-08,Daging Ayam Ras,35000
6682,2022-08-08,Telur Ayam Ras,27000
6683,2022-08-08,Daging Sapi Murni,130000
6684,2022-08-08,Bawang Merah,30000
6685,2022-08-08,Cabe Merah Keriting,55000
6686,2022-08-08,Cabe Merah Besar,65000
6687,2022-08-08,Jagung Pipilan Kering,7000
6688,2022-08-08,Kedelai Biji Kering (Impor),13000
6689,2022-08-08,Bawang Putih Kating,26000
6690,2022-08-08,Terigu,10000
6691,2022-08-08,Ubi Jalar,5000
6692,2022-08-08,Bawang Putih Bonggol,20000
6693,2022-08-08,Cabe Rawit Merah,45000
6694,2022-08-08,Beras premium,10500
6695,2022-08-08,Minyak Goreng Curah,12000
6696,2022-08-04,Beras Medium,9500
6697,2022-08-04,Beras Termurah,9000
6698,2022-08-04,Gula Pasir Konsumsi,13000
6699,2022-08-04,Minyak Goreng Kemasan,14000
6700,2022-08-04,Daging Ayam Ras,35000
6701,2022-08-04,Telur Ayam Ras,27000
6702,2022-08-04,Daging Sapi Murni,130000
6703,2022-08-04,Bawang Merah,30000
6704,2022-08-04,Cabe Merah Keriting,55000
6705,2022-08-04,Cabe Merah Besar,70000
6706,2022-08-04,Jagung Pipilan Kering,7000
6707,2022-08-04,Kedelai Biji Kering (Impor),13000
6708,2022-08-04,Bawang Putih Kating,26000
6709,2022-08-04,Terigu,10000
6710,2022-08-04,Ubi Jalar,5000
6711,2022-08-04,Bawang Putih Bonggol,20000
6712,2022-08-04,Cabe Rawit Merah,50000
6713,2022-08-04,Beras premium,10500
6714,2022-08-04,Minyak Goreng Curah,12000
6715,2022-08-01,Beras Medium,9500
6716,2022-08-01,Beras Termurah,9000
6717,2022-08-01,Gula Pasir Konsumsi,13000
6718,2022-08-01,Minyak Goreng Kemasan,14000
6719,2022-08-01,Daging Ayam Ras,36000
6720,2022-08-01,Telur Ayam Ras,27000
6721,2022-08-01,Daging Sapi Murni,130000
6722,2022-08-01,Bawang Merah,30000
6723,2022-08-01,Cabe Merah Keriting,60000
6724,2022-08-01,Cabe Merah Besar,65000
6725,2022-08-01,Jagung Pipilan Kering,7000
6726,2022-08-01,Kedelai Biji Kering (Impor),13000
6727,2022-08-01,Bawang Putih Kating,26000
6728,2022-08-01,Terigu,9500
6729,2022-08-01,Ubi Jalar,5000
6730,2022-08-01,Bawang Putih Bonggol,20000
6731,2022-08-01,Cabe Rawit Merah,40000
6732,2022-08-01,Beras premium,10500
6733,2022-08-01,Minyak Goreng Curah,12000
6734,2022-07-28,Beras Medium,9500
6735,2022-07-28,Beras Termurah,9000
6736,2022-07-28,Gula Pasir Konsumsi,13500
6737,2022-07-28,Minyak Goreng Kemasan,17000
6738,2022-07-28,Daging Ayam Ras,36000
6739,2022-07-28,Telur Ayam Ras,27000
6740,2022-07-28,Daging Sapi Murni,130000
6741,2022-07-28,Bawang Merah,30000
6742,2022-07-28,Cabe Merah Keriting,65000
6743,2022-07-28,Cabe Merah Besar,75000
6744,2022-07-28,Jagung Pipilan Kering,7000
6745,2022-07-28,Kedelai Biji Kering (Impor),13000
6746,2022-07-28,Bawang Putih Kating,26000
6747,2022-07-28,Terigu,10000
6748,2022-07-28,Ubi Jalar,5000
6749,2022-07-28,Bawang Putih Bonggol,20000
6750,2022-07-28,Cabe Rawit Merah,50000
6751,2022-07-28,Beras premium,10500
6752,2022-07-28,Minyak Goreng Curah,12000
6753,2022-07-25,Beras Medium,9500
6754,2022-07-25,Beras Termurah,9000
6755,2022-07-25,Gula Pasir Konsumsi,13500
6756,2022-07-25,Minyak Goreng Kemasan,19000
6757,2022-07-25,Daging Ayam Ras,38000
6758,2022-07-25,Telur Ayam Ras,28000
6759,2022-07-25,Daging Sapi Murni,130000
6760,2022-07-25,Bawang Merah,40000
6761,2022-07-25,Cabe Merah Keriting,70000
6762,2022-07-25,Cabe Merah Besar,80000
6763,2022-07-25,Jagung Pipilan Kering,7000
6764,2022-07-25,Kedelai Biji Kering (Impor),13000
6765,2022-07-25,Bawang Putih Kating,26000
6766,2022-07-25,Terigu,10000
6767,2022-07-25,Ubi Jalar,5000
6768,2022-07-25,Bawang Putih Bonggol,20000
6769,2022-07-25,Cabe Rawit Merah,55000
6770,2022-07-25,Beras premium,10500
6771,2022-07-25,Minyak Goreng Curah,13000
6772,2022-07-21,Beras Medium,9500
6773,2022-07-21,Beras Termurah,9000
6774,2022-07-21,Gula Pasir Konsumsi,13500
6775,2022-07-21,Minyak Goreng Kemasan,20000
6776,2022-07-21,Daging Ayam Ras,38000
6777,2022-07-21,Telur Ayam Ras,28000
6778,2022-07-21,Daging Sapi Murni,130000
6779,2022-07-21,Bawang Merah,40000
6780,2022-07-21,Cabe Merah Keriting,70000
6781,2022-07-21,Cabe Merah Besar,80000
6782,2022-07-21,Jagung Pipilan Kering,7000
6783,2022-07-21,Kedelai Biji Kering (Impor),13000
6784,2022-07-21,Bawang Putih Kating,26000
6785,2022-07-21,Terigu,10000
6786,2022-07-21,Ubi Jalar,5000
6787,2022-07-21,Bawang Putih Bonggol,20000
6788,2022-07-21,Cabe Rawit Merah,55000
6789,2022-07-21,Beras premium,10500
6790,2022-07-21,Minyak Goreng Curah,13000
6791,2022-07-18,Beras Medium,9500
6792,2022-07-18,Beras Termurah,9000
6793,2022-07-18,Gula Pasir Konsumsi,13500
6794,2022-07-18,Minyak Goreng Kemasan,20000
6795,2022-07-18,Daging Ayam Ras,37000
6796,2022-07-18,Telur Ayam Ras,29000
6797,2022-07-18,Daging Sapi Murni,130000
6798,2022-07-18,Bawang Merah,47000
6799,2022-07-18,Cabe Merah Keriting,75000
6800,2022-07-18,Cabe Merah Besar,75000
6801,2022-07-18,Jagung Pipilan Kering,7000
6802,2022-07-18,Kedelai Biji Kering (Impor),13000
6803,2022-07-18,Bawang Putih Kating,26000
6804,2022-07-18,Terigu,10000
6805,2022-07-18,Ubi Jalar,5000
6806,2022-07-18,Bawang Putih Bonggol,20000
6807,2022-07-18,Cabe Rawit Merah,70000
6808,2022-07-18,Beras premium,10500
6809,2022-07-18,Minyak Goreng Curah,12000
6810,2022-07-14,Beras Medium,9500
6811,2022-07-14,Beras Termurah,9000
6812,2022-07-14,Gula Pasir Konsumsi,13500
6813,2022-07-14,Minyak Goreng Kemasan,21000
6814,2022-07-14,Daging Ayam Ras,38000
6815,2022-07-14,Telur Ayam Ras,29000
6816,2022-07-14,Daging Sapi Murni,130000
6817,2022-07-14,Bawang Merah,48000
6818,2022-07-14,Cabe Merah Keriting,70000
6819,2022-07-14,Cabe Merah Besar,80000
6820,2022-07-14,Jagung Pipilan Kering,7000
6821,2022-07-14,Kedelai Biji Kering (Impor),13000
6822,2022-07-14,Bawang Putih Kating,26000
6823,2022-07-14,Terigu,10000
6824,2022-07-14,Ubi Jalar,5000
6825,2022-07-14,Bawang Putih Bonggol,20000
6826,2022-07-14,Cabe Rawit Merah,65000
6827,2022-07-14,Beras premium,10500
6828,2022-07-14,Minyak Goreng Curah,13000
6829,2022-07-11,Beras Medium,9500
6830,2022-07-11,Beras Termurah,9000
6831,2022-07-11,Gula Pasir Konsumsi,13000
6832,2022-07-11,Minyak Goreng Kemasan,21000
6833,2022-07-11,Daging Ayam Ras,39000
6834,2022-07-11,Telur Ayam Ras,28000
6835,2022-07-11,Daging Sapi Murni,130000
6836,2022-07-11,Bawang Merah,50000
6837,2022-07-11,Cabe Merah Keriting,80000
6838,2022-07-11,Cabe Merah Besar,80000
6839,2022-07-11,Jagung Pipilan Kering,7000
6840,2022-07-11,Kedelai Biji Kering (Impor),13000
6841,2022-07-11,Bawang Putih Kating,26000
6842,2022-07-11,Terigu,10000
6843,2022-07-11,Ubi Jalar,5000
6844,2022-07-11,Bawang Putih Bonggol,20000
6845,2022-07-11,Cabe Rawit Merah,85000
6846,2022-07-11,Beras premium,10500
6847,2022-07-11,Minyak Goreng Curah,13500
6848,2022-07-07,Beras Medium,9500
6849,2022-07-07,Beras Termurah,9000
6850,2022-07-07,Gula Pasir Konsumsi,13000
6851,2022-07-07,Minyak Goreng Kemasan,21000
6852,2022-07-07,Daging Ayam Ras,37000
6853,2022-07-07,Telur Ayam Ras,27000
6854,2022-07-07,Daging Sapi Murni,130000
6855,2022-07-07,Bawang Merah,52000
6856,2022-07-07,Cabe Merah Keriting,85000
6857,2022-07-07,Cabe Merah Besar,80000
6858,2022-07-07,Jagung Pipilan Kering,7000
6859,2022-07-07,Kedelai Biji Kering (Impor),13000
6860,2022-07-07,Bawang Putih Kating,27000
6861,2022-07-07,Terigu,9500
6862,2022-07-07,Ubi Jalar,5000
6863,2022-07-07,Bawang Putih Bonggol,17000
6864,2022-07-07,Cabe Rawit Merah,90000
6865,2022-07-07,Beras premium,10500
6866,2022-07-07,Minyak Goreng Curah,13500
6867,2022-07-04,Beras Medium,9500
6868,2022-07-04,Beras Termurah,9000
6869,2022-07-04,Gula Pasir Konsumsi,13000
6870,2022-07-04,Minyak Goreng Kemasan,23000
6871,2022-07-04,Daging Ayam Ras,37000
6872,2022-07-04,Telur Ayam Ras,27000
6873,2022-07-04,Daging Sapi Murni,130000
6874,2022-07-04,Bawang Merah,52000
6875,2022-07-04,Cabe Merah Keriting,90000
6876,2022-07-04,Cabe Merah Besar,70000
6877,2022-07-04,Jagung Pipilan Kering,7000
6878,2022-07-04,Kedelai Biji Kering (Impor),13000
6879,2022-07-04,Bawang Putih Kating,27000
6880,2022-07-04,Terigu,9500
6881,2022-07-04,Ubi Jalar,5000
6882,2022-07-04,Bawang Putih Bonggol,17000
6883,2022-07-04,Cabe Rawit Merah,85000
6884,2022-07-04,Beras premium,10500
6885,2022-07-04,Minyak Goreng Curah,14000
6886,2022-06-30,Beras Medium,9500
6887,2022-06-30,Beras Termurah,9000
6888,2022-06-30,Gula Pasir Konsumsi,13000
6889,2022-06-30,Minyak Goreng Kemasan,23000
6890,2022-06-30,Daging Ayam Ras,37000
6891,2022-06-30,Telur Ayam Ras,27000
6892,2022-06-30,Daging Sapi Murni,130000
6893,2022-06-30,Bawang Merah,48000
6894,2022-06-30,Cabe Merah Keriting,80000
6895,2022-06-30,Cabe Merah Besar,70000
6896,2022-06-30,Jagung Pipilan Kering,7000
6897,2022-06-30,Kedelai Biji Kering (Impor),13000
6898,2022-06-30,Bawang Putih Kating,27000
6899,2022-06-30,Terigu,9500
6900,2022-06-30,Ubi Jalar,5000
6901,2022-06-30,Bawang Putih Bonggol,17000
6902,2022-06-30,Cabe Rawit Merah,90000
6903,2022-06-30,Beras premium,10500
6904,2022-06-30,Minyak Goreng Curah,14000
6905,2022-06-27,Beras Medium,9500
6906,2022-06-27,Beras Termurah,9000
6907,2022-06-27,Gula Pasir Konsumsi,13000
6908,2022-06-27,Minyak Goreng Kemasan,23000
6909,2022-06-27,Daging Ayam Ras,37000
6910,2022-06-27,Telur Ayam Ras,27000
6911,2022-06-27,Daging Sapi Murni,130000
6912,2022-06-27,Bawang Merah,48000
6913,2022-06-27,Cabe Merah Keriting,75000
6914,2022-06-27,Cabe Merah Besar,70000
6915,2022-06-27,Jagung Pipilan Kering,7000
6916,2022-06-27,Kedelai Biji Kering (Impor),13000
6917,2022-06-27,Bawang Putih Kating,28000
6918,2022-06-27,Terigu,9500
6919,2022-06-27,Ubi Jalar,5000
6920,2022-06-27,Bawang Putih Bonggol,17000
6921,2022-06-27,Cabe Rawit Merah,90000
6922,2022-06-27,Beras premium,10500
6923,2022-06-27,Minyak Goreng Curah,14000
6924,2022-06-23,Beras Medium,9500
6925,2022-06-23,Beras Termurah,9000
6926,2022-06-23,Gula Pasir Konsumsi,13000
6927,2022-06-23,Minyak Goreng Kemasan,23000
6928,2022-06-23,Daging Ayam Ras,37000
6929,2022-06-23,Telur Ayam Ras,27000
6930,2022-06-23,Daging Sapi Murni,130000
6931,2022-06-23,Bawang Merah,48000
6932,2022-06-23,Cabe Merah Keriting,80000
6933,2022-06-23,Cabe Merah Besar,65000
6934,2022-06-23,Jagung Pipilan Kering,7000
6935,2022-06-23,Kedelai Biji Kering (Impor),13000
6936,2022-06-23,Bawang Putih Kating,28000
6937,2022-06-23,Terigu,9500
6938,2022-06-23,Ubi Jalar,5000
6939,2022-06-23,Bawang Putih Bonggol,17000
6940,2022-06-23,Cabe Rawit Merah,90000
6941,2022-06-23,Beras premium,10500
6942,2022-06-23,Minyak Goreng Curah,14000
6943,2022-06-20,Beras Medium,9500
6944,2022-06-20,Beras Termurah,9000
6945,2022-06-20,Gula Pasir Konsumsi,13000
6946,2022-06-20,Minyak Goreng Kemasan,23000
6947,2022-06-20,Daging Ayam Ras,38000
6948,2022-06-20,Telur Ayam Ras,28000
6949,2022-06-20,Daging Sapi Murni,130000
6950,2022-06-20,Bawang Merah,48000
6951,2022-06-20,Cabe Merah Keriting,75000
6952,2022-06-20,Cabe Merah Besar,65000
6953,2022-06-20,Jagung Pipilan Kering,7000
6954,2022-06-20,Kedelai Biji Kering (Impor),13000
6955,2022-06-20,Bawang Putih Kating,28000
6956,2022-06-20,Terigu,9500
6957,2022-06-20,Ubi Jalar,5000
6958,2022-06-20,Bawang Putih Bonggol,17000
6959,2022-06-20,Cabe Rawit Merah,85000
6960,2022-06-20,Beras premium,10500
6961,2022-06-20,Minyak Goreng Curah,14000
6962,2022-06-16,Beras Medium,9500
6963,2022-06-16,Beras Termurah,9000
6964,2022-06-16,Gula Pasir Konsumsi,13000
6965,2022-06-16,Minyak Goreng Kemasan,23000
6966,2022-06-16,Daging Ayam Ras,38000
6967,2022-06-16,Telur Ayam Ras,28000
6968,2022-06-16,Daging Sapi Murni,130000
6969,2022-06-16,Bawang Merah,48000
6970,2022-06-16,Cabe Merah Keriting,70000
6971,2022-06-16,Cabe Merah Besar,65000
6972,2022-06-16,Jagung Pipilan Kering,7000
6973,2022-06-16,Kedelai Biji Kering (Impor),13000
6974,2022-06-16,Bawang Putih Kating,30000
6975,2022-06-16,Terigu,9500
6976,2022-06-16,Ubi Jalar,5000
6977,2022-06-16,Bawang Putih Bonggol,18000
6978,2022-06-16,Cabe Rawit Merah,80000
6979,2022-06-16,Beras premium,10500
6980,2022-06-16,Minyak Goreng Curah,14000
6981,2022-06-13,Beras Medium,9500
6982,2022-06-13,Beras Termurah,9000
6983,2022-06-13,Gula Pasir Konsumsi,13500
6984,2022-06-13,Minyak Goreng Kemasan,23000
6985,2022-06-13,Daging Ayam Ras,38000
6986,2022-06-13,Telur Ayam Ras,28000
6987,2022-06-13,Daging Sapi Murni,130000
6988,2022-06-13,Bawang Merah,48000
6989,2022-06-13,Cabe Merah Keriting,65000
6990,2022-06-13,Cabe Merah Besar,70000
6991,2022-06-13,Jagung Pipilan Kering,7000
6992,2022-06-13,Kedelai Biji Kering (Impor),13000
6993,2022-06-13,Bawang Putih Kating,30000
6994,2022-06-13,Terigu,9000
6995,2022-06-13,Ubi Jalar,5000
6996,2022-06-13,Bawang Putih Bonggol,18000
6997,2022-06-13,Cabe Rawit Merah,75000
6998,2022-06-13,Beras premium,10500
6999,2022-06-13,Minyak Goreng Curah,14500
7000,2022-06-09,Beras Medium,9500
7001,2022-06-09,Beras Termurah,9000
7002,2022-06-09,Gula Pasir Konsumsi,13500
7003,2022-06-09,Minyak Goreng Kemasan,23000
7004,2022-06-09,Daging Ayam Ras,38000
7005,2022-06-09,Telur Ayam Ras,28000
7006,2022-06-09,Daging Sapi Murni,130000
7007,2022-06-09,Bawang Merah,47000
7008,2022-06-09,Cabe Merah Keriting,65000
7009,2022-06-09,Cabe Merah Besar,70000
7010,2022-06-09,Jagung Pipilan Kering,7000
7011,2022-06-09,Kedelai Biji Kering (Impor),13000
7012,2022-06-09,Bawang Putih Kating,30000
7013,2022-06-09,Terigu,9000
7014,2022-06-09,Ubi Jalar,5000
7015,2022-06-09,Bawang Putih Bonggol,18000
7016,2022-06-09,Cabe Rawit Merah,85000
7017,2022-06-09,Beras premium,10500
7018,2022-06-09,Minyak Goreng Curah,14000
7019,2022-06-06,Beras Medium,9500
7020,2022-06-06,Beras Termurah,9000
7021,2022-06-06,Gula Pasir Konsumsi,13500
7022,2022-06-06,Minyak Goreng Kemasan,23000
7023,2022-06-06,Daging Ayam Ras,38000
7024,2022-06-06,Telur Ayam Ras,29000
7025,2022-06-06,Daging Sapi Murni,130000
7026,2022-06-06,Bawang Merah,35000
7027,2022-06-06,Cabe Merah Keriting,50000
7028,2022-06-06,Cabe Merah Besar,60000
7029,2022-06-06,Jagung Pipilan Kering,7000
7030,2022-06-06,Kedelai Biji Kering (Impor),13000
7031,2022-06-06,Bawang Putih Kating,30000
7032,2022-06-06,Terigu,9000
7033,2022-06-06,Ubi Jalar,5000
7034,2022-06-06,Bawang Putih Bonggol,20000
7035,2022-06-06,Cabe Rawit Merah,75000
7036,2022-06-06,Beras premium,10500
7037,2022-06-06,Minyak Goreng Curah,14000
7038,2022-06-02,Beras Medium,9500
7039,2022-06-02,Beras Termurah,9000
7040,2022-06-02,Gula Pasir Konsumsi,13500
7041,2022-06-02,Minyak Goreng Kemasan,23000
7042,2022-06-02,Daging Ayam Ras,35000
7043,2022-06-02,Telur Ayam Ras,28000
7045,2022-06-02,Bawang Merah,34000
7046,2022-06-02,Cabe Merah Keriting,55000
7047,2022-06-02,Cabe Merah Besar,60000
7048,2022-06-02,Jagung Pipilan Kering,7000
7049,2022-06-02,Kedelai Biji Kering (Impor),13000
7050,2022-06-02,Bawang Putih Kating,55000
7051,2022-06-02,Terigu,9000
7052,2022-06-02,Ubi Jalar,5000
7053,2022-06-02,Bawang Putih Bonggol,20000
7054,2022-06-02,Cabe Rawit Merah,6500
7055,2022-06-02,Beras premium,10500
7057,2022-05-30,Beras Medium,9500
7058,2022-05-30,Beras Termurah,9000
7059,2022-05-30,Gula Pasir Konsumsi,13500
7060,2022-05-30,Minyak Goreng Kemasan,23000
7061,2022-05-30,Daging Ayam Ras,35000
7062,2022-05-30,Telur Ayam Ras,28000
7063,2022-05-30,Daging Sapi Murni,130000
7064,2022-05-30,Bawang Merah,34000
7065,2022-05-30,Cabe Merah Keriting,50000
7066,2022-05-30,Cabe Merah Besar,60000
7067,2022-05-30,Jagung Pipilan Kering,7000
7068,2022-05-30,Kedelai Biji Kering (Impor),13000
7069,2022-05-30,Bawang Putih Kating,30000
7070,2022-05-30,Terigu,9000
7071,2022-05-30,Ubi Jalar,5000
7072,2022-05-30,Bawang Putih Bonggol,20000
7073,2022-05-30,Cabe Rawit Merah,55000
7074,2022-05-30,Beras premium,10500
7075,2022-05-30,Minyak Goreng Curah,14000
7076,2022-05-26,Beras Medium,9500
7077,2022-05-26,Beras Termurah,9000
7078,2022-05-26,Gula Pasir Konsumsi,13500
7079,2022-05-26,Minyak Goreng Kemasan,23000
7080,2022-05-26,Daging Ayam Ras,32000
7081,2022-05-26,Telur Ayam Ras,28000
7082,2022-05-26,Daging Sapi Murni,130000
7083,2022-05-26,Bawang Merah,34000
7084,2022-05-26,Cabe Merah Keriting,35000
7085,2022-05-26,Cabe Merah Besar,50000
7086,2022-05-26,Jagung Pipilan Kering,7000
7087,2022-05-26,Kedelai Biji Kering (Impor),13000
7088,2022-05-26,Bawang Putih Kating,30000
7089,2022-05-26,Terigu,9000
7090,2022-05-26,Ubi Jalar,5000
7091,2022-05-26,Bawang Putih Bonggol,20000
7092,2022-05-26,Cabe Rawit Merah,45000
7093,2022-05-26,Beras premium,10500
7094,2022-05-26,Minyak Goreng Curah,14500
7095,2022-05-23,Beras Medium,9500
7096,2022-05-23,Beras Termurah,9000
7097,2022-05-23,Gula Pasir Konsumsi,13500
7098,2022-05-23,Minyak Goreng Kemasan,23000
7099,2022-05-23,Daging Ayam Ras,32000
7100,2022-05-23,Telur Ayam Ras,28000
7101,2022-05-23,Daging Sapi Murni,130000
7102,2022-05-23,Bawang Merah,34000
7103,2022-05-23,Cabe Merah Keriting,35000
7104,2022-05-23,Cabe Merah Besar,50000
7105,2022-05-23,Jagung Pipilan Kering,7000
7106,2022-05-23,Kedelai Biji Kering (Impor),13000
7107,2022-05-23,Bawang Putih Kating,30000
7108,2022-05-23,Terigu,9000
7109,2022-05-23,Ubi Jalar,5000
7110,2022-05-23,Bawang Putih Bonggol,20000
7111,2022-05-23,Cabe Rawit Merah,45000
7112,2022-05-23,Beras premium,10500
7113,2022-05-23,Minyak Goreng Curah,14500
7114,2022-05-19,Beras Medium,9500
7115,2022-05-19,Beras Termurah,9000
7116,2022-05-19,Gula Pasir Konsumsi,13500
7117,2022-05-19,Minyak Goreng Kemasan,24000
7118,2022-05-19,Daging Ayam Ras,34000
7119,2022-05-19,Telur Ayam Ras,26000
7120,2022-05-19,Daging Sapi Murni,130000
7121,2022-05-19,Bawang Merah,34000
7122,2022-05-19,Cabe Merah Keriting,35000
7123,2022-05-19,Cabe Merah Besar,45000
7124,2022-05-19,Jagung Pipilan Kering,7000
7125,2022-05-19,Kedelai Biji Kering (Impor),13000
7126,2022-05-19,Bawang Putih Kating,33000
7127,2022-05-19,Terigu,9000
7128,2022-05-19,Ubi Jalar,5000
7129,2022-05-19,Bawang Putih Bonggol,22000
7130,2022-05-19,Cabe Rawit Merah,40000
7131,2022-05-19,Beras premium,10500
7132,2022-05-19,Minyak Goreng Curah,14500
7133,2022-05-13,Beras Medium,9500
7134,2022-05-13,Beras Termurah,9000
7135,2022-05-13,Gula Pasir Konsumsi,14000
7136,2022-05-13,Minyak Goreng Kemasan,25000
7137,2022-05-13,Daging Ayam Ras,37000
7138,2022-05-13,Telur Ayam Ras,26000
7139,2022-05-13,Daging Sapi Murni,130000
7140,2022-05-13,Bawang Merah,30000
7141,2022-05-13,Cabe Merah Keriting,20000
7142,2022-05-13,Cabe Merah Besar,35000
7143,2022-05-13,Jagung Pipilan Kering,7000
7144,2022-05-13,Kedelai Biji Kering (Impor),13000
7145,2022-05-13,Bawang Putih Kating,33000
7146,2022-05-13,Terigu,9000
7147,2022-05-13,Ubi Jalar,5000
7148,2022-05-13,Bawang Putih Bonggol,23000
7149,2022-05-13,Cabe Rawit Merah,25000
7150,2022-05-13,Beras premium,10500
7151,2022-05-13,Minyak Goreng Curah,15000
7152,2022-05-09,Beras Medium,9500
7153,2022-05-09,Beras Termurah,9000
7154,2022-05-09,Gula Pasir Konsumsi,14000
7155,2022-05-09,Minyak Goreng Kemasan,25000
7156,2022-05-09,Daging Ayam Ras,42000
7157,2022-05-09,Telur Ayam Ras,26000
7158,2022-05-09,Daging Sapi Murni,135000
7159,2022-05-09,Bawang Merah,28000
7160,2022-05-09,Cabe Merah Keriting,20000
7161,2022-05-09,Cabe Merah Besar,40000
7162,2022-05-09,Jagung Pipilan Kering,7000
7163,2022-05-09,Kedelai Biji Kering (Impor),13000
7164,2022-05-09,Bawang Putih Kating,33000
7165,2022-05-09,Terigu,9000
7166,2022-05-09,Ubi Jalar,5000
7167,2022-05-09,Bawang Putih Bonggol,23000
7168,2022-05-09,Cabe Rawit Merah,25000
7169,2022-05-09,Beras premium,10500
7170,2022-05-09,Minyak Goreng Curah,16000
7171,2022-04-27,Beras Medium,9500
7172,2022-04-27,Beras Termurah,9000
7173,2022-04-27,Gula Pasir Konsumsi,14000
7174,2022-04-27,Minyak Goreng Kemasan,25000
7175,2022-04-27,Daging Ayam Ras,42000
7176,2022-04-27,Telur Ayam Ras,27000
7177,2022-04-27,Daging Sapi Murni,135000
7178,2022-04-27,Bawang Merah,28000
7179,2022-04-27,Cabe Merah Keriting,40000
7180,2022-04-27,Cabe Merah Besar,45000
7181,2022-04-27,Jagung Pipilan Kering,7000
7182,2022-04-27,Kedelai Biji Kering (Impor),13000
7183,2022-04-27,Bawang Putih Kating,33000
7184,2022-04-27,Terigu,9000
7185,2022-04-27,Ubi Jalar,5000
7186,2022-04-27,Bawang Putih Bonggol,23000
7187,2022-04-27,Cabe Rawit Merah,28000
7188,2022-04-27,Beras premium,10500
7189,2022-04-27,Minyak Goreng Curah,16000
7190,2022-04-25,Beras Medium,9500
7191,2022-04-25,Beras Termurah,9000
7192,2022-04-25,Gula Pasir Konsumsi,14000
7193,2022-04-25,Minyak Goreng Kemasan,25000
7194,2022-04-25,Daging Ayam Ras,39000
7195,2022-04-25,Telur Ayam Ras,27000
7196,2022-04-25,Daging Sapi Murni,135000
7197,2022-04-25,Bawang Merah,28000
7198,2022-04-25,Cabe Merah Keriting,27000
7199,2022-04-25,Cabe Merah Besar,40000
7200,2022-04-25,Jagung Pipilan Kering,7000
7201,2022-04-25,Kedelai Biji Kering (Impor),13000
7202,2022-04-25,Bawang Putih Kating,33000
7203,2022-04-25,Terigu,9000
7204,2022-04-25,Ubi Jalar,5000
7205,2022-04-25,Bawang Putih Bonggol,23000
7206,2022-04-25,Cabe Rawit Merah,25000
7207,2022-04-25,Beras premium,10500
7208,2022-04-25,Minyak Goreng Curah,16000
7209,2022-04-21,Beras Medium,9500
7210,2022-04-21,Beras Termurah,9000
7211,2022-04-21,Gula Pasir Konsumsi,14000
7212,2022-04-21,Minyak Goreng Kemasan,25000
7213,2022-04-21,Daging Ayam Ras,37000
7214,2022-04-21,Telur Ayam Ras,25000
7215,2022-04-21,Daging Sapi Murni,125000
7216,2022-04-21,Bawang Merah,26000
7217,2022-04-21,Cabe Merah Keriting,25000
7218,2022-04-21,Cabe Merah Besar,30000
7219,2022-04-21,Jagung Pipilan Kering,7000
7220,2022-04-21,Kedelai Biji Kering (Impor),13000
7221,2022-04-21,Bawang Putih Kating,34000
7222,2022-04-21,Terigu,9000
7223,2022-04-21,Ubi Jalar,5000
7224,2022-04-21,Bawang Putih Bonggol,24000
7225,2022-04-21,Cabe Rawit Merah,25000
7226,2022-04-21,Beras premium,10500
7227,2022-04-21,Minyak Goreng Curah,17000
7228,2022-04-18,Beras Medium,9500
7229,2022-04-18,Beras Termurah,9000
7230,2022-04-18,Gula Pasir Konsumsi,14000
7231,2022-04-18,Daging Ayam Ras,37000
7232,2022-04-18,Telur Ayam Ras,23000
7233,2022-04-18,Daging Sapi Murni,125000
7234,2022-04-18,Bawang Merah,23000
7235,2022-04-18,Cabe Merah Keriting,20000
7236,2022-04-18,Cabe Merah Besar,25000
7237,2022-04-18,Jagung Pipilan Kering,7000
7238,2022-04-18,Kedelai Biji Kering (Impor),13000
7239,2022-04-18,Bawang Putih Kating,34000
7240,2022-04-18,Terigu,9000
7241,2022-04-18,Ubi Jalar,5000
7242,2022-04-18,Bawang Putih Bonggol,24000
7243,2022-04-18,Cabe Rawit Merah,20000
7244,2022-04-18,Beras premium,10500
7245,2022-04-18,Minyak Goreng Curah,18500
7246,2022-04-14,Beras Medium,9500
7247,2022-04-14,Beras Termurah,9000
7248,2022-04-14,Gula Pasir Konsumsi,14000
7249,2022-04-14,Minyak Goreng Kemasan,20000
7250,2022-04-14,Daging Ayam Ras,37000
7251,2022-04-14,Telur Ayam Ras,24000
7252,2022-04-14,Daging Sapi Murni,125000
7253,2022-04-14,Bawang Merah,23000
7254,2022-04-14,Cabe Merah Keriting,20000
7255,2022-04-14,Cabe Merah Besar,30000
7256,2022-04-14,Jagung Pipilan Kering,7000
7257,2022-04-14,Kedelai Biji Kering (Impor),13000
7258,2022-04-14,Bawang Putih Kating,34000
7259,2022-04-14,Terigu,9000
7260,2022-04-14,Ubi Jalar,5000
7261,2022-04-14,Bawang Putih Bonggol,24000
7262,2022-04-14,Cabe Rawit Merah,22000
7263,2022-04-14,Beras premium,10500
7264,2022-04-11,Beras Medium,9500
7265,2022-04-11,Beras Termurah,9000
7266,2022-04-11,Gula Pasir Konsumsi,14000
7267,2022-04-11,Minyak Goreng Kemasan,23000
7268,2022-04-11,Daging Ayam Ras,37000
7269,2022-04-11,Telur Ayam Ras,25000
7270,2022-04-11,Daging Sapi Murni,115000
7271,2022-04-11,Bawang Merah,23000
7272,2022-04-11,Cabe Merah Keriting,22000
7273,2022-04-11,Cabe Merah Besar,22000
7274,2022-04-11,Jagung Pipilan Kering,7000
7275,2022-04-11,Kedelai Biji Kering (Impor),13000
7276,2022-04-11,Bawang Putih Kating,35000
7277,2022-04-11,Terigu,11000
7278,2022-04-11,Ubi Jalar,5000
7279,2022-04-11,Bawang Putih Bonggol,24000
7280,2022-04-11,Cabe Rawit Merah,22000
7281,2022-04-11,Beras premium,10500
7282,2022-04-07,Beras Medium,9500
7283,2022-04-07,Beras Termurah,9000
7284,2022-04-07,Gula Pasir Konsumsi,14000
7285,2022-04-07,Minyak Goreng Kemasan,22000
7286,2022-04-07,Daging Ayam Ras,37000
7287,2022-04-07,Telur Ayam Ras,25000
7288,2022-04-07,Daging Sapi Murni,115000
7289,2022-04-07,Bawang Merah,23000
7290,2022-04-07,Cabe Merah Keriting,35000
7291,2022-04-07,Cabe Merah Besar,40000
7292,2022-04-07,Jagung Pipilan Kering,7000
7293,2022-04-07,Kedelai Biji Kering (Impor),13000
7294,2022-04-07,Bawang Putih Kating,32000
7295,2022-04-07,Terigu,10000
7296,2022-04-07,Ubi Jalar,5000
7297,2022-04-07,Bawang Putih Bonggol,24000
7298,2022-04-07,Cabe Rawit Merah,45000
7299,2022-04-07,Beras premium,10500
7300,2022-04-04,Beras Medium,9500
1,2026-08-27,Beras Medium,13323
2,2026-08-27,Gula Pasir Konsumsi,17519
3,2026-08-27,Minyak Goreng Kemasan,21650
4,2026-08-27,Daging Ayam Ras,42095
5,2026-08-27,Telur Ayam Ras,25320
6,2026-08-27,Daging Sapi Murni,156471
7,2026-08-27,Bawang Merah,30690
8,2026-08-27,Cabe Merah Keriting,29739
9,2026-08-27,Cabe Merah Besar,35833
10,2026-08-27,Jagung Pipilan Kering,6525
11,2026-08-27,Kedelai Biji Kering (Impor),10942
12,2026-08-27,Bawang Putih Bonggol,30731
13,2026-08-27,Cabe Rawit Merah,51957
14,2026-08-27,Beras premium,14988
15,2026-08-27,Beras SPHP,12386
16,2026-08-27,Tepung Terigu Kemasan,11700
17,2026-08-27,Sawi Putih,8000
18,2026-08-27,Pakcoy,9000
19,2026-08-27,Wortel,15000
20,2026-08-27,Brokoli,15000
21,2026-08-27,Kacang Panjang,11000
22,2026-08-27,Terong,9000
23,2026-08-27,Timun,8000
24,2026-08-27,Tomat,8000
25,2026-08-24,Beras Medium,13315
26,2026-08-24,Gula Pasir Konsumsi,17389
27,2026-08-24,Minyak Goreng Kemasan,21740
28,2026-08-24,Daging Ayam Ras,42238
29,2026-08-24,Telur Ayam Ras,24900
30,2026-08-24,Daging Sapi Murni,156471
31,2026-08-24,Bawang Merah,31250
32,2026-08-24,Cabe Merah Keriting,30318
33,2026-08-24,Cabe Merah Besar,36529
34,2026-08-24,Jagung Pipilan Kering,6500
35,2026-08-24,Kedelai Biji Kering (Impor),10942
36,2026-08-24,Bawang Putih Bonggol,30577
37,2026-08-24,Cabe Rawit Merah,49818
38,2026-08-24,Beras premium,14977
39,2026-08-24,Beras SPHP,12386
40,2026-08-24,Tepung Terigu Kemasan,11700
41,2026-08-24,Sawi Putih,8000
42,2026-08-24,Pakcoy,9000
43,2026-08-24,Wortel,13000
44,2026-08-24,Brokoli,12000
45,2026-08-24,Kacang Panjang,12000
46,2026-08-24,Terong,10000
47,2026-08-24,Timun,10000
48,2026-08-24,Tomat,10000
49,2026-08-20,Beras Medium,13214
50,2026-08-20,Gula Pasir Konsumsi,17481
51,2026-08-20,Minyak Goreng Kemasan,21708
52,2026-08-20,Daging Ayam Ras,42190
53,2026-08-20,Telur Ayam Ras,24708
54,2026-08-20,Daging Sapi Murni,156765
55,2026-08-20,Bawang Merah,29957
56,2026-08-20,Cabe Merah Keriting,28778
57,2026-08-20,Cabe Merah Besar,37867
58,2026-08-20,Jagung Pipilan Kering,6475
59,2026-08-20,Kedelai Biji Kering (Impor),10967
60,2026-08-20,Bawang Putih Bonggol,30600
61,2026-08-20,Cabe Rawit Merah,42667
62,2026-08-20,Beras premium,14967
63,2026-08-20,Beras SPHP,12367
64,2026-08-20,Tepung Terigu Kemasan,11688
65,2026-08-20,Sawi Putih,8000
66,2026-08-20,Pakcoy,9000
67,2026-08-20,Wortel,14000
68,2026-08-20,Brokoli,13000
69,2026-08-20,Kacang Panjang,12000
70,2026-08-20,Terong,9000
71,2026-08-20,Timun,12000
72,2026-08-20,Tomat,10000
73,2026-08-17,Beras Medium,13158
74,2026-08-17,Gula Pasir Konsumsi,17556
75,2026-08-17,Minyak Goreng Kemasan,21640
76,2026-08-17,Daging Ayam Ras,41714
77,2026-08-17,Telur Ayam Ras,24840
78,2026-08-17,Daging Sapi Murni,156765
79,2026-08-17,Bawang Merah,30483
80,2026-08-17,Cabe Merah Keriting,29522
81,2026-08-17,Cabe Merah Besar,36278
82,2026-08-17,Jagung Pipilan Kering,6450
83,2026-08-17,Kedelai Biji Kering (Impor),10950
84,2026-08-17,Bawang Putih Bonggol,31962
85,2026-08-17,Cabe Rawit Merah,40565
86,2026-08-17,Beras premium,14946
87,2026-08-17,Beras SPHP,12338
88,2026-08-17,Tepung Terigu Kemasan,11540
89,2026-08-17,Sawi Putih,8000
90,2026-08-17,Pakcoy,8000
91,2026-08-17,Wortel,14000
92,2026-08-17,Brokoli,10000
93,2026-08-17,Kacang Panjang,12000
94,2026-08-17,Terong,9000
95,2026-08-17,Timun,16000
96,2026-08-17,Tomat,10000
